Subject,Region,PET AI Original,PET AI Recon,ASL AI
sub-MCI2016,Accumbens,0.06373470687880037,0.06179563668399997,0.11143215745971512
sub-MCI0290,Accumbens,-0.03896731561481911,0.007378425398365586,0.05002473803075921
sub-MCI0268,Accumbens,-0.0059816351701424495,-0.002537164059333476,-0.021195759251443517
sub-MCI0198,Accumbens,-0.09342210596285948,-0.06712924221786312,-0.14104686601051317
sub-MCI0285,Accumbens,0.014752278623710936,0.02830028233397576,-0.4852281276362891
sub-MCI2003,Accumbens,0.03526180708362934,-0.022955837471019126,0.008815758078938423
sub-MCI0199,Accumbens,0.020432298190692633,-0.017125456308569133,-0.056759757906850936
sub-MCI2017,Accumbens,0.00971009142001189,0.04271935831210651,0.0929334871853394
sub-MCI0269,Accumbens,-0.03485629034257271,-0.014042310471589839,0.16068148013195285
sub-MCI0284,Accumbens,0.06288157681480228,0.05498917811980201,-0.07774899229156525
sub-MCI2002,Accumbens,-0.0002380390832451667,-0.00512460251214902,-0.41622399023287565
sub-MCI2001,Accumbens,0.04921827118410793,0.07663648529613888,0.052856840482854696
sub-MCI0287,Accumbens,-0.03341934386256766,0.02513230730557454,0.26629717680990345
sub-MCI0292,Accumbens,0.02233024901059466,-0.013477171107882205,0.07108781742197916
sub-MCI2014,Accumbens,0.03222602103447225,0.006636122276045231,-0.042245561472434176
sub-MCI2000,Accumbens,-0.007068433213026934,0.05174802876900416,0.1224044213668894
sub-MCI0286,Accumbens,-0.009797723016647783,-0.01967383177435595,-0.10539005776106163
sub-MCI0115,Accumbens,0.053273220383028626,0.030386807629194046,0.02500506777960497
sub-MCI0236,Accumbens,0.01763360755670161,-0.006198260697581554,-0.008979885745618537
sub-MCI0293,Accumbens,-0.008042052624247247,-0.02289478229296903,-0.055167639240078246
sub-MCI2015,Accumbens,0.0782689287459161,0.028675283576564122,0.07726569901234966
sub-MCI1004,Accumbens,0.015960786342838595,-0.02511509946740237,-0.05111458465109614
sub-MCI0295,Accumbens,-0.01361108542629633,0.01330562521215565,0.026163287633735502
sub-MCI1002,Accumbens,0.003218068927847153,0.0010472325081084775,0.012419577534736437
sub-MCI2013,Accumbens,0.04303212719371357,0.028316760155796396,0.00045226408103169667
sub-MCI0106,Accumbens,0.0309918162417609,0.04111356250830553,0.09016846544861391
sub-MCI0165,Accumbens,0.013299504534928413,0.013973847448901951,0.0816014172280441
sub-MCI0170,Accumbens,0.10802751252032582,0.05478129993884058,0.11356886634785597
sub-MCI0113,Accumbens,0.025621682131118113,0.056144939801443874,0.009811916892788116
sub-MCI2006,Accumbens,0.023461247187741875,0.025965401871169694,-0.04153656161435961
sub-MCI0278,Accumbens,-0.0027594087306425413,-0.03504157494406341,-0.09220840693804817
sub-MCI0280,Accumbens,-0.006212104202036243,-0.0020065193090235693,-0.30789625283487687
sub-MCI0107,Accumbens,0.003873302166464791,0.014425974469686081,0.06854141662552875
sub-MCI0294,Accumbens,-0.032322323232535366,-0.0008593853655521013,-0.09855442405235725
sub-MCI2012,Accumbens,0.02812803156486759,-0.02213570184619484,-0.03829232631546404
sub-MCI1003,Accumbens,0.019869051846284323,-0.005171423151720144,-0.048587385983626455
sub-MCI2007,Accumbens,0.00949750881763871,0.026158574275715808,0.13174577245323463
sub-MCI0279,Accumbens,0.05202523998083022,0.008741082069464574,-0.018644231036844792
sub-MCI0281,Accumbens,-0.0401425803586467,-0.014836612230894388,-0.09520000006461572
sub-MCI0111,Accumbens,-0.025006289774149763,0.01306024320458285,0.012350127601583572
sub-MCI0282,Accumbens,-0.03726107775253535,0.039028141755604144,-0.06838067504261322
sub-MCI2004,Accumbens,-0.006275321884932877,-0.04991222465508268,-0.18506403143885433
sub-MCI2011,Accumbens,-0.030338808991310837,-0.0063748241088228685,0.10903801297142837
sub-MCI1000,Accumbens,-0.04134213581230082,-0.021011808106873184,-0.0004694432194464871
sub-MCI0297,Accumbens,0.004160575208820588,-0.03675683691537497,-0.10960613170554548
sub-MCI0283,Accumbens,0.018286730495254713,-0.016301533489584838,-0.4035846026531381
sub-MCI2005,Accumbens,-0.009138538559859419,0.012002475376894587,-0.03988591564634728
sub-MCI0173,Accumbens,0.03213559741646843,0.03982547588858685,0.021796474277439814
sub-MCI1001,Accumbens,0.01724336565661605,-0.016250610536179027,-0.08385103203981309
sub-MCI0296,Accumbens,0.005556052967797782,0.029913027998018756,-0.05234683960040818
sub-MCI0192,Accumbens,0.00323927170805761,-0.08189923067827837,-0.05141711113376354
sub-MCI0137,Accumbens,0.0802862058519121,0.018966713242451024,-0.011252846903156115
sub-MCI2009,Accumbens,0.040068844244477944,0.017526468287653824,0.031057285436838472
sub-MCI0141,Accumbens,0.05940358335702112,0.03071509633370572,0.028054367816835332
sub-MCI0277,Accumbens,-0.019111689312595406,0.031162853651158513,0.009083210712026406
sub-MCI0263,Accumbens,-0.035561232559971026,-0.02981969066559514,0.07363994146341325
sub-MCI2008,Accumbens,-0.013577442045499287,0.03223339285374827,0.03399829838801005
sub-MCI0275,Accumbens,-0.018812143351714637,-0.001228015655341506,0.048595835572083
sub-MCI0190,Accumbens,-0.0015201338342043424,-0.00979924235115003,-0.08106526247660374
sub-MCI0298,Accumbens,0.05699020721956196,0.004643279294479798,0.3381251061030377
sub-MCI0184,Accumbens,-0.05603136998491107,-0.043102548235435474,-0.0995213706057745
sub-MCI0274,Accumbens,-0.008162900972776022,0.005166975920414983,-0.029518869263366092
sub-MCI0299,Accumbens,0.009233583542598145,-0.002044138826555093,0.08861821614334509
sub-MCI0191,Accumbens,0.0018202907693604692,0.06037503481713925,0.09292381239387583
sub-MCI0169,Accumbens,-0.0038977883467197273,0.012396478617604052,-0.10621657811962062
sub-MCI0197,Accumbens,0.005120633557437187,-0.0015330895493792906,0.27013146781318137
sub-MCI0132,Accumbens,0.026279826080007024,0.03242071452317589,0.12326636330502888
sub-MCI0267,Accumbens,0.002856860392270692,0.017753555003634458,-0.3550048661355304
sub-MCI0272,Accumbens,-0.013860723226217396,-0.04949160991727065,-0.12746364302892552
sub-MCI0182,Accumbens,-0.027133119824102065,-0.030210464960432993,-0.15643106963852618
sub-MCI2018,Accumbens,0.014345253627912663,-0.01551940324677131,-0.16242352672327146
sub-MCI0196,Accumbens,0.006842335867694388,0.00320634993294719,-0.014812214064452487
sub-MCI0183,Accumbens,0.09560860227003018,0.06089328131728998,-0.027530311130212804
sub-MCI0273,Accumbens,0.025518356801206864,0.03112946347589195,0.03485935529456876
sub-MCI0288,Accumbens,0.01224454017455451,0.009821936997856688,0.1347478021227514
sub-MCI0270,Accumbens,-0.0023116026947739387,-0.018778786951858344,-0.0772826146522031
sub-MCI0178,Accumbens,0.0049265772518592285,0.03872777299862583,0.024813178463033693
sub-MCI0195,Accumbens,-0.012495658690364043,-0.023994418983975686,0.13188471575237512
sub-MCI0265,Accumbens,-0.023743705320130634,-0.045384567607293154,-0.16322893503871816
sub-MCI0179,Accumbens,0.06103192334727531,0.04966581066697426,-0.016165470794096398
sub-MCI0181,Accumbens,-0.01836635457282405,0.02897348991160869,0.015265080874333793
sub-MCI0289,Accumbens,0.010744243463493433,0.014602733955586136,-0.007737389678162507
sub-MCI0271,Accumbens,0.00666462646902586,0.005518392992542246,-0.17283187570178452
sub-MCI0264,Accumbens,-0.0155672468514279,0.027850333776359728,0.011566387032064248
sub-MCI0194,Accumbens,0.013746683040166805,0.003951940256753009,-0.13390698840393483
sub-MCI2016,Amygdala,0.01869156124312259,0.027515374693567636,-0.19297451521323308
sub-MCI0290,Amygdala,-0.010266551133450857,-0.01735809957577529,0.07009368171039931
sub-MCI0268,Amygdala,-0.013016904516206754,0.006456872313647066,-0.03805622681457239
sub-MCI0198,Amygdala,-0.05255638833738828,-0.012343486705010202,0.1116092095028999
sub-MCI0285,Amygdala,-0.006579359443292307,-0.04942800501627011,-0.03638041748640623
sub-MCI2003,Amygdala,-0.039010725485561636,-0.01314132051569439,0.027302454624718215
sub-MCI0199,Amygdala,-0.031795749311569775,-0.01345854920225518,-0.009785783465319808
sub-MCI2017,Amygdala,-0.01771605206885248,-0.037549242156099914,0.020206776737265102
sub-MCI0269,Amygdala,-0.01778408554879893,0.03919678532750727,0.44247115149953314
sub-MCI0284,Amygdala,-0.018740904617435505,-0.008493316825053021,0.28690882965206627
sub-MCI2002,Amygdala,-0.010607713366298784,-0.006785746588562392,-0.08655415070778254
sub-MCI2001,Amygdala,-0.019105911113012315,-0.0015756162453834717,-0.1219780477066216
sub-MCI0287,Amygdala,-0.027504239196641758,0.08445435701411005,-0.3482030913831767
sub-MCI0292,Amygdala,-0.04614098047513673,-0.051462461348702686,-0.08918117644117521
sub-MCI2014,Amygdala,0.004446271247700602,-0.01719608434119137,0.00921026029542603
sub-MCI2000,Amygdala,-0.028928056644803808,-0.04309115385821481,-0.005594513625568948
sub-MCI0286,Amygdala,-0.012558162652435754,0.049452539711011635,-0.03283345660296461
sub-MCI0115,Amygdala,-0.022270151215868686,-0.032377883449232765,-0.10435489202082104
sub-MCI0236,Amygdala,-0.011433825887623877,-0.04512377422520887,-0.1355172717769545
sub-MCI0293,Amygdala,0.011279676723735456,-0.02505293989536132,-0.08416640289801795
sub-MCI2015,Amygdala,-0.03286270201902772,-0.028442058715095107,-0.019766537115231356
sub-MCI1004,Amygdala,-0.011040390716772541,0.019016260643649367,0.16344644662064323
sub-MCI0295,Amygdala,-0.02391556311528616,-0.037773524630574984,-0.10013248183554502
sub-MCI1002,Amygdala,0.012148283467230065,-0.04038922074882103,-0.03534902366940592
sub-MCI2013,Amygdala,-0.03849662399235263,-0.03221962065800147,-0.028444392803832763
sub-MCI0106,Amygdala,-0.01550524080188487,-0.0003502885244949179,-0.029525626874688873
sub-MCI0165,Amygdala,-0.015902074939210673,-0.016330897782654646,0.006317962858705702
sub-MCI0170,Amygdala,-0.011732588290061201,-0.004493818931114442,0.10493206140126643
sub-MCI0113,Amygdala,0.013258638063207148,-0.010776684412665107,0.02988849915512907
sub-MCI2006,Amygdala,-0.03890769662763852,-0.009567616698990583,0.052572461656595786
sub-MCI0278,Amygdala,0.019954830291102822,0.017387066288878178,-0.006376313353180524
sub-MCI0280,Amygdala,-0.019113219685032014,0.08572302809848001,0.0876010630512744
sub-MCI0107,Amygdala,-0.01659824044684077,0.04318681307006405,-0.10412920120409494
sub-MCI0294,Amygdala,-0.015067414466285073,-0.047898298415088414,0.03065472027853715
sub-MCI2012,Amygdala,-0.04022818083314736,-0.025592202187817277,-0.04612684994595557
sub-MCI1003,Amygdala,-0.006232817539825785,0.009782096190262489,-0.0006164910147038392
sub-MCI2007,Amygdala,-0.03733512325339958,-0.045447229887833465,-0.09714452991956984
sub-MCI0279,Amygdala,0.02183542707014743,0.018283574108729588,-0.31555424546082494
sub-MCI0281,Amygdala,-0.031206904567696394,-0.028043601019464088,-0.050515906381339966
sub-MCI0111,Amygdala,-0.00884528639850717,0.009931736051408171,0.024303999429918614
sub-MCI0282,Amygdala,-0.010935949078004659,-0.0033948135433746586,0.0027401496215955787
sub-MCI2004,Amygdala,-0.04252209429863965,0.00026235557256234474,-0.08773595782698862
sub-MCI2011,Amygdala,-0.023206177289852022,-0.05729596227278198,-0.007133188013303903
sub-MCI1000,Amygdala,-0.00347576149289976,0.07670766792755834,-0.06271939765733069
sub-MCI0297,Amygdala,-0.026397291295531297,-0.001751436795805483,-0.09206119593243622
sub-MCI0283,Amygdala,-0.053930410274267294,-0.030989093820432308,0.01627902127695932
sub-MCI2005,Amygdala,-0.030509519824542336,-0.016237245416838946,-0.02143482985951244
sub-MCI0173,Amygdala,-0.053635812010188966,-0.049579478516684365,-0.08567827807376609
sub-MCI1001,Amygdala,0.010518921674587206,0.033805983353792986,0.03222369814827593
sub-MCI0296,Amygdala,-0.020622768861186906,-0.051360707486594166,-0.20376870432405972
sub-MCI0192,Amygdala,-0.027423066916161285,0.015944285170967673,-0.06905620211805744
sub-MCI0137,Amygdala,-0.022172439720979837,0.07023471568200293,0.02365849858338346
sub-MCI2009,Amygdala,0.0048277721436230814,0.029473330302147948,0.20440286517373382
sub-MCI0141,Amygdala,0.024982168545920176,0.018834614811424486,0.01335014115170085
sub-MCI0277,Amygdala,-0.013240773344458846,-0.038542720450866444,-0.036493779418031794
sub-MCI0263,Amygdala,-0.044268225883244694,-0.0196537526760875,-0.04691332238080287
sub-MCI2008,Amygdala,0.0009792601251495834,-0.010454283137614479,0.08259572274770466
sub-MCI0275,Amygdala,-0.002498222693662451,0.007325303576867429,0.062271333620409285
sub-MCI0190,Amygdala,-0.03209635569467372,-0.022620157650514977,-0.0010267660835608808
sub-MCI0298,Amygdala,-0.018846014980373103,0.08537337061670412,-0.11189696313944286
sub-MCI0184,Amygdala,-0.0416677867551904,-0.00808002805469095,-0.009740165597113657
sub-MCI0274,Amygdala,0.01665994414056903,0.003811412641191787,-0.015551795759880076
sub-MCI0299,Amygdala,-0.024051141523355163,-0.02362338788819699,0.006711686018558381
sub-MCI0191,Amygdala,-0.004354072121886054,0.022160332608790703,0.08041796695758238
sub-MCI0169,Amygdala,-0.018521423138603513,-0.022814886869844953,0.025351888197183814
sub-MCI0197,Amygdala,-0.020166015498680273,-0.018687736652706587,0.07829705720158164
sub-MCI0132,Amygdala,-0.02037520885384584,-0.0319877136074151,0.07948514986877214
sub-MCI0267,Amygdala,-0.014253041323972315,0.04751430104249883,0.5473698456472137
sub-MCI0272,Amygdala,-0.012570755129692319,-0.019680798218946586,0.07970804868350777
sub-MCI0182,Amygdala,-0.005888310490318808,-0.05307441224437531,-0.12231832363307654
sub-MCI2018,Amygdala,0.007560375864732108,-0.025609815187774606,-0.08484418738377629
sub-MCI0196,Amygdala,-0.020646887330531192,0.0010611082762668781,0.02022979866412721
sub-MCI0183,Amygdala,-0.00043265825989390944,0.0341227888345708,-0.015400589657855871
sub-MCI0273,Amygdala,-0.025413373801142402,-0.009819411254301033,0.09139975633530167
sub-MCI0288,Amygdala,-0.04173392767841535,-0.009964552070071799,0.027628143593659983
sub-MCI0270,Amygdala,-0.008788618616867201,0.07062851681221352,-0.0684952539234745
sub-MCI0178,Amygdala,-0.013886415704081176,-0.02282462654628871,0.02581481149453187
sub-MCI0195,Amygdala,-0.00872262242008206,0.00035275118464988024,0.04424485339721195
sub-MCI0265,Amygdala,-0.024481432319492253,-0.014745582103487424,-0.05903339790408143
sub-MCI0179,Amygdala,-0.0202965319691145,-0.0032369736462572237,-0.005475695373604297
sub-MCI0181,Amygdala,0.010436857940077138,0.005010412322912691,0.020452393315278396
sub-MCI0289,Amygdala,0.02745570769889333,0.04504640540712284,-0.028697740530322747
sub-MCI0271,Amygdala,-0.04992167273137746,-0.039734851409996864,-0.023056985616260642
sub-MCI0264,Amygdala,-0.07561644215401123,-0.019541810994783384,-0.0037581133278471674
sub-MCI0194,Amygdala,-0.024879490031488045,-0.017199421797695836,0.2772491035378036
sub-MCI2016,AngularGyrus,0.040318562432711966,-0.01992642109296331,-0.008695352799478391
sub-MCI0290,AngularGyrus,-0.03378108750438936,-0.0392103453182839,0.0023204542109546778
sub-MCI0268,AngularGyrus,-0.05171658073110815,-0.030599995368410814,0.005968100730423682
sub-MCI0198,AngularGyrus,-0.030960066311658346,-0.053560192158248934,0.17885044171557993
sub-MCI0285,AngularGyrus,-0.007609346024520441,-0.02929427763026038,0.06767545533147618
sub-MCI2003,AngularGyrus,-0.02650196236688983,-0.06911643691508172,-0.029582844133801352
sub-MCI0199,AngularGyrus,-0.06510842361124139,-0.06310086709544183,-0.054884968042186635
sub-MCI2017,AngularGyrus,-0.07900824619912121,-0.052693348223896375,-0.05004487570369125
sub-MCI0269,AngularGyrus,-0.04775468963804107,-0.04815787097848152,0.6840236638089793
sub-MCI0284,AngularGyrus,-0.0689827816656398,-0.06812808043486343,-0.07446954421514444
sub-MCI2002,AngularGyrus,-0.017921525868999102,-0.10328043403994454,0.018077372331467723
sub-MCI2001,AngularGyrus,-0.06584590270582263,-0.0487860471903908,-0.17564401974938712
sub-MCI0287,AngularGyrus,-0.0845010158529721,-0.11636935705785238,-0.3738782179118307
sub-MCI0292,AngularGyrus,-0.06126783396174781,-0.06772792358186348,-0.08671686031353784
sub-MCI2014,AngularGyrus,-0.07220086509859534,-0.04244039644182851,-0.14694948695957322
sub-MCI2000,AngularGyrus,-0.07745367454899962,-0.06879857828596149,0.02253195985062714
sub-MCI0286,AngularGyrus,0.04007010203445566,0.0034959566499887405,0.07471213285708424
sub-MCI0115,AngularGyrus,-0.05941013466852263,-0.01729147698983163,0.015777535411586066
sub-MCI0236,AngularGyrus,-0.03901390226599124,-0.031389111537487836,-0.020767942931198415
sub-MCI0293,AngularGyrus,-0.016575597669939386,0.0007907486360638212,-0.04154059126707678
sub-MCI2015,AngularGyrus,-0.004901392093012001,-0.03664018084812842,-0.07150867192839161
sub-MCI1004,AngularGyrus,-0.017450378561260804,-0.03810323626950309,0.0556853945933456
sub-MCI0295,AngularGyrus,-0.0806752856101549,-0.05195549052029235,-0.15031756394430354
sub-MCI1002,AngularGyrus,-0.020538595565901475,-0.05495085153106386,-0.03575247725875583
sub-MCI2013,AngularGyrus,0.011591927405410643,0.0014857869746691171,0.03251706123298825
sub-MCI0106,AngularGyrus,-0.052484934139145664,-0.052692830226506525,-0.026610767477002962
sub-MCI0165,AngularGyrus,-0.05972477538521343,-0.04504363643866013,-0.028323296755589325
sub-MCI0170,AngularGyrus,-0.0935402037564117,-0.053083796128502114,-0.027731125752933586
sub-MCI0113,AngularGyrus,-0.04350494082613277,-0.054995065718958604,-0.0498804408942221
sub-MCI2006,AngularGyrus,-0.08358431253830578,-0.036816623786271936,-0.10391945832859281
sub-MCI0278,AngularGyrus,0.0349341039638204,-0.007590857621796439,0.03197261955721097
sub-MCI0280,AngularGyrus,-0.04062101775427864,-0.03709183950052216,-0.044243406976206365
sub-MCI0107,AngularGyrus,-0.10545988107830367,-0.056601098620453795,-0.0047062449881311134
sub-MCI0294,AngularGyrus,-0.06422407301805011,-0.04038557961199373,-0.011213782379338236
sub-MCI2012,AngularGyrus,-0.119795769506029,-0.06555009500974136,-0.25437521720401507
sub-MCI1003,AngularGyrus,-0.01973557688430053,-0.020339171041548327,0.014159402840496401
sub-MCI2007,AngularGyrus,-0.10486137881475882,-0.05029677532285576,-0.05053136665492902
sub-MCI0279,AngularGyrus,-0.039468136135771145,-0.05325107683244041,0.012020433110498208
sub-MCI0281,AngularGyrus,-0.04285440098531412,-0.03885507083654177,-0.20652013463518676
sub-MCI0111,AngularGyrus,-0.04094632667231611,-0.046858211685584635,-0.028503781959751284
sub-MCI0282,AngularGyrus,-0.06306300919969687,-0.009135016200895674,-0.0013226737881174688
sub-MCI2004,AngularGyrus,-0.09157894991212465,-0.08219201168449557,-0.41225882619117377
sub-MCI2011,AngularGyrus,-0.059320303309305655,-0.03728514607321572,0.028669085782667945
sub-MCI1000,AngularGyrus,-0.04702025073961224,-0.05063351363008982,0.037979993513684966
sub-MCI0297,AngularGyrus,-0.02087631129853501,-0.06486150627143328,0.09472995628402574
sub-MCI0283,AngularGyrus,-0.06206365270314609,-0.034879478331997595,-0.09224526352205399
sub-MCI2005,AngularGyrus,-0.18585403854040317,-0.09546814022278026,-0.10526100668403432
sub-MCI0173,AngularGyrus,-0.0569169931746046,-0.024252938528716045,-0.06740535652438322
sub-MCI1001,AngularGyrus,-0.020830518549025,-0.016666407021531097,-0.09417988676197393
sub-MCI0296,AngularGyrus,-0.05782971838177915,-0.06613881921936295,-0.08109298650628247
sub-MCI0192,AngularGyrus,-0.0809308118907011,-0.052890884661700735,-0.048236059739065563
sub-MCI0137,AngularGyrus,-0.054448083721479676,-0.06154301215943513,-0.044226890046795975
sub-MCI2009,AngularGyrus,-0.015416619737640061,-0.017642925258859892,-0.101445666730397
sub-MCI0141,AngularGyrus,-0.0333562839270431,-0.07102065552684136,-0.048431880040059064
sub-MCI0277,AngularGyrus,-0.025019060239262075,-0.04888699635336898,-0.015684788785403917
sub-MCI0263,AngularGyrus,-0.041074513921428815,-0.041447498920667715,-0.02708329417483383
sub-MCI2008,AngularGyrus,-0.006518923228065274,-0.02034326212164833,0.02116721091006424
sub-MCI0275,AngularGyrus,0.04993606883653741,0.0039300763491672075,0.0819233735792916
sub-MCI0190,AngularGyrus,-0.02389810764543875,-0.03359698272342789,-0.00932159651193357
sub-MCI0298,AngularGyrus,-0.021047531262240272,-0.03222280344164521,-0.07975791705190417
sub-MCI0184,AngularGyrus,-0.06147326901290408,-0.04782925492487493,-0.06469658665291639
sub-MCI0274,AngularGyrus,-0.0029244529516032052,-0.01587912452568385,-0.04508119308038791
sub-MCI0299,AngularGyrus,-0.09039570761645715,-0.027221274795845424,-0.10359769630262461
sub-MCI0191,AngularGyrus,-0.02167323906738617,0.0036802270467538433,0.01843149126886315
sub-MCI0169,AngularGyrus,-0.021743393005251636,-0.02174143805230964,-0.02551032960699262
sub-MCI0197,AngularGyrus,-0.05280383737828653,-0.033017982489093135,0.14463192543953385
sub-MCI0132,AngularGyrus,-0.05221727926575005,-0.045875322802705454,-0.008583847240989605
sub-MCI0267,AngularGyrus,-0.1399399335289928,-0.07939093215723826,-0.29089281157856
sub-MCI0272,AngularGyrus,-0.06593672091035886,-0.037585300342844595,-0.11898136342102064
sub-MCI0182,AngularGyrus,-0.07734351743896796,-0.06367417498317116,-0.09593838111740038
sub-MCI2018,AngularGyrus,-0.027257000972653166,-0.012192159014720294,0.0051861270815882505
sub-MCI0196,AngularGyrus,-0.04194393040484143,-0.016203407217677407,-0.02497649006466744
sub-MCI0183,AngularGyrus,-0.0931709838118731,-0.08162068859017971,-0.08245507858550713
sub-MCI0273,AngularGyrus,-0.01821690314557996,-0.01906080614340577,0.026615410779695273
sub-MCI0288,AngularGyrus,-0.013593246521856887,-0.016195410519717193,0.03832559486249368
sub-MCI0270,AngularGyrus,-0.03455942776916833,-0.042130518197736055,-0.06416473060441871
sub-MCI0178,AngularGyrus,-0.03256916254864431,-0.025182394592847105,0.020689013364462463
sub-MCI0195,AngularGyrus,-0.0016396071616766807,-0.010688616596943572,-0.0586452871577071
sub-MCI0265,AngularGyrus,-0.00812432898532753,0.016802083457458813,-0.03506350903372012
sub-MCI0179,AngularGyrus,-0.02315727578980237,-0.002883653371747408,0.05716473406023538
sub-MCI0181,AngularGyrus,-0.04693828478501754,0.0014122257777995084,-0.010506919029043752
sub-MCI0289,AngularGyrus,0.008230788630698446,-0.014510663886425051,0.055914071801093645
sub-MCI0271,AngularGyrus,-0.02562148765613608,-0.01127885146440711,-0.0537020242055141
sub-MCI0264,AngularGyrus,-0.06861075203466867,-0.006806074626611884,0.05221545909161352
sub-MCI0194,AngularGyrus,-0.080776705114683,-0.06005292329163509,0.078204107198653
sub-MCI2016,Brain-Stem,-0.0026263101910417846,-0.02197354704916165,0.0034315983732570244
sub-MCI0290,Brain-Stem,-0.0035688959443182394,0.008025428345197655,-0.049963554769197845
sub-MCI0268,Brain-Stem,-0.008614620574574012,-0.0057300124558282385,-0.005832778616362892
sub-MCI0198,Brain-Stem,0.0197025185568353,0.012524034910344721,-0.11493373300386334
sub-MCI0285,Brain-Stem,-3.977871009397283e-05,-0.003185427379054498,-0.04533919106937452
sub-MCI2003,Brain-Stem,-0.00030309966946755353,0.014209738538149207,-0.03581498414255566
sub-MCI0199,Brain-Stem,0.0015993375108933434,-0.003412242674956439,-0.011933526623705054
sub-MCI2017,Brain-Stem,-0.01916324494813132,-0.005422128808442091,-0.02749021718109789
sub-MCI0269,Brain-Stem,0.000101750878775772,-1.369120548661459e-05,-0.04687008443381223
sub-MCI0284,Brain-Stem,-0.011689457678324593,0.0003654308041413475,0.10024873548993746
sub-MCI2002,Brain-Stem,0.0008131842797578583,0.007599586702128167,-0.06013983443010323
sub-MCI2001,Brain-Stem,-0.005866222155485871,0.004820407565135832,0.04456055834040435
sub-MCI0287,Brain-Stem,-0.00037142519071814797,0.0024323692743863567,0.16182594479751197
sub-MCI0292,Brain-Stem,-0.0015571126082876588,0.01562155540574231,0.004012042511897734
sub-MCI2014,Brain-Stem,0.005088929361608416,-0.004416378161636993,-0.0016416834716025481
sub-MCI2000,Brain-Stem,-0.0030963796639020226,0.010571534673833179,-0.023457424710638105
sub-MCI0286,Brain-Stem,-0.009583025408455867,-0.004589814006751486,-0.027581619264803205
sub-MCI0115,Brain-Stem,-0.006333642844465365,-0.00520096914201343,0.017679419626623612
sub-MCI0236,Brain-Stem,-0.00864758128117306,-0.0016729208355695283,0.026979009523125846
sub-MCI0293,Brain-Stem,-0.003505790229122302,0.007750977034245058,-0.16638658466730655
sub-MCI2015,Brain-Stem,-0.002984479312591609,0.00845739921561683,0.05121413022119383
sub-MCI1004,Brain-Stem,0.0021810239778624935,0.008487194570639803,0.060881689214270146
sub-MCI0295,Brain-Stem,-0.002209856031758555,-0.00014234092042961886,-0.00038613810310921887
sub-MCI1002,Brain-Stem,0.00986315684753112,0.002173765865152751,-0.023326284844830923
sub-MCI2013,Brain-Stem,-0.0005752294381068794,0.017258174179668295,0.011789059015774856
sub-MCI0106,Brain-Stem,0.0006508657457440665,-0.003449249272215078,-0.0011771076658664923
sub-MCI0165,Brain-Stem,-0.004590320862470182,0.0027459197267103394,0.005437665175762471
sub-MCI0170,Brain-Stem,0.01874828425234736,0.019203001814911774,0.007619593268992513
sub-MCI0113,Brain-Stem,0.015468555635159725,0.009595243892227502,0.007599473315669233
sub-MCI2006,Brain-Stem,8.556256228315834e-05,-0.004382173930895897,-0.08182468524960708
sub-MCI0278,Brain-Stem,-0.0019080734955751188,0.009781520596702816,-0.006795809808073915
sub-MCI0280,Brain-Stem,0.01834041268380737,0.015352147565467947,-0.020904545238108883
sub-MCI0107,Brain-Stem,-0.00556755013849862,0.0028552339650709606,-0.006793988965010635
sub-MCI0294,Brain-Stem,0.010990823546432358,0.015804356238915407,0.014575842496403766
sub-MCI2012,Brain-Stem,0.001061173904423474,0.007956128864598773,-0.007497441096344801
sub-MCI1003,Brain-Stem,-0.002351290166504201,0.0027181992895804674,-0.024654463323501408
sub-MCI2007,Brain-Stem,0.006127266620524722,-0.011669119732395816,0.029021136061322905
sub-MCI0279,Brain-Stem,-0.007676518133905827,0.004028625725574712,-0.19554163078016157
sub-MCI0281,Brain-Stem,0.004215672062087098,0.007764810017825391,-0.14989157229338604
sub-MCI0111,Brain-Stem,0.0160299775830911,0.01759307388715727,0.02308970881164312
sub-MCI0282,Brain-Stem,0.013779209619909622,0.02020691580667555,-0.010119162869358258
sub-MCI2004,Brain-Stem,-0.008875974955888476,0.006193150635765764,-0.3559857464628371
sub-MCI2011,Brain-Stem,0.013013373389057406,0.00815289972358938,-0.03155002048123071
sub-MCI1000,Brain-Stem,-0.005479990263835373,-0.007656539741132304,0.008519875471293025
sub-MCI0297,Brain-Stem,0.00845260451790745,0.0038882631371739943,0.02295283556802069
sub-MCI0283,Brain-Stem,-0.011519549135477073,-0.00395101044901449,0.025656855905321425
sub-MCI2005,Brain-Stem,0.007677837561861015,-0.0019738504992407513,-0.059007235304449776
sub-MCI0173,Brain-Stem,0.007759515966815078,0.01131017513040227,-0.0053302638032902165
sub-MCI1001,Brain-Stem,0.009676763794969354,0.024357998129531648,-0.027146675445338452
sub-MCI0296,Brain-Stem,-0.010486407051572081,-0.002949288430160448,0.1141727842006597
sub-MCI0192,Brain-Stem,0.0013667683370562013,0.01616354564222411,0.011725006653759378
sub-MCI0137,Brain-Stem,-0.020963513741040864,-0.0018295965995928768,-0.020404887836645156
sub-MCI2009,Brain-Stem,0.0027983619522451613,-5.665551136038005e-05,-0.012143025753454504
sub-MCI0141,Brain-Stem,0.0029250053607621828,0.00013837533702412613,-0.008612455542547576
sub-MCI0277,Brain-Stem,-0.008761551140049914,0.0021507570189409327,0.030654633355027824
sub-MCI0263,Brain-Stem,0.008043600947577266,0.013201103934605427,0.013023966906962918
sub-MCI2008,Brain-Stem,-0.0031302435480897637,0.005715311529551352,0.005134952617178629
sub-MCI0275,Brain-Stem,0.015765851019789688,0.0014519341271995367,0.03496418394824104
sub-MCI0190,Brain-Stem,0.0010703476721126762,0.0031164065478456724,0.003923927194032499
sub-MCI0298,Brain-Stem,-0.010157068176288631,0.0007685192724048112,-0.009610843507522941
sub-MCI0184,Brain-Stem,-0.007859100142740978,0.011130367192427335,0.016376474259844214
sub-MCI0274,Brain-Stem,0.01182819070025954,-0.0047258011169609105,-0.030247100755249143
sub-MCI0299,Brain-Stem,0.007367958496374975,0.005205720278158189,-0.020541398611821495
sub-MCI0191,Brain-Stem,-0.011215256252362416,0.003942370936825311,-0.0187312955334549
sub-MCI0169,Brain-Stem,0.005183812777138357,0.019000785442003405,0.026569919045155852
sub-MCI0197,Brain-Stem,-0.00017904252142525085,0.008728551150826599,-0.05681393435839694
sub-MCI0132,Brain-Stem,0.0048437759196610485,-0.014560596191581609,0.011871849266637957
sub-MCI0267,Brain-Stem,-0.005178933348716425,-0.014587585009638717,0.17973035081293395
sub-MCI0272,Brain-Stem,0.007231010130076809,0.0047793954022749005,-0.043192578419237446
sub-MCI0182,Brain-Stem,0.012739430802827925,0.00959652304162959,-0.013837829068458958
sub-MCI2018,Brain-Stem,0.0019039708864255144,0.01880574830054484,0.009329771450779135
sub-MCI0196,Brain-Stem,0.0014095280463779902,-0.003275876172902232,0.02730366863084848
sub-MCI0183,Brain-Stem,0.005150062608077415,0.027679649638296187,-0.0010727878835524454
sub-MCI0273,Brain-Stem,-0.004084625294795022,0.006912801042403659,-0.0077673064282960174
sub-MCI0288,Brain-Stem,0.005513782966088233,0.0036362481838211813,0.013490298755917566
sub-MCI0270,Brain-Stem,0.006529616553125239,-0.01808066211810523,-0.013194824233756352
sub-MCI0178,Brain-Stem,0.008189154529600536,2.1689497730173102e-05,0.0035401513978114453
sub-MCI0195,Brain-Stem,0.006969291069097045,0.004377409638229774,-0.0014960285449066983
sub-MCI0265,Brain-Stem,0.01740527282230589,0.009888610182971776,0.0024475796611983084
sub-MCI0179,Brain-Stem,-0.0044831538977498425,0.006861589947709236,0.007201337108021295
sub-MCI0181,Brain-Stem,0.002177056758073449,-0.0030230849707013254,-0.0017415699094003876
sub-MCI0289,Brain-Stem,0.0042257649196174914,-0.012211069640386834,0.01466250977301101
sub-MCI0271,Brain-Stem,0.004719479219575101,0.009586853063574721,-0.018253274360453344
sub-MCI0264,Brain-Stem,0.01432676849852012,0.0028813117960182653,-0.016194942941648666
sub-MCI0194,Brain-Stem,0.005544150902293388,0.005582106590398412,0.02220870479321059
sub-MCI2016,Caudate,0.09704408138470726,0.08440491648565293,0.25136874585327695
sub-MCI0290,Caudate,0.07267687871440912,0.07215795346915009,0.021045189947063184
sub-MCI0268,Caudate,-0.028297984565233202,-0.006487925555214099,0.10655994446980906
sub-MCI0198,Caudate,-0.11425719331799886,-0.1422912513812266,-0.2439231868477639
sub-MCI0285,Caudate,0.07626235996246705,-0.0029864093967469367,-0.6546252106230539
sub-MCI2003,Caudate,0.0004202151983134345,0.012638900942346624,-0.02146625588161223
sub-MCI0199,Caudate,-0.029956320161658775,-0.028306830262754584,-0.0760981945124649
sub-MCI2017,Caudate,0.07543071697580209,0.011627570444120678,0.03220432388968739
sub-MCI0269,Caudate,0.051937871827888685,0.033269704430323586,0.43080155381064145
sub-MCI0284,Caudate,0.08737434490762591,0.08416154920575415,0.12232345521263975
sub-MCI2002,Caudate,-0.04537258966365809,0.01507221409713678,0.20559861833753362
sub-MCI2001,Caudate,0.0996633827061247,0.055968729639408625,0.5793262485136464
sub-MCI0287,Caudate,0.04913134684962441,-0.0243258051477366,2.568981558835839
sub-MCI0292,Caudate,0.06881472523261144,0.03898478792614463,-0.4387329764157083
sub-MCI2014,Caudate,0.021640950773005343,0.03654596232744646,-0.006302615999595933
sub-MCI2000,Caudate,0.009497524131414518,0.011578882049635588,0.06279126013635349
sub-MCI0286,Caudate,0.0276556009861295,0.07670679302965615,0.03984159541508223
sub-MCI0115,Caudate,0.03615209069355809,-0.023217164044733132,0.08700959477731435
sub-MCI0236,Caudate,0.045558097557973944,0.01703989690244058,0.057332108481923764
sub-MCI0293,Caudate,0.09246210886468029,-0.005713697540330016,0.37876611110497826
sub-MCI2015,Caudate,0.14037757038232462,0.09809364959790101,-0.027972283569157458
sub-MCI1004,Caudate,0.06508242550522257,0.04315646302146963,0.0856617842466587
sub-MCI0295,Caudate,0.03804598976453237,-0.004339376622565083,-0.11959229677147964
sub-MCI1002,Caudate,0.023052512624459356,0.03519748393622158,0.015684393851509926
sub-MCI2013,Caudate,0.08509825705887863,0.07839413845896494,0.024750984896078833
sub-MCI0106,Caudate,0.06490783203477711,0.08856036113357317,0.2540063915836151
sub-MCI0165,Caudate,0.015621628791140527,0.03270828794198679,0.07880335271409546
sub-MCI0170,Caudate,0.03161981340050131,0.02561691051097419,-0.08884687697574567
sub-MCI0113,Caudate,0.05810464711152955,0.056381526431839905,0.07690015821859225
sub-MCI2006,Caudate,0.051205927410430695,0.025217086338826203,0.06298347968958054
sub-MCI0278,Caudate,-0.00262754116525763,-0.016256908901111776,-0.11846952470310525
sub-MCI0280,Caudate,0.02833710022723854,0.02890894127586617,-0.2880319669498491
sub-MCI0107,Caudate,0.06574008187874866,0.07119990915010692,0.0876808418550784
sub-MCI0294,Caudate,0.051027916954316285,0.0027377003019473894,-0.10485507654922654
sub-MCI2012,Caudate,0.0541260341347348,-0.030397362817970952,0.023250177465703726
sub-MCI1003,Caudate,-0.01638798978479046,0.025070862052538216,0.04287343539745117
sub-MCI2007,Caudate,0.0478844093015997,0.05996228699609132,0.12148623313087525
sub-MCI0279,Caudate,0.10597050987432172,0.02729865794018279,0.03635948991981197
sub-MCI0281,Caudate,-0.021006082140883262,-0.01014203695240444,-0.0545441451346448
sub-MCI0111,Caudate,0.037487785115471496,-0.030790270780013305,-0.07639390486994328
sub-MCI0282,Caudate,-0.022747891772039106,0.01566760679054516,0.045133723701319954
sub-MCI2004,Caudate,-0.005213700514901074,-0.003932631782853194,-0.41926247737301997
sub-MCI2011,Caudate,0.028908831301928305,-0.008949191565582068,0.21432734143634913
sub-MCI1000,Caudate,0.008850963735404819,0.0076194675265791436,-0.029778282866812562
sub-MCI0297,Caudate,0.04077886897892078,-0.014631747684479002,-0.06498916832587355
sub-MCI0283,Caudate,0.017734468146440818,-0.040022442997310045,-0.48265044364843973
sub-MCI2005,Caudate,-0.008294812250508436,-0.03493827239322491,-0.11065589269115057
sub-MCI0173,Caudate,0.061045678290093774,0.0741033192157119,-0.005290010462393921
sub-MCI1001,Caudate,0.004823428109986369,-0.0278622995319077,-0.2696428728353312
sub-MCI0296,Caudate,0.08301486430890388,0.0694172130752486,-0.12752405342127446
sub-MCI0192,Caudate,-0.03762758427677405,-0.057678416690416165,-0.07811455250730519
sub-MCI0137,Caudate,0.09692914617164157,0.053369096943003895,0.03727988474038799
sub-MCI2009,Caudate,0.07077275011643007,0.056859100238601405,0.09247196713971706
sub-MCI0141,Caudate,0.04485178848891479,0.04360518770828453,0.039341790047118186
sub-MCI0277,Caudate,0.13128972983821047,0.10240870088444592,-0.03161871178322519
sub-MCI0263,Caudate,0.0087791292957479,0.05439761692659536,0.059529754238262726
sub-MCI2008,Caudate,0.0623405928112569,0.009584821560408028,-0.10283528532359042
sub-MCI0275,Caudate,0.08799297030418003,0.06290175971949923,0.1062916174656599
sub-MCI0190,Caudate,-0.039679043048052295,0.02339313112214143,0.0018793517908389473
sub-MCI0298,Caudate,0.06854699595967194,0.04586791672709348,0.05627106688945878
sub-MCI0184,Caudate,0.004933769729090273,-0.034553736547163955,-0.49966660980756267
sub-MCI0274,Caudate,0.00829115282345681,0.04107993062549191,-0.081592688892199
sub-MCI0299,Caudate,0.04651728450475436,0.00877667502175118,0.11460981855594936
sub-MCI0191,Caudate,0.02270496725580083,0.08383639441482689,0.06671925695852053
sub-MCI0169,Caudate,0.07465185801943817,0.02802758533034576,-0.121463029270425
sub-MCI0197,Caudate,0.0336925198689006,0.009535918650647656,0.04574614828540924
sub-MCI0132,Caudate,-0.008643199406336087,-0.06466169930202785,-0.2044390728350177
sub-MCI0267,Caudate,0.05350823387281697,0.06670224404197864,-0.18716371644772298
sub-MCI0272,Caudate,0.01991174272152677,-0.10174697846705932,-0.03972852842294365
sub-MCI0182,Caudate,0.007876880568306708,-0.015491327693614235,-0.22758208529427723
sub-MCI2018,Caudate,0.046798057927590564,-0.005950674971766323,-0.001909348423551508
sub-MCI0196,Caudate,0.0328345023330242,0.02627223105693469,0.050592664122399156
sub-MCI0183,Caudate,0.07119023944079277,-0.0422850481691481,-0.027697403228843186
sub-MCI0273,Caudate,0.08324160169470296,0.060510071766841436,0.027495456494630366
sub-MCI0288,Caudate,0.05738436581008279,0.018247297892608448,0.3053671271815156
sub-MCI0270,Caudate,-0.000817107714418562,-0.0107722009365248,-0.07634480010961081
sub-MCI0178,Caudate,0.06218019667087162,0.05047563991119349,0.04728424205359425
sub-MCI0195,Caudate,0.044724746470593116,0.004819913018761268,0.06314810803306493
sub-MCI0265,Caudate,0.042643229292074196,-0.0224114630594844,-0.381847408002583
sub-MCI0179,Caudate,0.059312408156810256,0.07362358430496395,0.04793865868681346
sub-MCI0181,Caudate,0.04195706282636281,0.05819520960708459,0.0230810175365131
sub-MCI0289,Caudate,0.13198545934488992,0.11723387577714103,0.11902112738081695
sub-MCI0271,Caudate,0.0760060363827968,0.027188492630775066,0.1597085722964211
sub-MCI0264,Caudate,0.03745806903614095,0.04605177281582329,0.23465861022463316
sub-MCI0194,Caudate,0.01534312778042908,0.005203989422405685,0.046370051140896144
sub-MCI2016,CentralOpercularCortex,0.024889256606134454,0.017993155712682608,0.128684212435884
sub-MCI0290,CentralOpercularCortex,0.010435811143122115,-0.01945082600937095,0.01050378697689432
sub-MCI0268,CentralOpercularCortex,-0.03278324547912499,0.0019654550203982153,-0.022042274412280925
sub-MCI0198,CentralOpercularCortex,-0.03495907961664433,-0.013698821857335572,-0.4173246313015299
sub-MCI0285,CentralOpercularCortex,-0.009436422526340742,-0.05525515431901785,-0.03654338113389747
sub-MCI2003,CentralOpercularCortex,-0.010277915294087357,-0.022632562833154995,-0.0245613684488507
sub-MCI0199,CentralOpercularCortex,-0.03183394090909199,-0.03137916927084253,-0.02384026720849494
sub-MCI2017,CentralOpercularCortex,-0.0465162566958572,-0.03510529247082204,0.007841028271010162
sub-MCI0269,CentralOpercularCortex,-0.045990215292405524,-0.03264605691296687,0.5457006754539515
sub-MCI0284,CentralOpercularCortex,-0.09278305850978523,-0.06538894675427367,-0.0595533414527296
sub-MCI2002,CentralOpercularCortex,0.0005370475272762357,-0.023765034666373017,0.04945696219495855
sub-MCI2001,CentralOpercularCortex,-0.02435335801102594,-0.02244487413541044,-0.03838684627828669
sub-MCI0287,CentralOpercularCortex,-0.04455989672889676,-0.048297689962156,-0.14067514046647475
sub-MCI0292,CentralOpercularCortex,-0.022268429257510977,-0.05796192800579351,-0.03223079788553925
sub-MCI2014,CentralOpercularCortex,-0.04190542989257165,-0.03825449750787057,-0.03204526416578497
sub-MCI2000,CentralOpercularCortex,-0.04138077836098715,-0.028560547876409062,0.010302357069993204
sub-MCI0286,CentralOpercularCortex,-0.0011328206817476484,0.0033113497247853896,-0.018484549589373858
sub-MCI0115,CentralOpercularCortex,-0.03154645202871196,-0.02466947725724958,-0.0035290409532985493
sub-MCI0236,CentralOpercularCortex,0.018097471902251062,0.0024332985993684463,0.07049363967009466
sub-MCI0293,CentralOpercularCortex,0.01383242906764177,-0.00359964643032386,0.0696790561986005
sub-MCI2015,CentralOpercularCortex,0.010252232290715237,-0.020809209144023344,0.0028623042373847963
sub-MCI1004,CentralOpercularCortex,-0.055187824375369954,-0.051187714146481114,0.034697267376631126
sub-MCI0295,CentralOpercularCortex,-0.03407163788082644,-0.042700665495336944,-0.08465879349157507
sub-MCI1002,CentralOpercularCortex,-0.015498389292755828,-0.03773896657763025,-0.009169957030343505
sub-MCI2013,CentralOpercularCortex,-0.01292666523632716,-0.007090910707679454,0.005388332116659568
sub-MCI0106,CentralOpercularCortex,0.00355030055960675,-0.024237913611004844,0.03373478322831145
sub-MCI0165,CentralOpercularCortex,-0.057203047904737736,-0.012732927133198303,-0.02464053050527236
sub-MCI0170,CentralOpercularCortex,-0.01787256279289615,-0.04656678107454001,-0.1516041139114888
sub-MCI0113,CentralOpercularCortex,-0.030431220274580374,0.00480888309348318,-0.035077613902246785
sub-MCI2006,CentralOpercularCortex,-0.05088401327834867,-0.004690909499357647,0.045430371106803306
sub-MCI0278,CentralOpercularCortex,-0.015773556960379003,-0.011013853384201947,-0.01383151650850364
sub-MCI0280,CentralOpercularCortex,-0.018828224479501394,-0.007764167959882353,-0.0541472859478353
sub-MCI0107,CentralOpercularCortex,-0.04526151408982011,-0.03025677028115987,-0.02995555704967048
sub-MCI0294,CentralOpercularCortex,-0.05137322485991809,-0.03331432325132556,0.00921257211378112
sub-MCI2012,CentralOpercularCortex,-0.03119028244534128,-0.03259055405395551,-0.14213597838228056
sub-MCI1003,CentralOpercularCortex,-0.013601872264597822,-0.03062541349181399,-0.0666211798974822
sub-MCI2007,CentralOpercularCortex,-0.022310921548438015,-0.015867837288017352,-0.002157293845977777
sub-MCI0279,CentralOpercularCortex,-0.08639070176068424,0.01575693523232152,-0.014809789223891994
sub-MCI0281,CentralOpercularCortex,-0.03627976530709695,-0.031089992198258035,-0.15477471701203308
sub-MCI0111,CentralOpercularCortex,-0.027086247815172576,-0.017615978071349066,-0.04213881544922424
sub-MCI0282,CentralOpercularCortex,-0.05402141893502841,0.0008280994576762589,0.04687474421861337
sub-MCI2004,CentralOpercularCortex,-0.0600694538383107,-0.053239184610364754,-0.046069807943748195
sub-MCI2011,CentralOpercularCortex,-0.012995207132200476,-0.053232952153749166,-0.017438443842700154
sub-MCI1000,CentralOpercularCortex,-0.04750177020817229,-0.029422473927829127,-0.006877011347558102
sub-MCI0297,CentralOpercularCortex,-0.0613889469886854,-0.06611540615113037,-0.0193941247342749
sub-MCI0283,CentralOpercularCortex,-0.08702520014592742,-0.06828998176091695,-0.10669890812105956
sub-MCI2005,CentralOpercularCortex,-0.05773209986695611,-0.0289518480055601,-0.041529419157199
sub-MCI0173,CentralOpercularCortex,-0.06468992544630829,-0.037113055788534605,-0.05235734427957502
sub-MCI1001,CentralOpercularCortex,-0.014942072764959466,-0.026858894241108287,-0.060840912291971055
sub-MCI0296,CentralOpercularCortex,-0.010312542317966633,-0.0653094846199561,-0.1806159440782702
sub-MCI0192,CentralOpercularCortex,-0.04150319675273685,-0.04332432426231481,0.020095595776049646
sub-MCI0137,CentralOpercularCortex,-0.016278404308638254,-0.0262744419356342,0.012771341289065083
sub-MCI2009,CentralOpercularCortex,0.006732614465342632,0.05643797788464593,0.11964244258380129
sub-MCI0141,CentralOpercularCortex,-0.014400351381461141,-0.023998652302557245,0.007740900025933696
sub-MCI0277,CentralOpercularCortex,0.00248031913829538,-0.029776656078194876,-0.009084063114405311
sub-MCI0263,CentralOpercularCortex,-0.024146590511473533,-0.0031074791229621763,0.06360468276202473
sub-MCI2008,CentralOpercularCortex,-0.011187517774676645,-0.04377483647829563,-0.035418784210106295
sub-MCI0275,CentralOpercularCortex,-0.03723072496829115,-0.0031132393743234896,0.07115544716687486
sub-MCI0190,CentralOpercularCortex,-0.010381937416228434,0.016469329752111114,0.02468544003793365
sub-MCI0298,CentralOpercularCortex,-0.026280452180101093,-0.08674478975730439,0.0600989301862434
sub-MCI0184,CentralOpercularCortex,0.0014225287853423458,-0.006738375797651193,0.055369066614190394
sub-MCI0274,CentralOpercularCortex,-0.03767345997881565,-0.047104833985939856,-0.047082942229458614
sub-MCI0299,CentralOpercularCortex,-0.025274683210671046,-0.013711404927960351,-0.01697420945182199
sub-MCI0191,CentralOpercularCortex,-0.028326096735103605,0.013265090666135454,0.044272925760267534
sub-MCI0169,CentralOpercularCortex,-0.04534332771480185,-0.04231316550692065,-0.02393561392258934
sub-MCI0197,CentralOpercularCortex,-0.0034392084033393064,-0.01951047467077919,0.15168929170955742
sub-MCI0132,CentralOpercularCortex,-0.03588618757095453,-0.06541370084289107,-0.0048569308581094695
sub-MCI0267,CentralOpercularCortex,-0.13255220547893265,-0.08705852695468592,-0.025450762978485378
sub-MCI0272,CentralOpercularCortex,-0.02978901839119989,-0.05419688229545387,-0.19126960989301525
sub-MCI0182,CentralOpercularCortex,-0.021867928857784144,-0.022357531507604264,0.02671799665684234
sub-MCI2018,CentralOpercularCortex,0.04945047351854441,-0.02014200697102193,-0.035678410436829254
sub-MCI0196,CentralOpercularCortex,-0.03261097665445664,-0.02293128408976634,-0.043382828008446665
sub-MCI0183,CentralOpercularCortex,-0.04994418013227172,-0.0344848330024844,-0.0400462595199949
sub-MCI0273,CentralOpercularCortex,0.012102325963367022,0.02669406797230758,0.06503869602761324
sub-MCI0288,CentralOpercularCortex,-0.021130047261276947,-0.014758637192655454,-0.0006745559320711974
sub-MCI0270,CentralOpercularCortex,0.0032187356384517705,-0.004767989281042892,-0.054865185601725125
sub-MCI0178,CentralOpercularCortex,-0.0011331990867821488,0.019527725115273616,0.00643637733407712
sub-MCI0195,CentralOpercularCortex,-0.022782119624358613,-0.0001568522636048014,-0.005813892969034281
sub-MCI0265,CentralOpercularCortex,-0.04121542557156933,-0.028254703212122433,-0.010571091129147336
sub-MCI0179,CentralOpercularCortex,-0.02050415747957641,-0.012419875625487405,0.010606320418215106
sub-MCI0181,CentralOpercularCortex,-0.032104642095835335,0.002219947545640251,0.01781589887584486
sub-MCI0289,CentralOpercularCortex,-0.011796379480626498,-0.017332717165978104,0.05040338271654718
sub-MCI0271,CentralOpercularCortex,0.011164946841152611,0.018615782644542618,0.04991695900593339
sub-MCI0264,CentralOpercularCortex,-0.044738088817341815,-0.0325274556709519,-0.0077969969216147425
sub-MCI0194,CentralOpercularCortex,-0.017107733949886354,-0.026247411222747083,0.07427602789272862
sub-MCI2016,CingulateGyrusanteriordivision,0.02340678801769884,0.006547132342388897,-0.1438589202729637
sub-MCI0290,CingulateGyrusanteriordivision,-0.004216367863395467,-0.00832481943562076,-0.037164421995882754
sub-MCI0268,CingulateGyrusanteriordivision,-0.005300420428572012,0.0237583460188525,0.02556310135265047
sub-MCI0198,CingulateGyrusanteriordivision,-0.02727126340185571,-0.03288900298516174,0.07197514628614782
sub-MCI0285,CingulateGyrusanteriordivision,0.012442056329437994,-0.008836086250831978,-0.09171572041488929
sub-MCI2003,CingulateGyrusanteriordivision,0.012522498507805653,-0.009345464314647611,-0.045522800501493266
sub-MCI0199,CingulateGyrusanteriordivision,-0.003431910139175735,-0.00017887516768583472,0.0029017135791108164
sub-MCI2017,CingulateGyrusanteriordivision,0.009045447092581897,-0.01175131143876604,-0.01779190326261055
sub-MCI0269,CingulateGyrusanteriordivision,0.0073104751496283985,0.009868471878113901,0.017557716562070832
sub-MCI0284,CingulateGyrusanteriordivision,0.028658027746836946,0.023643537652884388,0.08133879995331762
sub-MCI2002,CingulateGyrusanteriordivision,-0.0007383714170670875,-0.03250695917400601,0.033729006246630826
sub-MCI2001,CingulateGyrusanteriordivision,-0.0031533130901935168,-0.00538652291937236,0.09811001868722229
sub-MCI0287,CingulateGyrusanteriordivision,-0.0025865924788215484,0.022235965410732986,-0.11567434533944507
sub-MCI0292,CingulateGyrusanteriordivision,0.0075933021825631275,0.007315764091963913,-0.083973519928024
sub-MCI2014,CingulateGyrusanteriordivision,0.002666805333529704,0.018265966692511168,0.03133878856799512
sub-MCI2000,CingulateGyrusanteriordivision,0.0008077677418985864,-0.023171797740427724,-0.01157201771492685
sub-MCI0286,CingulateGyrusanteriordivision,0.021532265662590703,0.05685383917266877,0.07112315261898089
sub-MCI0115,CingulateGyrusanteriordivision,0.012529186099296853,0.013381831158012314,0.03455917327802843
sub-MCI0236,CingulateGyrusanteriordivision,0.0058184147945007925,0.04207538659961346,0.051485264833920075
sub-MCI0293,CingulateGyrusanteriordivision,-0.003906094149384257,0.02200049211135409,-0.23195671728933726
sub-MCI2015,CingulateGyrusanteriordivision,0.01608811652607246,0.006167253046404191,-0.08129494021393412
sub-MCI1004,CingulateGyrusanteriordivision,-0.014919962285882772,0.0023726128600509364,-0.05315847055221432
sub-MCI0295,CingulateGyrusanteriordivision,-0.012135849514074388,-0.001260709002374158,-0.03129315474607817
sub-MCI1002,CingulateGyrusanteriordivision,0.008634535134545962,-0.018170923662684343,-0.004585470448676566
sub-MCI2013,CingulateGyrusanteriordivision,0.01292890096517734,0.03166281924576723,0.0014168436105351158
sub-MCI0106,CingulateGyrusanteriordivision,0.014107633243784265,0.01855426083873296,0.08650402652490033
sub-MCI0165,CingulateGyrusanteriordivision,-0.003725136378828847,-0.01889672288788085,0.014116332132853366
sub-MCI0170,CingulateGyrusanteriordivision,0.029659807518299944,0.027214908102823215,-0.14122521615118327
sub-MCI0113,CingulateGyrusanteriordivision,0.006571017828305325,0.00010520898355515998,-0.0013906247372574166
sub-MCI2006,CingulateGyrusanteriordivision,0.011916988598941625,0.00835336630289446,-0.00027652587693041897
sub-MCI0278,CingulateGyrusanteriordivision,0.0012699743013847415,0.009757147854950852,-0.03895969940328327
sub-MCI0280,CingulateGyrusanteriordivision,0.007092956796646424,-0.004345108327268436,-0.07449281811198467
sub-MCI0107,CingulateGyrusanteriordivision,-0.032531003378391564,0.001089807403359622,0.025384317669981674
sub-MCI0294,CingulateGyrusanteriordivision,0.008700804094123656,0.006671127378493032,-0.028770512997110944
sub-MCI2012,CingulateGyrusanteriordivision,-0.01466504362333885,0.010814200289714368,0.03898984788793987
sub-MCI1003,CingulateGyrusanteriordivision,0.003290120044728589,0.006136315083918026,0.013043353568602714
sub-MCI2007,CingulateGyrusanteriordivision,0.022958846573472833,0.0013998819601044469,0.0361929650536528
sub-MCI0279,CingulateGyrusanteriordivision,0.018557066020163073,0.010515501968669256,0.02342910248372497
sub-MCI0281,CingulateGyrusanteriordivision,-0.029578826920391214,-0.004538312183377294,-0.035639954082851824
sub-MCI0111,CingulateGyrusanteriordivision,-0.0033209111722853385,0.021748353276139082,-0.02726802989503823
sub-MCI0282,CingulateGyrusanteriordivision,-0.011634064056945854,0.024120863966221175,0.02037250084218951
sub-MCI2004,CingulateGyrusanteriordivision,0.002050420045124237,0.032676614531306866,-0.18032373411639202
sub-MCI2011,CingulateGyrusanteriordivision,-0.01850378715003845,0.0032784903484306205,-0.012610384551283032
sub-MCI1000,CingulateGyrusanteriordivision,0.005333529867658413,0.022989218189336448,-0.07178145142818272
sub-MCI0297,CingulateGyrusanteriordivision,-0.007092073993976137,0.013281946844641393,0.02422311350962874
sub-MCI0283,CingulateGyrusanteriordivision,-0.019636515446093634,-0.021457361884967704,-0.02205168224371302
sub-MCI2005,CingulateGyrusanteriordivision,0.0016851768973405357,-0.014500314382411575,-0.0003691598031124246
sub-MCI0173,CingulateGyrusanteriordivision,0.001530247472479527,-0.016309293601050146,-0.017950265128670085
sub-MCI1001,CingulateGyrusanteriordivision,0.02900961364248349,0.026591037086940335,-0.0756898556485319
sub-MCI0296,CingulateGyrusanteriordivision,-0.00664029599450086,0.016924106293689508,-0.010060978682350334
sub-MCI0192,CingulateGyrusanteriordivision,-0.006328150067543836,0.012201495874227156,0.009441332683837884
sub-MCI0137,CingulateGyrusanteriordivision,0.05676002853053252,0.04662661614163392,0.044482183221139546
sub-MCI2009,CingulateGyrusanteriordivision,0.00998764726734458,-0.015744408613020996,0.028034054900326847
sub-MCI0141,CingulateGyrusanteriordivision,0.011913267257624075,0.0012332208524995921,0.018385858804406803
sub-MCI0277,CingulateGyrusanteriordivision,-0.00951091194014609,0.006358457421356907,-0.06621789707451835
sub-MCI0263,CingulateGyrusanteriordivision,0.0005354659539099026,-0.0043800614409179464,-0.0015689729951821694
sub-MCI2008,CingulateGyrusanteriordivision,0.02441822970702576,-0.015632770825740314,-0.02161542819058753
sub-MCI0275,CingulateGyrusanteriordivision,0.04270314135703271,0.03676804588253108,-0.029068625077326365
sub-MCI0190,CingulateGyrusanteriordivision,-0.0057089239933418865,-0.010543306942247086,0.018967845336314133
sub-MCI0298,CingulateGyrusanteriordivision,-0.018011663945394208,0.024144902805232873,-0.011408946550304827
sub-MCI0184,CingulateGyrusanteriordivision,-0.0065280183859129535,-0.00758125156967587,-0.1150288008660514
sub-MCI0274,CingulateGyrusanteriordivision,0.009560730584906233,0.0033122572502964002,0.0031295996856785524
sub-MCI0299,CingulateGyrusanteriordivision,-0.02511783750918637,-0.007225843396674477,0.024007223979256642
sub-MCI0191,CingulateGyrusanteriordivision,0.004688716707481645,0.026451297555918376,0.07174974752874298
sub-MCI0169,CingulateGyrusanteriordivision,0.02029954498217586,-0.009519473148901532,-0.008822433599476763
sub-MCI0197,CingulateGyrusanteriordivision,0.0012162236473858144,-0.012813657665570043,-0.1482924517529922
sub-MCI0132,CingulateGyrusanteriordivision,-0.0064089705351282585,-0.004540050138387297,-0.02388384460282167
sub-MCI0267,CingulateGyrusanteriordivision,0.009250481050335211,-0.006155562198368554,-0.1082845466700579
sub-MCI0272,CingulateGyrusanteriordivision,0.0034075802231276937,0.020975103725858348,0.0351986779778748
sub-MCI0182,CingulateGyrusanteriordivision,0.011666623058118473,0.011539529250243217,-0.015869698552736598
sub-MCI2018,CingulateGyrusanteriordivision,0.001145861899208754,0.002239403286500619,-0.0359445339610863
sub-MCI0196,CingulateGyrusanteriordivision,-0.011963504247584885,-0.005087822133235293,0.0024538130203436968
sub-MCI0183,CingulateGyrusanteriordivision,0.013537575536793947,0.021499961847758462,-0.04539251874633102
sub-MCI0273,CingulateGyrusanteriordivision,0.017628177862243747,-0.01602477360204674,0.0375055418727431
sub-MCI0288,CingulateGyrusanteriordivision,0.0008337879724109013,0.0015525312695726056,0.012761053166996965
sub-MCI0270,CingulateGyrusanteriordivision,-0.004131840046708381,0.008689545755445562,-0.026609400036152395
sub-MCI0178,CingulateGyrusanteriordivision,0.014548901239830141,-0.02527232315171889,0.005132973527726525
sub-MCI0195,CingulateGyrusanteriordivision,0.022583315939104013,0.00710789528926272,0.03666872825723106
sub-MCI0265,CingulateGyrusanteriordivision,-0.01917614380090055,-0.01336096059178853,-0.0626214963031704
sub-MCI0179,CingulateGyrusanteriordivision,0.014500216468047097,-0.007172031485308559,0.0358639710465507
sub-MCI0181,CingulateGyrusanteriordivision,0.02028562368529298,0.01623138393269742,0.010300190646415854
sub-MCI0289,CingulateGyrusanteriordivision,0.005415796772456363,0.009348501868182757,0.006706086401965785
sub-MCI0271,CingulateGyrusanteriordivision,-0.013870363330433733,0.005653649543974822,-0.01721271737506636
sub-MCI0264,CingulateGyrusanteriordivision,0.001364555807501689,-0.00739920319143365,-0.0034285732373326326
sub-MCI0194,CingulateGyrusanteriordivision,-0.014813319256838703,0.008972702553057217,0.07441354522795109
sub-MCI2016,CingulateGyrusposteriordivision,0.011849683131862805,-0.035766719053638436,-0.08960756815862787
sub-MCI0290,CingulateGyrusposteriordivision,0.004021402253379368,0.00810106955034034,0.07292483639081221
sub-MCI0268,CingulateGyrusposteriordivision,0.02950123809004925,0.013127165128735449,0.009978646292955442
sub-MCI0198,CingulateGyrusposteriordivision,-0.004832234445013847,0.003600855661135261,0.20711488566763336
sub-MCI0285,CingulateGyrusposteriordivision,0.011645470631590034,0.004361244159196437,0.10101473732137323
sub-MCI2003,CingulateGyrusposteriordivision,0.00028520711873861876,-0.011239287487462772,-0.019175118564234036
sub-MCI0199,CingulateGyrusposteriordivision,0.012586161403503668,0.014442657401514226,0.014806102101745178
sub-MCI2017,CingulateGyrusposteriordivision,0.008932879374410969,-0.001058760206242219,0.02064699319298934
sub-MCI0269,CingulateGyrusposteriordivision,0.005438227786508328,0.010542546473812841,0.4734687378819478
sub-MCI0284,CingulateGyrusposteriordivision,0.0190967589966266,0.040447057165058364,0.1535989416859913
sub-MCI2002,CingulateGyrusposteriordivision,0.019208637942389754,-0.017279498761260306,0.05245679009696898
sub-MCI2001,CingulateGyrusposteriordivision,-0.0322122829066218,0.009839810102793315,-0.03635340715789027
sub-MCI0287,CingulateGyrusposteriordivision,-0.005411507439973483,-0.022674474356719244,-0.16753554098534718
sub-MCI0292,CingulateGyrusposteriordivision,0.002240509507781672,0.0073685508875914124,-0.010563043451733657
sub-MCI2014,CingulateGyrusposteriordivision,-0.010835694631613494,-0.0019837218717343695,-0.010978434606795167
sub-MCI2000,CingulateGyrusposteriordivision,0.005942797964696249,0.0010904071391618997,0.033254617801491596
sub-MCI0286,CingulateGyrusposteriordivision,0.02244332505070662,0.052152401784083195,0.06988966945497727
sub-MCI0115,CingulateGyrusposteriordivision,0.01827244386716485,0.006954962686852118,0.0022311457104735154
sub-MCI0236,CingulateGyrusposteriordivision,0.0016762257490245374,0.03409608240875432,-0.013642831923391314
sub-MCI0293,CingulateGyrusposteriordivision,-0.0028887898527269027,0.008339949609431544,-0.008765759205126438
sub-MCI2015,CingulateGyrusposteriordivision,0.01833213433430482,0.01267362284654626,0.015822151965207212
sub-MCI1004,CingulateGyrusposteriordivision,0.013689138217857461,0.006399277063538012,0.01808419655395359
sub-MCI0295,CingulateGyrusposteriordivision,-0.024534303630366478,-0.01052824181379528,-0.03197324803646275
sub-MCI1002,CingulateGyrusposteriordivision,0.0036255394942186726,-0.0019456127741183974,0.01554172976607023
sub-MCI2013,CingulateGyrusposteriordivision,0.013451312484283934,0.0021327454995485767,0.021186050817762026
sub-MCI0106,CingulateGyrusposteriordivision,0.003772666767606416,0.005428853985032641,-0.015538849863510092
sub-MCI0165,CingulateGyrusposteriordivision,0.019657367570130466,-0.010199329394297563,-0.025043747912473265
sub-MCI0170,CingulateGyrusposteriordivision,0.004583413700984331,0.0372874271810915,0.005682552055170835
sub-MCI0113,CingulateGyrusposteriordivision,0.013825163585391076,0.005635017769436175,-0.010749523028536465
sub-MCI2006,CingulateGyrusposteriordivision,0.03128173094225107,0.027612521020872364,0.092480535602726
sub-MCI0278,CingulateGyrusposteriordivision,0.002254683713823866,-0.014544862291879216,-0.04686065049082722
sub-MCI0280,CingulateGyrusposteriordivision,-0.00765667627414797,0.009388904572117156,0.02394535081364409
sub-MCI0107,CingulateGyrusposteriordivision,-0.01383755557063254,0.002352132462176194,0.02731258117912383
sub-MCI0294,CingulateGyrusposteriordivision,0.03218441399339604,0.021193638628794344,0.051249781786166466
sub-MCI2012,CingulateGyrusposteriordivision,-0.021309537505037616,-0.0002544721691197825,0.048789933494084635
sub-MCI1003,CingulateGyrusposteriordivision,0.0008101046777181482,0.02242676564168434,0.029491000155247995
sub-MCI2007,CingulateGyrusposteriordivision,0.009668659378674302,0.01701157469895043,0.03150790467393152
sub-MCI0279,CingulateGyrusposteriordivision,0.009416773071793063,0.011442828143427843,0.050791407787370645
sub-MCI0281,CingulateGyrusposteriordivision,-0.022854348207247827,0.006048155818482949,0.035519536918075245
sub-MCI0111,CingulateGyrusposteriordivision,0.02426662589900499,0.023642998762356,0.003651035916860665
sub-MCI0282,CingulateGyrusposteriordivision,-0.023149174668164407,0.033699413596735894,0.027157245171889957
sub-MCI2004,CingulateGyrusposteriordivision,0.018481531136633544,-0.0023584331246415424,0.003914086233746252
sub-MCI2011,CingulateGyrusposteriordivision,-1.0645568269386433e-05,-0.012270132042752135,-0.00775566580627362
sub-MCI1000,CingulateGyrusposteriordivision,0.013389753515650117,0.009373426970185377,0.014303523244109993
sub-MCI0297,CingulateGyrusposteriordivision,0.010062811998217474,0.02514730635305393,0.010220337600936734
sub-MCI0283,CingulateGyrusposteriordivision,-0.014736775584831012,0.010234046257562308,-0.0019065983882847592
sub-MCI2005,CingulateGyrusposteriordivision,0.00838055387296621,-0.0030635586624213488,-0.006686068715104136
sub-MCI0173,CingulateGyrusposteriordivision,0.010413503129244986,0.003737607941918501,0.011019158479135656
sub-MCI1001,CingulateGyrusposteriordivision,0.01581985961437215,0.004072288569058278,-0.019431359726686886
sub-MCI0296,CingulateGyrusposteriordivision,0.005570337583124307,-0.014428536977930045,-0.13652459889516239
sub-MCI0192,CingulateGyrusposteriordivision,-0.0018863513996873937,-0.0013531743649376226,0.007332639253515962
sub-MCI0137,CingulateGyrusposteriordivision,-0.0006777804920702245,0.031369709667471816,0.02264944544806608
sub-MCI2009,CingulateGyrusposteriordivision,-0.0023305023350915816,-0.0031198934055277194,0.008714518533151987
sub-MCI0141,CingulateGyrusposteriordivision,0.03149686609892188,0.01635353152786584,0.0015225924238857558
sub-MCI0277,CingulateGyrusposteriordivision,0.018597010478906405,0.012527159890317038,0.031213180399924725
sub-MCI0263,CingulateGyrusposteriordivision,-0.006205214629953583,-0.0016966813031770043,-0.01022305014849533
sub-MCI2008,CingulateGyrusposteriordivision,0.0004980964286306691,-0.015120941844078433,-0.0018164344528591463
sub-MCI0275,CingulateGyrusposteriordivision,0.024815253612875888,0.02636730579559563,0.009808345685699849
sub-MCI0190,CingulateGyrusposteriordivision,0.025208955802575612,-0.0025073882575612637,0.009746236104214046
sub-MCI0298,CingulateGyrusposteriordivision,0.009161093765025222,0.03120527031211753,-0.02855783013470014
sub-MCI0184,CingulateGyrusposteriordivision,-0.006340797071298567,-0.011488275084198389,-0.03714905764439491
sub-MCI0274,CingulateGyrusposteriordivision,-0.0024089672718771585,0.0025946261546472083,0.008458758314506163
sub-MCI0299,CingulateGyrusposteriordivision,-0.023745213318263274,0.0033390524363759253,-0.050520097657608856
sub-MCI0191,CingulateGyrusposteriordivision,0.005252862082031216,0.004450815166376647,0.03427869917769869
sub-MCI0169,CingulateGyrusposteriordivision,-0.011597585930675735,0.011248874019961892,0.0331458820355026
sub-MCI0197,CingulateGyrusposteriordivision,-0.001360529646981603,-0.004101930921284714,0.027936323839224387
sub-MCI0132,CingulateGyrusposteriordivision,-0.0047276779382734455,-0.007303361416070941,-0.010951734712978056
sub-MCI0267,CingulateGyrusposteriordivision,0.017580412007688156,0.02699772884704638,-0.14777983463363986
sub-MCI0272,CingulateGyrusposteriordivision,-0.008648927452582481,0.02084807648365691,0.0858062611851798
sub-MCI0182,CingulateGyrusposteriordivision,0.02545283676801774,0.013243087328620524,-0.04036297998416159
sub-MCI2018,CingulateGyrusposteriordivision,0.00253186535080712,-0.005052813564309386,-0.013003708149409215
sub-MCI0196,CingulateGyrusposteriordivision,0.0018254800404766771,0.0017695562001028783,0.012382188097017528
sub-MCI0183,CingulateGyrusposteriordivision,0.012282216563502845,0.012106768888854428,0.036798453267864344
sub-MCI0273,CingulateGyrusposteriordivision,-0.006281900339986296,-0.014993296271760706,0.0271883746728206
sub-MCI0288,CingulateGyrusposteriordivision,0.02555266213243481,-0.0005303000657855012,0.018911254259598043
sub-MCI0270,CingulateGyrusposteriordivision,-0.016592410685529975,0.013989363270569665,0.014699311709152445
sub-MCI0178,CingulateGyrusposteriordivision,0.0037170022135886677,0.009901530780383057,0.01689431645441872
sub-MCI0195,CingulateGyrusposteriordivision,0.0056351625044774875,-0.0038784371994077063,-0.003956838465810724
sub-MCI0265,CingulateGyrusposteriordivision,0.01652267299557473,0.020903690139623617,0.016515166685818896
sub-MCI0179,CingulateGyrusposteriordivision,0.006862980966905296,-0.010021238264439037,-0.002515920019003261
sub-MCI0181,CingulateGyrusposteriordivision,-0.003523568157693492,0.002034201258753845,-0.0026419012218286088
sub-MCI0289,CingulateGyrusposteriordivision,0.02062517066976889,0.026704253874164648,0.017431408226976315
sub-MCI0271,CingulateGyrusposteriordivision,0.00671531009931349,0.02132577891574422,-0.005874740851308125
sub-MCI0264,CingulateGyrusposteriordivision,-0.014585782613703217,-0.008217123500905962,0.0008997026876328669
sub-MCI0194,CingulateGyrusposteriordivision,-0.004475521014987204,0.011723621485785209,0.07244408682145195
sub-MCI2016,CunealCortex,0.05160198568605296,0.0035473230332864125,0.04357445240660027
sub-MCI0290,CunealCortex,0.004488313142222503,-0.020951062581936807,0.01909054943741096
sub-MCI0268,CunealCortex,0.017190481583558244,0.061251651683678104,-0.009876802383882785
sub-MCI0198,CunealCortex,-0.002607303338327787,-0.005176138249323681,-0.4960595997490771
sub-MCI0285,CunealCortex,0.03392315444736366,-0.006632426379388209,-0.08723012767988456
sub-MCI2003,CunealCortex,-0.05260181773968335,-0.0008208389916604824,0.004921330737144484
sub-MCI0199,CunealCortex,0.015509957787024686,0.0019062700573873582,0.005551365254371127
sub-MCI2017,CunealCortex,-0.006334548802339706,0.0015442213355077801,-0.05169876550698417
sub-MCI0269,CunealCortex,-0.004771070011662431,0.0266423096404773,0.5003629314179188
sub-MCI0284,CunealCortex,0.021161499832481643,-0.01872727035705472,0.03541358309899782
sub-MCI2002,CunealCortex,0.018394786669760733,-0.022153342000761418,-0.09194916284791133
sub-MCI2001,CunealCortex,0.0025207300415169597,0.02266840485750309,0.03292019777002921
sub-MCI0287,CunealCortex,-0.11936127614024766,-0.0067953225458778355,-0.23044342795823686
sub-MCI0292,CunealCortex,0.034361174055309314,0.06741566209752341,0.08125801517700974
sub-MCI2014,CunealCortex,0.006824721697773839,-0.003421352115221533,-0.14800448430766872
sub-MCI2000,CunealCortex,0.028960157824896356,0.00615570961584507,-0.015742673672862757
sub-MCI0286,CunealCortex,0.02741493782678568,0.03678270396747278,0.029186799553142576
sub-MCI0115,CunealCortex,0.024100207568553956,0.0314807169682279,-0.045431611301356284
sub-MCI0236,CunealCortex,0.015989847950386382,0.041194641760738886,-0.008547292309384011
sub-MCI0293,CunealCortex,0.07041763788987564,0.03651316317057801,0.38822427219226996
sub-MCI2015,CunealCortex,-0.009401291440966224,-0.0027181899777714135,-0.011002323477079105
sub-MCI1004,CunealCortex,-0.02851350002757672,-0.014127041728535255,0.10719644903333404
sub-MCI0295,CunealCortex,-0.019489544091348843,-0.017599557511834448,-0.05494779625430903
sub-MCI1002,CunealCortex,-0.022044538921255658,-0.006535825592410371,-0.022077999722908796
sub-MCI2013,CunealCortex,0.0704020834910567,0.026599627873561175,0.06946511843552904
sub-MCI0106,CunealCortex,-0.010740218856012491,0.004091806726830461,0.11937082122274299
sub-MCI0165,CunealCortex,0.029711708547161236,-0.018894338773183774,0.0038982549190734266
sub-MCI0170,CunealCortex,0.06149875497519005,0.01842317312175843,-0.0711057592370066
sub-MCI0113,CunealCortex,0.03665093638711361,0.020562928200683128,-0.058161787780435424
sub-MCI2006,CunealCortex,0.03067171514684801,0.009211003213815063,0.08755051492954093
sub-MCI0278,CunealCortex,0.013065534627922358,0.01783430695025056,-0.13379726505909376
sub-MCI0280,CunealCortex,-0.015796663367322588,-0.006467123347328565,0.012002596644537969
sub-MCI0107,CunealCortex,-0.040940212844945915,-0.01453173699716964,-0.025119109865139534
sub-MCI0294,CunealCortex,0.02411243970137211,-0.02908495612012287,0.036019560067793985
sub-MCI2012,CunealCortex,-0.059045115414115446,-0.02117482038396843,0.03321610425000559
sub-MCI1003,CunealCortex,0.029014848582482853,0.02136290174736185,-0.005296560019158827
sub-MCI2007,CunealCortex,-0.015572661194113801,0.007754866851594171,0.0589469249989048
sub-MCI0279,CunealCortex,0.002613451203340272,-0.004345145671738601,0.0847378183082295
sub-MCI0281,CunealCortex,0.0069688211295426,-0.0024450526306460155,-0.14317296757740813
sub-MCI0111,CunealCortex,-0.07868082303162599,-0.04228240662531269,-0.1347449251124088
sub-MCI0282,CunealCortex,0.016972843317170364,-0.011706860361194183,-0.06249789690503359
sub-MCI2004,CunealCortex,0.006705349802511404,-0.017636572622911063,-0.06401134934824528
sub-MCI2011,CunealCortex,-0.0073976640695862335,-0.01059226916071879,-0.04085550958890835
sub-MCI1000,CunealCortex,0.051290091988210294,0.014931523607599827,0.09077075136140225
sub-MCI0297,CunealCortex,0.007037291609553102,-0.010638907805199617,-0.0803067489560328
sub-MCI0283,CunealCortex,-0.01900560362409954,-0.015693044980519256,0.02494285824002355
sub-MCI2005,CunealCortex,0.00035782432543264515,0.015476629293146232,0.00485408358864229
sub-MCI0173,CunealCortex,-0.01666422305400568,-0.0030994122634420075,-0.03947950554920156
sub-MCI1001,CunealCortex,0.05633161903953059,-0.03220070352808907,-0.1467276898305958
sub-MCI0296,CunealCortex,-0.005734320452909529,-0.04741598428185797,0.001322799311113679
sub-MCI0192,CunealCortex,0.03291877459642004,0.051135749990860686,0.02799783195378701
sub-MCI0137,CunealCortex,-0.027234681493683036,-0.007347744015248367,-0.03022115327903807
sub-MCI2009,CunealCortex,-0.05066329901214615,-0.037949529024904366,-0.31153103238187485
sub-MCI0141,CunealCortex,-0.021251340464461414,-0.031532079029889824,-0.079775026635285
sub-MCI0277,CunealCortex,0.0016504626894411603,-0.009187750287969934,0.029901441203193675
sub-MCI0263,CunealCortex,-0.0038331764661831214,-0.016676021012794317,-0.0818439219683249
sub-MCI2008,CunealCortex,0.027994909463723426,-0.009325161001536231,-0.009332419776809176
sub-MCI0275,CunealCortex,0.005221720351250441,0.06372930190022628,0.01605897335197688
sub-MCI0190,CunealCortex,-0.0033405234041310712,-0.005937045087523128,0.005583912140205458
sub-MCI0298,CunealCortex,0.01727568191111329,-0.003120466054918456,0.10118801508852052
sub-MCI0184,CunealCortex,0.08707544478445281,0.043810613817133144,-0.002646626073363097
sub-MCI0274,CunealCortex,0.00010446764231340024,0.006896180396151681,-0.018576621148278804
sub-MCI0299,CunealCortex,0.005773591383417987,0.01686171759159159,-0.0630891519156754
sub-MCI0191,CunealCortex,-0.01783228760161597,0.008150703903125016,-0.03346914206533009
sub-MCI0169,CunealCortex,-0.04477341258574266,-0.015839695263459096,-0.025520122076051435
sub-MCI0197,CunealCortex,-0.0015221002140223833,-0.03001539529174729,0.06997627947457771
sub-MCI0132,CunealCortex,0.006702872949285459,-0.0038247626981055207,0.02614881330661278
sub-MCI0267,CunealCortex,0.09611495830947431,0.041616180018281254,-0.12580599069143272
sub-MCI0272,CunealCortex,0.1410293183636116,0.08849838191454641,0.28250849683122986
sub-MCI0182,CunealCortex,0.02346281223738588,-0.004433195848390047,-0.007999861499898637
sub-MCI2018,CunealCortex,0.01464006563957073,-0.008493446153740094,-0.07981618038576291
sub-MCI0196,CunealCortex,0.02199616955925178,0.05249459034797962,0.05405740351389061
sub-MCI0183,CunealCortex,0.02861179731635715,0.03144694213061534,0.04786618191035405
sub-MCI0273,CunealCortex,0.03489926951006974,0.010184802836068827,0.011888297156559716
sub-MCI0288,CunealCortex,0.013447738419185404,-0.007637765195933392,0.05174667463650039
sub-MCI0270,CunealCortex,0.051990896849157704,0.04521486417658886,-0.02603718092580034
sub-MCI0178,CunealCortex,0.03167372200984015,0.02069105310093798,0.040402713298725496
sub-MCI0195,CunealCortex,0.04070243107462446,0.02464842453803695,-0.0069775103848126125
sub-MCI0265,CunealCortex,0.020363283109376695,0.0105176777271524,-0.018865765084763002
sub-MCI0179,CunealCortex,0.015056158072956512,-0.011752519791484187,0.02591668649452259
sub-MCI0181,CunealCortex,-0.01479395920025059,-0.006466747965388031,-0.028555918439739036
sub-MCI0289,CunealCortex,0.031271059794522466,0.04338013951267845,-0.0038623264810480353
sub-MCI0271,CunealCortex,0.037696411229218636,-0.005642961217384839,0.004961240499892421
sub-MCI0264,CunealCortex,-0.010045064644474928,-0.002728681629598389,-0.024804186889637963
sub-MCI0194,CunealCortex,0.00237109731131513,-0.01282145163371459,-0.08817941575444334
sub-MCI2016,FrontalMedialCortex,0.025250677828170618,-0.02964915276538169,-0.19739522108431382
sub-MCI0290,FrontalMedialCortex,-0.01777505603253257,-0.030301851593320783,-0.057981706571226595
sub-MCI0268,FrontalMedialCortex,-0.004541513737904186,0.016427813200295422,0.14731320800066097
sub-MCI0198,FrontalMedialCortex,-0.00968632313577129,-0.027319816806096072,-0.17768164306522882
sub-MCI0285,FrontalMedialCortex,-0.000223088976270122,-0.0007232424037339162,-0.07327591426210169
sub-MCI2003,FrontalMedialCortex,-0.002871181363437821,-0.02115483469401082,-0.04338326871534514
sub-MCI0199,FrontalMedialCortex,-0.0017559690157912548,0.010350902823687485,-0.024089858371800516
sub-MCI2017,FrontalMedialCortex,-0.02666052751190002,-0.014421136885250247,-0.09638683703051287
sub-MCI0269,FrontalMedialCortex,0.0050180341165077,0.026260040478225118,0.2498356660192586
sub-MCI0284,FrontalMedialCortex,0.0001423756677962421,0.03235397787250563,0.4200142860482795
sub-MCI2002,FrontalMedialCortex,0.010629187374930061,-0.015800620448650018,0.050134212618678335
sub-MCI2001,FrontalMedialCortex,-0.004183087914142142,-0.006184361137478278,0.005574124265491457
sub-MCI0287,FrontalMedialCortex,-0.006744806768414864,0.010242708016830448,-0.08467327846087931
sub-MCI0292,FrontalMedialCortex,-0.002045052021806564,0.002080485510322922,-0.2184858785642886
sub-MCI2014,FrontalMedialCortex,-0.029075612248778446,0.011121664483667141,0.06639001661920274
sub-MCI2000,FrontalMedialCortex,-0.009018482265650704,0.015847564856721258,0.02759155318150192
sub-MCI0286,FrontalMedialCortex,0.01681289945279399,-0.014641916323846541,0.14992482712578864
sub-MCI0115,FrontalMedialCortex,0.0021733749475472152,-0.012541721007889953,0.035123620356853597
sub-MCI0236,FrontalMedialCortex,0.0030207577968871745,-0.008229083833971848,-0.03482578536730524
sub-MCI0293,FrontalMedialCortex,-0.031671259451754745,-0.016253004498569475,0.06221415705209895
sub-MCI2015,FrontalMedialCortex,0.03641961549473378,0.0008446282141408458,-0.11189685810069903
sub-MCI1004,FrontalMedialCortex,-0.02589280045802364,-0.010106883007123124,0.06158081800773628
sub-MCI0295,FrontalMedialCortex,-0.007244545011992904,-0.02406933304596088,-0.0372430986250366
sub-MCI1002,FrontalMedialCortex,-0.005932089368641119,0.00975979531096742,-0.0036489580146104096
sub-MCI2013,FrontalMedialCortex,-0.004510693269992242,-0.006578507026489298,0.053339462286375
sub-MCI0106,FrontalMedialCortex,0.0029985298163668316,0.0020643544327766158,-0.06938061009083706
sub-MCI0165,FrontalMedialCortex,-0.0111463384030393,-0.010935225260160388,-0.001615788373478656
sub-MCI0170,FrontalMedialCortex,-0.010367679173140328,0.008624719907199247,-0.09771011283280243
sub-MCI0113,FrontalMedialCortex,-0.03160030052754666,-0.001958158875305199,0.04885541374872348
sub-MCI2006,FrontalMedialCortex,-0.018922796201970578,-0.013606358600521245,0.0496825700287529
sub-MCI0278,FrontalMedialCortex,-0.002216340438313564,0.0010263902804194523,-0.04614147060004313
sub-MCI0280,FrontalMedialCortex,-0.028127296972375537,0.015457700020230543,0.11283874611266263
sub-MCI0107,FrontalMedialCortex,-0.01635402158007586,-0.0343747549606948,0.09121596103500029
sub-MCI0294,FrontalMedialCortex,0.00375863630774971,0.0009297522866403612,-0.07939762711254174
sub-MCI2012,FrontalMedialCortex,0.00312313488825864,0.003209675076705075,0.02959082176987283
sub-MCI1003,FrontalMedialCortex,0.0007131300231435639,0.0032215636831630272,0.03029048047870251
sub-MCI2007,FrontalMedialCortex,-0.016832775616672534,0.003357984769032824,-0.005161861147953897
sub-MCI0279,FrontalMedialCortex,0.022895612531586975,-0.006368807880755802,0.07151348327873125
sub-MCI0281,FrontalMedialCortex,-0.004842822328660935,-0.006333207754829305,-0.013968963740718484
sub-MCI0111,FrontalMedialCortex,-0.028872138788454432,0.012057567291974408,-0.125946685365878
sub-MCI0282,FrontalMedialCortex,-0.0010779435729104166,0.012295477901687902,0.06950836174759767
sub-MCI2004,FrontalMedialCortex,-0.0020765957769587505,-0.031960498326283886,-1.0
sub-MCI2011,FrontalMedialCortex,-0.009870131208369316,-0.0017675146453455701,-0.017293262169266976
sub-MCI1000,FrontalMedialCortex,-0.005626717799017653,0.0028559098327742664,-0.08282192293412659
sub-MCI0297,FrontalMedialCortex,0.004283037051666107,-0.006521307308694414,0.044013919326794715
sub-MCI0283,FrontalMedialCortex,-0.007482438038536073,-0.008949904985869854,-0.14734280760320972
sub-MCI2005,FrontalMedialCortex,0.009063848828316,-0.003304402007813379,0.018053902524766
sub-MCI0173,FrontalMedialCortex,-0.01592927316849334,-0.01655664569007079,0.02168006685385219
sub-MCI1001,FrontalMedialCortex,-0.002900603040910295,-0.013359297895859648,0.049416796379542445
sub-MCI0296,FrontalMedialCortex,0.0035853820275530083,-0.00046584116535005514,0.051530081392368046
sub-MCI0192,FrontalMedialCortex,0.0066678524276782385,-0.04841865386699436,0.05353898087702402
sub-MCI0137,FrontalMedialCortex,-0.024216598890753196,-0.020618806610118393,-0.03914439465461151
sub-MCI2009,FrontalMedialCortex,0.02370306885329373,0.011125447286824979,0.012842678272275435
sub-MCI0141,FrontalMedialCortex,-0.003056610540547038,-0.013005861744513363,-0.0314100512518988
sub-MCI0277,FrontalMedialCortex,0.00858470944128736,-0.010493894364798115,0.032580055555627395
sub-MCI0263,FrontalMedialCortex,-0.007754408907765868,-0.02190730097767956,0.027332239673678108
sub-MCI2008,FrontalMedialCortex,-0.02849895593553526,0.0017419195996593306,0.020230711629630853
sub-MCI0275,FrontalMedialCortex,-0.03476095908092518,0.0027375041785820315,-0.0308168595364759
sub-MCI0190,FrontalMedialCortex,0.004970606513348955,-0.017547549302749533,0.04236303630535796
sub-MCI0298,FrontalMedialCortex,0.021364142560776022,-0.04008221454557967,-0.20030194505994856
sub-MCI0184,FrontalMedialCortex,-0.0010421162310942488,-0.04176486118790217,-0.5093093020399264
sub-MCI0274,FrontalMedialCortex,-0.0009419907702828481,0.0002590409227813458,-0.044894311517989546
sub-MCI0299,FrontalMedialCortex,-0.024878269059830354,0.004979695319056529,-0.030485153263368016
sub-MCI0191,FrontalMedialCortex,-0.018857386647757365,0.014844745211057914,0.07488549573613675
sub-MCI0169,FrontalMedialCortex,-0.0066817519818186495,-0.0030686053528252194,0.05184792732583286
sub-MCI0197,FrontalMedialCortex,0.020646015289030727,0.01219786718355585,0.022076219410000618
sub-MCI0132,FrontalMedialCortex,-0.0005538614916827046,-0.03027067226042586,-0.023911307040662147
sub-MCI0267,FrontalMedialCortex,0.011459760076118174,-0.02171515680071165,0.09637134273584648
sub-MCI0272,FrontalMedialCortex,-0.0018872831881521397,-0.01868474437251338,0.047946114083298685
sub-MCI0182,FrontalMedialCortex,-0.01894494863760398,-0.01072921716687709,-0.15710323352136607
sub-MCI2018,FrontalMedialCortex,0.010835312583185742,-0.01065560178110085,0.06360893064448786
sub-MCI0196,FrontalMedialCortex,0.025558222882531876,0.013061626799847861,0.09413928285172711
sub-MCI0183,FrontalMedialCortex,0.006167908837638972,0.010411017295915717,0.09998425963527029
sub-MCI0273,FrontalMedialCortex,0.009364585608245947,0.011589242649983537,0.01152018330705599
sub-MCI0288,FrontalMedialCortex,0.003798686790079724,0.008183178324129499,0.02152610112704824
sub-MCI0270,FrontalMedialCortex,0.013280726188498349,-0.01628679810412269,-0.04991136943341404
sub-MCI0178,FrontalMedialCortex,0.019000020623762014,-0.0007949419765942832,0.014178843656981058
sub-MCI0195,FrontalMedialCortex,-0.02027226749905086,0.0026569767460428786,-0.024933600685916442
sub-MCI0265,FrontalMedialCortex,-0.007069629074300649,0.009492570576022596,-0.1399242684470512
sub-MCI0179,FrontalMedialCortex,0.010164523443866423,-0.010775685518138964,0.03399759285782423
sub-MCI0181,FrontalMedialCortex,-0.009374518537494029,-0.018075391361954633,0.025379692086199813
sub-MCI0289,FrontalMedialCortex,0.012125109141870323,0.0030781664635808853,0.019900738768848254
sub-MCI0271,FrontalMedialCortex,0.001250936759673314,-0.024250088005002113,0.0736295679165441
sub-MCI0264,FrontalMedialCortex,-0.015327111461730025,-0.00891075924506908,0.07568847842242432
sub-MCI0194,FrontalMedialCortex,-0.014518167225248046,0.011928482486726101,-0.12204348283799932
sub-MCI2016,FrontalOperculumCortex,-0.009731916927327292,-0.05024284686976155,0.0021570948844163314
sub-MCI0290,FrontalOperculumCortex,0.006618545062784,-0.028473873267441323,0.015256405102443886
sub-MCI0268,FrontalOperculumCortex,-0.05013847133531357,0.003198816029956035,0.01286517813935572
sub-MCI0198,FrontalOperculumCortex,-0.01596611805306583,-0.04973336109180686,-0.18980220812364534
sub-MCI0285,FrontalOperculumCortex,-0.005950567051527028,-0.03199808778327667,-0.016109872633276855
sub-MCI2003,FrontalOperculumCortex,-0.0028731654744999446,-0.005406504981179491,-0.0018427253748492325
sub-MCI0199,FrontalOperculumCortex,-0.01838038462033452,-0.051653157255521685,0.017027376440875926
sub-MCI2017,FrontalOperculumCortex,-0.056368003899997327,-0.06650267776096751,-0.01646671429969402
sub-MCI0269,FrontalOperculumCortex,-0.014581101457782868,-0.021137212080120257,0.66872722720088
sub-MCI0284,FrontalOperculumCortex,-0.0674305675769075,-0.05432857154809545,0.029372315634543025
sub-MCI2002,FrontalOperculumCortex,0.020074533005866292,-0.08155247102638347,-0.04930101269099349
sub-MCI2001,FrontalOperculumCortex,-0.057995853247226406,-0.05355323397079566,-0.1380036957017986
sub-MCI0287,FrontalOperculumCortex,-0.046419382243929865,-0.02058046952327927,-0.041641602815485616
sub-MCI0292,FrontalOperculumCortex,-0.052468227156687065,-0.030704493134400882,-0.038065428964398
sub-MCI2014,FrontalOperculumCortex,-0.06294270102876928,-0.058649510071218526,-0.04327298386276248
sub-MCI2000,FrontalOperculumCortex,-0.08018404105770731,-0.057223010764216105,-0.0544389082202526
sub-MCI0286,FrontalOperculumCortex,-0.0007389599907186602,-0.030612060830041577,-0.016396112871253646
sub-MCI0115,FrontalOperculumCortex,-0.038687888795458814,-0.015635706499821062,-0.0004588513345921867
sub-MCI0236,FrontalOperculumCortex,-0.038537465377569774,-0.04961423147745168,-0.04987643107786556
sub-MCI0293,FrontalOperculumCortex,-0.006817031528137817,-0.018536362279787874,0.2689797913113885
sub-MCI2015,FrontalOperculumCortex,-0.01914457756272245,-0.04415878140279642,0.006942314964102516
sub-MCI1004,FrontalOperculumCortex,-0.06947750939874964,-0.08502022467000567,-0.012531974894567645
sub-MCI0295,FrontalOperculumCortex,-0.03704909945008628,-0.04891621721020795,-0.14580748359972273
sub-MCI1002,FrontalOperculumCortex,0.004456606999240632,-0.0011469609645857642,0.10049644915036651
sub-MCI2013,FrontalOperculumCortex,-0.014472128905875745,-0.029217259758125152,0.01708728285500401
sub-MCI0106,FrontalOperculumCortex,-0.024527919283477393,-0.0030347082407917603,-0.019174545067056195
sub-MCI0165,FrontalOperculumCortex,-0.043396473390217356,-0.014033540039642344,-0.0530005055506429
sub-MCI0170,FrontalOperculumCortex,-0.014086847867098233,-0.047098146712891226,-0.10050285211443463
sub-MCI0113,FrontalOperculumCortex,-0.03557993422081111,-0.024485092086000623,0.03854744782042965
sub-MCI2006,FrontalOperculumCortex,0.0059330759015667174,0.023393652116030533,-0.11611259374001007
sub-MCI0278,FrontalOperculumCortex,-0.0262324795498828,-0.003922986825428929,-0.04631834714583648
sub-MCI0280,FrontalOperculumCortex,-0.04231925622023814,-0.07106823457631975,0.009306775858849438
sub-MCI0107,FrontalOperculumCortex,-0.02030861544576899,-0.002641321397742357,0.002908401530820405
sub-MCI0294,FrontalOperculumCortex,-0.04649720652906635,-0.04964562673890904,0.008435914724539856
sub-MCI2012,FrontalOperculumCortex,-0.041311294681268644,-0.04132494874891985,-0.19222371105845043
sub-MCI1003,FrontalOperculumCortex,-0.018091758593877957,-0.0037935535165610195,-0.01976312195110768
sub-MCI2007,FrontalOperculumCortex,-0.0246065673002322,-0.013982016278114021,-0.14188194391803152
sub-MCI0279,FrontalOperculumCortex,-0.07462386911122025,-0.06245090470519429,-0.06217816003898989
sub-MCI0281,FrontalOperculumCortex,0.004968604364512231,-0.0574858670054198,-0.12095673151148192
sub-MCI0111,FrontalOperculumCortex,-0.001092822683879591,0.002805015210871515,0.021939372814888544
sub-MCI0282,FrontalOperculumCortex,0.010593319316663697,0.019700844618712503,0.10559361501155358
sub-MCI2004,FrontalOperculumCortex,-0.08705599787322463,-0.03808642820526314,-0.2374620032278849
sub-MCI2011,FrontalOperculumCortex,-0.042152969938011535,-0.059294355365493795,-0.031918835564110216
sub-MCI1000,FrontalOperculumCortex,-0.006667639368544739,-0.03309176806840705,0.02780584242605755
sub-MCI0297,FrontalOperculumCortex,0.0023164974225050837,0.03523828519659912,-0.05576363307663807
sub-MCI0283,FrontalOperculumCortex,-0.020246268041648762,-0.03020921605490377,-0.0882235152828785
sub-MCI2005,FrontalOperculumCortex,0.002387607022785482,-0.007514918767443933,0.0313820561354562
sub-MCI0173,FrontalOperculumCortex,-0.06476104801760112,-0.018282843475018847,-0.06778139986819748
sub-MCI1001,FrontalOperculumCortex,-0.05292385977570045,-0.07146109286626515,-0.07710943886557964
sub-MCI0296,FrontalOperculumCortex,-0.041104501875932196,-0.05872068650651589,-0.06383496740858058
sub-MCI0192,FrontalOperculumCortex,-0.01735637707756173,-0.01531424021714077,-0.019517297896388446
sub-MCI0137,FrontalOperculumCortex,-0.016132494515240087,0.022943845997958585,-0.03274072739850328
sub-MCI2009,FrontalOperculumCortex,-0.006304094387006231,0.008292856797681606,-0.030369050596011596
sub-MCI0141,FrontalOperculumCortex,-0.015516125479789464,-0.010355994961043303,0.01459932514971416
sub-MCI0277,FrontalOperculumCortex,-0.019378402128878494,-0.023722485511559404,-0.03957209301765423
sub-MCI0263,FrontalOperculumCortex,-0.02489309039520868,-0.05200226877778978,0.030869277966168666
sub-MCI2008,FrontalOperculumCortex,-0.04090435834100834,-0.0531555200088513,-0.01674222344272508
sub-MCI0275,FrontalOperculumCortex,-0.050250684205842513,-0.03690405710492894,0.03162819367061374
sub-MCI0190,FrontalOperculumCortex,-0.015075521101685637,-0.04753710713330736,-0.058454091070402746
sub-MCI0298,FrontalOperculumCortex,-0.039645453178413434,-0.07449816151979012,0.030891758708458766
sub-MCI0184,FrontalOperculumCortex,0.01803029182767867,0.01637473479625277,0.056386881645494984
sub-MCI0274,FrontalOperculumCortex,-0.00710078925765925,-0.05022484950936608,-0.008376729314971063
sub-MCI0299,FrontalOperculumCortex,-0.05576663177936345,-0.05268355734585061,0.03753463026240905
sub-MCI0191,FrontalOperculumCortex,-0.01829717660329721,0.03745417263856034,0.14538500457138154
sub-MCI0169,FrontalOperculumCortex,-0.046231128425728234,-0.03686232228829659,-0.0655934529341976
sub-MCI0197,FrontalOperculumCortex,-0.017736528651321273,-0.05535984385606716,0.15658160583825897
sub-MCI0132,FrontalOperculumCortex,-0.03573634980792869,-0.020311486767240376,0.01801385939560201
sub-MCI0267,FrontalOperculumCortex,-0.07238321817259695,-0.07499429887559697,0.044557783249553576
sub-MCI0272,FrontalOperculumCortex,0.00038869219168266215,-0.05369788705981234,-0.18589017533233448
sub-MCI0182,FrontalOperculumCortex,-0.06283929075196547,0.00041000298728443186,-0.058470761325461224
sub-MCI2018,FrontalOperculumCortex,0.011473028414354445,0.0011120740426134213,0.07515341498497904
sub-MCI0196,FrontalOperculumCortex,-0.040745269344292796,-0.019023678844874277,-0.013112752514765947
sub-MCI0183,FrontalOperculumCortex,-0.03928838705085738,-0.0075207064594625525,-0.009323960493183573
sub-MCI0273,FrontalOperculumCortex,0.06740508857341114,0.036218065558335295,0.09155899108171539
sub-MCI0288,FrontalOperculumCortex,-0.03864679030390478,-0.03187825720838185,0.030340847075814772
sub-MCI0270,FrontalOperculumCortex,-0.06160353920224644,-0.04795094501594279,-0.07686303491996135
sub-MCI0178,FrontalOperculumCortex,-0.035388378777029696,0.003992914459977709,0.06761051277656009
sub-MCI0195,FrontalOperculumCortex,-0.016096864072897746,-0.011506145184615643,-0.05062218195182669
sub-MCI0265,FrontalOperculumCortex,-0.014944337397007408,0.012516647363589628,-0.09125257662190155
sub-MCI0179,FrontalOperculumCortex,0.004400659347004671,0.012120756290201859,0.04238500704073716
sub-MCI0181,FrontalOperculumCortex,-0.027343992395805088,0.017249681216662687,0.040126381916994684
sub-MCI0289,FrontalOperculumCortex,-0.0357120464897343,-0.008731102257878792,0.03366914702476958
sub-MCI0271,FrontalOperculumCortex,-0.011288593734678963,0.034364484849843564,0.014135973606481105
sub-MCI0264,FrontalOperculumCortex,-0.042041828341997024,-0.02873933468633093,-0.031190602556480315
sub-MCI0194,FrontalOperculumCortex,-0.007697616005251107,-0.02691723297821933,0.05927460714496935
sub-MCI2016,FrontalOrbitalCortex,0.02487063856186989,0.011102865878157358,0.01985339159033248
sub-MCI0290,FrontalOrbitalCortex,-0.0547511442049399,-0.06288559454115707,0.02991526470095454
sub-MCI0268,FrontalOrbitalCortex,0.003980793680986055,0.01599594864339649,-0.020669641560393033
sub-MCI0198,FrontalOrbitalCortex,-0.026533905263239732,0.010243612469282218,0.1627579143416937
sub-MCI0285,FrontalOrbitalCortex,-0.02109644924440013,-0.018789144191634747,0.044894639372651146
sub-MCI2003,FrontalOrbitalCortex,-0.02966016297982006,-0.04041097735790999,-0.08890403774512913
sub-MCI0199,FrontalOrbitalCortex,-0.0269433030222186,-0.016893304821680572,0.0031217499362787737
sub-MCI2017,FrontalOrbitalCortex,-0.054429033362349624,-0.034615985283849855,-0.008102909581434684
sub-MCI0269,FrontalOrbitalCortex,-0.03636860520132692,-0.006651721177158216,0.03679506553562903
sub-MCI0284,FrontalOrbitalCortex,-0.02328275917287685,-0.024133302176460626,-0.021757192215012322
sub-MCI2002,FrontalOrbitalCortex,0.023211464003238255,0.021797935240445918,-0.09449316034196667
sub-MCI2001,FrontalOrbitalCortex,-0.062129543532843085,-0.04746407346602017,-0.07836287020097499
sub-MCI0287,FrontalOrbitalCortex,-0.02071324795112381,0.0395925061272358,0.4220809604680052
sub-MCI0292,FrontalOrbitalCortex,-0.05067065243856888,-0.02661262967749086,0.06571878561656666
sub-MCI2014,FrontalOrbitalCortex,-0.03934939313317064,-0.024847436030528268,-0.06739656040091613
sub-MCI2000,FrontalOrbitalCortex,-0.008558918873839793,-0.0060002137091764145,0.0179164537013108
sub-MCI0286,FrontalOrbitalCortex,-0.00799658492875292,0.005962659367416875,-0.03839829197978139
sub-MCI0115,FrontalOrbitalCortex,-0.006361913055740869,-0.03035809029263623,-0.08607673234129175
sub-MCI0236,FrontalOrbitalCortex,-0.0312646867641041,-0.03831333335622424,-0.07608736002289818
sub-MCI0293,FrontalOrbitalCortex,-0.001231399458177207,-0.030745519057646605,-0.10550774194529425
sub-MCI2015,FrontalOrbitalCortex,-0.03308692460317061,-0.021084040693720066,0.05508558205661471
sub-MCI1004,FrontalOrbitalCortex,-0.022224147154370075,-0.0339198268466664,0.005305430606289322
sub-MCI0295,FrontalOrbitalCortex,-0.03057961025687806,-0.027924520403559312,-0.013194536840419832
sub-MCI1002,FrontalOrbitalCortex,-0.03854323068232406,-0.03552728349306453,0.07068556912333729
sub-MCI2013,FrontalOrbitalCortex,-0.036256163156193046,-0.038373348519196306,-0.010833800070694235
sub-MCI0106,FrontalOrbitalCortex,-0.05801303795872814,-0.05299492553326705,-0.17732295488951
sub-MCI0165,FrontalOrbitalCortex,-0.019753566449737633,-0.047975527492464365,0.014589171792659712
sub-MCI0170,FrontalOrbitalCortex,-0.016359734597735244,-0.05072390053345712,-0.07850226856563067
sub-MCI0113,FrontalOrbitalCortex,-0.052558648484168566,-0.020451753577639717,-0.016540249809452387
sub-MCI2006,FrontalOrbitalCortex,-0.009591157125268944,-0.01654968064855293,-0.10977243548293203
sub-MCI0278,FrontalOrbitalCortex,0.0016851568027022646,-0.0221192712736625,0.03666043510711024
sub-MCI0280,FrontalOrbitalCortex,-0.031332898881052694,-0.0024163106709079243,-0.03634497604353245
sub-MCI0107,FrontalOrbitalCortex,-0.039030346750321326,-0.0014128387662559372,-0.008526289687857078
sub-MCI0294,FrontalOrbitalCortex,-0.015615513009305287,-0.03897320283575364,0.014443079367816383
sub-MCI2012,FrontalOrbitalCortex,-0.053651405242954225,-0.04522331064635249,-0.02867477686952632
sub-MCI1003,FrontalOrbitalCortex,-0.008005477294332479,-0.026229468551169217,-0.07107081244896608
sub-MCI2007,FrontalOrbitalCortex,-0.05217433094775581,-0.036112236285014865,0.08058399549024198
sub-MCI0279,FrontalOrbitalCortex,-0.02238502693228492,-0.034842046065290413,-0.05104987906236314
sub-MCI0281,FrontalOrbitalCortex,-0.017761874418299597,-0.006751512185432297,-0.23204835486152436
sub-MCI0111,FrontalOrbitalCortex,-0.030502961742136122,-0.014316690444583358,-0.012360208683638426
sub-MCI0282,FrontalOrbitalCortex,0.0050950109055851985,0.009583885056698214,0.06269182966223735
sub-MCI2004,FrontalOrbitalCortex,-0.03893323918840096,-0.020512377081771206,-0.21719996509063302
sub-MCI2011,FrontalOrbitalCortex,-0.04448708097783924,-0.035798804681586145,-0.00977418081318687
sub-MCI1000,FrontalOrbitalCortex,-0.03527729930495639,0.0018760152090873628,0.003942980024001254
sub-MCI0297,FrontalOrbitalCortex,0.0040378057084668505,0.018061341510457875,0.04081686786923271
sub-MCI0283,FrontalOrbitalCortex,-0.04966074250184692,-0.02447915078781293,-0.007962208130246826
sub-MCI2005,FrontalOrbitalCortex,-0.018067070293659462,-0.023250348671856356,-0.06683590259830913
sub-MCI0173,FrontalOrbitalCortex,-0.038892165991025074,-0.023358489316825187,-0.05365191634491116
sub-MCI1001,FrontalOrbitalCortex,-0.03869267214420017,-0.016998634389392437,-0.07511299190738224
sub-MCI0296,FrontalOrbitalCortex,-0.012220383245964934,-0.03706234774091693,-0.13553097287011695
sub-MCI0192,FrontalOrbitalCortex,0.007932127430866026,-0.010175851067797684,-0.03320910362130904
sub-MCI0137,FrontalOrbitalCortex,-0.0344227992347345,-0.0022130069139280856,-0.011089657797285414
sub-MCI2009,FrontalOrbitalCortex,-0.012933319951855019,-0.01235291575106486,-0.02967933722322005
sub-MCI0141,FrontalOrbitalCortex,-0.01965024853519969,-0.0182627349294106,0.0021006697045428614
sub-MCI0277,FrontalOrbitalCortex,-0.012444898525046684,-0.02173615802134708,-0.019877578106471474
sub-MCI0263,FrontalOrbitalCortex,-0.051139940361597726,-0.03677565305440219,-0.008904934064904967
sub-MCI2008,FrontalOrbitalCortex,-0.03587699142830503,-0.0317145375829531,-0.004915652599435019
sub-MCI0275,FrontalOrbitalCortex,-0.03647727579251357,-0.02375448733184848,0.036485899793422115
sub-MCI0190,FrontalOrbitalCortex,-0.029817897062535684,-0.029366798838648796,-0.0018573323696884515
sub-MCI0298,FrontalOrbitalCortex,-0.02886466092301744,0.00985235037610987,0.23384172742378526
sub-MCI0184,FrontalOrbitalCortex,-0.013571948059277668,0.007837113228752033,0.015649904335083568
sub-MCI0274,FrontalOrbitalCortex,-0.025495955856146082,-0.018935136519688596,0.016384014500319774
sub-MCI0299,FrontalOrbitalCortex,-0.0545304856928733,-0.030501961906284715,-0.00994684671396811
sub-MCI0191,FrontalOrbitalCortex,-0.043663619932879746,0.0026875288130082595,0.03814400156514353
sub-MCI0169,FrontalOrbitalCortex,-0.0015578713232652203,-0.033398287420363236,-0.0858231049169131
sub-MCI0197,FrontalOrbitalCortex,-0.03477294652651044,-0.04691518997211232,0.23393565445402212
sub-MCI0132,FrontalOrbitalCortex,-0.0060959680735445864,-0.016999860853229392,0.03957796690863607
sub-MCI0267,FrontalOrbitalCortex,-0.02737115454438234,0.017829133157762255,0.08049375440451505
sub-MCI0272,FrontalOrbitalCortex,-0.018185666548907246,-0.005541611729223932,0.04149378287832984
sub-MCI0182,FrontalOrbitalCortex,-0.010154450543175113,-0.02967657484451964,0.1954103149180562
sub-MCI2018,FrontalOrbitalCortex,0.003335951828440662,-0.01436420005629159,-0.11279076747865191
sub-MCI0196,FrontalOrbitalCortex,-0.0649290412083082,-0.043705999767501086,0.0019578763568934366
sub-MCI0183,FrontalOrbitalCortex,-0.03235384900147361,-0.03642494212806787,-0.05458848527700108
sub-MCI0273,FrontalOrbitalCortex,-0.0158791462166668,-0.03564369030859655,-0.0005482595754084368
sub-MCI0288,FrontalOrbitalCortex,-0.06788024100336967,-0.05477813851425649,-0.012781958332967226
sub-MCI0270,FrontalOrbitalCortex,-0.03264067197884607,0.007851799319859428,-0.06244669799366768
sub-MCI0178,FrontalOrbitalCortex,-0.01641226007170092,-0.030749703926284726,0.02636316819528938
sub-MCI0195,FrontalOrbitalCortex,0.019887798684750043,0.005344237718115278,-0.008746081347346595
sub-MCI0265,FrontalOrbitalCortex,-0.0190519817836782,-0.010833708491144432,-0.08769392892772693
sub-MCI0179,FrontalOrbitalCortex,-0.007928532466432906,-0.008669066561878444,0.021625342537249806
sub-MCI0181,FrontalOrbitalCortex,0.0010857582343713806,-0.007403539818270184,-0.0004458932247642486
sub-MCI0289,FrontalOrbitalCortex,0.03003882252251486,-0.008246210747981231,0.02488854533157306
sub-MCI0271,FrontalOrbitalCortex,-0.025373882732669932,-0.018186182337846656,-0.10943471472613077
sub-MCI0264,FrontalOrbitalCortex,-0.04692467108923316,-0.010087573827288124,0.013517918597191576
sub-MCI0194,FrontalOrbitalCortex,-0.04379378200862678,-0.03629215524489064,-0.046083494196999836
sub-MCI2016,FrontalPole,-0.017271885793533826,-0.0328336243139853,0.20712803618864142
sub-MCI0290,FrontalPole,-0.041220504342867864,-0.04823805945418931,-0.03524373981858048
sub-MCI0268,FrontalPole,-0.030094930307791187,-0.01896951963521455,0.049793626756555937
sub-MCI0198,FrontalPole,-0.07665950870249151,-0.054614061253159846,-0.06932862122331869
sub-MCI0285,FrontalPole,-0.04597466690205324,-0.03347282843585272,-0.05909626788223925
sub-MCI2003,FrontalPole,-0.04986145906183629,-0.038667172516130714,-0.08614272080093817
sub-MCI0199,FrontalPole,-0.03574563765521031,-0.038129895140005025,-0.02897145006658104
sub-MCI2017,FrontalPole,-0.054088060056085,-0.02786485533601898,-0.03230426247262738
sub-MCI0269,FrontalPole,-0.04396711321143035,-0.05181960736543499,0.317294292255479
sub-MCI0284,FrontalPole,-0.0799111268828977,-0.04194911763088924,-0.05038240016972901
sub-MCI2002,FrontalPole,-0.052451816231258684,-0.10077940727674077,-0.003384134184100766
sub-MCI2001,FrontalPole,-0.0649581353217123,-0.028730700584031103,-0.07315572122356148
sub-MCI0287,FrontalPole,-0.05032843573070749,-0.03217905169327257,-2.8818368534564827
sub-MCI0292,FrontalPole,-0.05781748505409564,-0.04409972284521762,-0.10720442546839094
sub-MCI2014,FrontalPole,-0.06248316613465766,-0.06146892503080652,-0.06627173789095107
sub-MCI2000,FrontalPole,-0.06697679897577294,-0.022945125252275943,0.008028159319090908
sub-MCI0286,FrontalPole,-0.03411139616583236,-0.03823059336642083,-0.003506336429180176
sub-MCI0115,FrontalPole,0.008134071360256198,-0.01777591838748951,-0.03480095939460873
sub-MCI0236,FrontalPole,-0.05497090062460231,-0.041275798235346016,-0.058775177600305394
sub-MCI0293,FrontalPole,-0.052028872121748046,-0.04758643473915317,0.003420992969875673
sub-MCI2015,FrontalPole,-0.068241428738786,-0.03655631509568863,-0.04962241977499363
sub-MCI1004,FrontalPole,-0.04812349248838171,-0.04929575272185373,-0.04253479326911927
sub-MCI0295,FrontalPole,-0.06996178146770957,-0.04829311734059661,-0.11530867302967558
sub-MCI1002,FrontalPole,-0.057613900586590536,-0.03587087047425959,-0.04298914523860704
sub-MCI2013,FrontalPole,-0.037549505788165724,-0.0038057293529644037,-0.00870532249769612
sub-MCI0106,FrontalPole,-0.01493841314066111,-0.03008881033039722,-0.09328680894881121
sub-MCI0165,FrontalPole,-0.053007053714316944,-0.0414372718585052,0.0027078955834639357
sub-MCI0170,FrontalPole,-0.02799517674339555,-0.022168551194312953,-0.10189573816605721
sub-MCI0113,FrontalPole,-0.0558239459218327,-0.03216903405253752,-0.04064237712655543
sub-MCI2006,FrontalPole,-0.0747725376773245,-0.04379793702624294,-0.1497397931573573
sub-MCI0278,FrontalPole,-0.023304067318945788,-0.03512527568507271,-0.06773600336628963
sub-MCI0280,FrontalPole,-0.042326001823521614,-0.049414627058849,0.03149272840091213
sub-MCI0107,FrontalPole,-0.021577997306513833,-0.044334003834897336,-0.03385348078988331
sub-MCI0294,FrontalPole,-0.06180885699153465,-0.03506917787311441,-0.013497742343113262
sub-MCI2012,FrontalPole,-0.03524214787463439,-0.052668800604432776,-0.05971638405725491
sub-MCI1003,FrontalPole,-0.03833117306813753,-0.0392491081163299,0.01726548117375857
sub-MCI2007,FrontalPole,-0.08555730127461572,-0.06986808281802298,0.03869092758551411
sub-MCI0279,FrontalPole,-0.04591068551045817,-0.04003219802342238,-0.01008773681729167
sub-MCI0281,FrontalPole,-0.03346514198297694,-0.04254413788905489,-0.1204134550714875
sub-MCI0111,FrontalPole,-0.04892718832779607,-0.024733337227524063,-0.042506421483569284
sub-MCI0282,FrontalPole,-0.06130218529567368,-0.025447187047686073,0.04822232892244046
sub-MCI2004,FrontalPole,-0.05185673450419811,-0.046843885650062714,-0.6215041343235982
sub-MCI2011,FrontalPole,-0.048834100465215094,-0.044610801239334814,0.05554363195498127
sub-MCI1000,FrontalPole,-0.07640799274676775,-0.057734113890861576,-0.05787309534886613
sub-MCI0297,FrontalPole,-0.03612488462348553,-0.03320944364482774,-0.023402193330251137
sub-MCI0283,FrontalPole,-0.0528800267988981,-0.045767742089468356,-0.0531316623805523
sub-MCI2005,FrontalPole,-0.06301071055053292,-0.06721376263778886,-0.04336866973826512
sub-MCI0173,FrontalPole,-0.05055395216384212,-0.04408150783508901,-0.0702810154718661
sub-MCI1001,FrontalPole,-0.05049369097700726,-0.03510722825758004,-0.08208867463300633
sub-MCI0296,FrontalPole,-0.048314241034682,-0.05745334770901785,-0.10178701745039777
sub-MCI0192,FrontalPole,-0.037963057010008606,-0.047766607132573004,-0.040624449668643016
sub-MCI0137,FrontalPole,-0.040523183706188966,-0.04240979860679304,-0.02553331448710828
sub-MCI2009,FrontalPole,-0.06608034845508734,-0.0611954145242597,0.06459821448924262
sub-MCI0141,FrontalPole,-0.03687594400279125,-0.01717518479572797,-0.0167092058102707
sub-MCI0277,FrontalPole,-0.03471401250077629,-0.04366932798635099,-0.06825972077264607
sub-MCI0263,FrontalPole,-0.015560988118023526,-0.05214065542384633,0.012357318465688258
sub-MCI2008,FrontalPole,-0.05880695730007468,-0.05717645203370995,-0.07486745508702866
sub-MCI0275,FrontalPole,-0.03134019777504222,-0.032812367647279655,-0.00350490273446858
sub-MCI0190,FrontalPole,-0.04065762996840348,-0.05053298125257454,-0.06075425551324668
sub-MCI0298,FrontalPole,-0.025474116280438573,-0.021796090979681187,0.021639937384483717
sub-MCI0184,FrontalPole,-0.048441234146101,-0.048660315106238354,-0.1403546983081278
sub-MCI0274,FrontalPole,-0.033354857946579025,-0.03067217229064644,-0.044777671858766396
sub-MCI0299,FrontalPole,-0.06459268623490638,-0.05052436789562722,-0.010927572786326358
sub-MCI0191,FrontalPole,-0.04991526161721254,0.0003767695480691994,0.05851040088284025
sub-MCI0169,FrontalPole,-0.005874400798353063,-0.029362618968007133,-0.0653376462655505
sub-MCI0197,FrontalPole,-0.04359916490370733,-0.05088791735116658,0.040943985185728504
sub-MCI0132,FrontalPole,-0.035706724874018665,-0.043190800033708815,-0.04251587481978221
sub-MCI0267,FrontalPole,-0.05275850259012836,-0.0647776580766541,0.05493485874015057
sub-MCI0272,FrontalPole,-0.043721550881379176,-0.05519432387402628,-0.10267681147836609
sub-MCI0182,FrontalPole,-0.051430342921363344,-0.043274080634909576,0.11606755121301497
sub-MCI2018,FrontalPole,-0.03674396496600129,-0.052278600579856054,-0.03102905598772122
sub-MCI0196,FrontalPole,-0.04400463598207652,-0.037785012331608685,0.002694298579503536
sub-MCI0183,FrontalPole,-0.07878122846800109,-0.06176599923730481,-0.05512694640982444
sub-MCI0273,FrontalPole,-0.03349656157608054,-0.04135499850741129,-0.02320632701998478
sub-MCI0288,FrontalPole,-0.0456287436712088,-0.041278451689102304,-0.03355548518571932
sub-MCI0270,FrontalPole,-0.03556624764352217,-0.03534851481072901,-0.05476786472406019
sub-MCI0178,FrontalPole,-0.03734065737314763,-0.0271166370562596,-0.038682988840913646
sub-MCI0195,FrontalPole,-0.0063713673872275315,-0.020698428724034032,-0.02286571335719206
sub-MCI0265,FrontalPole,-0.04122889081512862,-0.03984166475715252,-0.0839138053858837
sub-MCI0179,FrontalPole,-0.042566030422442204,-0.040479126611168974,-0.009173066083588985
sub-MCI0181,FrontalPole,-0.030202259045456356,-0.043946845858660585,-0.018961968946665155
sub-MCI0289,FrontalPole,-0.027423514587121188,-0.03441038102421197,-0.03113915148777815
sub-MCI0271,FrontalPole,-0.046482247393467804,-0.01893146110696958,-0.06858113324873816
sub-MCI0264,FrontalPole,-0.08091432627892865,-0.04405202034420191,0.00029560682786913004
sub-MCI0194,FrontalPole,-0.0453669893530727,-0.04663232531821068,-0.019592681834760536
sub-MCI2016,HeschlsGyrus,0.050759491821167166,0.06608259426541029,0.13512138797922232
sub-MCI0290,HeschlsGyrus,0.0284249019928471,-0.01676990148143614,6.091345359323986e-05
sub-MCI0268,HeschlsGyrus,-0.05066787070687813,0.01816315783498089,0.0028580698305803454
sub-MCI0198,HeschlsGyrus,-0.008301995599886024,-0.010079909443558696,-0.36118625911516367
sub-MCI0285,HeschlsGyrus,-0.03542762165592517,0.02528216304173197,-0.02704611471219452
sub-MCI2003,HeschlsGyrus,-0.00815614220006646,-0.01008755005826995,-0.017521105250388105
sub-MCI0199,HeschlsGyrus,0.02130237349987532,-0.009564258970569098,-0.023256007942607324
sub-MCI2017,HeschlsGyrus,-0.06662798100985141,-0.017814254401459513,-0.012264835608683836
sub-MCI0269,HeschlsGyrus,-0.012550324377316926,0.01565059559909475,0.7079648017946037
sub-MCI0284,HeschlsGyrus,-0.07327556976495916,-0.04771526356061514,-0.0838620515167212
sub-MCI2002,HeschlsGyrus,0.0400017103621625,-0.008195300288136347,-0.10142072881761134
sub-MCI2001,HeschlsGyrus,-0.010843255504303284,0.016218059943842383,0.08941957262304334
sub-MCI0287,HeschlsGyrus,-0.098974323685403,-0.08122092459248655,-0.18742400587373276
sub-MCI0292,HeschlsGyrus,-0.06540632533400445,-0.050055775396252854,-0.04183074821859835
sub-MCI2014,HeschlsGyrus,-0.07908766206039848,-0.0023353217692810052,-0.08088266385896403
sub-MCI2000,HeschlsGyrus,0.031107141944332194,-0.017072765543916145,0.05347833436996175
sub-MCI0286,HeschlsGyrus,-0.010868381477346459,-0.010154865591852347,-0.03448584523036829
sub-MCI0115,HeschlsGyrus,-0.017165200897262256,-0.03197874909331428,-0.06663572540189205
sub-MCI0236,HeschlsGyrus,-0.00227575903237399,0.023297917538339707,0.009970660378645902
sub-MCI0293,HeschlsGyrus,0.05415994175207322,0.06874261320474903,0.27278045084072
sub-MCI2015,HeschlsGyrus,-0.000849323509462736,-0.015083787936258532,0.012833526798635565
sub-MCI1004,HeschlsGyrus,-0.04299292893216639,-0.031968531202211034,-0.0404228970567327
sub-MCI0295,HeschlsGyrus,-0.08719282892561482,-0.04351449395483098,-0.15971104192153998
sub-MCI1002,HeschlsGyrus,-0.010753784196729834,-0.010029269433949833,0.01275252579622847
sub-MCI2013,HeschlsGyrus,0.03531821129218006,0.03716232611599467,0.02199351800165503
sub-MCI0106,HeschlsGyrus,-0.00917850849528861,0.010645591223299302,0.007698496909884181
sub-MCI0165,HeschlsGyrus,-3.242092114275461e-05,0.0016512385207883668,0.037172001455636795
sub-MCI0170,HeschlsGyrus,-0.06163383791363212,-0.056124836271269525,-0.06855853811065639
sub-MCI0113,HeschlsGyrus,-0.0006288651322492257,-0.0024765855741856625,-0.0689247772970058
sub-MCI2006,HeschlsGyrus,-0.0672627414846497,0.008458542039294675,0.04787246850775395
sub-MCI0278,HeschlsGyrus,0.0345873629229206,-0.017857346040416378,-0.013449222422920381
sub-MCI0280,HeschlsGyrus,-0.0695216047258793,-0.010200858743411846,0.01976698965234434
sub-MCI0107,HeschlsGyrus,0.013877146767457136,-0.042254755049442615,-0.0017950408012328992
sub-MCI0294,HeschlsGyrus,0.022626475078061984,0.006846372417039867,0.000794325222659706
sub-MCI2012,HeschlsGyrus,-0.0871024108600275,-0.06195818509774158,-0.22338552061854236
sub-MCI1003,HeschlsGyrus,0.014017162017271012,-0.025452343408156615,-0.07837611968298325
sub-MCI2007,HeschlsGyrus,0.04512804919786605,-0.0032399340692745742,-0.02594876886938087
sub-MCI0279,HeschlsGyrus,-0.06846440550169804,0.04442342935023719,0.05874015388962946
sub-MCI0281,HeschlsGyrus,-0.029268893207234987,-0.016727435214849505,-0.08859342222908156
sub-MCI0111,HeschlsGyrus,-0.03595998725536768,0.01837913168772641,-0.03118993595052729
sub-MCI0282,HeschlsGyrus,-0.03911820098151326,-0.02226204781643659,-0.014557284697016837
sub-MCI2004,HeschlsGyrus,-0.07066683309288392,-0.06540845944086536,0.049844818552310106
sub-MCI2011,HeschlsGyrus,-0.03343981858725343,-0.03691396795023567,-0.05854062856467809
sub-MCI1000,HeschlsGyrus,-0.037439844125763094,-0.02185604439795097,-0.03375178011944209
sub-MCI0297,HeschlsGyrus,-0.04783228339858788,-0.057001169238232015,-0.01793466226884968
sub-MCI0283,HeschlsGyrus,-0.14984095167336245,-0.05532524653759856,-0.06340040087583933
sub-MCI2005,HeschlsGyrus,-0.11677952364600218,-0.04891443126415008,-0.026106689983973443
sub-MCI0173,HeschlsGyrus,-0.07120918461110982,-0.009750777056602386,-0.03917140254803409
sub-MCI1001,HeschlsGyrus,-0.02647886389626588,-0.028128290697137633,-0.0811127966971298
sub-MCI0296,HeschlsGyrus,-0.012279836570401395,-0.04056226953015007,-0.1709689954194072
sub-MCI0192,HeschlsGyrus,-0.013245342755008225,0.014433755068987553,0.014955687123180468
sub-MCI0137,HeschlsGyrus,-0.026669539261664325,-0.04109729797710998,0.028506050720415774
sub-MCI2009,HeschlsGyrus,0.04715175644213541,0.02615417299549816,0.09942732834703505
sub-MCI0141,HeschlsGyrus,0.04028922201222912,0.005771534397612299,0.041172665319381574
sub-MCI0277,HeschlsGyrus,0.04802821106115696,0.012821543617234032,-0.05094510347485912
sub-MCI0263,HeschlsGyrus,0.04978642139112313,0.009816478656607357,0.04969431164298874
sub-MCI2008,HeschlsGyrus,0.013886932994234508,-0.028090252763973776,-0.03011084104283564
sub-MCI0275,HeschlsGyrus,0.026015561784110314,0.04265247703419839,0.09297075251486231
sub-MCI0190,HeschlsGyrus,0.035698349602019376,0.0303588940116499,0.07421403758528977
sub-MCI0298,HeschlsGyrus,0.013797280092545574,-0.045463965614847744,0.08344776981808079
sub-MCI0184,HeschlsGyrus,-0.007497470352271105,-0.0433585747123132,-0.048453349961663957
sub-MCI0274,HeschlsGyrus,-0.0379637698913129,0.007867597906044412,0.012737216396058898
sub-MCI0299,HeschlsGyrus,-0.10693222131241946,-0.02851488390069359,0.05052581311978229
sub-MCI0191,HeschlsGyrus,-0.020290978985511805,-0.007536540116744171,-0.0060156040895227155
sub-MCI0169,HeschlsGyrus,0.04336847196443282,-0.013814524875786716,0.13381125189810306
sub-MCI0197,HeschlsGyrus,-0.005154818886295975,-0.01150483253989443,0.08606868152275307
sub-MCI0132,HeschlsGyrus,0.007656322010655937,-0.0122570867403965,-0.04603503111738808
sub-MCI0267,HeschlsGyrus,-0.09253874650251982,-0.015874732024912522,0.048574309253606014
sub-MCI0272,HeschlsGyrus,-0.03549230627465068,0.019134315803750947,-0.13105032970759878
sub-MCI0182,HeschlsGyrus,-0.03701767949969353,0.03011875237952652,0.05259336433084718
sub-MCI2018,HeschlsGyrus,0.015629659947447482,-0.027149146818739273,-0.05622127570182328
sub-MCI0196,HeschlsGyrus,0.01842090569485902,-0.02269757869701876,-0.03977506217768864
sub-MCI0183,HeschlsGyrus,-0.028011673614756934,0.008318705083869385,-0.0009936025986714448
sub-MCI0273,HeschlsGyrus,-0.004403456762175209,0.0274596610862065,0.04654115024958225
sub-MCI0288,HeschlsGyrus,-0.01716989251168781,0.002381579826728656,0.031743745398415006
sub-MCI0270,HeschlsGyrus,0.0013774368477011466,0.004280635285833908,0.0035412431459386808
sub-MCI0178,HeschlsGyrus,0.005887869357527116,0.025096040133426083,0.0360403590362336
sub-MCI0195,HeschlsGyrus,0.00025275904218715966,-0.0038520010602790286,0.013136005969571663
sub-MCI0265,HeschlsGyrus,-0.051276152528139114,-0.03826516009997031,-0.120514138876489
sub-MCI0179,HeschlsGyrus,-0.006885570175663965,-0.007871524153011617,0.026607493564008544
sub-MCI0181,HeschlsGyrus,-0.0345666008218709,-0.009687004875449295,-0.020737364831664502
sub-MCI0289,HeschlsGyrus,0.0029255898728441205,0.0023726466386069242,0.029943025589060934
sub-MCI0271,HeschlsGyrus,0.04322649427618256,0.010848136230255318,0.10177673465060708
sub-MCI0264,HeschlsGyrus,-0.0557727455790492,-0.009620581067957825,-0.09491354120137474
sub-MCI0194,HeschlsGyrus,-0.008079841621056754,-0.008340104342976908,0.12572270994617044
sub-MCI2016,Hippocampus,0.00847957214489451,-0.0025403958821092025,-0.02191356001012886
sub-MCI0290,Hippocampus,0.05508701629939844,0.004664721734425015,0.09256245542744196
sub-MCI0268,Hippocampus,0.013881227786685605,-0.009441117932486613,-0.04604137394156747
sub-MCI0198,Hippocampus,-0.019556746877817655,-0.026093637710712672,-0.039920505881243025
sub-MCI0285,Hippocampus,0.002262380036059723,-0.03274555630358296,0.1837052748033482
sub-MCI2003,Hippocampus,-0.0073670192499272445,-0.019964603898707307,-0.034453809251499184
sub-MCI0199,Hippocampus,-0.030532489411050513,-0.04334877423521304,-0.005981147877185557
sub-MCI2017,Hippocampus,0.002815887712772052,-0.02897408907958616,0.007034031616410864
sub-MCI0269,Hippocampus,-0.02887957626990892,0.01622512875078564,0.547911337273753
sub-MCI0284,Hippocampus,0.005510570954988881,0.010728010610964265,-0.048394801376540765
sub-MCI2002,Hippocampus,0.032417670478058165,-0.01926820504630537,-0.07689752175569935
sub-MCI2001,Hippocampus,-0.030593678672035413,0.007936750114361596,-0.07990843696560268
sub-MCI0287,Hippocampus,-0.03549844652242173,-0.014429079205511963,0.39880815096597494
sub-MCI0292,Hippocampus,-0.040258609108844476,-0.045065423407584584,-0.06400069412572684
sub-MCI2014,Hippocampus,0.008381346937007548,-0.022754286329379828,-0.009833742187440748
sub-MCI2000,Hippocampus,-0.00879751600286608,-0.04700202356711886,-0.010741690469773304
sub-MCI0286,Hippocampus,0.016848065730037196,0.0263389366326789,0.021840850539683168
sub-MCI0115,Hippocampus,0.018897361601159155,-0.012249850214045753,-0.10776829216739851
sub-MCI0236,Hippocampus,-0.038199266659346386,-0.023835051373577512,-0.09863113503605946
sub-MCI0293,Hippocampus,0.011861468855836688,-0.012156415941332271,0.07758474626506354
sub-MCI2015,Hippocampus,0.06184726439820242,0.025849002875079435,-0.025517758696949843
sub-MCI1004,Hippocampus,0.025749444879227784,-0.0003765724231066865,0.08925708072964404
sub-MCI0295,Hippocampus,-0.02340163967816903,-0.03391841233306596,-0.10546614310667463
sub-MCI1002,Hippocampus,0.02215530070557978,0.011697383533588478,-0.0397103269592352
sub-MCI2013,Hippocampus,-0.003924728351921016,-0.007581823065400825,-0.01873519109084329
sub-MCI0106,Hippocampus,0.013519559465908215,0.02352923742050053,-0.014031494796769708
sub-MCI0165,Hippocampus,0.0009742608607760225,0.003817151731748179,-0.04351731388781975
sub-MCI0170,Hippocampus,0.022177585456793793,-0.001866884498676731,-0.07325548001322137
sub-MCI0113,Hippocampus,0.028082491180741572,0.01857245858060055,0.010298434382408307
sub-MCI2006,Hippocampus,0.008294066227328482,0.041988290180950405,0.08158698462528609
sub-MCI0278,Hippocampus,0.012333930343030397,0.005647658318018051,-0.20493713831568092
sub-MCI0280,Hippocampus,-0.0736867221446692,0.040517318447040505,0.038201324383931354
sub-MCI0107,Hippocampus,0.0031803702775599894,0.03505506850792707,-0.08552619003125021
sub-MCI0294,Hippocampus,-0.004671918221441367,-0.04165007843274531,0.0007688561263804401
sub-MCI2012,Hippocampus,-0.042030741963129295,-0.05094488062444855,-0.1262866601712689
sub-MCI1003,Hippocampus,-0.0019488422585628524,-0.0028874334889286805,-0.081467320155886
sub-MCI2007,Hippocampus,0.001112255857767469,-1.5533276364965874e-05,0.024390996719600284
sub-MCI0279,Hippocampus,0.0056366591838228975,-0.024007307095252926,-0.04342831159205139
sub-MCI0281,Hippocampus,-0.003966506478055215,-0.027897354427902525,-0.1891394707624885
sub-MCI0111,Hippocampus,0.009059942880099084,0.00040950059555140743,0.02837892573982632
sub-MCI0282,Hippocampus,0.018995886137506947,0.024027432546452492,-0.05468606722250394
sub-MCI2004,Hippocampus,-0.023235500574132328,-0.010317587868472016,-0.26975279997303064
sub-MCI2011,Hippocampus,0.0012490422845628482,-0.014236238810977726,0.03672967650750528
sub-MCI1000,Hippocampus,-0.023153905085871354,0.007857138543110171,-0.014222072400786162
sub-MCI0297,Hippocampus,0.01213635844877243,0.00788298475017847,-0.10096396289367221
sub-MCI0283,Hippocampus,-0.040807758142578,-0.024503597586873663,-0.07612865193232324
sub-MCI2005,Hippocampus,-0.03441474925830771,-0.017460111866406006,-0.05272877589741145
sub-MCI0173,Hippocampus,-0.02311883726197031,-0.023130182079438035,-0.08931157497542266
sub-MCI1001,Hippocampus,0.019036956063106802,0.0010810362302065785,-0.15486860175384556
sub-MCI0296,Hippocampus,0.013254309289349037,-0.029568056111664753,-0.04980075459622985
sub-MCI0192,Hippocampus,0.0008576702105020771,0.03635106718087272,-0.013161672148106098
sub-MCI0137,Hippocampus,-0.011528153598927776,0.07541638977880816,0.09174835069916158
sub-MCI2009,Hippocampus,0.042438735031287124,0.0547561067342892,0.07578578738432386
sub-MCI0141,Hippocampus,0.022321302659874705,0.018170739035617767,-0.04051579694259166
sub-MCI0277,Hippocampus,0.056125814928842055,-0.02895358489463081,0.014531117090209883
sub-MCI0263,Hippocampus,-0.008432967496194432,-0.012461596525075253,-0.054239155950711826
sub-MCI2008,Hippocampus,0.016060441118904485,-0.010216063990020226,0.03560093853972951
sub-MCI0275,Hippocampus,0.002126152455950911,0.0077227916103076695,0.005480136635967517
sub-MCI0190,Hippocampus,-0.01649859140239443,-0.033900668546711435,-0.047306451773964905
sub-MCI0298,Hippocampus,0.024402324359592154,0.06328384604332472,-0.05944654196539707
sub-MCI0184,Hippocampus,-0.011836739326463072,0.005145449676611837,-0.008916097217417924
sub-MCI0274,Hippocampus,0.04279667460736909,0.022057037092979553,0.043710475765020025
sub-MCI0299,Hippocampus,-0.05148666978441667,-0.05316928335519588,-0.02890062494917555
sub-MCI0191,Hippocampus,0.00820241174969808,0.027902676420322865,0.040040248246412675
sub-MCI0169,Hippocampus,-0.0003446628792235527,-0.003830573108801988,0.06359839160887225
sub-MCI0197,Hippocampus,0.01852383191073972,0.01411148905651975,0.07526107898982878
sub-MCI0132,Hippocampus,-0.019591697923111308,-0.037480723913557695,0.032151697391006255
sub-MCI0267,Hippocampus,-0.006877515734747504,0.0186481492679768,0.3927484131537865
sub-MCI0272,Hippocampus,-0.02106645113235261,-0.051383904782598334,0.054077639247330556
sub-MCI0182,Hippocampus,0.0005760586595530496,-0.009970533957574305,0.0652774881707161
sub-MCI2018,Hippocampus,0.061810847627021194,0.027991343124288283,-0.0670258280326866
sub-MCI0196,Hippocampus,-0.013100039911986742,0.01876737061425423,0.00495752248814526
sub-MCI0183,Hippocampus,-0.015310741282649247,0.050989276029019835,-0.000818156020850079
sub-MCI0273,Hippocampus,0.004306233188269526,-0.009905406513539737,0.015188279328574568
sub-MCI0288,Hippocampus,0.0017742458036335115,0.020145536397592236,0.08415053039356257
sub-MCI0270,Hippocampus,0.009230620414116642,0.04081722314200043,-0.054252104423095845
sub-MCI0178,Hippocampus,0.029553076642050664,0.016446730465778107,0.002883425290712053
sub-MCI0195,Hippocampus,-0.026568796376615016,0.003564272869857196,-0.04772284362137367
sub-MCI0265,Hippocampus,0.0084784627689783,0.007820249434681157,-0.03367300203501032
sub-MCI0179,Hippocampus,-0.02156586034269988,-0.009182842624954968,-0.005522531525132534
sub-MCI0181,Hippocampus,0.017903539716766628,-0.008193193306844189,-0.0034456843135371217
sub-MCI0289,Hippocampus,0.036438098847426145,0.04711039310252056,0.06017799331670194
sub-MCI0271,Hippocampus,-0.018437656238067708,-0.009920964978229557,-0.03539420841860101
sub-MCI0264,Hippocampus,-0.04025165623676831,-0.01365383438674281,-0.017802626826058005
sub-MCI0194,Hippocampus,-0.007265470546627494,0.0022656573140659077,0.0736809955296925
sub-MCI2016,InferiorFrontalGyrusparsopercularis,-0.03651145483829275,-0.06299962890689989,0.08248905467528615
sub-MCI0290,InferiorFrontalGyrusparsopercularis,-0.05414455275208294,-0.07475231146403691,-0.07271008094968397
sub-MCI0268,InferiorFrontalGyrusparsopercularis,-0.14610046289414572,-0.06085341758958014,0.009443370138872349
sub-MCI0198,InferiorFrontalGyrusparsopercularis,-0.03986477354447277,-0.08400254458596147,-0.362223075212641
sub-MCI0285,InferiorFrontalGyrusparsopercularis,-0.09189503679481237,-0.05900753690381241,0.06506016950424474
sub-MCI2003,InferiorFrontalGyrusparsopercularis,-0.06582836344052305,-0.08785359986778177,-0.10128564337168655
sub-MCI0199,InferiorFrontalGyrusparsopercularis,-0.08015959533454386,-0.08241812090494782,-0.02967050144790759
sub-MCI2017,InferiorFrontalGyrusparsopercularis,-0.18358729440727867,-0.10741077536623542,-0.08758414712563262
sub-MCI0269,InferiorFrontalGyrusparsopercularis,-0.0647789392845909,-0.1383150748810661,0.7935719560418268
sub-MCI0284,InferiorFrontalGyrusparsopercularis,-0.14495928621753812,-0.11402301671883744,-0.0472083534847506
sub-MCI2002,InferiorFrontalGyrusparsopercularis,-0.03227574040215415,-0.09225335869610728,0.12009476207526745
sub-MCI2001,InferiorFrontalGyrusparsopercularis,-0.11231198286618703,-0.03645153999503477,-0.17330990639071875
sub-MCI0287,InferiorFrontalGyrusparsopercularis,-0.08958698681557542,-0.04397131245056077,-0.2513387736804948
sub-MCI0292,InferiorFrontalGyrusparsopercularis,-0.10670877397315698,-0.06819377533169957,-0.09123919600014012
sub-MCI2014,InferiorFrontalGyrusparsopercularis,-0.1075155366259238,-0.06749781735521662,-0.05969994687363763
sub-MCI2000,InferiorFrontalGyrusparsopercularis,-0.1588425032523455,-0.07979597922580442,-0.06672210461846453
sub-MCI0286,InferiorFrontalGyrusparsopercularis,-0.05180685288777366,-0.05914824173400403,0.0403102853440219
sub-MCI0115,InferiorFrontalGyrusparsopercularis,-0.04267142423950992,-0.05802228006185116,-0.032146446163926284
sub-MCI0236,InferiorFrontalGyrusparsopercularis,-0.042338765075028865,-0.056350796951168056,0.02914251429816158
sub-MCI0293,InferiorFrontalGyrusparsopercularis,-0.10822185827915413,-0.09127428555309322,-0.07334118740945074
sub-MCI2015,InferiorFrontalGyrusparsopercularis,-0.049275108066587685,-0.08676834612594528,-0.032489392774398246
sub-MCI1004,InferiorFrontalGyrusparsopercularis,-0.10780696769946085,-0.11271384709602598,-0.08580485607750095
sub-MCI0295,InferiorFrontalGyrusparsopercularis,-0.11048459814316433,-0.04968774144899216,-0.11583243154418772
sub-MCI1002,InferiorFrontalGyrusparsopercularis,-0.05155581340014005,-0.03008112293886384,-0.006114376325219105
sub-MCI2013,InferiorFrontalGyrusparsopercularis,-0.06855991861277369,-0.04252514132045908,-0.01388149234539617
sub-MCI0106,InferiorFrontalGyrusparsopercularis,-0.049159285417256574,-0.06478898589437417,-0.06637687322454058
sub-MCI0165,InferiorFrontalGyrusparsopercularis,-0.08348136989445767,-0.05329599436361406,-0.04010203584027465
sub-MCI0170,InferiorFrontalGyrusparsopercularis,-0.039831912153835754,-0.029416220382342626,0.03508868419162736
sub-MCI0113,InferiorFrontalGyrusparsopercularis,-0.16476507039670654,-0.11906705990341253,-0.11641684993218208
sub-MCI2006,InferiorFrontalGyrusparsopercularis,-0.12363203727183404,0.004562546777629535,-0.06889476681518973
sub-MCI0278,InferiorFrontalGyrusparsopercularis,0.03914367321114133,-0.00579470222805141,-0.06911456442152716
sub-MCI0280,InferiorFrontalGyrusparsopercularis,-0.1286410216985093,-0.0931073995042509,0.02077496357441569
sub-MCI0107,InferiorFrontalGyrusparsopercularis,-0.0365622241268484,-0.04621587544602975,-0.07772384489721863
sub-MCI0294,InferiorFrontalGyrusparsopercularis,-0.03354391827889309,-0.01951386006240014,0.006349607483168998
sub-MCI2012,InferiorFrontalGyrusparsopercularis,-0.05454292749771406,-0.07754718268911269,-0.04287623599443379
sub-MCI1003,InferiorFrontalGyrusparsopercularis,-0.0236248422254306,-0.07998965559117151,0.031040003594156245
sub-MCI2007,InferiorFrontalGyrusparsopercularis,-0.13777386693462987,-0.07406191872344291,-0.19015926740656927
sub-MCI0279,InferiorFrontalGyrusparsopercularis,-0.13364671995037278,-0.1017958668510811,-0.028780844028923384
sub-MCI0281,InferiorFrontalGyrusparsopercularis,-0.021813707781045757,-0.05665933292634196,-0.19910265916636738
sub-MCI0111,InferiorFrontalGyrusparsopercularis,-0.005020095597328495,-0.01238334115214319,-0.08725626963670927
sub-MCI0282,InferiorFrontalGyrusparsopercularis,-0.04714420699054108,-0.008553239820447573,0.0029684547252606815
sub-MCI2004,InferiorFrontalGyrusparsopercularis,-0.14157977912682743,-0.13887163073939013,-0.05884947687537147
sub-MCI2011,InferiorFrontalGyrusparsopercularis,-0.08940479902465359,-0.09886594465018135,-0.06561029287177972
sub-MCI1000,InferiorFrontalGyrusparsopercularis,-0.06821668524697311,-0.07631686406341465,-0.06266767123396365
sub-MCI0297,InferiorFrontalGyrusparsopercularis,-0.04177682037296603,-0.012416888391478899,0.028939101036587592
sub-MCI0283,InferiorFrontalGyrusparsopercularis,-0.10209442408444794,-0.06102473093596237,-0.09047978712271544
sub-MCI2005,InferiorFrontalGyrusparsopercularis,-0.13433033670196776,-0.07827227899713629,-0.13338265025051502
sub-MCI0173,InferiorFrontalGyrusparsopercularis,-0.14789678683535537,-0.10285675322123,-0.11899609268776706
sub-MCI1001,InferiorFrontalGyrusparsopercularis,-0.07479516705206068,-0.06161007756497032,-0.0741295071956783
sub-MCI0296,InferiorFrontalGyrusparsopercularis,-0.113658362358443,-0.11566094266804117,-0.1655334972250963
sub-MCI0192,InferiorFrontalGyrusparsopercularis,-0.0689134762145415,-0.05612587235511515,-0.03665504113412748
sub-MCI0137,InferiorFrontalGyrusparsopercularis,-0.05606660344885056,-0.09083260673401758,-0.06008966193875468
sub-MCI2009,InferiorFrontalGyrusparsopercularis,-0.0790366783116078,-0.055925080586169594,0.029864927049075937
sub-MCI0141,InferiorFrontalGyrusparsopercularis,-0.06825097723708048,-0.05077657168310472,0.011117648306316605
sub-MCI0277,InferiorFrontalGyrusparsopercularis,-0.010104888458355034,-0.05084220491772261,-0.01257345633690213
sub-MCI0263,InferiorFrontalGyrusparsopercularis,-0.08999302418704293,-0.10374271185773318,0.005003719332676472
sub-MCI2008,InferiorFrontalGyrusparsopercularis,-0.0914496406888726,-0.04629317999041402,-0.022053928220717965
sub-MCI0275,InferiorFrontalGyrusparsopercularis,-0.03346019353037941,-0.058476371710020354,-0.07120985732359365
sub-MCI0190,InferiorFrontalGyrusparsopercularis,-0.009153899990489189,-0.038120927156847666,-0.053883948716780775
sub-MCI0298,InferiorFrontalGyrusparsopercularis,-0.0893974331292541,-0.07070144476621135,-0.03621302429630084
sub-MCI0184,InferiorFrontalGyrusparsopercularis,-0.04058018847595381,-0.0436556595394622,-0.00605958476693622
sub-MCI0274,InferiorFrontalGyrusparsopercularis,-0.011238679407851263,-0.05709977530212343,-0.0417159650213053
sub-MCI0299,InferiorFrontalGyrusparsopercularis,0.0162799955357705,-0.02612203831256478,-0.046202241585424526
sub-MCI0191,InferiorFrontalGyrusparsopercularis,-0.06805054732045274,0.021243419434706687,0.12278409308380663
sub-MCI0169,InferiorFrontalGyrusparsopercularis,-0.02366398703261585,-0.0889681124981989,-0.1156332406050414
sub-MCI0197,InferiorFrontalGyrusparsopercularis,-0.05689901990959601,-0.05847658902116729,-0.015808330848576573
sub-MCI0132,InferiorFrontalGyrusparsopercularis,-0.07342239334759312,-0.06707789071052585,0.01247607452330172
sub-MCI0267,InferiorFrontalGyrusparsopercularis,-0.14547838635672902,-0.11378429584406739,-0.08106133977552867
sub-MCI0272,InferiorFrontalGyrusparsopercularis,-0.01675942725562896,0.00154129995978915,-0.16345812159578604
sub-MCI0182,InferiorFrontalGyrusparsopercularis,-0.06632537476457298,-0.05458897600362922,-0.050016946887382986
sub-MCI2018,InferiorFrontalGyrusparsopercularis,-0.015864072555017553,-0.057248598161742895,0.004864077663781058
sub-MCI0196,InferiorFrontalGyrusparsopercularis,-0.0771366614977846,-0.08634868211621044,-0.0010095152594859285
sub-MCI0183,InferiorFrontalGyrusparsopercularis,-0.1173188424576522,-0.06141063267949719,-0.013584324920904682
sub-MCI0273,InferiorFrontalGyrusparsopercularis,-0.05072746725795357,-0.0424894479113302,-0.00721891110451939
sub-MCI0288,InferiorFrontalGyrusparsopercularis,-0.09822866211395109,-0.07294510333805983,-0.06416575732920882
sub-MCI0270,InferiorFrontalGyrusparsopercularis,-0.06185939077699904,-0.073517240989934,-0.12521167020622265
sub-MCI0178,InferiorFrontalGyrusparsopercularis,-0.07857355328348489,-0.042548756451216085,0.02345722452814461
sub-MCI0195,InferiorFrontalGyrusparsopercularis,0.03401727579571653,-0.014673037251563222,-0.02559165994479626
sub-MCI0265,InferiorFrontalGyrusparsopercularis,-0.06451888524924607,-0.043809439856211496,-0.04599107194535795
sub-MCI0179,InferiorFrontalGyrusparsopercularis,-0.024450078592166347,-0.05312648175891839,-0.009981213154027866
sub-MCI0181,InferiorFrontalGyrusparsopercularis,-0.030837411295691286,-0.008540398108477225,-0.01022938108347954
sub-MCI0289,InferiorFrontalGyrusparsopercularis,-0.04807211489568961,-0.08365818189111611,-0.027229946204943595
sub-MCI0271,InferiorFrontalGyrusparsopercularis,-0.0403055977830805,0.02210229844716792,-0.01584304073237638
sub-MCI0264,InferiorFrontalGyrusparsopercularis,-0.05891169266018531,-0.04842134134143051,0.010986488399775956
sub-MCI0194,InferiorFrontalGyrusparsopercularis,-0.06936077215022655,-0.032455431560438876,-0.06698346664702375
sub-MCI2016,InferiorFrontalGyrusparstriangularis,-0.010313149743014253,0.005190929601610324,0.1235666573675517
sub-MCI0290,InferiorFrontalGyrusparstriangularis,0.0006535223746289611,0.00039041289002188733,-0.02188813245687463
sub-MCI0268,InferiorFrontalGyrusparstriangularis,-0.02404857109975707,0.014166190635279264,0.1338029346590571
sub-MCI0198,InferiorFrontalGyrusparstriangularis,-0.06787071621298775,-0.0846892727757778,-0.07597894667923487
sub-MCI0285,InferiorFrontalGyrusparstriangularis,-0.03173586581328142,0.008282444938024337,-0.04199658584503288
sub-MCI2003,InferiorFrontalGyrusparstriangularis,-0.028682960806496703,-0.04473413478610366,-0.1556569730208532
sub-MCI0199,InferiorFrontalGyrusparstriangularis,-0.02309422952575293,-0.03194305447868773,-0.03539394971208031
sub-MCI2017,InferiorFrontalGyrusparstriangularis,-0.06345585394912281,-0.04785614685307606,-0.030358538226566815
sub-MCI0269,InferiorFrontalGyrusparstriangularis,-0.029636609880605964,-0.056864869903522096,0.43297737262414204
sub-MCI0284,InferiorFrontalGyrusparstriangularis,-0.07412691675094579,-0.02411056225486102,0.04945374419558946
sub-MCI2002,InferiorFrontalGyrusparstriangularis,-0.014053390062827312,-0.05363564155344194,0.14592574868005453
sub-MCI2001,InferiorFrontalGyrusparstriangularis,-0.05215064330378079,-0.04467366752964909,-0.10944491961341507
sub-MCI0287,InferiorFrontalGyrusparstriangularis,-0.003480963316337318,0.05505950131937918,-0.014517577889666256
sub-MCI0292,InferiorFrontalGyrusparstriangularis,-0.07123671406889374,-0.0288384343032394,-0.0457063682370034
sub-MCI2014,InferiorFrontalGyrusparstriangularis,-0.043441202587689715,-0.009380302799205481,0.011473801649607276
sub-MCI2000,InferiorFrontalGyrusparstriangularis,-0.04676464926473588,-0.01690133156498352,-0.055461805165804325
sub-MCI0286,InferiorFrontalGyrusparstriangularis,-0.02552542310134392,-0.029742709277075563,0.05866095605601268
sub-MCI0115,InferiorFrontalGyrusparstriangularis,0.05207323335277531,-0.0016353734277209256,0.0006364827796964774
sub-MCI0236,InferiorFrontalGyrusparstriangularis,0.009329661361501231,0.005498432144806988,0.04216833871344335
sub-MCI0293,InferiorFrontalGyrusparstriangularis,-0.013443657107030228,-0.001352286131729525,-0.08216147031865426
sub-MCI2015,InferiorFrontalGyrusparstriangularis,-0.046665653303789766,-0.034762488758215464,-0.06736417407316896
sub-MCI1004,InferiorFrontalGyrusparstriangularis,0.001997448760156026,-0.01572571691155598,-0.049472412924469904
sub-MCI0295,InferiorFrontalGyrusparstriangularis,-0.051162727388776134,-0.006841536020126811,-0.10428836172633724
sub-MCI1002,InferiorFrontalGyrusparstriangularis,-0.038918196606743866,0.018556108495039074,0.06466609938480575
sub-MCI2013,InferiorFrontalGyrusparstriangularis,-0.0424328424509545,-0.02100945972424401,-0.056319492167384744
sub-MCI0106,InferiorFrontalGyrusparstriangularis,0.022174177428921596,0.016829489473552717,0.024917661470949454
sub-MCI0165,InferiorFrontalGyrusparstriangularis,-0.010475425554514016,0.00119902096206087,0.00764891127125281
sub-MCI0170,InferiorFrontalGyrusparstriangularis,0.008292285972461746,-0.026043067494952915,-0.2183392401528767
sub-MCI0113,InferiorFrontalGyrusparstriangularis,-0.0454630595611434,-0.00033102201557830567,-0.04887869218220427
sub-MCI2006,InferiorFrontalGyrusparstriangularis,-0.0643777840009104,0.0183938471835973,-0.02521172026491182
sub-MCI0278,InferiorFrontalGyrusparstriangularis,0.031407481161912255,0.02981384820221789,-0.010189412603683811
sub-MCI0280,InferiorFrontalGyrusparstriangularis,-0.012174938803876425,-0.0181477052814585,0.05194235164582444
sub-MCI0107,InferiorFrontalGyrusparstriangularis,-0.011857065831554863,-0.009316962342377522,-0.03189056071599065
sub-MCI0294,InferiorFrontalGyrusparstriangularis,-0.06002392484551857,-0.022818924584010542,-0.04396273373125872
sub-MCI2012,InferiorFrontalGyrusparstriangularis,-0.050541803890918224,0.00339501308989647,-0.04420523096928834
sub-MCI1003,InferiorFrontalGyrusparstriangularis,-0.041107701260679086,-0.03541614661401351,0.007057152683491948
sub-MCI2007,InferiorFrontalGyrusparstriangularis,-0.09022313863755094,-0.039283822139947584,-0.05971243851049529
sub-MCI0279,InferiorFrontalGyrusparstriangularis,-0.036471520008277115,-0.05860195618823217,-0.020906202343117353
sub-MCI0281,InferiorFrontalGyrusparstriangularis,-0.030107649862951356,-0.043772938592116166,-0.09449130305668094
sub-MCI0111,InferiorFrontalGyrusparstriangularis,-0.047273920101884435,-0.028732194373382446,-0.05838155553689593
sub-MCI0282,InferiorFrontalGyrusparstriangularis,0.024678921644920995,0.011566115627240539,0.06670110233626805
sub-MCI2004,InferiorFrontalGyrusparstriangularis,-0.04173182367985902,0.008086623194299413,-0.05467155599299461
sub-MCI2011,InferiorFrontalGyrusparstriangularis,-0.03139892023322849,-0.03465740965665953,-0.04281881531647867
sub-MCI1000,InferiorFrontalGyrusparstriangularis,-0.06320050682678839,-0.0166912455550428,-0.02187015084754713
sub-MCI0297,InferiorFrontalGyrusparstriangularis,0.005458005931050804,0.007443100240424172,0.0009783494834437563
sub-MCI0283,InferiorFrontalGyrusparstriangularis,-0.0719633168994326,-0.013372915256255488,-0.17649562477576894
sub-MCI2005,InferiorFrontalGyrusparstriangularis,-0.07050045677309828,-0.019224722572097758,-0.012898350007270536
sub-MCI0173,InferiorFrontalGyrusparstriangularis,-0.02755659137436331,-0.030427594611441497,-0.0861498820893044
sub-MCI1001,InferiorFrontalGyrusparstriangularis,-0.008398499089547408,0.01452787955970499,-0.047384848320728916
sub-MCI0296,InferiorFrontalGyrusparstriangularis,-0.015738490172108963,-0.03179826234126582,-0.05617516346809988
sub-MCI0192,InferiorFrontalGyrusparstriangularis,0.008715117413170671,-0.005140422321575276,-0.016057921029256704
sub-MCI0137,InferiorFrontalGyrusparstriangularis,-0.020468212626142103,-0.0062248492460975375,-0.046643567504017956
sub-MCI2009,InferiorFrontalGyrusparstriangularis,-0.039931027077422986,-0.012573915280689909,0.10957902786539041
sub-MCI0141,InferiorFrontalGyrusparstriangularis,-0.03336171932342042,-0.013535681336566676,-0.023970142982315402
sub-MCI0277,InferiorFrontalGyrusparstriangularis,-0.026348116493487454,-0.015145249011748968,-0.03555328313318732
sub-MCI0263,InferiorFrontalGyrusparstriangularis,0.006874335568013067,0.004153577761674958,0.15773330119812728
sub-MCI2008,InferiorFrontalGyrusparstriangularis,-0.03652883830816956,-0.026330835111359113,-0.04974453943872859
sub-MCI0275,InferiorFrontalGyrusparstriangularis,0.06911144943808904,0.04632592163202644,-0.008466977774828228
sub-MCI0190,InferiorFrontalGyrusparstriangularis,-0.03157834744893597,-0.016618502732546243,-0.07233070682194752
sub-MCI0298,InferiorFrontalGyrusparstriangularis,-0.06484661479338867,-0.021774011962242185,0.07703937309966111
sub-MCI0184,InferiorFrontalGyrusparstriangularis,-0.012372140727842306,0.01153461272883324,0.06352615940151794
sub-MCI0274,InferiorFrontalGyrusparstriangularis,-0.03929363190812265,-0.061315479829764645,-0.06703552831196209
sub-MCI0299,InferiorFrontalGyrusparstriangularis,-0.04989017018112884,0.012802632489308708,-0.0038634774357139494
sub-MCI0191,InferiorFrontalGyrusparstriangularis,-0.031108183341153738,0.0009129904079233102,0.13419346607216998
sub-MCI0169,InferiorFrontalGyrusparstriangularis,-0.036024014566483076,-0.06140820866404109,-0.05717239570011967
sub-MCI0197,InferiorFrontalGyrusparstriangularis,-0.027230954409903214,-0.02078683728595287,-0.29126301669534443
sub-MCI0132,InferiorFrontalGyrusparstriangularis,-0.04078198144316271,-0.04438672790849602,-0.12395821017535169
sub-MCI0267,InferiorFrontalGyrusparstriangularis,-0.03261218973364413,-0.04821732966944453,0.022495888550792698
sub-MCI0272,InferiorFrontalGyrusparstriangularis,0.016947134116610217,0.03659392255553569,-0.17401574865534955
sub-MCI0182,InferiorFrontalGyrusparstriangularis,0.0011868058110754917,0.00788996135377503,0.17644299800469496
sub-MCI2018,InferiorFrontalGyrusparstriangularis,0.018686873277609112,-0.017299958628587825,0.04238991765982503
sub-MCI0196,InferiorFrontalGyrusparstriangularis,-0.0647070760803177,-0.05694505091937633,0.03805740005426406
sub-MCI0183,InferiorFrontalGyrusparstriangularis,-0.059805173371011114,-0.045417140457158604,-0.04569414842162425
sub-MCI0273,InferiorFrontalGyrusparstriangularis,-0.017188323486547075,-0.017041774952334613,-0.018867677267642935
sub-MCI0288,InferiorFrontalGyrusparstriangularis,-0.04666183102935298,-0.014575751230191997,0.004145032301462616
sub-MCI0270,InferiorFrontalGyrusparstriangularis,0.013828465052270488,0.004646817007417418,-0.07504188652006254
sub-MCI0178,InferiorFrontalGyrusparstriangularis,0.0022481291711272063,0.004397431129256626,0.015576648168550675
sub-MCI0195,InferiorFrontalGyrusparstriangularis,0.05471141341002381,0.03802354404765868,0.03175417665429672
sub-MCI0265,InferiorFrontalGyrusparstriangularis,-0.03268890974441427,0.024035276213186494,-0.08144927138928933
sub-MCI0179,InferiorFrontalGyrusparstriangularis,0.012507324335566509,0.0009903491912666422,-0.006758683146692459
sub-MCI0181,InferiorFrontalGyrusparstriangularis,0.038474551445252615,0.04854339075261889,0.0001420006564467571
sub-MCI0289,InferiorFrontalGyrusparstriangularis,0.04768691149686515,0.028068382142662784,0.002568427539438075
sub-MCI0271,InferiorFrontalGyrusparstriangularis,-0.0122414876336536,0.028596006990362195,0.027525742796314544
sub-MCI0264,InferiorFrontalGyrusparstriangularis,0.03165072526267466,-0.006440895763421348,0.08538460981017697
sub-MCI0194,InferiorFrontalGyrusparstriangularis,-0.0039424291568267355,-0.013294286089747111,0.007875113658448823
sub-MCI2016,InferiorTemporalGyrusanteriordivision,-0.010763992649654245,-0.027359327720366353,0.07028632587502968
sub-MCI0290,InferiorTemporalGyrusanteriordivision,-0.059136941550563704,-0.040663475100327126,0.05893128200867006
sub-MCI0268,InferiorTemporalGyrusanteriordivision,-0.07143731117119553,-0.07533255281288363,0.0516720730612873
sub-MCI0198,InferiorTemporalGyrusanteriordivision,-0.05264446345428528,-0.05708930564128431,-0.21498281488131846
sub-MCI0285,InferiorTemporalGyrusanteriordivision,-0.0190570935061002,-0.02238938604995272,-0.12974823500404148
sub-MCI2003,InferiorTemporalGyrusanteriordivision,-0.020764211749815065,0.007846781676464572,-0.18466566558854125
sub-MCI0199,InferiorTemporalGyrusanteriordivision,-0.09087939465399285,-0.035053378298138024,-0.06253284666488067
sub-MCI2017,InferiorTemporalGyrusanteriordivision,-0.05768909560294317,-0.037230625706186384,-0.09701357539299241
sub-MCI0269,InferiorTemporalGyrusanteriordivision,-0.0221795051816251,-0.032475401093247695,-0.09875935986946242
sub-MCI0284,InferiorTemporalGyrusanteriordivision,-0.037417373739541814,-0.026170624892335386,0.21074518929026592
sub-MCI2002,InferiorTemporalGyrusanteriordivision,-0.022751987894780886,0.018595953390963794,-0.10381499669103775
sub-MCI2001,InferiorTemporalGyrusanteriordivision,0.0025088219018706208,0.005292462247287378,-0.21375813806811667
sub-MCI0287,InferiorTemporalGyrusanteriordivision,-0.06313698010694338,0.031724805922914046,-0.14704190039673898
sub-MCI0292,InferiorTemporalGyrusanteriordivision,-0.06477400317683994,-0.07508809154233266,-0.17947362299626027
sub-MCI2014,InferiorTemporalGyrusanteriordivision,-0.0937114127502929,-0.0600795316546858,-0.13800405349077094
sub-MCI2000,InferiorTemporalGyrusanteriordivision,-0.02948321179968332,-0.021464704459986734,-0.031741161011937136
sub-MCI0286,InferiorTemporalGyrusanteriordivision,-0.03493051183786209,-0.073462093754737,0.026445237886713453
sub-MCI0115,InferiorTemporalGyrusanteriordivision,-0.039142415955136546,-0.033683857090760494,-0.020900352404750792
sub-MCI0236,InferiorTemporalGyrusanteriordivision,-0.09735604197354428,-0.09111897697887775,-0.2155244873210641
sub-MCI0293,InferiorTemporalGyrusanteriordivision,-0.016564771535891625,-0.03838691993018039,0.13783671292031768
sub-MCI2015,InferiorTemporalGyrusanteriordivision,-0.02514694333918431,0.012969681826670996,-0.10019392735814495
sub-MCI1004,InferiorTemporalGyrusanteriordivision,-0.027094677944504646,-0.017629001447746217,-0.033581111499107426
sub-MCI0295,InferiorTemporalGyrusanteriordivision,-0.04858935330393551,-0.036085344670497684,-0.16060242072737524
sub-MCI1002,InferiorTemporalGyrusanteriordivision,-0.06078275513395347,-0.04255194481307259,-0.0044394982571250375
sub-MCI2013,InferiorTemporalGyrusanteriordivision,-0.011343433368989393,-0.05486736065896542,-0.10612106241858583
sub-MCI0106,InferiorTemporalGyrusanteriordivision,-0.07448120609304776,-0.048403314727249236,-0.02458919169894216
sub-MCI0165,InferiorTemporalGyrusanteriordivision,-0.07344812302734548,-0.02043747160185266,-0.006449512777380196
sub-MCI0170,InferiorTemporalGyrusanteriordivision,-0.01755531804071268,-0.05322316649793054,-0.18476637303611138
sub-MCI0113,InferiorTemporalGyrusanteriordivision,-0.0503988594012361,-0.0338535002076359,0.15164809886626868
sub-MCI2006,InferiorTemporalGyrusanteriordivision,-0.05391119483864645,0.0015676147782324068,-0.0016746664775979573
sub-MCI0278,InferiorTemporalGyrusanteriordivision,-0.0654795533316115,-0.06254616222197541,-0.06865230923121565
sub-MCI0280,InferiorTemporalGyrusanteriordivision,-0.02601617418872017,-0.013975298371165871,-0.1336739314152538
sub-MCI0107,InferiorTemporalGyrusanteriordivision,-0.044661285220170356,-0.011046290847013526,-0.023731018723232907
sub-MCI0294,InferiorTemporalGyrusanteriordivision,-0.06777017646998913,-0.04033329938802057,-0.10154109659909874
sub-MCI2012,InferiorTemporalGyrusanteriordivision,-0.09248423617045022,-0.03725350827606175,-0.36165837458981653
sub-MCI1003,InferiorTemporalGyrusanteriordivision,-0.009859061979968742,-0.03187096505251842,-0.009636765544999837
sub-MCI2007,InferiorTemporalGyrusanteriordivision,-0.06915548770241424,-0.05667956759699368,-0.003907785777483363
sub-MCI0279,InferiorTemporalGyrusanteriordivision,-0.06803234212123646,-0.052983516927447336,-0.2933649592855907
sub-MCI0281,InferiorTemporalGyrusanteriordivision,-0.08112559669419855,-0.0780053699590868,-0.05302862252472404
sub-MCI0111,InferiorTemporalGyrusanteriordivision,-0.04157643081256759,-0.003302025033199497,-0.20166320359370993
sub-MCI0282,InferiorTemporalGyrusanteriordivision,-0.005691986000055128,-0.016092271159283713,0.004164147775284902
sub-MCI2004,InferiorTemporalGyrusanteriordivision,-0.05800531286451964,-0.008339106388293632,
sub-MCI2011,InferiorTemporalGyrusanteriordivision,-0.052198562591623164,-0.008340791944247873,0.246831805573328
sub-MCI1000,InferiorTemporalGyrusanteriordivision,-0.04701413118589358,-0.04402190657765367,-0.09223758107031922
sub-MCI0297,InferiorTemporalGyrusanteriordivision,-0.020071791468836888,-0.00515388427156847,-0.016863649662231563
sub-MCI0283,InferiorTemporalGyrusanteriordivision,-0.07303948511607929,-0.018003596929383588,-0.17704712554242122
sub-MCI2005,InferiorTemporalGyrusanteriordivision,-0.167833246606119,-0.07547636147370454,-0.17884327223902133
sub-MCI0173,InferiorTemporalGyrusanteriordivision,-0.0534088791155045,-0.02145108487007431,-0.07846491476345802
sub-MCI1001,InferiorTemporalGyrusanteriordivision,-0.042744387455974905,-0.02977998421324272,-0.18079072520622977
sub-MCI0296,InferiorTemporalGyrusanteriordivision,-0.04586012698512076,-0.05421798574738158,0.14970541898401385
sub-MCI0192,InferiorTemporalGyrusanteriordivision,-0.027417817911534744,-0.03662387644124477,-0.04850031251536927
sub-MCI0137,InferiorTemporalGyrusanteriordivision,-0.05529230623724116,0.006012221654851983,-0.09313769852975466
sub-MCI2009,InferiorTemporalGyrusanteriordivision,-0.027011895166675588,-0.017990446957517447,0.0022058570912649395
sub-MCI0141,InferiorTemporalGyrusanteriordivision,-0.05925667711469793,-0.043190022704308044,-0.023442523540897292
sub-MCI0277,InferiorTemporalGyrusanteriordivision,-0.03731221711160819,-0.03037180321723597,-0.32656113414313154
sub-MCI0263,InferiorTemporalGyrusanteriordivision,-0.03321551862030112,-0.01857113662150536,0.035309452458311526
sub-MCI2008,InferiorTemporalGyrusanteriordivision,-0.03512017308583322,-0.014566138406025133,-0.18505009191364308
sub-MCI0275,InferiorTemporalGyrusanteriordivision,-0.009024737178430114,0.0016380076643911145,0.09421966840558714
sub-MCI0190,InferiorTemporalGyrusanteriordivision,-0.05643212312288081,-0.05010388612862133,0.08303585896417827
sub-MCI0298,InferiorTemporalGyrusanteriordivision,-0.03158640301373778,-0.04790844762342053,0.3013483184760278
sub-MCI0184,InferiorTemporalGyrusanteriordivision,-0.08044065923511962,-0.0122328524315407,-0.1705793834545047
sub-MCI0274,InferiorTemporalGyrusanteriordivision,-0.03191548023439442,-0.03038029413502304,-0.05569060232121176
sub-MCI0299,InferiorTemporalGyrusanteriordivision,-0.11295592611884199,-0.04268861221792879,-0.2586395733429607
sub-MCI0191,InferiorTemporalGyrusanteriordivision,-0.042721215625997414,-0.0382589005947368,-0.005043020484157921
sub-MCI0169,InferiorTemporalGyrusanteriordivision,-0.02285091136583408,-0.04096909091159183,0.025447023511220496
sub-MCI0197,InferiorTemporalGyrusanteriordivision,-0.051139137235457384,-0.031385629749665155,-0.07479614027151375
sub-MCI0132,InferiorTemporalGyrusanteriordivision,-0.05112468554221799,-0.020160880341580277,0.117957186694869
sub-MCI0267,InferiorTemporalGyrusanteriordivision,-0.09344692800145421,-0.10942570145205936,-0.29275172533774196
sub-MCI0272,InferiorTemporalGyrusanteriordivision,-0.06255018434536651,-0.021862229247313774,0.06843166607567823
sub-MCI0182,InferiorTemporalGyrusanteriordivision,-0.05057615477800175,-0.02171888598206817,-0.15166917846590924
sub-MCI2018,InferiorTemporalGyrusanteriordivision,-0.05757186263844667,-0.04058901949983172,0.041819665463005924
sub-MCI0196,InferiorTemporalGyrusanteriordivision,-0.06361407397244064,-0.009413475983698972,0.006332960462651903
sub-MCI0183,InferiorTemporalGyrusanteriordivision,-0.03324434326985358,-0.05654033763913425,0.013456599973052633
sub-MCI0273,InferiorTemporalGyrusanteriordivision,-0.018889039440390637,-0.032703895426155184,-0.0944319812274205
sub-MCI0288,InferiorTemporalGyrusanteriordivision,-0.07618803117211581,-0.030562728055225436,0.17010870294667058
sub-MCI0270,InferiorTemporalGyrusanteriordivision,-0.041075046634718344,-0.08761152729788926,-0.08839486795808782
sub-MCI0178,InferiorTemporalGyrusanteriordivision,-0.04024521507181144,-0.035142013467157326,-0.06326013764600955
sub-MCI0195,InferiorTemporalGyrusanteriordivision,-0.03610520801480481,-0.03181976559426008,0.013282757455850237
sub-MCI0265,InferiorTemporalGyrusanteriordivision,-0.030068304606783263,-0.057082155411384894,-0.22144849185180498
sub-MCI0179,InferiorTemporalGyrusanteriordivision,-0.01695868290610469,-0.005014254958355536,-0.033359376377084554
sub-MCI0181,InferiorTemporalGyrusanteriordivision,0.0003523750538724833,0.01305928955418049,0.08869654955268
sub-MCI0289,InferiorTemporalGyrusanteriordivision,-0.00916042101446986,-0.0013933883920600025,-0.11693024184018999
sub-MCI0271,InferiorTemporalGyrusanteriordivision,-0.06292064285189233,-0.06050845143396025,0.10401043231805042
sub-MCI0264,InferiorTemporalGyrusanteriordivision,-0.08088893766057516,-0.057629337807481425,-0.07808625995835555
sub-MCI0194,InferiorTemporalGyrusanteriordivision,-0.03670160082245147,-0.00811475226110001,-0.20983660528781597
sub-MCI2016,InferiorTemporalGyrusposteriordivision,0.03909998392159739,0.01626279433976466,0.1664343143105711
sub-MCI0290,InferiorTemporalGyrusposteriordivision,0.022358065951278334,0.0056973140857456556,0.016524048058562127
sub-MCI0268,InferiorTemporalGyrusposteriordivision,-0.04121366290811681,-0.05834683424600282,0.027376561672449604
sub-MCI0198,InferiorTemporalGyrusposteriordivision,-0.02559049119807779,-0.015635544485854767,-0.1930263631721367
sub-MCI0285,InferiorTemporalGyrusposteriordivision,-0.003893189790104001,-0.027680603156278395,-0.007736340153847916
sub-MCI2003,InferiorTemporalGyrusposteriordivision,-0.013987939016671032,-0.0009033673952647961,-0.017033837769109512
sub-MCI0199,InferiorTemporalGyrusposteriordivision,-0.05769579679697403,-0.007189779949302196,-0.04240628691889038
sub-MCI2017,InferiorTemporalGyrusposteriordivision,-0.02083025221915697,-0.01230631799768898,-0.009096403665204986
sub-MCI0269,InferiorTemporalGyrusposteriordivision,-0.02113291506760427,0.002180866306484706,0.11156720826152174
sub-MCI0284,InferiorTemporalGyrusposteriordivision,0.019563743270143544,0.002859866260481982,-0.2276056368263288
sub-MCI2002,InferiorTemporalGyrusposteriordivision,0.0122161165747068,0.033295063970975834,0.06833342067588848
sub-MCI2001,InferiorTemporalGyrusposteriordivision,-0.060670272342191946,-0.03114824605731755,-0.04148310081788854
sub-MCI0287,InferiorTemporalGyrusposteriordivision,-0.035032465741524896,0.0026142400490839503,0.04131549553170966
sub-MCI0292,InferiorTemporalGyrusposteriordivision,-0.04654218297547356,-0.05726364578756308,-0.06251713399384111
sub-MCI2014,InferiorTemporalGyrusposteriordivision,-0.050849419605140195,-0.018745241218597736,-0.062376807781903756
sub-MCI2000,InferiorTemporalGyrusposteriordivision,-0.019809661711441107,0.006201927446103212,0.09123372139039157
sub-MCI0286,InferiorTemporalGyrusposteriordivision,0.010197622678411084,-0.039695340391818275,0.13198185139127883
sub-MCI0115,InferiorTemporalGyrusposteriordivision,-0.04630504344949016,0.0005580873383782283,-0.0022895909369594785
sub-MCI0236,InferiorTemporalGyrusposteriordivision,-0.05355936419978168,0.015411853657632672,0.04990612824495801
sub-MCI0293,InferiorTemporalGyrusposteriordivision,-0.015955890372244635,0.011142777135566785,-0.0662152028205604
sub-MCI2015,InferiorTemporalGyrusposteriordivision,0.02499790786903196,0.01887708867487577,-0.0018684429214710272
sub-MCI1004,InferiorTemporalGyrusposteriordivision,0.012727677692247124,-0.031013028866774987,-0.020908405834757296
sub-MCI0295,InferiorTemporalGyrusposteriordivision,-0.059944604195648114,-0.018420925900387554,-0.05771080108388413
sub-MCI1002,InferiorTemporalGyrusposteriordivision,-0.03629318418828077,-0.04201468208307614,0.0383425676816295
sub-MCI2013,InferiorTemporalGyrusposteriordivision,0.03199607665060275,-0.009216548993589733,-0.03457506027727958
sub-MCI0106,InferiorTemporalGyrusposteriordivision,-0.033761409613946525,-0.053046951546575884,0.04152861065719364
sub-MCI0165,InferiorTemporalGyrusposteriordivision,-0.010222298772183828,-0.006666245508204051,0.07451481713032443
sub-MCI0170,InferiorTemporalGyrusposteriordivision,-0.018290814688710452,-0.06871112512530513,-0.20211883971961242
sub-MCI0113,InferiorTemporalGyrusposteriordivision,-0.010616653062313524,0.02724686934538915,-0.004096547013205406
sub-MCI2006,InferiorTemporalGyrusposteriordivision,-0.01896940666363071,0.0010506933813013272,-0.06898964812289153
sub-MCI0278,InferiorTemporalGyrusposteriordivision,0.007103792291249593,-0.007482277493170319,-0.10741096547349423
sub-MCI0280,InferiorTemporalGyrusposteriordivision,0.010994627426552602,-0.0009259339030556917,-0.06333712484399118
sub-MCI0107,InferiorTemporalGyrusposteriordivision,-0.03585198226239909,-0.0193379847915108,0.09672141716283421
sub-MCI0294,InferiorTemporalGyrusposteriordivision,-0.02570554641973784,-0.015958659126628503,-0.015293800039364232
sub-MCI2012,InferiorTemporalGyrusposteriordivision,-0.09551649599355466,-0.04195765552603832,-0.273475858879002
sub-MCI1003,InferiorTemporalGyrusposteriordivision,-0.01996517119284746,0.007364141621114413,0.08265520309457704
sub-MCI2007,InferiorTemporalGyrusposteriordivision,-0.07554409211484954,-0.06201973249296631,-0.08432667023036727
sub-MCI0279,InferiorTemporalGyrusposteriordivision,-0.038393186141951745,-0.012702564453302414,-0.01992842821703447
sub-MCI0281,InferiorTemporalGyrusposteriordivision,-0.036804342545760815,0.002527058121510436,-0.11351557445432395
sub-MCI0111,InferiorTemporalGyrusposteriordivision,-0.01958588107898602,-0.01380145206286026,0.00020335895637375932
sub-MCI0282,InferiorTemporalGyrusposteriordivision,-0.0322621323733116,-0.034799651802014414,-0.02661446169973684
sub-MCI2004,InferiorTemporalGyrusposteriordivision,-0.01056334489777872,-0.022160082118670092,0.40755885671371134
sub-MCI2011,InferiorTemporalGyrusposteriordivision,0.009010070723387697,0.02154525562749853,0.28514128249947723
sub-MCI1000,InferiorTemporalGyrusposteriordivision,-0.006742344202755261,-0.024091974852414218,0.044043911084567865
sub-MCI0297,InferiorTemporalGyrusposteriordivision,-0.01145271256324259,-0.027994558275574136,0.043613285533118815
sub-MCI0283,InferiorTemporalGyrusposteriordivision,-0.11667929460812941,-0.05421773402631647,0.025853943623506057
sub-MCI2005,InferiorTemporalGyrusposteriordivision,-0.10726726757114766,-0.024000793383181986,-0.23181780891580592
sub-MCI0173,InferiorTemporalGyrusposteriordivision,-0.04188581158997736,0.022099230504902815,0.028781951740823312
sub-MCI1001,InferiorTemporalGyrusposteriordivision,0.0022622894474301986,-0.0005231014270586601,0.10439935976987018
sub-MCI0296,InferiorTemporalGyrusposteriordivision,0.017526117210703247,-0.020345643990524773,0.06335055377090938
sub-MCI0192,InferiorTemporalGyrusposteriordivision,-0.0028687044262388564,-0.03765826497665569,0.033543533426837496
sub-MCI0137,InferiorTemporalGyrusposteriordivision,-0.03592972491907315,-0.008401227351071131,0.03162231978189632
sub-MCI2009,InferiorTemporalGyrusposteriordivision,-0.026309635136010413,0.006985013625577396,0.2186850992864972
sub-MCI0141,InferiorTemporalGyrusposteriordivision,-0.01656726731879751,-0.019375395922712743,-0.065318594929043
sub-MCI0277,InferiorTemporalGyrusposteriordivision,-0.03365038327216188,-0.05537988084670342,-0.16533705768414267
sub-MCI0263,InferiorTemporalGyrusposteriordivision,-0.030026857524291878,-0.009111733626412585,0.14047087943864237
sub-MCI2008,InferiorTemporalGyrusposteriordivision,0.0173255303258935,-0.02292101287103893,0.054753435761120975
sub-MCI0275,InferiorTemporalGyrusposteriordivision,0.027209117401572256,0.02298942068604267,0.160134766214901
sub-MCI0190,InferiorTemporalGyrusposteriordivision,-0.007449840990734846,-0.016763969188288288,0.044588010210506575
sub-MCI0298,InferiorTemporalGyrusposteriordivision,0.0008492015327383784,-0.046921522886329906,0.1596029590756871
sub-MCI0184,InferiorTemporalGyrusposteriordivision,-0.05097207016006374,0.00856950154989264,0.04851415367386697
sub-MCI0274,InferiorTemporalGyrusposteriordivision,-0.007915378231211028,-0.031407843797112575,0.008421578118155429
sub-MCI0299,InferiorTemporalGyrusposteriordivision,-0.05672542467569959,-0.019010732137783353,-0.0011830703603266637
sub-MCI0191,InferiorTemporalGyrusposteriordivision,-0.010289525100773167,-0.019013661686850272,0.02465289413573406
sub-MCI0169,InferiorTemporalGyrusposteriordivision,-0.032751688777904166,-0.04081817464843039,0.02529224214864229
sub-MCI0197,InferiorTemporalGyrusposteriordivision,-0.0346112428190449,-0.02137095259230244,-0.10699268619015326
sub-MCI0132,InferiorTemporalGyrusposteriordivision,-0.07135452248515033,-0.025240387985158562,0.1608736838798004
sub-MCI0267,InferiorTemporalGyrusposteriordivision,-0.04690443859370721,-0.07234218176836298,0.017877488751327473
sub-MCI0272,InferiorTemporalGyrusposteriordivision,-0.06380723217104624,-0.032778920381723184,0.004642396188062881
sub-MCI0182,InferiorTemporalGyrusposteriordivision,-0.03293138963074821,0.011154929516438651,0.15918244834654718
sub-MCI2018,InferiorTemporalGyrusposteriordivision,0.0394411090115572,-0.0032744017651446756,-0.0338176145959445
sub-MCI0196,InferiorTemporalGyrusposteriordivision,-0.045102049838695674,-0.005337814406688875,-0.08533372423155117
sub-MCI0183,InferiorTemporalGyrusposteriordivision,-0.014317799839040028,-0.04488175751372924,-0.0064085426840615484
sub-MCI0273,InferiorTemporalGyrusposteriordivision,0.014714646609015678,0.0003809049908253868,0.07451283305686825
sub-MCI0288,InferiorTemporalGyrusposteriordivision,-0.08483505732340989,-0.041265470634968805,0.1106253166913864
sub-MCI0270,InferiorTemporalGyrusposteriordivision,-0.03818386572349653,-0.0951715389811677,-0.1424026137937281
sub-MCI0178,InferiorTemporalGyrusposteriordivision,-0.006154081003859136,-0.009459792977540727,-0.03611187768805473
sub-MCI0195,InferiorTemporalGyrusposteriordivision,0.026632595857607678,0.03410123702104059,0.051939489152838164
sub-MCI0265,InferiorTemporalGyrusposteriordivision,0.004339233057573412,-0.0014617173098933093,-0.04685531639771886
sub-MCI0179,InferiorTemporalGyrusposteriordivision,-0.050783592957117506,0.03109722704772358,0.059201875730035027
sub-MCI0181,InferiorTemporalGyrusposteriordivision,-0.010866731435206703,0.03109619996627238,0.12876856356428756
sub-MCI0289,InferiorTemporalGyrusposteriordivision,-0.003332319410069153,-0.016534863532099278,0.04063118948479086
sub-MCI0271,InferiorTemporalGyrusposteriordivision,-0.05619179514385401,-0.057370692927829814,0.008854797295607687
sub-MCI0264,InferiorTemporalGyrusposteriordivision,-0.04926093432681973,0.00241813804740883,0.14911760405156346
sub-MCI0194,InferiorTemporalGyrusposteriordivision,-0.06465533502613245,-0.02764869909263456,-0.04756111554605289
sub-MCI2016,InferiorTemporalGyrustemporooccipitalpart,0.0463219820184815,-0.02139850301382864,-0.09890431507632873
sub-MCI0290,InferiorTemporalGyrustemporooccipitalpart,-0.046083820556814314,-0.06865109851340642,0.0008345136825795103
sub-MCI0268,InferiorTemporalGyrustemporooccipitalpart,-0.057301427119901285,-0.05709948825551687,0.020230105967696747
sub-MCI0198,InferiorTemporalGyrustemporooccipitalpart,-0.023955160094260155,-0.0235614220745651,0.15308387721810798
sub-MCI0285,InferiorTemporalGyrustemporooccipitalpart,-0.05926664608826189,0.022179520741572978,-0.19082383964723992
sub-MCI2003,InferiorTemporalGyrustemporooccipitalpart,-0.04983360955821008,-0.010428833608703206,-0.041179144473562836
sub-MCI0199,InferiorTemporalGyrustemporooccipitalpart,-0.07017289457537132,-0.05683397938559818,-0.048866961555041444
sub-MCI2017,InferiorTemporalGyrustemporooccipitalpart,-0.044029585426792334,-0.052981720608611914,-0.03149927375264948
sub-MCI0269,InferiorTemporalGyrustemporooccipitalpart,-0.04277993904051027,-0.04879503220418243,0.115397906906601
sub-MCI0284,InferiorTemporalGyrustemporooccipitalpart,-0.03833767174656009,-0.05390122834432236,-0.1722866407460426
sub-MCI2002,InferiorTemporalGyrustemporooccipitalpart,0.003756934337317343,0.010441730646780504,-0.1996752871728322
sub-MCI2001,InferiorTemporalGyrustemporooccipitalpart,-0.08433253947288069,-0.05140981467193658,-0.192820617487426
sub-MCI0287,InferiorTemporalGyrustemporooccipitalpart,-0.10546903498382537,-0.09462369766721683,0.2413189761850006
sub-MCI0292,InferiorTemporalGyrustemporooccipitalpart,-0.017914315318519912,-0.02670012860360389,0.04435656427772093
sub-MCI2014,InferiorTemporalGyrustemporooccipitalpart,-0.10484918000018537,-0.03303113375419413,-0.2053983204092864
sub-MCI2000,InferiorTemporalGyrustemporooccipitalpart,-0.03467464573902593,-0.031159894149942677,0.09949241962357194
sub-MCI0286,InferiorTemporalGyrustemporooccipitalpart,-0.009191852352580986,0.006099251431597405,0.1840025347195499
sub-MCI0115,InferiorTemporalGyrustemporooccipitalpart,-0.09715573317958393,-0.048329995778069366,0.012248920495568277
sub-MCI0236,InferiorTemporalGyrustemporooccipitalpart,-0.08883854867423986,-0.03519441802420572,0.05863873821466234
sub-MCI0293,InferiorTemporalGyrustemporooccipitalpart,-0.018115848756759163,-0.003272104241928228,-0.24787120076608873
sub-MCI2015,InferiorTemporalGyrustemporooccipitalpart,0.016661260271560483,-0.044826520898722404,0.15973326813901015
sub-MCI1004,InferiorTemporalGyrustemporooccipitalpart,-0.08019064043778713,-0.0719673719316501,-0.1564878997361957
sub-MCI0295,InferiorTemporalGyrustemporooccipitalpart,-0.09612059510160414,-0.05160285680535825,-0.05275698360819147
sub-MCI1002,InferiorTemporalGyrustemporooccipitalpart,-0.034826709627391,-0.06546014613249915,-0.08728856500276355
sub-MCI2013,InferiorTemporalGyrustemporooccipitalpart,0.006898398707382636,-0.0769793649628513,-0.031248719033785833
sub-MCI0106,InferiorTemporalGyrustemporooccipitalpart,-0.06843564442365821,-0.017290450569953125,-0.07181708038470021
sub-MCI0165,InferiorTemporalGyrustemporooccipitalpart,-0.05346804288224546,-0.06352009990911883,-0.035201160988201224
sub-MCI0170,InferiorTemporalGyrustemporooccipitalpart,-0.060582332890940484,-0.08547478907750727,-0.1396613366082186
sub-MCI0113,InferiorTemporalGyrustemporooccipitalpart,-0.041569440790028334,-0.015141301465582204,0.0043079550419300805
sub-MCI2006,InferiorTemporalGyrustemporooccipitalpart,-0.10687246739223813,-0.05213016655084058,-0.04384495579515728
sub-MCI0278,InferiorTemporalGyrustemporooccipitalpart,-0.061352032307747606,-0.03652068557237383,-0.06031979742644006
sub-MCI0280,InferiorTemporalGyrustemporooccipitalpart,-0.02474606784045448,-0.03413966848272101,-0.07215366289554391
sub-MCI0107,InferiorTemporalGyrustemporooccipitalpart,-0.09907983246140906,-0.1175079106489089,-0.06448985952260715
sub-MCI0294,InferiorTemporalGyrustemporooccipitalpart,-0.11243169136560263,-0.025094450318687952,0.21763276523239586
sub-MCI2012,InferiorTemporalGyrustemporooccipitalpart,-0.14639595395526883,-0.08125409393569946,-0.2511128869156887
sub-MCI1003,InferiorTemporalGyrustemporooccipitalpart,-0.06118062858551192,-0.04046109162585965,0.04673789723633195
sub-MCI2007,InferiorTemporalGyrustemporooccipitalpart,-0.09493458770319156,-0.08505054663482949,-0.1086194452763986
sub-MCI0279,InferiorTemporalGyrustemporooccipitalpart,-0.03452134491034632,-0.028233292086487602,0.0008995672417281959
sub-MCI0281,InferiorTemporalGyrustemporooccipitalpart,-0.03037009847919359,-0.014192448967926303,-0.22558980963458292
sub-MCI0111,InferiorTemporalGyrustemporooccipitalpart,-0.02599771432097978,-0.06517450721803074,0.05832423549370233
sub-MCI0282,InferiorTemporalGyrustemporooccipitalpart,-0.12774416624039955,-0.06919715541904345,0.008689975805744378
sub-MCI2004,InferiorTemporalGyrustemporooccipitalpart,-0.04469733805361498,-0.08275949791776928,-0.12707937879136375
sub-MCI2011,InferiorTemporalGyrustemporooccipitalpart,-0.019701906767506,-0.017696048720954382,0.07657987522527988
sub-MCI1000,InferiorTemporalGyrustemporooccipitalpart,-0.021835103079947276,-0.04146694502307133,0.028814893605673898
sub-MCI0297,InferiorTemporalGyrustemporooccipitalpart,-0.055143347837110626,-0.07829138128633464,-0.03473721018020109
sub-MCI0283,InferiorTemporalGyrustemporooccipitalpart,-0.18197749405006874,-0.07527621042279614,-0.22725533501022654
sub-MCI2005,InferiorTemporalGyrustemporooccipitalpart,-0.16217917119662079,-0.07316197498088713,-0.2576129047542031
sub-MCI0173,InferiorTemporalGyrustemporooccipitalpart,-0.06917893166891388,-0.02477136947001838,0.02210700961694684
sub-MCI1001,InferiorTemporalGyrustemporooccipitalpart,0.02204397052078897,-0.002681177522958693,-0.16110200192093435
sub-MCI0296,InferiorTemporalGyrustemporooccipitalpart,-0.02073478727725304,-0.035426999770662486,0.014146166412089914
sub-MCI0192,InferiorTemporalGyrustemporooccipitalpart,-0.0534191570521916,-0.06472548224689066,0.010975541753768206
sub-MCI0137,InferiorTemporalGyrustemporooccipitalpart,-0.07287918555465096,-0.08931148712068225,-0.056409741097337936
sub-MCI2009,InferiorTemporalGyrustemporooccipitalpart,-0.04866197801240547,-0.03688173496289261,-0.25801267440786047
sub-MCI0141,InferiorTemporalGyrustemporooccipitalpart,-0.08878544534877221,-0.09122373098196541,-0.08996569505503096
sub-MCI0277,InferiorTemporalGyrustemporooccipitalpart,0.043962389742984644,-0.011435065719685809,-0.04684272302410522
sub-MCI0263,InferiorTemporalGyrustemporooccipitalpart,-0.08223774384614507,-0.02550919744225012,-0.10262580295816622
sub-MCI2008,InferiorTemporalGyrustemporooccipitalpart,-0.00511696127155632,-0.089076638697177,-0.023843504447119312
sub-MCI0275,InferiorTemporalGyrustemporooccipitalpart,0.013082024994185044,-0.024140009215462437,0.008521014492075535
sub-MCI0190,InferiorTemporalGyrustemporooccipitalpart,-0.08798790876210696,-0.05533980987571455,0.09739390768700192
sub-MCI0298,InferiorTemporalGyrustemporooccipitalpart,-0.019802572155614713,-0.041673955659601795,1.3666140166934106
sub-MCI0184,InferiorTemporalGyrustemporooccipitalpart,-0.07567835962167867,-0.03927772569041574,-0.3632487232876968
sub-MCI0274,InferiorTemporalGyrustemporooccipitalpart,-0.03167136372776155,-0.015849644392920692,-0.01626833411158033
sub-MCI0299,InferiorTemporalGyrustemporooccipitalpart,-0.040087068816632196,0.04644987998265349,-0.09661340852957992
sub-MCI0191,InferiorTemporalGyrustemporooccipitalpart,-0.014977028502021334,-0.026042816179653164,0.021472562848254034
sub-MCI0169,InferiorTemporalGyrustemporooccipitalpart,-0.05155123786765872,-0.05261754327089448,-0.012749572457883043
sub-MCI0197,InferiorTemporalGyrustemporooccipitalpart,-0.03601314969217541,-0.029132162230121075,-0.05419940335258236
sub-MCI0132,InferiorTemporalGyrustemporooccipitalpart,-0.07434879542717841,-0.06087254701953597,0.12246813752582228
sub-MCI0267,InferiorTemporalGyrustemporooccipitalpart,-0.1037897852069107,-0.08833517522165206,-0.10952172587267396
sub-MCI0272,InferiorTemporalGyrustemporooccipitalpart,-0.10685149928606705,-0.05959418285644045,-0.2821822038450911
sub-MCI0182,InferiorTemporalGyrustemporooccipitalpart,-0.08179384039504316,-0.041713488103434365,0.18728150428086715
sub-MCI2018,InferiorTemporalGyrustemporooccipitalpart,0.028219612086070014,-0.0021690163398914914,0.21125798269081342
sub-MCI0196,InferiorTemporalGyrustemporooccipitalpart,-0.03041453342914592,-0.02000428880143988,-0.006990219030829192
sub-MCI0183,InferiorTemporalGyrustemporooccipitalpart,-0.131162480215875,-0.06618356734865288,-0.06930967568811998
sub-MCI0273,InferiorTemporalGyrustemporooccipitalpart,-0.025000007023495117,-0.048517483196008904,-0.07175218332787336
sub-MCI0288,InferiorTemporalGyrustemporooccipitalpart,-0.13204220133424757,-0.10567439576140782,0.09490515523128902
sub-MCI0270,InferiorTemporalGyrustemporooccipitalpart,-0.046999515278763726,-0.04532094414349161,-0.119975176027686
sub-MCI0178,InferiorTemporalGyrustemporooccipitalpart,-0.02866251209141207,-0.036611854851913816,-0.05906955846148664
sub-MCI0195,InferiorTemporalGyrustemporooccipitalpart,-0.022351772258949083,-0.007556883502376333,-0.048249931141391596
sub-MCI0265,InferiorTemporalGyrustemporooccipitalpart,-0.0029291045906541984,0.013593220677518328,-0.14654004523075545
sub-MCI0179,InferiorTemporalGyrustemporooccipitalpart,-0.07633342486311111,-0.0444129931251592,0.016340646967077255
sub-MCI0181,InferiorTemporalGyrustemporooccipitalpart,-0.07202345687996002,-0.04689370696825988,-0.08412240431962864
sub-MCI0289,InferiorTemporalGyrustemporooccipitalpart,-0.024055934892037095,-0.04020844972269376,-0.018026430558073955
sub-MCI0271,InferiorTemporalGyrustemporooccipitalpart,-0.05135730419394435,-0.06807170016222834,-0.13124416601731362
sub-MCI0264,InferiorTemporalGyrustemporooccipitalpart,-0.117206090823429,-0.04891394814603444,0.19109319237866093
sub-MCI0194,InferiorTemporalGyrustemporooccipitalpart,-0.04154996595726928,-0.05685543119350064,-0.04461773420672295
sub-MCI2016,InsularCortex,0.0243547262805529,0.05125983497221044,0.06619668546702892
sub-MCI0290,InsularCortex,0.02529382723178374,-0.009007315302205695,0.0527036046505728
sub-MCI0268,InsularCortex,-0.024028146990035745,0.02409090034488681,0.016920770254694975
sub-MCI0198,InsularCortex,-0.016450491211752096,0.00899007144867458,-0.14452134916678358
sub-MCI0285,InsularCortex,-0.03631307604922562,-0.005358381692375056,-0.07706011664325174
sub-MCI2003,InsularCortex,0.0005998241783666447,-0.009442532528866437,-0.008164997218990765
sub-MCI0199,InsularCortex,-0.024544576624299954,-0.01939789310914279,-0.010238051081093283
sub-MCI2017,InsularCortex,-0.05680744020723212,-0.03226419684579348,-0.0032141375086315615
sub-MCI0269,InsularCortex,-0.022112910064579806,0.02637838003336327,0.5997721043552403
sub-MCI0284,InsularCortex,-0.08032614897020804,-0.014156590959661718,-0.018242324238598333
sub-MCI2002,InsularCortex,0.03683765964857234,-0.06480880801777897,-0.11095985624956685
sub-MCI2001,InsularCortex,-0.02349487556516703,-0.005850139286119431,-0.022090540611774696
sub-MCI0287,InsularCortex,-0.04274286620961917,-0.0632309906493788,-0.522699775894627
sub-MCI0292,InsularCortex,-0.036018051198674725,-0.05033262142381023,-0.052306434536761176
sub-MCI2014,InsularCortex,-0.042162461320169195,-0.04492267418298379,-0.03898131403353844
sub-MCI2000,InsularCortex,-0.020067797309133228,-0.015484345578538597,-0.009314325988327097
sub-MCI0286,InsularCortex,-0.020341797114650582,-0.0048722683690247915,-0.03174829817639518
sub-MCI0115,InsularCortex,-0.02847845340066602,-0.028365550371028895,-0.011086528011214519
sub-MCI0236,InsularCortex,-0.000437736903556061,-0.02552177866568178,-0.02313207078784473
sub-MCI0293,InsularCortex,0.01127818284678265,-0.01160324158855945,0.2168974339774096
sub-MCI2015,InsularCortex,0.01183309864322838,-0.018938138650953458,0.04353763193940015
sub-MCI1004,InsularCortex,-0.06114175666801925,-0.057609093655569724,0.004174011930325374
sub-MCI0295,InsularCortex,-0.03734291945578161,-0.044794927967466217,-0.08496532864579416
sub-MCI1002,InsularCortex,-0.025827198319984847,-0.0076423319738798765,-0.010266286536816813
sub-MCI2013,InsularCortex,-0.010389631814580446,-0.010254502088516715,-0.005316067502058784
sub-MCI0106,InsularCortex,-0.003744192939171091,0.00012975619898307554,-0.017602131027626398
sub-MCI0165,InsularCortex,-0.03838468395845186,-0.020621092934932826,-0.0008413438835544461
sub-MCI0170,InsularCortex,-0.04687805189815197,-0.05519630816727501,-0.0804357236483136
sub-MCI0113,InsularCortex,-0.015086934604101909,-0.0027578528603194497,0.013250025386978018
sub-MCI2006,InsularCortex,-0.009555392720073585,0.0018127846055820361,-0.035255162187319306
sub-MCI0278,InsularCortex,0.013874799656081307,-0.02161753852257942,-0.016169214532816417
sub-MCI0280,InsularCortex,-0.04158396187719266,-0.04052335007433608,0.07576615958826138
sub-MCI0107,InsularCortex,-0.0074653164250325435,-0.055618156658282104,-0.020433868408969248
sub-MCI0294,InsularCortex,0.00947999188816018,-0.028565693727636707,0.011147810742215075
sub-MCI2012,InsularCortex,-0.05538085765973016,-0.054830504929086483,-0.14552105966134865
sub-MCI1003,InsularCortex,0.01208672164902504,0.010988713347023194,-0.023844548579449024
sub-MCI2007,InsularCortex,-0.019774774614248463,-0.035415028070155265,-0.0700991924364375
sub-MCI0279,InsularCortex,-0.05918348463737625,0.004972697889165853,-0.09307708066200356
sub-MCI0281,InsularCortex,-0.013512367655377673,-0.03633044617554621,-0.20311063995851064
sub-MCI0111,InsularCortex,-0.0047266008632709765,-0.007284405733074653,-0.007575365027161382
sub-MCI0282,InsularCortex,0.025226740997538997,0.00245393183962129,0.032303338055277075
sub-MCI2004,InsularCortex,-0.06508502895347147,-0.06219031408013888,-0.35219675700747477
sub-MCI2011,InsularCortex,-0.05623996691464885,-0.05000136174370043,-0.06128364606467516
sub-MCI1000,InsularCortex,-0.012119015466363717,-0.021095795345993245,-0.013056033595817503
sub-MCI0297,InsularCortex,-0.0051410391541719625,-0.010684370835413197,0.010820579660235802
sub-MCI0283,InsularCortex,-0.05936417223985955,-0.08314248724268523,-0.06933780640496658
sub-MCI2005,InsularCortex,-0.03591848244985682,-0.006659061088379592,-0.02581114014531321
sub-MCI0173,InsularCortex,-0.06216071214625165,-0.016468684200775446,-0.0494286211039138
sub-MCI1001,InsularCortex,-0.05758134682183233,-0.04089905651838214,-0.07298588226551024
sub-MCI0296,InsularCortex,0.013800537389186851,-0.044764201118475844,-0.12576001020509472
sub-MCI0192,InsularCortex,-0.007463001259359334,-0.009393114601172137,-0.013451245069722801
sub-MCI0137,InsularCortex,-0.05621110824031291,-0.025398092140220735,0.0017258674975087337
sub-MCI2009,InsularCortex,-0.005463035768288253,0.008244734668033958,0.04414089429321425
sub-MCI0141,InsularCortex,-0.010734115775334202,-0.00856276565049731,0.009354290750222692
sub-MCI0277,InsularCortex,0.016898245888275876,-0.03564649005612493,0.01763839573554915
sub-MCI0263,InsularCortex,0.02274629421815764,-0.014175969746581833,0.021470513856926835
sub-MCI2008,InsularCortex,-0.03332048204934904,-0.024915780153197033,-0.01398986537485248
sub-MCI0275,InsularCortex,-0.009310830240827768,0.01592229916365919,0.05588488254607599
sub-MCI0190,InsularCortex,-0.02782546777997136,0.002641723628700653,-0.04661840575579443
sub-MCI0298,InsularCortex,-0.01679595590551056,-0.024786258370755935,0.07199231208133874
sub-MCI0184,InsularCortex,-0.03311686068000845,-0.02903243786149016,0.01110296835326791
sub-MCI0274,InsularCortex,-0.02691570416370624,-0.04901511584178785,-0.03651906799719063
sub-MCI0299,InsularCortex,-0.09469932827180169,-0.03430110873501018,-0.012569561745782597
sub-MCI0191,InsularCortex,-0.011402747192364898,0.010063007139464002,0.09160264404073717
sub-MCI0169,InsularCortex,-0.05250983417027169,-0.047221086208898276,-0.0036058945251281984
sub-MCI0197,InsularCortex,-0.030227664430148692,-0.01697762351159942,0.3080608767622344
sub-MCI0132,InsularCortex,-0.021577462776835532,-0.030296534336121273,-0.014140889356952865
sub-MCI0267,InsularCortex,-0.07562773741892528,-0.010190938393687855,0.1161631524306553
sub-MCI0272,InsularCortex,-0.01084793503335921,-0.025733158740018178,-0.0761541752406374
sub-MCI0182,InsularCortex,0.00013590118081262988,-0.012735384795430205,0.0621339374993414
sub-MCI2018,InsularCortex,0.008644143412367437,-0.018979139517773046,-0.02279027423351025
sub-MCI0196,InsularCortex,-0.028580289574261394,0.004627004729829045,-0.0219708931958569
sub-MCI0183,InsularCortex,-0.028955046335944278,0.00762103242257343,-0.0036545323845630254
sub-MCI0273,InsularCortex,0.013831450201569112,0.018132797577006962,0.010540695791022497
sub-MCI0288,InsularCortex,0.00267399007711448,-0.014814487224720502,0.05742759338110617
sub-MCI0270,InsularCortex,-0.056106007758109415,-0.012892239597334623,-0.04865775977277517
sub-MCI0178,InsularCortex,-0.010163193899518407,0.03481124121355002,0.03746192232904203
sub-MCI0195,InsularCortex,0.0001816315320230429,-0.030183349063831116,-0.03461766397604613
sub-MCI0265,InsularCortex,-0.023666886793993952,-0.03391164912229097,-0.05001034277684454
sub-MCI0179,InsularCortex,0.007354766203677212,0.02386586403674082,0.024902707543273783
sub-MCI0181,InsularCortex,-0.03298292168036881,0.02945450872829789,0.021650429395267123
sub-MCI0289,InsularCortex,0.004835914960429964,0.0009864447856641034,0.037751305982234966
sub-MCI0271,InsularCortex,0.025360198906514385,0.0211672020508673,-0.0035270894064836707
sub-MCI0264,InsularCortex,-0.05113651276564032,-0.010290911939559323,-0.022018250753651856
sub-MCI0194,InsularCortex,-0.014266982610377794,-0.013568178400583558,0.0853364547998037
sub-MCI2016,IntracalcarineCortex,-0.03796921622363749,-0.03922901149363614,0.010719200422768733
sub-MCI0290,IntracalcarineCortex,0.08187941209079441,0.10033062229537437,0.1415627265723818
sub-MCI0268,IntracalcarineCortex,0.004562824586899284,0.0201559622177737,-0.00992314478140702
sub-MCI0198,IntracalcarineCortex,0.033963064979875286,0.01582358701659318,0.2080484268840861
sub-MCI0285,IntracalcarineCortex,-0.01630123624334211,-0.03568318051859266,0.009449390641424294
sub-MCI2003,IntracalcarineCortex,-0.011607572234123176,-0.009609653428446519,-0.03491090490099112
sub-MCI0199,IntracalcarineCortex,0.010322571391705709,0.023785275883881393,0.009321397805465505
sub-MCI2017,IntracalcarineCortex,-0.002577103724551863,0.034233946264164226,-0.008542772660027466
sub-MCI0269,IntracalcarineCortex,-0.000606097559926707,0.09505956658509811,0.7570141713195406
sub-MCI0284,IntracalcarineCortex,0.04818260229094518,0.0023285262905893885,0.16183346626476075
sub-MCI2002,IntracalcarineCortex,-0.000986530561177665,0.010074352185247675,-0.04123633723355536
sub-MCI2001,IntracalcarineCortex,-0.010421745569117442,0.037045985996649745,0.03093272770374437
sub-MCI0287,IntracalcarineCortex,-0.041538695872885424,-0.02126800524838714,-0.12734482820885232
sub-MCI0292,IntracalcarineCortex,0.020319272892405687,0.023040880568779377,-0.00590996596255242
sub-MCI2014,IntracalcarineCortex,0.02255149570650932,-0.0034843014194536562,0.035583974344566484
sub-MCI2000,IntracalcarineCortex,0.07087615630421243,0.013020748439162478,0.049414806509790056
sub-MCI0286,IntracalcarineCortex,0.01638132316000055,0.07183396940299326,-0.028046323454161994
sub-MCI0115,IntracalcarineCortex,0.0176633722295814,0.02910683359967832,0.008988133942563174
sub-MCI0236,IntracalcarineCortex,0.023152993194981496,0.03768844006194503,0.03724713407963728
sub-MCI0293,IntracalcarineCortex,0.005571813779177912,-0.007043666772510944,0.4642401799713078
sub-MCI2015,IntracalcarineCortex,0.12680729216041545,0.10969909136470168,0.09276278123612418
sub-MCI1004,IntracalcarineCortex,0.05651251368606738,0.03614301263442158,0.048288400383973806
sub-MCI0295,IntracalcarineCortex,0.029364624100686257,0.024381562551625147,0.04311089013205618
sub-MCI1002,IntracalcarineCortex,0.012494980006040124,0.024883668938772394,0.010186596670379052
sub-MCI2013,IntracalcarineCortex,0.04858702038000371,0.032108792375640405,0.10186410212666658
sub-MCI0106,IntracalcarineCortex,0.0810042790850083,0.022871372466107407,0.12030536711283771
sub-MCI0165,IntracalcarineCortex,0.0198673166433161,-0.0002538066679545968,-0.04374839683648247
sub-MCI0170,IntracalcarineCortex,0.0231275447085024,0.03396555528155131,0.02425978282227314
sub-MCI0113,IntracalcarineCortex,0.004104725686549204,-0.00401875010593811,-0.05819857299110217
sub-MCI2006,IntracalcarineCortex,0.09647949624174408,0.02774193192287362,0.010692211166664408
sub-MCI0278,IntracalcarineCortex,-0.02748741482152803,-0.034274527929639524,-0.2552774779272871
sub-MCI0280,IntracalcarineCortex,0.041014870456206574,0.07640844461942024,0.11980871740773909
sub-MCI0107,IntracalcarineCortex,0.003006768623299314,-0.02086589980632538,-0.01707756189779507
sub-MCI0294,IntracalcarineCortex,0.057692496659648124,0.029625909413470607,0.05435182953670504
sub-MCI2012,IntracalcarineCortex,0.006209768037082567,-0.022376970978116972,0.0705271268459789
sub-MCI1003,IntracalcarineCortex,0.023374409574411465,0.08239950617432121,0.04083973364824456
sub-MCI2007,IntracalcarineCortex,0.049903054411624286,0.037368307195244435,-0.07084735493732976
sub-MCI0279,IntracalcarineCortex,0.0073936295032252354,0.0010234410915511767,0.2290304883386459
sub-MCI0281,IntracalcarineCortex,0.0017871306739599218,0.018428681995454867,-0.06441571944542504
sub-MCI0111,IntracalcarineCortex,-0.04789796724234646,-0.04765845081986006,-0.08182957543986784
sub-MCI0282,IntracalcarineCortex,-0.013456700604356862,-0.0004329332498569307,-0.05298349512290538
sub-MCI2004,IntracalcarineCortex,-0.0034117128329674384,-0.029359760166865832,-0.2528122064495214
sub-MCI2011,IntracalcarineCortex,-0.0037305631386311895,0.011800252700825053,0.041456628810636144
sub-MCI1000,IntracalcarineCortex,0.03652411934779103,0.010822981950656046,0.05521290450230025
sub-MCI0297,IntracalcarineCortex,-0.023053080869253346,-0.005561903190646875,-0.02211353207974781
sub-MCI0283,IntracalcarineCortex,-0.020380021859776557,-0.007969490978800557,-0.07537384521864005
sub-MCI2005,IntracalcarineCortex,-0.016175907959235437,0.004022499916835455,-0.040429110358206316
sub-MCI0173,IntracalcarineCortex,0.022001645140045566,0.007892912182275488,-0.015700077684891196
sub-MCI1001,IntracalcarineCortex,-0.011294515511571838,-0.0015487917568295232,-0.13402949731357924
sub-MCI0296,IntracalcarineCortex,0.017768083650256877,0.00435703160446187,0.02314330889404046
sub-MCI0192,IntracalcarineCortex,0.02455134120841859,0.017856079157820597,0.006568262756723194
sub-MCI0137,IntracalcarineCortex,0.012381781945448757,0.015727259431818335,-0.013391453795871313
sub-MCI2009,IntracalcarineCortex,0.002203170470092622,-0.016644498722942283,0.002957448006473262
sub-MCI0141,IntracalcarineCortex,0.07599269684309296,0.03791576315241193,-0.04712055458861242
sub-MCI0277,IntracalcarineCortex,0.06661839118548883,0.03651095768072733,0.08136002973769059
sub-MCI0263,IntracalcarineCortex,0.03412988074115747,0.03029205300844981,0.031327996412086626
sub-MCI2008,IntracalcarineCortex,0.010145372867764955,-0.012688764315717662,0.01268454911702884
sub-MCI0275,IntracalcarineCortex,0.013607135940149295,0.020771932685650602,0.007332036234203428
sub-MCI0190,IntracalcarineCortex,0.0020163947488285577,0.017938112144368645,0.07145449159615863
sub-MCI0298,IntracalcarineCortex,0.024380589745969437,0.03253791435551823,0.05460708489361944
sub-MCI0184,IntracalcarineCortex,-0.04259611921757953,-0.03712112077923775,-0.13058839060888536
sub-MCI0274,IntracalcarineCortex,-0.025385875588514815,0.0004240304536033748,-0.038863723630970855
sub-MCI0299,IntracalcarineCortex,-0.011423016111809934,-0.0023930571733907515,-0.0706668038210374
sub-MCI0191,IntracalcarineCortex,-0.0082709784948255,0.01133943609986253,0.026143702094427505
sub-MCI0169,IntracalcarineCortex,-0.029655816354997463,0.016599070354879886,-0.005143828065565323
sub-MCI0197,IntracalcarineCortex,0.01740557552195091,0.012810616208952368,0.09617193870414538
sub-MCI0132,IntracalcarineCortex,0.05932394534021211,0.03850320275234106,0.03160185772917667
sub-MCI0267,IntracalcarineCortex,0.0018718119319104428,0.009576233951070047,-0.22968171274721524
sub-MCI0272,IntracalcarineCortex,0.014104785435225626,0.039799535136408264,0.07616225434154077
sub-MCI0182,IntracalcarineCortex,0.05620881265330849,-0.008524153582922887,-0.08745241841163653
sub-MCI2018,IntracalcarineCortex,0.0035377116788256405,-0.0006667399662595529,-0.026117117694395932
sub-MCI0196,IntracalcarineCortex,0.04435278208471102,0.03343244920536257,0.04376798659461421
sub-MCI0183,IntracalcarineCortex,0.03199118699026371,0.05051485489465426,-0.0005203488036698079
sub-MCI0273,IntracalcarineCortex,-0.03375651538103662,-0.027179953837249037,-0.06840135425706313
sub-MCI0288,IntracalcarineCortex,0.025944219101186338,0.030255859193068092,0.09684865890194533
sub-MCI0270,IntracalcarineCortex,-0.005998241970412165,0.060446391294268625,-0.009525751088933361
sub-MCI0178,IntracalcarineCortex,0.048898563826381275,0.04140459932801674,0.07211771129270207
sub-MCI0195,IntracalcarineCortex,0.02547607647022761,0.045778132145042214,0.022608656198322374
sub-MCI0265,IntracalcarineCortex,-0.020477198359168544,-0.0031852251836603316,-0.005600738030475436
sub-MCI0179,IntracalcarineCortex,0.08707722939753558,0.04198583077236984,0.031147223763106868
sub-MCI0181,IntracalcarineCortex,0.00089733238264653,0.017653727654312473,-0.01052440663448405
sub-MCI0289,IntracalcarineCortex,0.08533666044672912,0.09558214628575873,0.032977952387245775
sub-MCI0271,IntracalcarineCortex,0.06295621633593787,0.03422504302429364,0.034850894901805124
sub-MCI0264,IntracalcarineCortex,-0.009001276160999343,-0.028630240901265543,-0.012977348222039239
sub-MCI0194,IntracalcarineCortex,0.009217876186094546,-0.006240056403929422,0.023905990490404434
sub-MCI2016,JuxtapositionalLobuleCortex,0.026523856720828413,0.008006099248405452,0.01846790207005357
sub-MCI0290,JuxtapositionalLobuleCortex,0.01041174531762761,0.003437098797502774,-0.07108606449235605
sub-MCI0268,JuxtapositionalLobuleCortex,0.02262742400318497,0.029450615827641347,0.033564812050113045
sub-MCI0198,JuxtapositionalLobuleCortex,0.010123459935465162,-0.022661357958446655,0.28262109565932275
sub-MCI0285,JuxtapositionalLobuleCortex,0.021460951134773757,0.026211175499147907,-0.06703174362226937
sub-MCI2003,JuxtapositionalLobuleCortex,0.012465984057461306,-0.011186824639973322,-0.09098432742091235
sub-MCI0199,JuxtapositionalLobuleCortex,0.012584700300247767,-0.01146674684116554,-0.004048681644580006
sub-MCI2017,JuxtapositionalLobuleCortex,-0.015909657266679766,-0.008417429336465432,0.01029983853731736
sub-MCI0269,JuxtapositionalLobuleCortex,0.0250579906573615,0.013652963904025811,0.20534781400426153
sub-MCI0284,JuxtapositionalLobuleCortex,0.006052528683370853,-0.006998390377202534,0.23139414950312578
sub-MCI2002,JuxtapositionalLobuleCortex,0.005723660025961718,-0.03473139929076743,0.01680171374890763
sub-MCI2001,JuxtapositionalLobuleCortex,-0.02648482897127477,0.005907528327249776,0.18084559998812233
sub-MCI0287,JuxtapositionalLobuleCortex,0.006378299870714536,0.027977929941591446,0.01034978412575704
sub-MCI0292,JuxtapositionalLobuleCortex,0.03273332373162529,0.012005473392908032,-0.04740094195253535
sub-MCI2014,JuxtapositionalLobuleCortex,-0.016318558290642195,0.011575531015522804,-0.009564393606424396
sub-MCI2000,JuxtapositionalLobuleCortex,0.001954778277146776,0.005624047298230762,-0.004556822174394304
sub-MCI0286,JuxtapositionalLobuleCortex,0.08411662421615382,0.04667597023088629,0.06620658642403546
sub-MCI0115,JuxtapositionalLobuleCortex,0.019397951990524652,0.023428685261944745,0.03764422460370959
sub-MCI0236,JuxtapositionalLobuleCortex,-0.002258815417724776,0.029776519343802543,0.014132889842408293
sub-MCI0293,JuxtapositionalLobuleCortex,0.04133259696286962,0.01638526141212363,-0.16452327401716005
sub-MCI2015,JuxtapositionalLobuleCortex,0.012529128923863953,0.035590087308056316,-0.002309676825755135
sub-MCI1004,JuxtapositionalLobuleCortex,-0.04034456363403789,0.015885902690657216,-0.004341680811020816
sub-MCI0295,JuxtapositionalLobuleCortex,0.01728338258054948,0.03160917666303077,-0.05991939033956716
sub-MCI1002,JuxtapositionalLobuleCortex,0.046727062233756875,0.0378684233940435,0.03128436516323826
sub-MCI2013,JuxtapositionalLobuleCortex,-0.011476029293859507,0.044638295956058185,0.02099894835421816
sub-MCI0106,JuxtapositionalLobuleCortex,0.03446834455624908,0.048590774251260994,0.047260112560300174
sub-MCI0165,JuxtapositionalLobuleCortex,0.011976270515611833,0.01497105692156402,-0.005356433546764234
sub-MCI0170,JuxtapositionalLobuleCortex,0.002404898764579037,0.01587687952080415,-0.13757321178489829
sub-MCI0113,JuxtapositionalLobuleCortex,-0.017228995991439858,0.00479480394625142,0.002288960687123694
sub-MCI2006,JuxtapositionalLobuleCortex,0.002721468830300294,-0.015337022867727241,0.1010480925925493
sub-MCI0278,JuxtapositionalLobuleCortex,0.0124415532441818,0.04652508431980615,-0.060798045585507804
sub-MCI0280,JuxtapositionalLobuleCortex,0.0032753182609874393,0.014217032603148355,-0.0657593425212034
sub-MCI0107,JuxtapositionalLobuleCortex,-0.007465667049136741,0.0332409455153756,0.051525575906541124
sub-MCI0294,JuxtapositionalLobuleCortex,-0.01531181160675097,0.025918004354015894,-0.028357189991636406
sub-MCI2012,JuxtapositionalLobuleCortex,-0.032479813874550886,0.018273288041822617,0.04980701287042594
sub-MCI1003,JuxtapositionalLobuleCortex,0.011754233920184853,0.010148581518524786,0.012369202838567558
sub-MCI2007,JuxtapositionalLobuleCortex,0.021035743768096686,0.002111858027618907,0.03808423815560777
sub-MCI0279,JuxtapositionalLobuleCortex,0.018909339772803506,-0.019044977464526183,0.060905916594550434
sub-MCI0281,JuxtapositionalLobuleCortex,-0.02230316754527225,0.006064720886502314,-0.04057600798302243
sub-MCI0111,JuxtapositionalLobuleCortex,-0.0025968504946745925,0.011913276221878247,0.01196942855804546
sub-MCI0282,JuxtapositionalLobuleCortex,-0.03256619951753583,-0.005110137095873424,-0.01634908693836884
sub-MCI2004,JuxtapositionalLobuleCortex,0.023122860391409927,0.033516477476153106,-0.04251311082144491
sub-MCI2011,JuxtapositionalLobuleCortex,-0.0006445654397447488,0.042129946684302526,-0.023552287419154105
sub-MCI1000,JuxtapositionalLobuleCortex,0.014860031493344335,0.005442014855777602,-0.016243503364668805
sub-MCI0297,JuxtapositionalLobuleCortex,0.0021378135496784045,-0.011447901579171913,-0.015649838211399092
sub-MCI0283,JuxtapositionalLobuleCortex,0.023114699230413968,0.009442195876004781,0.028709173632749267
sub-MCI2005,JuxtapositionalLobuleCortex,-0.018812913960105683,-0.0002606448881871687,-0.02755132025941418
sub-MCI0173,JuxtapositionalLobuleCortex,-0.005591433816352997,-0.006775205711085419,0.03201353531388236
sub-MCI1001,JuxtapositionalLobuleCortex,0.04843019960906032,0.015790240906436666,-0.06627694261662323
sub-MCI0296,JuxtapositionalLobuleCortex,0.022028228420219776,0.058295344630026016,-0.053307812473487176
sub-MCI0192,JuxtapositionalLobuleCortex,0.03786179056563279,0.004662611344009837,0.011825549155762137
sub-MCI0137,JuxtapositionalLobuleCortex,0.08392096824231286,0.04601670601038028,0.048998092048903735
sub-MCI2009,JuxtapositionalLobuleCortex,0.008237531530404279,0.0682619763091574,-0.024085714341384318
sub-MCI0141,JuxtapositionalLobuleCortex,0.01328670913419599,0.0331850651435103,0.010788225254108583
sub-MCI0277,JuxtapositionalLobuleCortex,0.013523521735369127,-0.009497809990059843,-0.061294618988833705
sub-MCI0263,JuxtapositionalLobuleCortex,0.0055329699612335585,-0.006349124174544572,0.0026810545531808045
sub-MCI2008,JuxtapositionalLobuleCortex,0.014654870704140155,0.0208644342929093,-0.023666788204936912
sub-MCI0275,JuxtapositionalLobuleCortex,0.0622765502636447,0.0845537778614413,0.04805029099866927
sub-MCI0190,JuxtapositionalLobuleCortex,0.010401630165781812,0.0061644090060117155,0.017522606525082408
sub-MCI0298,JuxtapositionalLobuleCortex,-0.00019851815880868112,0.023617346185094937,0.010710537257922075
sub-MCI0184,JuxtapositionalLobuleCortex,-0.004484684809912419,0.00023740032982225764,-0.04329420398652406
sub-MCI0274,JuxtapositionalLobuleCortex,0.016671857695163116,0.015500988470663314,-0.020907107863409928
sub-MCI0299,JuxtapositionalLobuleCortex,-0.01559163820934787,-0.00115206714352923,-0.03154078943169765
sub-MCI0191,JuxtapositionalLobuleCortex,0.012206707910079178,0.027587847424819813,0.11772757452955392
sub-MCI0169,JuxtapositionalLobuleCortex,0.010545644156784353,0.011542728493782501,-0.006278761142450712
sub-MCI0197,JuxtapositionalLobuleCortex,0.03547487289799485,0.0004953428831162806,-0.13180386877519484
sub-MCI0132,JuxtapositionalLobuleCortex,0.02169294024894963,0.030532612428720157,-0.029811827206818985
sub-MCI0267,JuxtapositionalLobuleCortex,0.012136745360443265,0.0011532312996619658,-0.1132644785781048
sub-MCI0272,JuxtapositionalLobuleCortex,-0.02296686833006217,0.03346908560273049,0.03211852548298503
sub-MCI0182,JuxtapositionalLobuleCortex,-0.005907669430123147,-0.029307623262162533,-0.040619044457355584
sub-MCI2018,JuxtapositionalLobuleCortex,0.03070408433960413,0.008025343817175101,-0.015196492550959988
sub-MCI0196,JuxtapositionalLobuleCortex,-0.0018928839659151935,0.009281099025243622,0.01413615185442555
sub-MCI0183,JuxtapositionalLobuleCortex,0.04055262416270356,0.03705631293776252,-0.02367319512000308
sub-MCI0273,JuxtapositionalLobuleCortex,0.02035104581598894,0.00616172910993977,0.0657511661548152
sub-MCI0288,JuxtapositionalLobuleCortex,0.008378601539032306,0.008899835992800462,0.030984648711799
sub-MCI0270,JuxtapositionalLobuleCortex,0.03967327871758814,0.007831040626109844,-0.002988866336380157
sub-MCI0178,JuxtapositionalLobuleCortex,-0.02370375785295682,-0.0036241045915021155,0.00569390332825624
sub-MCI0195,JuxtapositionalLobuleCortex,0.015015241948576665,0.043078163135023585,0.007647096787930158
sub-MCI0265,JuxtapositionalLobuleCortex,-0.002140201330490445,-0.01523966462158342,-0.029198208165170252
sub-MCI0179,JuxtapositionalLobuleCortex,0.007290268582165008,0.027997744800516942,0.08182463690328362
sub-MCI0181,JuxtapositionalLobuleCortex,0.029880773015741366,0.03194130239066536,0.038130000238195176
sub-MCI0289,JuxtapositionalLobuleCortex,0.016516104920559504,0.007590146325338184,-0.0010145089210711132
sub-MCI0271,JuxtapositionalLobuleCortex,-0.0030780626863594583,0.022103260724685457,-0.047869489613109786
sub-MCI0264,JuxtapositionalLobuleCortex,0.01998608231899428,-0.014066808002623197,0.07333253305853248
sub-MCI0194,JuxtapositionalLobuleCortex,-0.008623618176564096,0.0014810746185746927,-0.056555965028590116
sub-MCI2016,LateralOccipitalCortexinferiordivision,-0.044305849832858624,-0.060420449718843305,-0.025245000514838526
sub-MCI0290,LateralOccipitalCortexinferiordivision,-0.07394475296146766,-0.04260408919654444,-0.0014734344938873796
sub-MCI0268,LateralOccipitalCortexinferiordivision,-0.035089809859965536,-0.05827800219280295,-0.0927941315521619
sub-MCI0198,LateralOccipitalCortexinferiordivision,-0.06520874611432877,-0.08554020063267125,0.1229645485601995
sub-MCI0285,LateralOccipitalCortexinferiordivision,-0.08778768904192705,-0.06381747561920294,-0.13333478514855843
sub-MCI2003,LateralOccipitalCortexinferiordivision,-0.06847481741677569,-0.05851605267813676,-0.010755060478761146
sub-MCI0199,LateralOccipitalCortexinferiordivision,-0.05600056969308186,-0.041190156966821344,-0.049082093382556244
sub-MCI2017,LateralOccipitalCortexinferiordivision,-0.043271745698145035,-0.019442893774549552,-0.0325812544711909
sub-MCI0269,LateralOccipitalCortexinferiordivision,-0.04554269034163407,-0.04526051849597254,0.265288221035825
sub-MCI0284,LateralOccipitalCortexinferiordivision,-0.06904883003470326,-0.07952635505460744,-0.22925581915236795
sub-MCI2002,LateralOccipitalCortexinferiordivision,-0.015834792935769088,-0.03835519974280154,-0.1706537231227042
sub-MCI2001,LateralOccipitalCortexinferiordivision,-0.07118898106249634,-0.05925429367312293,-0.007605214701091441
sub-MCI0287,LateralOccipitalCortexinferiordivision,-0.14273250726812775,-0.10896494143966719,-0.14692335425379038
sub-MCI0292,LateralOccipitalCortexinferiordivision,-0.08155282302925458,-0.07812337489072604,-0.05486106677176862
sub-MCI2014,LateralOccipitalCortexinferiordivision,-0.06576191042622767,-0.022717276238166897,-0.046595459089590556
sub-MCI2000,LateralOccipitalCortexinferiordivision,-0.07137654504296086,-0.04933191060094799,-0.010173100222964318
sub-MCI0286,LateralOccipitalCortexinferiordivision,-0.03749290848725723,-0.03612503275148332,-0.040788330118499576
sub-MCI0115,LateralOccipitalCortexinferiordivision,-0.0728832497575889,-0.05271596890771386,0.04333120564263814
sub-MCI0236,LateralOccipitalCortexinferiordivision,-0.09667413985309888,-0.05160366107679204,-0.030116877796265262
sub-MCI0293,LateralOccipitalCortexinferiordivision,-0.04725023057188243,-0.03575849839293941,-0.4553399628302674
sub-MCI2015,LateralOccipitalCortexinferiordivision,-0.028511737276562872,-0.05328729254683497,-0.07476484840053459
sub-MCI1004,LateralOccipitalCortexinferiordivision,-0.04966870718676694,-0.04519227171298605,-0.09206828736302133
sub-MCI0295,LateralOccipitalCortexinferiordivision,-0.05257056291010838,-0.03732544449191512,-0.12171689443405673
sub-MCI1002,LateralOccipitalCortexinferiordivision,-0.04686737914940469,-0.053440257369860994,-0.06381546377481387
sub-MCI2013,LateralOccipitalCortexinferiordivision,0.016396160870625457,-0.03261050336619857,-0.024011098636703372
sub-MCI0106,LateralOccipitalCortexinferiordivision,-0.11429901248468019,-0.0757507946607205,-0.1368154028242744
sub-MCI0165,LateralOccipitalCortexinferiordivision,-0.05524130445082099,-0.055663812579901946,-0.058960310025257125
sub-MCI0170,LateralOccipitalCortexinferiordivision,-0.11901784103230933,-0.10987543554763445,-0.09511730665718038
sub-MCI0113,LateralOccipitalCortexinferiordivision,-0.034849022156534806,-0.016809585120028427,-0.0674519506140275
sub-MCI2006,LateralOccipitalCortexinferiordivision,-0.06655933807853945,-0.07543302529191824,-0.08265893963183406
sub-MCI0278,LateralOccipitalCortexinferiordivision,-0.0661399479315317,-0.050907339549955605,-0.11749571286251849
sub-MCI0280,LateralOccipitalCortexinferiordivision,-0.06153682295479323,-0.050369401848404494,-0.10993013082541994
sub-MCI0107,LateralOccipitalCortexinferiordivision,-0.11847828572147616,-0.09206956018706905,0.02865008489541669
sub-MCI0294,LateralOccipitalCortexinferiordivision,-0.05838453823715146,-0.05490790346290416,0.035606999302411714
sub-MCI2012,LateralOccipitalCortexinferiordivision,-0.1527911883024187,-0.07484185836371843,-0.0944820470857828
sub-MCI1003,LateralOccipitalCortexinferiordivision,-0.08259440958315933,-0.0593328721935289,-0.06356745712498023
sub-MCI2007,LateralOccipitalCortexinferiordivision,-0.11201669563038301,-0.038653092568064956,0.04514445807473827
sub-MCI0279,LateralOccipitalCortexinferiordivision,-0.06269252818049208,-0.01864651599590112,-0.14999692491083794
sub-MCI0281,LateralOccipitalCortexinferiordivision,-0.03510651463815539,-0.036441119560529624,-0.15338205672433047
sub-MCI0111,LateralOccipitalCortexinferiordivision,-0.061916622012946856,-0.10683733679929204,-0.046780308356545994
sub-MCI0282,LateralOccipitalCortexinferiordivision,-0.08485313289497276,-0.05756526223860316,-0.03183650623869196
sub-MCI2004,LateralOccipitalCortexinferiordivision,-0.05093554901777786,-0.1099015452655236,-0.02292046365116068
sub-MCI2011,LateralOccipitalCortexinferiordivision,-0.04236295912397333,-0.05627213933890447,0.038027856663059766
sub-MCI1000,LateralOccipitalCortexinferiordivision,-0.057803772959320675,-0.05352786429404704,-0.01724688713336443
sub-MCI0297,LateralOccipitalCortexinferiordivision,-0.06396593290943142,-0.0652767625207418,0.06377641225609558
sub-MCI0283,LateralOccipitalCortexinferiordivision,-0.12921560706381433,-0.05159431771013714,-0.004620413212772759
sub-MCI2005,LateralOccipitalCortexinferiordivision,-0.20595316943363612,-0.10068043940735107,-0.15656114630133713
sub-MCI0173,LateralOccipitalCortexinferiordivision,-0.05628231834896455,-0.040400133861044144,-0.0288016800996222
sub-MCI1001,LateralOccipitalCortexinferiordivision,-0.02802957884776262,-0.028389672436459564,0.09170915568156791
sub-MCI0296,LateralOccipitalCortexinferiordivision,-0.060102928342546866,-0.05002249280951667,-0.14985076587881682
sub-MCI0192,LateralOccipitalCortexinferiordivision,-0.037557247727112615,-0.04728926420284309,-0.05967155603296403
sub-MCI0137,LateralOccipitalCortexinferiordivision,-0.07584315339475513,-0.05458670139356119,-0.05005034612529457
sub-MCI2009,LateralOccipitalCortexinferiordivision,-0.06368902083634657,-0.06070594558955492,-0.07848315539279654
sub-MCI0141,LateralOccipitalCortexinferiordivision,-0.07976250020390145,-0.09176967685902539,-0.10028434721019679
sub-MCI0277,LateralOccipitalCortexinferiordivision,-0.002220058205526765,-0.016700789895226144,-0.003931906672208868
sub-MCI0263,LateralOccipitalCortexinferiordivision,-0.05954547204506674,-0.038272352110594404,-0.14020979473719855
sub-MCI2008,LateralOccipitalCortexinferiordivision,-0.05029611759667612,-0.05451698722998374,-0.12740695100239194
sub-MCI0275,LateralOccipitalCortexinferiordivision,-0.035815113347663935,-0.07634108955001638,-0.020801775818126776
sub-MCI0190,LateralOccipitalCortexinferiordivision,-0.04829191624011349,-0.03537254891881261,-0.02037302402000511
sub-MCI0298,LateralOccipitalCortexinferiordivision,-0.02604306773324736,-0.0367613054417167,0.009653586033948062
sub-MCI0184,LateralOccipitalCortexinferiordivision,-0.08190925096477665,-0.05747890442766744,-0.09510215500394165
sub-MCI0274,LateralOccipitalCortexinferiordivision,-0.05652261947336001,-0.013729108764310362,-0.063645358685967
sub-MCI0299,LateralOccipitalCortexinferiordivision,-0.06560255951725563,-0.018446358853417187,-0.08873976594654545
sub-MCI0191,LateralOccipitalCortexinferiordivision,-0.06516009298973834,-0.06119384394359001,-0.05391116357598406
sub-MCI0169,LateralOccipitalCortexinferiordivision,-0.0702988162234749,-0.024749845804993682,-0.012268938371797787
sub-MCI0197,LateralOccipitalCortexinferiordivision,-0.05533577786151182,-0.04344357289034035,-0.0529461697039719
sub-MCI0132,LateralOccipitalCortexinferiordivision,-0.07010318824475495,-0.07628089842162428,-0.032903417812605626
sub-MCI0267,LateralOccipitalCortexinferiordivision,-0.07888835507452338,-0.09240972699823646,0.12395488789472402
sub-MCI0272,LateralOccipitalCortexinferiordivision,-0.07852503125040018,-0.04051663882653981,-0.10796090791712187
sub-MCI0182,LateralOccipitalCortexinferiordivision,-0.05835605933110645,-0.06252634956210557,-0.010950912249282421
sub-MCI2018,LateralOccipitalCortexinferiordivision,-0.03891757324939551,-0.029249536748162025,0.054035131962232974
sub-MCI0196,LateralOccipitalCortexinferiordivision,-0.046623988237844916,-0.012323648832637788,-0.0182977157309265
sub-MCI0183,LateralOccipitalCortexinferiordivision,-0.09905040374273484,-0.09564465487631116,-0.025237142376375244
sub-MCI0273,LateralOccipitalCortexinferiordivision,-0.048077156489144776,-0.0436893813580139,-0.005498933217411486
sub-MCI0288,LateralOccipitalCortexinferiordivision,-0.09683681257958443,-0.059593758293633135,-0.0706075022226821
sub-MCI0270,LateralOccipitalCortexinferiordivision,-0.12169853309464665,-0.06916670362295513,-0.11953081209784516
sub-MCI0178,LateralOccipitalCortexinferiordivision,-0.04382872793285284,-0.02903397900507569,-0.09454194907465156
sub-MCI0195,LateralOccipitalCortexinferiordivision,-0.03319545760131924,-0.006073241412581344,-0.02839571673640035
sub-MCI0265,LateralOccipitalCortexinferiordivision,-0.08229165403593716,-0.037595698299646596,0.004990566118602809
sub-MCI0179,LateralOccipitalCortexinferiordivision,-0.014363726834394894,-0.02982502988786221,0.015462925838572089
sub-MCI0181,LateralOccipitalCortexinferiordivision,-0.04637788487201746,-0.03326106983200738,-0.037459410956522714
sub-MCI0289,LateralOccipitalCortexinferiordivision,-0.029756028099752165,-0.031042626954532644,-0.021234771054623788
sub-MCI0271,LateralOccipitalCortexinferiordivision,-0.04356297253384512,-0.0660707457435867,-0.10863084999871427
sub-MCI0264,LateralOccipitalCortexinferiordivision,-0.07796306825902007,-0.033118711436674636,0.11366109520328993
sub-MCI0194,LateralOccipitalCortexinferiordivision,-0.08726328318094197,-0.0679788294133672,-0.03345974394429469
sub-MCI2016,LateralOccipitalCortexsuperiordivision,0.009600555813805265,-0.005947349939605599,0.13784922935207117
sub-MCI0290,LateralOccipitalCortexsuperiordivision,-0.028370324128018744,-0.02445315140412706,-0.009309841155629826
sub-MCI0268,LateralOccipitalCortexsuperiordivision,-0.003092430705970763,-0.022566709621513182,-0.010787833212342703
sub-MCI0198,LateralOccipitalCortexsuperiordivision,-0.05001374352029316,-0.044361991466396744,-0.11653659598532105
sub-MCI0285,LateralOccipitalCortexsuperiordivision,-0.053496343469334025,-0.04619982911055279,-0.01933175076740279
sub-MCI2003,LateralOccipitalCortexsuperiordivision,-0.03309854950241302,-0.03937157659145593,-0.0344329952938263
sub-MCI0199,LateralOccipitalCortexsuperiordivision,-0.027931282161946885,-0.032251317128651064,-0.0277080490120085
sub-MCI2017,LateralOccipitalCortexsuperiordivision,-0.053056053913100955,-0.03407874203822215,-0.05749450427229493
sub-MCI0269,LateralOccipitalCortexsuperiordivision,-0.010973705616217022,-0.007375507786799403,0.695832257521108
sub-MCI0284,LateralOccipitalCortexsuperiordivision,-0.03403109451299237,-0.04074040431462222,-0.06734180930497216
sub-MCI2002,LateralOccipitalCortexsuperiordivision,-0.007374238874476783,-0.04842220256490007,0.02743120214395742
sub-MCI2001,LateralOccipitalCortexsuperiordivision,-0.04238228780118356,-0.031948959224663204,0.02021190725375317
sub-MCI0287,LateralOccipitalCortexsuperiordivision,-0.09234744162124037,-0.10929495764239297,-0.2791411727581297
sub-MCI0292,LateralOccipitalCortexsuperiordivision,-0.03223175613355297,-0.041721602113827014,-0.017223467672132366
sub-MCI2014,LateralOccipitalCortexsuperiordivision,-0.0582784220240282,-0.04192112946243805,-0.14725052726589347
sub-MCI2000,LateralOccipitalCortexsuperiordivision,-0.05380427076646745,-0.010987851425726598,0.011490708323497918
sub-MCI0286,LateralOccipitalCortexsuperiordivision,0.02520344893966704,-0.015436371626579095,0.05175931746411795
sub-MCI0115,LateralOccipitalCortexsuperiordivision,-0.05921330490120924,-0.030513931626739686,-0.030502088559010022
sub-MCI0236,LateralOccipitalCortexsuperiordivision,-0.047719314423127275,-0.04554711539504664,-0.1619998955690662
sub-MCI0293,LateralOccipitalCortexsuperiordivision,-0.006353889454349143,-0.014550072559538293,0.10163858807484817
sub-MCI2015,LateralOccipitalCortexsuperiordivision,-0.003910529849674316,-0.018401250000403362,-0.05751167008402243
sub-MCI1004,LateralOccipitalCortexsuperiordivision,-0.005841769859413871,-0.024777337384514472,0.0027060628183462354
sub-MCI0295,LateralOccipitalCortexsuperiordivision,-0.0391412691902499,-0.020571230943377018,-0.08022618627067338
sub-MCI1002,LateralOccipitalCortexsuperiordivision,-0.024197382607843106,-0.020753302593414246,-0.044792231942114756
sub-MCI2013,LateralOccipitalCortexsuperiordivision,0.0480335195303511,0.03238250250086603,0.014563874303142836
sub-MCI0106,LateralOccipitalCortexsuperiordivision,-0.05350841695911365,-0.05237266379251839,-0.07259494944208933
sub-MCI0165,LateralOccipitalCortexsuperiordivision,-0.04077126295293354,-0.03884208455550461,-0.03062668032406756
sub-MCI0170,LateralOccipitalCortexsuperiordivision,-0.040796199331464264,-0.04836495423390754,-0.044283296305893116
sub-MCI0113,LateralOccipitalCortexsuperiordivision,-0.0157077760345237,-0.030609842884847666,-0.06374398465915637
sub-MCI2006,LateralOccipitalCortexsuperiordivision,-0.042253467650118136,-0.02962176630238585,-0.010053286582122152
sub-MCI0278,LateralOccipitalCortexsuperiordivision,0.0005760568857877413,-0.006363639865109354,-0.0647492705514575
sub-MCI0280,LateralOccipitalCortexsuperiordivision,-0.035664961267326,-0.028702685017744527,-0.1134426840708022
sub-MCI0107,LateralOccipitalCortexsuperiordivision,-0.09849128333957917,-0.05524311157193841,-0.0035494126669011242
sub-MCI0294,LateralOccipitalCortexsuperiordivision,0.006085175898581821,0.0007761788797886492,0.04465218434076714
sub-MCI2012,LateralOccipitalCortexsuperiordivision,-0.08982530650975704,-0.023853502721336208,-0.1008752265334609
sub-MCI1003,LateralOccipitalCortexsuperiordivision,-0.032442886688994914,-0.016469869572728866,0.001878491990555988
sub-MCI2007,LateralOccipitalCortexsuperiordivision,-0.10184969830517186,-0.02151993914360233,-0.049048405390991534
sub-MCI0279,LateralOccipitalCortexsuperiordivision,-0.030574872834351435,-0.03570128512557385,0.05979966213672423
sub-MCI0281,LateralOccipitalCortexsuperiordivision,-0.03457097924685374,-0.01525087925580045,-0.1912454401938486
sub-MCI0111,LateralOccipitalCortexsuperiordivision,-0.030169762163516165,-0.05206290336436346,-0.010132824542034454
sub-MCI0282,LateralOccipitalCortexsuperiordivision,-0.051765861390238276,-0.01947973231835813,0.031222879325191185
sub-MCI2004,LateralOccipitalCortexsuperiordivision,-0.040796435593251086,-0.026101902081820626,-0.01420604333290655
sub-MCI2011,LateralOccipitalCortexsuperiordivision,-0.011040546613532091,-0.017718425859252172,0.04301158287946735
sub-MCI1000,LateralOccipitalCortexsuperiordivision,-0.029544736837717675,-0.03533994941138137,-0.018768729624131862
sub-MCI0297,LateralOccipitalCortexsuperiordivision,-0.035168990761172886,-0.055118821780736356,0.005027859972820662
sub-MCI0283,LateralOccipitalCortexsuperiordivision,-0.0645445676342945,-0.015315144398969392,-0.06264111525271347
sub-MCI2005,LateralOccipitalCortexsuperiordivision,-0.16626559243350147,-0.07138910353765572,-0.021110787415094517
sub-MCI0173,LateralOccipitalCortexsuperiordivision,-0.04690798956616594,-0.026683116475273133,-0.060272559555156306
sub-MCI1001,LateralOccipitalCortexsuperiordivision,0.02494594195458828,-0.02194502172739098,-0.03593830983230313
sub-MCI0296,LateralOccipitalCortexsuperiordivision,0.006194740172011876,-0.015103647172867586,-0.056471918300116386
sub-MCI0192,LateralOccipitalCortexsuperiordivision,-0.030834623759604107,-0.015087105116454906,0.015543390198010366
sub-MCI0137,LateralOccipitalCortexsuperiordivision,-0.03918395851885142,-0.03042495137679607,-0.01880761186230848
sub-MCI2009,LateralOccipitalCortexsuperiordivision,-0.00530943156879561,-0.03478212101531986,0.07446346280160972
sub-MCI0141,LateralOccipitalCortexsuperiordivision,-0.03036369696018038,-0.05482313903040485,-0.040207626188378504
sub-MCI0277,LateralOccipitalCortexsuperiordivision,0.009902488904089636,-0.0360322066019549,-0.0149331212518359
sub-MCI0263,LateralOccipitalCortexsuperiordivision,-0.033641675281947246,-0.029639833030175866,-0.0766292178064588
sub-MCI2008,LateralOccipitalCortexsuperiordivision,0.011550433185707436,-0.003086761813473192,-0.00855592572327866
sub-MCI0275,LateralOccipitalCortexsuperiordivision,0.016838099024386603,0.00337966432243527,0.024051606599614767
sub-MCI0190,LateralOccipitalCortexsuperiordivision,-0.01736431452775755,-0.011367644958257763,-0.028661364288463262
sub-MCI0298,LateralOccipitalCortexsuperiordivision,0.00910680066545114,-0.035924811818529495,-0.004836019602537853
sub-MCI0184,LateralOccipitalCortexsuperiordivision,-0.04183329798051276,-0.03681021520306556,-0.007160245671273548
sub-MCI0274,LateralOccipitalCortexsuperiordivision,-0.024826961504717384,-0.021633784785653653,-0.041434336227802335
sub-MCI0299,LateralOccipitalCortexsuperiordivision,-0.04089637306117969,0.010486870719304682,0.12075723520107097
sub-MCI0191,LateralOccipitalCortexsuperiordivision,0.01576022679575547,0.02561313983075541,0.04142466986091153
sub-MCI0169,LateralOccipitalCortexsuperiordivision,-0.027298953410314162,-0.0054615438462523565,-0.009360022557475306
sub-MCI0197,LateralOccipitalCortexsuperiordivision,-0.035237894146487356,-0.038287491295654855,0.11095317617249162
sub-MCI0132,LateralOccipitalCortexsuperiordivision,-0.044396388857521084,-0.034251853876047116,-0.004759213412134245
sub-MCI0267,LateralOccipitalCortexsuperiordivision,-0.0317390429123684,-0.039145089033902965,-0.0182773726391504
sub-MCI0272,LateralOccipitalCortexsuperiordivision,-0.012384249670185667,-0.020752826598496414,-0.15633145230884332
sub-MCI0182,LateralOccipitalCortexsuperiordivision,-0.050472927242418766,-0.043238452745353526,-0.05965673431634511
sub-MCI2018,LateralOccipitalCortexsuperiordivision,-0.028305814188144422,-0.020264507189017334,-0.01487654635523915
sub-MCI0196,LateralOccipitalCortexsuperiordivision,-0.01591257500463627,0.00555369389021411,0.02153902793978183
sub-MCI0183,LateralOccipitalCortexsuperiordivision,-0.0726905733880634,-0.04536068411435831,-0.0190941651027294
sub-MCI0273,LateralOccipitalCortexsuperiordivision,-0.022959601563219984,-0.008321602714375613,0.031003445641150276
sub-MCI0288,LateralOccipitalCortexsuperiordivision,-0.00971912767717082,-0.005193390260848993,-0.0048627321388591506
sub-MCI0270,LateralOccipitalCortexsuperiordivision,-0.029919857179246643,-0.03032641145851509,-0.0759745274518831
sub-MCI0178,LateralOccipitalCortexsuperiordivision,-0.00758135225334809,-0.008402834835658476,0.006101256207616817
sub-MCI0195,LateralOccipitalCortexsuperiordivision,-0.010980415560215673,0.0013783697239017879,-0.011094726935547089
sub-MCI0265,LateralOccipitalCortexsuperiordivision,-0.04305735733898504,-0.007108402085248874,-0.023520649117328044
sub-MCI0179,LateralOccipitalCortexsuperiordivision,-0.020534282490943176,-0.013335403392448096,0.018773599439567915
sub-MCI0181,LateralOccipitalCortexsuperiordivision,-0.03949909547349334,-0.010702023124683564,-0.041163169747126506
sub-MCI0289,LateralOccipitalCortexsuperiordivision,-0.00978467245762775,-0.015317929312841249,0.008711073534377039
sub-MCI0271,LateralOccipitalCortexsuperiordivision,-0.005330629925455717,-0.019721371940533045,-0.03258604583098
sub-MCI0264,LateralOccipitalCortexsuperiordivision,-0.05555220315937013,-0.009619803736294362,-0.011267603582608528
sub-MCI0194,LateralOccipitalCortexsuperiordivision,-0.057292564012216246,-0.04851399369312688,-0.01532101051841225
sub-MCI2016,LingualGyrus,-0.0002499368389046844,-0.004554066469436841,0.01103255752377129
sub-MCI0290,LingualGyrus,0.0001891591193244425,0.020608189242103885,0.0833050986885171
sub-MCI0268,LingualGyrus,-0.016696783347752844,-0.03777735902315088,-0.05343392952048351
sub-MCI0198,LingualGyrus,0.015656440513813912,0.02018260660810713,0.061566021691043395
sub-MCI0285,LingualGyrus,0.008797317411847546,-0.003593115009567473,0.13391042437245718
sub-MCI2003,LingualGyrus,0.026838409152311643,0.015151680578863711,-0.07511541903950018
sub-MCI0199,LingualGyrus,-0.03129510913548811,-0.01619494916229857,-0.031143425155890705
sub-MCI2017,LingualGyrus,-0.0005096354698263265,0.007786801745231835,-0.03149558762355131
sub-MCI0269,LingualGyrus,0.020089349509159107,0.061727743543491906,0.5882223824167653
sub-MCI0284,LingualGyrus,-0.02375303166738852,-0.02160338767713876,0.1292124546734227
sub-MCI2002,LingualGyrus,-0.045829828054572336,0.024199733544931126,-0.07088108213327203
sub-MCI2001,LingualGyrus,-0.015855903770777814,0.009646533980972023,0.003266024283948911
sub-MCI0287,LingualGyrus,-0.061351313082653805,-0.037153909431223694,-0.017500388561670202
sub-MCI0292,LingualGyrus,0.002234711139861195,-0.012672488524246314,-0.026379398329982418
sub-MCI2014,LingualGyrus,-0.044598341426081746,-0.019876296951056954,0.022280815176747574
sub-MCI2000,LingualGyrus,-0.026477382444960222,-0.029006519976941824,0.010806626618137142
sub-MCI0286,LingualGyrus,0.05349793918738809,0.0776039772413031,0.013834025144612261
sub-MCI0115,LingualGyrus,-0.014808896178917234,0.0036195290317299292,-0.020022787607139294
sub-MCI0236,LingualGyrus,-0.029788261451855248,-0.007535424038423894,-0.021293426811046276
sub-MCI0293,LingualGyrus,0.0013666127057450107,-0.012365119701962354,0.36362881574943423
sub-MCI2015,LingualGyrus,0.02524596576564645,0.024833784216290483,0.037540333603284036
sub-MCI1004,LingualGyrus,0.008560177751535473,0.010744292461276367,0.08404963292021093
sub-MCI0295,LingualGyrus,-0.015491990638007803,-0.00603566827189431,0.0036711410627137983
sub-MCI1002,LingualGyrus,0.008546368187689843,-0.005594593415121228,-0.02772180949489187
sub-MCI2013,LingualGyrus,0.03551296096773632,0.009578776342287845,0.040908152400470396
sub-MCI0106,LingualGyrus,-0.028276049883508046,-0.018425178843023894,0.05383334977288586
sub-MCI0165,LingualGyrus,-0.013161872348315597,-0.014183622202367328,-0.045947110080354056
sub-MCI0170,LingualGyrus,-0.02950697523227345,-0.03495974273603386,-0.03521937838758632
sub-MCI0113,LingualGyrus,-0.012604898775115492,-0.006423853781283299,-0.09411360082040135
sub-MCI2006,LingualGyrus,0.026629306128975634,-0.001609312747143093,0.02363404945016562
sub-MCI0278,LingualGyrus,-0.04834949651728194,-0.022727513831258834,-0.2053231299196689
sub-MCI0280,LingualGyrus,-0.04387307336504607,0.02100496299673268,0.032099064964910363
sub-MCI0107,LingualGyrus,-0.018722327734526374,-0.04514633396731263,-0.013179903679920823
sub-MCI0294,LingualGyrus,0.003068153481846282,-0.018404749943379796,0.006761828586336615
sub-MCI2012,LingualGyrus,-0.03168942927462857,-0.029045170697873768,0.12026940808634443
sub-MCI1003,LingualGyrus,-0.032366985251605536,0.008132565784722412,-0.03745573944329944
sub-MCI2007,LingualGyrus,0.0033703041281692068,-0.005350270299436356,-0.02149566413065562
sub-MCI0279,LingualGyrus,0.020910604678540026,0.035162401295382256,0.13473967092425865
sub-MCI0281,LingualGyrus,0.012758400007944011,0.012339410009738754,-0.10861854276755885
sub-MCI0111,LingualGyrus,0.009725648176858915,0.01978688508679255,0.037220804427528696
sub-MCI0282,LingualGyrus,-0.013377416137934877,0.0002550611722762341,-0.012481862375855735
sub-MCI2004,LingualGyrus,-0.004736383754671254,0.0010096200847721786,-0.2158593237254091
sub-MCI2011,LingualGyrus,0.02337673567859207,-0.0004241735117108177,0.014865994182158719
sub-MCI1000,LingualGyrus,0.010227274779103795,0.06517146811459618,0.07491941032662171
sub-MCI0297,LingualGyrus,0.028993748822981284,0.011280846003021113,-0.018605569633654596
sub-MCI0283,LingualGyrus,-0.05739342915019438,-0.03817831912335143,-0.053750032018230066
sub-MCI2005,LingualGyrus,0.0024675895696610415,-0.026109853128151832,-0.06282046347019897
sub-MCI0173,LingualGyrus,-0.00821091927089152,-0.013618903933536167,-0.03493061075069615
sub-MCI1001,LingualGyrus,-0.0040406422475313016,0.015330108912977975,-0.1560650962699958
sub-MCI0296,LingualGyrus,0.005069394829055742,-0.008611677491695474,0.02310960416835386
sub-MCI0192,LingualGyrus,0.015280155830733794,-0.002854084931776925,0.03781690539551346
sub-MCI0137,LingualGyrus,-0.04136963649896116,-0.028755249542598726,0.002077890045310556
sub-MCI2009,LingualGyrus,-0.019515990258556586,-0.009684817218868207,-0.08375787331714239
sub-MCI0141,LingualGyrus,-0.02860772542291699,-0.02527041180968827,-0.08871432708648343
sub-MCI0277,LingualGyrus,0.04365496309081358,0.02678730938795418,0.04336521103316222
sub-MCI0263,LingualGyrus,-0.009459356440940847,-0.009865578071865593,-0.07164189291067351
sub-MCI2008,LingualGyrus,0.008322210663666424,0.017840954869376213,0.007216300880155286
sub-MCI0275,LingualGyrus,-0.0202207016459241,-0.04253423151589689,-0.05925819851145877
sub-MCI0190,LingualGyrus,-0.0002830894864061109,-0.00619836357653265,0.007112887559047306
sub-MCI0298,LingualGyrus,0.012783759077824771,0.0604898255044591,-0.024929325770266835
sub-MCI0184,LingualGyrus,0.029732098178923923,0.02259869377003807,-0.08830874231286832
sub-MCI0274,LingualGyrus,0.0035704617714959765,0.030358069618671147,-0.007087458644444257
sub-MCI0299,LingualGyrus,-0.06092484235575798,-0.034563653842333036,-0.007352582980653246
sub-MCI0191,LingualGyrus,0.006152006950967704,0.009215351654302586,0.010132055760600394
sub-MCI0169,LingualGyrus,0.021722708874559998,0.0162435113341833,0.05775385401264426
sub-MCI0197,LingualGyrus,-0.0034717351807722423,-0.005623578373744386,0.05036778158527204
sub-MCI0132,LingualGyrus,-0.009559405827816878,-0.012153106939322509,0.023173399567355327
sub-MCI0267,LingualGyrus,-0.01785340234117239,-0.029870649226096,-0.32561644280614466
sub-MCI0272,LingualGyrus,0.014582034341374532,0.02831984987168305,0.06994047721349218
sub-MCI0182,LingualGyrus,-0.02466171068726591,-0.03511002309617361,-0.009042359644768058
sub-MCI2018,LingualGyrus,0.0009348480887992413,0.02579569997837663,-0.06698693428892295
sub-MCI0196,LingualGyrus,0.006167975862858132,0.0036996663188698796,-0.005056402727368183
sub-MCI0183,LingualGyrus,-0.014324946702055441,0.006161441937325534,0.010753743400962695
sub-MCI0273,LingualGyrus,0.01896594916610392,0.003229988874793136,0.0034155506547479614
sub-MCI0288,LingualGyrus,-0.0014679138255369972,-0.0157186490865852,0.08135891132785991
sub-MCI0270,LingualGyrus,-0.007410863725782998,0.029623123759062096,0.009906833385121303
sub-MCI0178,LingualGyrus,-0.016702893892808594,0.016170307044877968,0.01113556274822258
sub-MCI0195,LingualGyrus,-0.06341456159084645,-0.026007633520293127,-0.06570559780735627
sub-MCI0265,LingualGyrus,0.046606259840059686,0.02970262848852295,0.029487202836326058
sub-MCI0179,LingualGyrus,0.014743697280613696,0.006971437622635995,0.009155621661701004
sub-MCI0181,LingualGyrus,0.012525112145693025,-0.006719516500552642,-0.027939237715809057
sub-MCI0289,LingualGyrus,0.039853518880409944,0.050595585705809826,0.10019240574555044
sub-MCI0271,LingualGyrus,-0.0010061719703064493,-0.007920211964323557,0.0125293601171341
sub-MCI0264,LingualGyrus,-0.00325315055946701,-0.0020757743365700347,-0.046165720864230805
sub-MCI0194,LingualGyrus,-0.00654963593874919,-0.06523860756414183,0.008788243947983998
sub-MCI2016,MiddleFrontalGyrus,0.023598567629714903,0.021003301928741648,0.2904537578576755
sub-MCI0290,MiddleFrontalGyrus,-0.038330063181335694,-0.040723478653948944,0.0008563330646537875
sub-MCI0268,MiddleFrontalGyrus,-0.02362841849534138,-0.0035821351917024987,0.10752794184260436
sub-MCI0198,MiddleFrontalGyrus,-0.07513624123630391,-0.06271329472186256,-0.19911957360380383
sub-MCI0285,MiddleFrontalGyrus,0.010311805595316114,-0.01533854888990531,0.07522313071584354
sub-MCI2003,MiddleFrontalGyrus,-0.02467896432974114,-0.03580989239261424,0.025703849867432724
sub-MCI0199,MiddleFrontalGyrus,-0.016875886280403218,-0.022318867745812734,0.018267365747105094
sub-MCI2017,MiddleFrontalGyrus,-0.030613854877651177,-0.02232907618752688,0.019639264639394673
sub-MCI0269,MiddleFrontalGyrus,-0.019108079908567336,-0.0480340267901418,0.8155002247234597
sub-MCI0284,MiddleFrontalGyrus,-0.06202361837973204,-0.04649267484642126,-0.2008205337728023
sub-MCI2002,MiddleFrontalGyrus,-0.004295053071882501,-0.15368756516666662,0.05462994208580115
sub-MCI2001,MiddleFrontalGyrus,-0.06188352550973616,0.00016160274712198944,0.01266639007057093
sub-MCI0287,MiddleFrontalGyrus,-0.03511622844292734,-0.005301573941963079,-0.23006086578831092
sub-MCI0292,MiddleFrontalGyrus,-0.040457813620080246,-0.04466288153473008,-0.09507696745970032
sub-MCI2014,MiddleFrontalGyrus,-0.03597081738901524,-0.04720002707825327,-0.03794220104342464
sub-MCI2000,MiddleFrontalGyrus,-0.09631404599024222,-0.025989386138830128,0.014635314270786225
sub-MCI0286,MiddleFrontalGyrus,0.014178823020612097,-0.03285774083442011,0.07295895344603914
sub-MCI0115,MiddleFrontalGyrus,0.056310711543859804,0.007309437170889416,0.01799515128823516
sub-MCI0236,MiddleFrontalGyrus,-0.0032595084926700345,0.0003675504802451799,0.005443467925075413
sub-MCI0293,MiddleFrontalGyrus,-0.037989672990753,-0.03540632148904994,0.1335477955136626
sub-MCI2015,MiddleFrontalGyrus,-0.037051290080530694,-0.020421113191799234,0.09838867549154444
sub-MCI1004,MiddleFrontalGyrus,-0.009656035032244404,-0.025275081431372717,0.031242263737300005
sub-MCI0295,MiddleFrontalGyrus,-0.05062213630356128,-0.02380211376859187,-0.08674945816929898
sub-MCI1002,MiddleFrontalGyrus,-0.024037185594555987,-0.003585181340425221,0.002683165920316222
sub-MCI2013,MiddleFrontalGyrus,0.026104321138132526,0.06853725315093492,0.05533189820045572
sub-MCI0106,MiddleFrontalGyrus,-0.04361149142006342,-0.03943029159684493,-0.08808445906725572
sub-MCI0165,MiddleFrontalGyrus,-0.027303572943425697,-0.015730780011979913,-0.01881349908078637
sub-MCI0170,MiddleFrontalGyrus,-0.009521709216532467,0.05953310857874901,-0.0044210343232566444
sub-MCI0113,MiddleFrontalGyrus,0.0035818882028514493,-0.012639241146496118,0.00020328310268086456
sub-MCI2006,MiddleFrontalGyrus,-0.07697593048727984,0.014487272907629491,-0.13221011430291196
sub-MCI0278,MiddleFrontalGyrus,-0.0022242640357806533,-0.018300538801628154,-0.03096292950253719
sub-MCI0280,MiddleFrontalGyrus,-0.05529232109920663,-0.029116743351222954,0.03441195629111405
sub-MCI0107,MiddleFrontalGyrus,-0.008171607675517247,-0.022878598098117667,0.010064074710150578
sub-MCI0294,MiddleFrontalGyrus,-0.009211787998007289,0.017944003421331935,0.0638114031632361
sub-MCI2012,MiddleFrontalGyrus,-0.004601122246167519,-0.02224772961526681,0.005029503476510733
sub-MCI1003,MiddleFrontalGyrus,-0.016345306910799537,-0.01661064522650493,0.014055524983128306
sub-MCI2007,MiddleFrontalGyrus,-0.08078901932400144,-0.032159800406905824,-0.13704292041602925
sub-MCI0279,MiddleFrontalGyrus,-0.028617731377286126,-0.04052560814136299,0.07055119152657735
sub-MCI0281,MiddleFrontalGyrus,0.010295379927776684,-0.009566039590252044,-0.11713613888293685
sub-MCI0111,MiddleFrontalGyrus,0.051149095342768826,0.05324521699730862,0.07060177805974356
sub-MCI0282,MiddleFrontalGyrus,-0.013883315836324283,0.039228582038873146,0.014581365371540042
sub-MCI2004,MiddleFrontalGyrus,-0.07371914638246957,-0.05248064934121838,-0.5398107262498851
sub-MCI2011,MiddleFrontalGyrus,0.021342384137012484,-0.02965416295879254,0.07901627837087509
sub-MCI1000,MiddleFrontalGyrus,-0.02601152158782175,-0.02303393146304825,0.010975510377630077
sub-MCI0297,MiddleFrontalGyrus,-0.005662436940168571,0.005946094610879404,-0.045477607069944935
sub-MCI0283,MiddleFrontalGyrus,-0.007666799936279421,-0.010482863287008221,-0.06560297118633975
sub-MCI2005,MiddleFrontalGyrus,-0.09833696253968262,-0.03287247021841802,-0.041770953277246364
sub-MCI0173,MiddleFrontalGyrus,-0.05568789783312999,-0.025361552197901933,-0.04813751316569042
sub-MCI1001,MiddleFrontalGyrus,-0.036527069623036354,-0.006576022858258235,-0.045848725025786914
sub-MCI0296,MiddleFrontalGyrus,-0.014177076106269611,-0.017828516328775332,-0.10885976297685923
sub-MCI0192,MiddleFrontalGyrus,-0.007145748677660869,0.004819866790664416,-0.003948803260756622
sub-MCI0137,MiddleFrontalGyrus,-0.037276487055089076,-0.0181529012030875,-0.006996435552540436
sub-MCI2009,MiddleFrontalGyrus,-0.034052679112241885,-0.030556606478054877,0.03670170049622256
sub-MCI0141,MiddleFrontalGyrus,-0.005793475482835781,0.011801335306895297,0.026310301877878795
sub-MCI0277,MiddleFrontalGyrus,0.021358326269912607,0.01353558362975665,0.0037900395290147337
sub-MCI0263,MiddleFrontalGyrus,-0.014882760422658231,-0.027541434336129517,0.003947991680802544
sub-MCI2008,MiddleFrontalGyrus,-0.01538200433026489,-0.010823108447616978,-0.017059509756190902
sub-MCI0275,MiddleFrontalGyrus,0.00991012651787707,-0.0004134040843390255,0.02333621133288725
sub-MCI0190,MiddleFrontalGyrus,0.0016145073919014072,0.025972479852045375,-0.015292321134900427
sub-MCI0298,MiddleFrontalGyrus,-0.049444511712446106,-0.04600015621983442,0.025933836267283513
sub-MCI0184,MiddleFrontalGyrus,0.014385632567580256,-0.013267558376340954,-0.01760950369410187
sub-MCI0274,MiddleFrontalGyrus,0.008195157920712647,-0.006932844523701291,-0.028283226863450913
sub-MCI0299,MiddleFrontalGyrus,-0.05969800649841385,-0.007325158909034354,-0.019307990561635784
sub-MCI0191,MiddleFrontalGyrus,-0.013871798820725895,0.05334170492805768,0.12541440852440972
sub-MCI0169,MiddleFrontalGyrus,0.043662267464379026,0.007443520672559919,0.041559665047494344
sub-MCI0197,MiddleFrontalGyrus,-0.031530816262364154,-0.024340391460113294,0.1309464564252477
sub-MCI0132,MiddleFrontalGyrus,-0.020077210533718384,-0.032160379062060054,-0.0017566296773788488
sub-MCI0267,MiddleFrontalGyrus,-0.036202092598314244,-0.04016441383207232,0.048105712644620116
sub-MCI0272,MiddleFrontalGyrus,0.00911254156750106,-0.019755734420820383,-0.023378491930616155
sub-MCI0182,MiddleFrontalGyrus,-0.009010030453692792,-0.03167899963594057,0.12239994599167422
sub-MCI2018,MiddleFrontalGyrus,0.006624870568398241,0.004131151530457894,-0.018529119299342138
sub-MCI0196,MiddleFrontalGyrus,-0.019292691061696735,-0.017214395533488636,-0.035406477686309244
sub-MCI0183,MiddleFrontalGyrus,-0.03992098999310351,-0.012858869687249924,-0.001587548646498316
sub-MCI0273,MiddleFrontalGyrus,-0.020162795326310885,-0.010413523738007587,0.010151337815618661
sub-MCI0288,MiddleFrontalGyrus,-0.026583901996427094,-0.00812884789165432,0.02604101166662563
sub-MCI0270,MiddleFrontalGyrus,0.005704218232751154,-0.021241178868533505,-0.030550597154724794
sub-MCI0178,MiddleFrontalGyrus,-0.004467552810559534,0.002542135818665991,0.025459426140934896
sub-MCI0195,MiddleFrontalGyrus,0.039166155232243184,0.0051299132625035925,-0.0005486604586329341
sub-MCI0265,MiddleFrontalGyrus,0.021465164044696967,-0.0035182951894876407,-0.08420095895715955
sub-MCI0179,MiddleFrontalGyrus,-0.0069779045936872236,-0.006107563461546023,0.03607538900851287
sub-MCI0181,MiddleFrontalGyrus,-0.009485056173945917,-0.001851879720124822,-0.013816472700256629
sub-MCI0289,MiddleFrontalGyrus,-0.016446759881822207,-0.017021910987344305,0.029747556771390207
sub-MCI0271,MiddleFrontalGyrus,0.0006747313137623736,0.033593694576092584,0.018021168456390835
sub-MCI0264,MiddleFrontalGyrus,-0.041051469480012724,-0.012448681617853232,0.04307927263560867
sub-MCI0194,MiddleFrontalGyrus,-0.050112923533632225,-0.00871125687459295,-0.054824342670232985
sub-MCI2016,MiddleTemporalGyrusanteriordivision,0.029707820758735962,0.029131013452090845,0.2980671600363333
sub-MCI0290,MiddleTemporalGyrusanteriordivision,0.017471425562092125,-0.00781193066413023,0.06501815608136197
sub-MCI0268,MiddleTemporalGyrusanteriordivision,-0.008520324274130625,-0.007146952668633853,0.0894293967927634
sub-MCI0198,MiddleTemporalGyrusanteriordivision,-0.03927369953571195,0.0016265455699542022,-0.6032745254610965
sub-MCI0285,MiddleTemporalGyrusanteriordivision,-0.03205746891842896,0.040875333909131666,-0.012540236657989683
sub-MCI2003,MiddleTemporalGyrusanteriordivision,0.03209201960513514,0.03724977868810823,0.029565077173523448
sub-MCI0199,MiddleTemporalGyrusanteriordivision,-0.060848390011629894,-0.01498657509246377,-0.03353419154101814
sub-MCI2017,MiddleTemporalGyrusanteriordivision,0.027872120358700694,-0.0013942185395459414,-0.039627902148196864
sub-MCI0269,MiddleTemporalGyrusanteriordivision,0.021134216046592047,0.0170266841631023,0.11320791466362243
sub-MCI0284,MiddleTemporalGyrusanteriordivision,-0.03094023311230125,0.036446967267495946,0.2908378119884644
sub-MCI2002,MiddleTemporalGyrusanteriordivision,-0.003177435130289996,0.08553961565337502,0.1910634256593701
sub-MCI2001,MiddleTemporalGyrusanteriordivision,0.02605620366188185,0.037852728466882854,0.05774009304422311
sub-MCI0287,MiddleTemporalGyrusanteriordivision,-0.012551552474081778,0.015817668535776257,1.071386401910257
sub-MCI0292,MiddleTemporalGyrusanteriordivision,-0.020837053431592048,-0.01694949005246493,-0.1223852725053841
sub-MCI2014,MiddleTemporalGyrusanteriordivision,-0.008791976179532517,-0.010599047085832173,-0.09853430020973632
sub-MCI2000,MiddleTemporalGyrusanteriordivision,0.006174285268126915,0.01418612522434373,0.06860381183994545
sub-MCI0286,MiddleTemporalGyrusanteriordivision,0.04243001451810361,0.015562537592549953,0.037383382561982474
sub-MCI0115,MiddleTemporalGyrusanteriordivision,0.005296997537633927,0.0160882299554028,0.012479245671374721
sub-MCI0236,MiddleTemporalGyrusanteriordivision,0.0030947326320900997,0.033679563153441845,-0.1389136125578288
sub-MCI0293,MiddleTemporalGyrusanteriordivision,0.03356265434237405,0.008472150928407366,0.3661761411925524
sub-MCI2015,MiddleTemporalGyrusanteriordivision,0.035141602823955766,0.008647924148881672,0.08435619325582276
sub-MCI1004,MiddleTemporalGyrusanteriordivision,0.07739229067384087,-0.005069271695842234,0.055601118159347616
sub-MCI0295,MiddleTemporalGyrusanteriordivision,-0.022834031312796908,-0.001951832333399995,-0.13266540827200737
sub-MCI1002,MiddleTemporalGyrusanteriordivision,-0.02693112295323348,-0.021736399425589057,-0.023583653269935972
sub-MCI2013,MiddleTemporalGyrusanteriordivision,0.00576424891034251,0.023426066521568097,-0.00022029189458416004
sub-MCI0106,MiddleTemporalGyrusanteriordivision,-0.0020691187297728585,0.007891159677328148,0.13550522868977405
sub-MCI0165,MiddleTemporalGyrusanteriordivision,-0.0174981966182537,0.0260911533041109,0.05149863205984383
sub-MCI0170,MiddleTemporalGyrusanteriordivision,-0.0056490163352262935,0.020859211090956627,-0.1794504960628442
sub-MCI0113,MiddleTemporalGyrusanteriordivision,0.02355524599314386,0.03158823242260796,0.05460735141726365
sub-MCI2006,MiddleTemporalGyrusanteriordivision,0.0010636537780156004,0.01634230044462718,-0.30610508598763647
sub-MCI0278,MiddleTemporalGyrusanteriordivision,0.012872592365218706,0.004299347952063752,0.013694947811793748
sub-MCI0280,MiddleTemporalGyrusanteriordivision,0.0017243017645772142,-0.02128260866834762,-0.03991894253115722
sub-MCI0107,MiddleTemporalGyrusanteriordivision,-0.02113083445695076,0.020724079329324636,0.029747335621530483
sub-MCI0294,MiddleTemporalGyrusanteriordivision,-0.023965691698190163,-0.01919254824841441,0.0017416014769194188
sub-MCI2012,MiddleTemporalGyrusanteriordivision,-0.02284966986710801,0.003054051952607208,-0.014922882092531889
sub-MCI1003,MiddleTemporalGyrusanteriordivision,-0.021100663124110543,-0.005003303667553071,0.005608714347646855
sub-MCI2007,MiddleTemporalGyrusanteriordivision,-0.031620951507433465,-0.018451592995260876,-0.08469318215212653
sub-MCI0279,MiddleTemporalGyrusanteriordivision,0.011879354922265653,0.029013956276606325,-0.04597487325125772
sub-MCI0281,MiddleTemporalGyrusanteriordivision,0.023369162284037712,0.025062194429438026,-0.0032510106186662935
sub-MCI0111,MiddleTemporalGyrusanteriordivision,0.02252283417140949,0.0009850458119041484,-0.041614110070733845
sub-MCI0282,MiddleTemporalGyrusanteriordivision,0.04287453044756308,0.04406893729588061,0.06847991637523719
sub-MCI2004,MiddleTemporalGyrusanteriordivision,-0.05442045782477242,-0.026669121800554443,1.0
sub-MCI2011,MiddleTemporalGyrusanteriordivision,0.015602796629976228,0.03226088540186174,0.05348751928139116
sub-MCI1000,MiddleTemporalGyrusanteriordivision,-0.012791411460407312,-0.00673614582430834,-0.09841634631913693
sub-MCI0297,MiddleTemporalGyrusanteriordivision,0.00570452927694879,0.009694738324745348,-0.015759104837140617
sub-MCI0283,MiddleTemporalGyrusanteriordivision,-0.04650504285353821,-0.02794420744468043,-0.16132895477200687
sub-MCI2005,MiddleTemporalGyrusanteriordivision,-0.11532386837147317,-0.04815354903308951,-0.15203085701846367
sub-MCI0173,MiddleTemporalGyrusanteriordivision,-0.04273475147901137,-0.0014865250441475678,-0.08481050717861398
sub-MCI1001,MiddleTemporalGyrusanteriordivision,0.05143304189144428,0.02457968509145021,-0.09500876762286542
sub-MCI0296,MiddleTemporalGyrusanteriordivision,0.048248716077609895,0.030751414569010278,-0.05975481781492291
sub-MCI0192,MiddleTemporalGyrusanteriordivision,0.04080469265721927,0.02195936729804407,0.10517137096482207
sub-MCI0137,MiddleTemporalGyrusanteriordivision,0.0011952847053445573,0.02293143721104288,0.02453088444976267
sub-MCI2009,MiddleTemporalGyrusanteriordivision,0.01797230002520593,0.04895560548325602,0.1392172062793463
sub-MCI0141,MiddleTemporalGyrusanteriordivision,-0.006369740695450692,-0.004926016388228844,0.01913184751401211
sub-MCI0277,MiddleTemporalGyrusanteriordivision,-0.005644890583207655,0.006022131140956386,-0.06737473872223634
sub-MCI0263,MiddleTemporalGyrusanteriordivision,0.0156222860997541,0.008574829623624667,0.07479623778524565
sub-MCI2008,MiddleTemporalGyrusanteriordivision,-0.031071385035513693,-0.019667758648666437,-0.04198023668506922
sub-MCI0275,MiddleTemporalGyrusanteriordivision,0.04630821014208026,0.05111296766703979,0.14243939601844705
sub-MCI0190,MiddleTemporalGyrusanteriordivision,0.0009908479861513882,-0.0030398497500987616,-0.015860552064419928
sub-MCI0298,MiddleTemporalGyrusanteriordivision,0.06391828464581968,0.01891703200004845,0.2470865924414471
sub-MCI0184,MiddleTemporalGyrusanteriordivision,0.0065015681755088775,0.028771553137922495,-0.004649202740285968
sub-MCI0274,MiddleTemporalGyrusanteriordivision,0.00812937509704251,0.025341748923434874,-0.010824225343891637
sub-MCI0299,MiddleTemporalGyrusanteriordivision,-0.038969113909509724,-0.01876703134423331,0.01859333860014064
sub-MCI0191,MiddleTemporalGyrusanteriordivision,0.012898126827408473,0.020558039318362382,0.06724960689891549
sub-MCI0169,MiddleTemporalGyrusanteriordivision,0.07127862147984425,-0.002249206821099408,0.1271527862110598
sub-MCI0197,MiddleTemporalGyrusanteriordivision,0.016435638393619098,0.0257175321859257,-0.053269468207952385
sub-MCI0132,MiddleTemporalGyrusanteriordivision,0.018019319591964948,0.010839397944861877,0.004077971714348021
sub-MCI0267,MiddleTemporalGyrusanteriordivision,-0.03767777547184341,-0.0030386972671384064,-0.29151481625886977
sub-MCI0272,MiddleTemporalGyrusanteriordivision,-0.003432769052808595,0.051760948183845815,0.2796503435496599
sub-MCI0182,MiddleTemporalGyrusanteriordivision,0.012969959378201619,-0.01020375782068398,0.06861957415358128
sub-MCI2018,MiddleTemporalGyrusanteriordivision,0.013438262043639971,0.004882889740584334,0.05237812416671792
sub-MCI0196,MiddleTemporalGyrusanteriordivision,0.0014289016281173379,-3.311993717831037e-05,0.028953663612000347
sub-MCI0183,MiddleTemporalGyrusanteriordivision,0.00835699459785249,0.0013444120191809634,0.02657284836650684
sub-MCI0273,MiddleTemporalGyrusanteriordivision,0.0349865315029491,0.023815774723277422,0.0759450936918952
sub-MCI0288,MiddleTemporalGyrusanteriordivision,-0.06202343713956208,0.014218095552751638,0.11102940537430428
sub-MCI0270,MiddleTemporalGyrusanteriordivision,-0.007700195236825766,0.00943481705188358,-0.12149162182558489
sub-MCI0178,MiddleTemporalGyrusanteriordivision,0.010443055735496712,0.002006162227657894,-0.04857258100243337
sub-MCI0195,MiddleTemporalGyrusanteriordivision,0.04240100711365367,0.02330884639375486,0.05784353323451505
sub-MCI0265,MiddleTemporalGyrusanteriordivision,0.012034007618344637,0.03560534699006073,0.027833204767793406
sub-MCI0179,MiddleTemporalGyrusanteriordivision,-0.0017663841132486873,0.013480609020831986,0.06369964456950981
sub-MCI0181,MiddleTemporalGyrusanteriordivision,0.03301215399595192,0.026076012884528668,0.09113844681690754
sub-MCI0289,MiddleTemporalGyrusanteriordivision,0.06023732112022091,0.034774261742933917,0.04732845094654581
sub-MCI0271,MiddleTemporalGyrusanteriordivision,-0.018909677260004778,0.0308742779901815,0.028210857511144542
sub-MCI0264,MiddleTemporalGyrusanteriordivision,0.0019153306770186452,0.029632317265969245,0.008019272458516049
sub-MCI0194,MiddleTemporalGyrusanteriordivision,-0.03599730606440348,0.02107533228218994,0.08160833280049341
sub-MCI2016,MiddleTemporalGyrusposteriordivision,0.04492121505561472,-0.046971599429253934,0.1376844534346397
sub-MCI0290,MiddleTemporalGyrusposteriordivision,-0.046237815764511914,-0.08101687834394157,-0.03215001675557014
sub-MCI0268,MiddleTemporalGyrusposteriordivision,-0.08574443931606839,-0.06034285234695248,-0.038398921545734106
sub-MCI0198,MiddleTemporalGyrusposteriordivision,-0.09789359245231875,-0.09134438078858195,-0.6125545260146023
sub-MCI0285,MiddleTemporalGyrusposteriordivision,-0.06480233161113341,-0.09192732074594634,-0.10415061787852813
sub-MCI2003,MiddleTemporalGyrusposteriordivision,-0.061900286404472295,-0.06910548794662413,-0.14302843701976553
sub-MCI0199,MiddleTemporalGyrusposteriordivision,-0.11190953068755678,-0.0954707398919599,-0.07553312124180693
sub-MCI2017,MiddleTemporalGyrusposteriordivision,-0.08655518556140777,-0.08524249182668733,-0.08800750765730303
sub-MCI0269,MiddleTemporalGyrusposteriordivision,-0.08265378020023534,-0.07087676528098165,0.17477319437265454
sub-MCI0284,MiddleTemporalGyrusposteriordivision,-0.11888616713745971,-0.05446854988112209,-0.20039266684306634
sub-MCI2002,MiddleTemporalGyrusposteriordivision,-0.0372241058298407,-0.03515645787631789,0.11166969165094015
sub-MCI2001,MiddleTemporalGyrusposteriordivision,-0.08283491961453117,-0.05690992854587449,0.0019724416619715367
sub-MCI0287,MiddleTemporalGyrusposteriordivision,-0.12084210663607503,-0.09638682332137594,-1.7850998974559271
sub-MCI0292,MiddleTemporalGyrusposteriordivision,-0.09569396518401367,-0.11084805189053105,-0.12420667558847283
sub-MCI2014,MiddleTemporalGyrusposteriordivision,-0.1076823545571929,-0.09134999587967502,-0.17240738653689205
sub-MCI2000,MiddleTemporalGyrusposteriordivision,-0.10257884189175893,-0.07764229792939603,0.04251747210638719
sub-MCI0286,MiddleTemporalGyrusposteriordivision,-0.016440287042051076,-0.037069593682982335,0.11711759030185201
sub-MCI0115,MiddleTemporalGyrusposteriordivision,-0.10369678955545746,-0.08049385891584071,-0.01658948429637693
sub-MCI0236,MiddleTemporalGyrusposteriordivision,-0.07437640106449363,-0.06980682104968931,-0.01576307842513898
sub-MCI0293,MiddleTemporalGyrusposteriordivision,-0.062018600196514735,-0.042926614738245154,0.009076306657599608
sub-MCI2015,MiddleTemporalGyrusposteriordivision,-0.07228478516550323,-0.06687421160525181,-0.06862678231915849
sub-MCI1004,MiddleTemporalGyrusposteriordivision,-0.07009647420911017,-0.11133915570004439,-0.1088152001747383
sub-MCI0295,MiddleTemporalGyrusposteriordivision,-0.13312755922253702,-0.08549714505410877,-0.15515912401230358
sub-MCI1002,MiddleTemporalGyrusposteriordivision,-0.06541733119060063,-0.12860536265188574,-0.11380063965827096
sub-MCI2013,MiddleTemporalGyrusposteriordivision,-0.03442760922637643,-0.02853312675678765,-0.03261830581835541
sub-MCI0106,MiddleTemporalGyrusposteriordivision,-0.0727432548053973,-0.06827027997909844,0.04522305113015691
sub-MCI0165,MiddleTemporalGyrusposteriordivision,-0.10551653652910714,-0.06985670640472648,-0.03624176603325838
sub-MCI0170,MiddleTemporalGyrusposteriordivision,-0.07445423662443881,-0.07320982722947456,-0.20642368993656343
sub-MCI0113,MiddleTemporalGyrusposteriordivision,-0.07770144619340748,-0.05543067609121599,-0.054270319457698224
sub-MCI2006,MiddleTemporalGyrusposteriordivision,-0.0935191945324036,-0.07602626036558559,-0.24004723343928422
sub-MCI0278,MiddleTemporalGyrusposteriordivision,-0.07970807116047403,-0.062400611436777755,-0.05359866072009814
sub-MCI0280,MiddleTemporalGyrusposteriordivision,-0.08268488087261051,-0.10291687578536007,-0.06017358480317526
sub-MCI0107,MiddleTemporalGyrusposteriordivision,-0.10370454031878719,-0.0737707536296105,-0.028495041200540222
sub-MCI0294,MiddleTemporalGyrusposteriordivision,-0.10483738657460373,-0.09928749660646886,-0.04291728261892725
sub-MCI2012,MiddleTemporalGyrusposteriordivision,-0.1380773079651749,-0.11086042125269623,-0.2699382542448041
sub-MCI1003,MiddleTemporalGyrusposteriordivision,-0.09197995106640534,-0.06672845342507924,-0.04108298617234746
sub-MCI2007,MiddleTemporalGyrusposteriordivision,-0.13870227999367246,-0.09467315808100334,-0.10450325181629622
sub-MCI0279,MiddleTemporalGyrusposteriordivision,-0.10796541628497584,-0.057167434411746716,-0.11432721853929106
sub-MCI0281,MiddleTemporalGyrusposteriordivision,-0.09912486939606474,-0.07457994580978738,-0.1417863089737644
sub-MCI0111,MiddleTemporalGyrusposteriordivision,-0.08017272011782418,-0.07319005548005296,-0.02754146546195715
sub-MCI0282,MiddleTemporalGyrusposteriordivision,-0.0696566238594905,-0.0529743219662349,-0.08414509702579229
sub-MCI2004,MiddleTemporalGyrusposteriordivision,-0.10404148718402904,-0.0852622837685702,0.15098952038648358
sub-MCI2011,MiddleTemporalGyrusposteriordivision,-0.059638664467026446,-0.08499486433002013,0.06362814499226287
sub-MCI1000,MiddleTemporalGyrusposteriordivision,-0.07494780367502207,-0.07580727168287178,-0.006054785825784087
sub-MCI0297,MiddleTemporalGyrusposteriordivision,-0.06613232011718702,-0.061377431672164806,-0.06897992895615494
sub-MCI0283,MiddleTemporalGyrusposteriordivision,-0.1487889736190521,-0.09803500364499437,-0.2684846318111301
sub-MCI2005,MiddleTemporalGyrusposteriordivision,-0.2547288885229066,-0.12017442994792085,-0.24519272949188808
sub-MCI0173,MiddleTemporalGyrusposteriordivision,-0.14841836396080602,-0.08489915727634481,-0.06390430564267555
sub-MCI1001,MiddleTemporalGyrusposteriordivision,-0.03457494176486194,-0.0840108358321582,-0.0708016860057191
sub-MCI0296,MiddleTemporalGyrusposteriordivision,-0.10066415874476684,-0.06961669818860715,-0.05487217764319746
sub-MCI0192,MiddleTemporalGyrusposteriordivision,-0.046578186573004235,-0.08482327619329304,-0.054678301655696676
sub-MCI0137,MiddleTemporalGyrusposteriordivision,-0.07670551431437436,-0.05158220262075678,-0.06867586433486923
sub-MCI2009,MiddleTemporalGyrusposteriordivision,-0.052936697806234854,-0.05095736275013883,0.14223161036604354
sub-MCI0141,MiddleTemporalGyrusposteriordivision,-0.0847885006739502,-0.09101903772406378,-0.04017115809866935
sub-MCI0277,MiddleTemporalGyrusposteriordivision,-0.09550061342578249,-0.10624685404102273,-0.14640290764843747
sub-MCI0263,MiddleTemporalGyrusposteriordivision,-0.07961006675321272,-0.06662035619126157,0.005201361825194963
sub-MCI2008,MiddleTemporalGyrusposteriordivision,-0.0647533660541404,-0.0932171686663013,-0.019456328542512658
sub-MCI0275,MiddleTemporalGyrusposteriordivision,-0.031596996436832316,-0.0300166961130151,0.12041469730648008
sub-MCI0190,MiddleTemporalGyrusposteriordivision,-0.05887919390402664,-0.06612783358566543,-0.08481679162522987
sub-MCI0298,MiddleTemporalGyrusposteriordivision,-0.07780019192111676,-0.08795939418347756,0.08243056796869219
sub-MCI0184,MiddleTemporalGyrusposteriordivision,-0.095067104670203,-0.05657881136133282,-0.005563774308496901
sub-MCI0274,MiddleTemporalGyrusposteriordivision,-0.08880205546896752,-0.07158599601505732,-0.08333283590746494
sub-MCI0299,MiddleTemporalGyrusposteriordivision,-0.11022674633776589,-0.0644047805909668,-0.04127072507427077
sub-MCI0191,MiddleTemporalGyrusposteriordivision,-0.07765893436076829,-0.05947747353378039,0.01410804288646705
sub-MCI0169,MiddleTemporalGyrusposteriordivision,-0.04063122268611822,-0.09402490091203916,-0.03369534163192499
sub-MCI0197,MiddleTemporalGyrusposteriordivision,-0.08954294146049407,-0.08640153448841088,-0.1887345179417709
sub-MCI0132,MiddleTemporalGyrusposteriordivision,-0.0933515366986825,-0.1168871623078332,-0.04990653075774891
sub-MCI0267,MiddleTemporalGyrusposteriordivision,-0.1498692790434907,-0.1353752768909542,-0.10689336319410753
sub-MCI0272,MiddleTemporalGyrusposteriordivision,-0.11995832448216821,-0.08066016846070094,0.04042171377211088
sub-MCI0182,MiddleTemporalGyrusposteriordivision,-0.12312803797558408,-0.08930168620149581,0.049135061785449276
sub-MCI2018,MiddleTemporalGyrusposteriordivision,-0.05307751553814258,-0.06679398805237809,-0.018996612524641635
sub-MCI0196,MiddleTemporalGyrusposteriordivision,-0.0862797230707262,-0.03568775679284302,-0.04706479171570832
sub-MCI0183,MiddleTemporalGyrusposteriordivision,-0.11590549655254148,-0.0857815619704154,-0.07950175961867466
sub-MCI0273,MiddleTemporalGyrusposteriordivision,-0.08662721159147467,-0.0793694507194715,-0.009595601687230065
sub-MCI0288,MiddleTemporalGyrusposteriordivision,-0.15631062595370993,-0.0741210323450615,0.0006615607677136148
sub-MCI0270,MiddleTemporalGyrusposteriordivision,-0.10880641886063007,-0.08371698525312857,-0.10622166255225358
sub-MCI0178,MiddleTemporalGyrusposteriordivision,-0.05153633310675818,-0.06275281274350762,-0.055069696038368386
sub-MCI0195,MiddleTemporalGyrusposteriordivision,-0.06121932248587309,-0.04779249832477568,-0.01547205644666297
sub-MCI0265,MiddleTemporalGyrusposteriordivision,-0.09671678170133934,-0.058178141975711584,-0.09715582520890635
sub-MCI0179,MiddleTemporalGyrusposteriordivision,-0.0976016920986281,-0.06896664669592392,-0.004965671839100795
sub-MCI0181,MiddleTemporalGyrusposteriordivision,-0.05900228741795037,-0.058507224487538756,-0.01129735107226946
sub-MCI0289,MiddleTemporalGyrusposteriordivision,-0.07100825155350217,-0.06405729033768573,-0.03130998232188229
sub-MCI0271,MiddleTemporalGyrusposteriordivision,-0.11896972571871998,-0.07077810682846453,0.06729952979337002
sub-MCI0264,MiddleTemporalGyrusposteriordivision,-0.1097222640936427,-0.07331018609895004,0.0904988860386448
sub-MCI0194,MiddleTemporalGyrusposteriordivision,-0.14569195814658298,-0.09152848961399793,-0.07805242742899114
sub-MCI2016,MiddleTemporalGyrustemporooccipitalpart,0.031588890580722076,-0.06167163274054891,-0.013637218536369794
sub-MCI0290,MiddleTemporalGyrustemporooccipitalpart,-0.09250601248809724,-0.10819714135610382,-0.04816084043845808
sub-MCI0268,MiddleTemporalGyrustemporooccipitalpart,-0.1102029526207348,-0.0774180203954238,-0.08902563263616496
sub-MCI0198,MiddleTemporalGyrustemporooccipitalpart,-0.06664296078722566,-0.10916063656714427,-0.33894570363558923
sub-MCI0285,MiddleTemporalGyrustemporooccipitalpart,-0.0983614819564853,-0.10130890955936007,-0.1500581903727247
sub-MCI2003,MiddleTemporalGyrustemporooccipitalpart,-0.05860034233054953,-0.08495488161713896,-0.0531643807856475
sub-MCI0199,MiddleTemporalGyrustemporooccipitalpart,-0.1207250697994679,-0.08332083424927425,-0.06617441648268543
sub-MCI2017,MiddleTemporalGyrustemporooccipitalpart,-0.10840067640634389,-0.08228787713838302,-0.0542638339701695
sub-MCI0269,MiddleTemporalGyrustemporooccipitalpart,-0.09169978349595358,-0.11578559937075832,0.38912468925361116
sub-MCI0284,MiddleTemporalGyrustemporooccipitalpart,-0.10291108798962878,-0.08911282810142562,-0.13011097899445392
sub-MCI2002,MiddleTemporalGyrustemporooccipitalpart,-0.020027129143806457,-0.07292462483401947,-0.021062869622680235
sub-MCI2001,MiddleTemporalGyrustemporooccipitalpart,-0.14737161604032226,-0.0755915591185621,-0.04923267523062066
sub-MCI0287,MiddleTemporalGyrustemporooccipitalpart,-0.14015562713532817,-0.14710259130038056,-0.1391944803968302
sub-MCI0292,MiddleTemporalGyrustemporooccipitalpart,-0.11826313147353504,-0.12107741670749408,-0.11833877726377633
sub-MCI2014,MiddleTemporalGyrustemporooccipitalpart,-0.13982682377260094,-0.09968571957308421,-0.11187202372235257
sub-MCI2000,MiddleTemporalGyrustemporooccipitalpart,-0.10770586330049282,-0.09751695720868755,0.021426789899997536
sub-MCI0286,MiddleTemporalGyrustemporooccipitalpart,-0.01780064529215758,-0.047595670586748004,0.06959300958002104
sub-MCI0115,MiddleTemporalGyrustemporooccipitalpart,-0.0860101338411678,-0.06014236768236187,0.01653880655085408
sub-MCI0236,MiddleTemporalGyrustemporooccipitalpart,-0.11544865968628497,-0.08998971528152236,-0.013063691930604759
sub-MCI0293,MiddleTemporalGyrustemporooccipitalpart,-0.05753475480709423,-0.061176263762329465,-0.24500913981411568
sub-MCI2015,MiddleTemporalGyrustemporooccipitalpart,-0.006215032469858106,-0.08030719210050044,-0.1125912078604087
sub-MCI1004,MiddleTemporalGyrustemporooccipitalpart,-0.09017056315762365,-0.09422275424714308,-0.056853701343103503
sub-MCI0295,MiddleTemporalGyrustemporooccipitalpart,-0.1537440267817914,-0.08826712190322086,-0.17704106733245356
sub-MCI1002,MiddleTemporalGyrustemporooccipitalpart,-0.07230298818256817,-0.13320267969986868,-0.05442151535404003
sub-MCI2013,MiddleTemporalGyrustemporooccipitalpart,-0.013506272288762724,-0.05868846109456287,-0.006696481846351649
sub-MCI0106,MiddleTemporalGyrustemporooccipitalpart,-0.12401454830277563,-0.08572265957483852,0.03607021809821235
sub-MCI0165,MiddleTemporalGyrustemporooccipitalpart,-0.08268542911708124,-0.06714258043068104,0.003222017691896739
sub-MCI0170,MiddleTemporalGyrustemporooccipitalpart,-0.12724807907400656,-0.08795606285779947,-0.16370698524556254
sub-MCI0113,MiddleTemporalGyrustemporooccipitalpart,-0.06864751336676113,-0.07925051881494259,-0.0426627745036658
sub-MCI2006,MiddleTemporalGyrustemporooccipitalpart,-0.12485171597975923,-0.08899631902839798,-0.23265467678481389
sub-MCI0278,MiddleTemporalGyrustemporooccipitalpart,-0.11009121090159839,-0.08320224556561095,-0.011485068107774199
sub-MCI0280,MiddleTemporalGyrustemporooccipitalpart,-0.10127158950300093,-0.09519526484633552,-0.20232709466930018
sub-MCI0107,MiddleTemporalGyrustemporooccipitalpart,-0.14350656336075693,-0.11342062428885974,-0.16391135199604862
sub-MCI0294,MiddleTemporalGyrustemporooccipitalpart,-0.1212634845291709,-0.0954246632225309,0.025952302333970955
sub-MCI2012,MiddleTemporalGyrustemporooccipitalpart,-0.1913521376188891,-0.121238470376948,-0.2527036625666055
sub-MCI1003,MiddleTemporalGyrustemporooccipitalpart,-0.07766266279396687,-0.08653108846158038,-0.036005746447726215
sub-MCI2007,MiddleTemporalGyrustemporooccipitalpart,-0.11812828866849581,-0.07841638058143106,-0.11743901998414276
sub-MCI0279,MiddleTemporalGyrustemporooccipitalpart,-0.10227921325350761,-0.08135853005619699,-0.07746195653061101
sub-MCI0281,MiddleTemporalGyrustemporooccipitalpart,-0.0917612555522741,-0.0881314430256502,-0.18783391300591637
sub-MCI0111,MiddleTemporalGyrustemporooccipitalpart,-0.09939620552311122,-0.10535146789393995,-0.17186919148330132
sub-MCI0282,MiddleTemporalGyrustemporooccipitalpart,-0.09826924238787364,-0.07352498258127088,-0.023842090734095638
sub-MCI2004,MiddleTemporalGyrustemporooccipitalpart,-0.08262107321712286,-0.13780337973257026,-0.3842269592641846
sub-MCI2011,MiddleTemporalGyrustemporooccipitalpart,-0.049346708880500384,-0.08062568432950253,0.0920466209774811
sub-MCI1000,MiddleTemporalGyrustemporooccipitalpart,-0.10663102977221618,-0.10724275440732854,-0.1171621492466082
sub-MCI0297,MiddleTemporalGyrustemporooccipitalpart,-0.06598083493680541,-0.09508524978881264,-0.012725736563391881
sub-MCI0283,MiddleTemporalGyrustemporooccipitalpart,-0.12391997957539713,-0.08957730523475485,-0.19336365931593708
sub-MCI2005,MiddleTemporalGyrustemporooccipitalpart,-0.2562472097853831,-0.1245379902757402,-0.278870002348865
sub-MCI0173,MiddleTemporalGyrustemporooccipitalpart,-0.12804233268392806,-0.07582483726577759,-0.03382324294357552
sub-MCI1001,MiddleTemporalGyrustemporooccipitalpart,-0.05403722688027171,-0.07636800668562803,-0.24792596094212618
sub-MCI0296,MiddleTemporalGyrustemporooccipitalpart,-0.10157747515406197,-0.11461207761509963,-0.16875364180336838
sub-MCI0192,MiddleTemporalGyrustemporooccipitalpart,-0.06572839682242511,-0.09327769674968961,-0.07490750657146086
sub-MCI0137,MiddleTemporalGyrustemporooccipitalpart,-0.13789472373149123,-0.11763555697302208,-0.06110928509281801
sub-MCI2009,MiddleTemporalGyrustemporooccipitalpart,-0.05588773657637584,-0.07643436110099744,0.029235434320418537
sub-MCI0141,MiddleTemporalGyrustemporooccipitalpart,-0.08366126299161707,-0.11803584506696013,-0.043694199272451606
sub-MCI0277,MiddleTemporalGyrustemporooccipitalpart,-0.05838452699742929,-0.1089011065951071,-0.080085824907498
sub-MCI0263,MiddleTemporalGyrustemporooccipitalpart,-0.08428348473427147,-0.07767770154673795,-0.05751226409998176
sub-MCI2008,MiddleTemporalGyrustemporooccipitalpart,-0.08847017228842076,-0.12132415648114254,-0.0980893211010125
sub-MCI0275,MiddleTemporalGyrustemporooccipitalpart,-0.05363279096163209,-0.06989636840135752,0.012959217211528196
sub-MCI0190,MiddleTemporalGyrustemporooccipitalpart,-0.09083079736064335,-0.07637760017527456,-0.06459655378831504
sub-MCI0298,MiddleTemporalGyrustemporooccipitalpart,-0.07013494904040606,-0.10083098868979191,0.1129780437099065
sub-MCI0184,MiddleTemporalGyrustemporooccipitalpart,-0.12941023013502573,-0.09966816735927647,-0.17857742249368178
sub-MCI0274,MiddleTemporalGyrustemporooccipitalpart,-0.08354777694240152,-0.08137218574093223,-0.04187772057374115
sub-MCI0299,MiddleTemporalGyrustemporooccipitalpart,-0.12344474676711006,-0.06232291970119495,0.1135656586984938
sub-MCI0191,MiddleTemporalGyrustemporooccipitalpart,-0.08201400433046718,-0.06337200960022488,-0.013338999018940076
sub-MCI0169,MiddleTemporalGyrustemporooccipitalpart,-0.07810205343725951,-0.08516121754934547,-0.01681477688036697
sub-MCI0197,MiddleTemporalGyrustemporooccipitalpart,-0.09062600701288351,-0.08765184012923248,0.028208570067103648
sub-MCI0132,MiddleTemporalGyrustemporooccipitalpart,-0.12839890382633612,-0.1195159375681693,-0.053261787611579445
sub-MCI0267,MiddleTemporalGyrustemporooccipitalpart,-0.18277363691522,-0.142766142308575,-0.16814648333331658
sub-MCI0272,MiddleTemporalGyrustemporooccipitalpart,-0.1134752042100529,-0.07779180571327492,-0.19546340794086267
sub-MCI0182,MiddleTemporalGyrustemporooccipitalpart,-0.12935757714430174,-0.08741791601046237,-0.058253523369986744
sub-MCI2018,MiddleTemporalGyrustemporooccipitalpart,-0.07634141493913485,-0.060257533606729134,-0.0010983862288810986
sub-MCI0196,MiddleTemporalGyrustemporooccipitalpart,-0.06676846603441793,-0.06869007906511894,-0.05339666449009856
sub-MCI0183,MiddleTemporalGyrustemporooccipitalpart,-0.12499888415701277,-0.09601654191219457,-0.02384134338661622
sub-MCI0273,MiddleTemporalGyrustemporooccipitalpart,-0.05520455380608016,-0.08065866074134916,-0.017473942861389702
sub-MCI0288,MiddleTemporalGyrustemporooccipitalpart,-0.12372222289068469,-0.0653003998322865,-0.04608405778191291
sub-MCI0270,MiddleTemporalGyrustemporooccipitalpart,-0.08476520333745607,-0.08243839169035365,-0.13935200792126903
sub-MCI0178,MiddleTemporalGyrustemporooccipitalpart,-0.07488058780013183,-0.07043988045659584,-0.0382023883854588
sub-MCI0195,MiddleTemporalGyrustemporooccipitalpart,-0.043617802463505745,-0.044645499259675925,-0.04243635547088302
sub-MCI0265,MiddleTemporalGyrustemporooccipitalpart,-0.0917550879467081,-0.03441702035508512,0.06626602075406245
sub-MCI0179,MiddleTemporalGyrustemporooccipitalpart,-0.09280154284797307,-0.08386338954935943,-0.026219101026915756
sub-MCI0181,MiddleTemporalGyrustemporooccipitalpart,-0.07804371878990374,-0.06010565138543863,-0.047898959021922316
sub-MCI0289,MiddleTemporalGyrustemporooccipitalpart,-0.04987932962629126,-0.0602430510492881,0.015422101671892152
sub-MCI0271,MiddleTemporalGyrustemporooccipitalpart,-0.10066431688709085,-0.08039875081466853,-0.06141636024812708
sub-MCI0264,MiddleTemporalGyrustemporooccipitalpart,-0.124698094082709,-0.06777243432463564,0.11709363616482174
sub-MCI0194,MiddleTemporalGyrustemporooccipitalpart,-0.12934355448962706,-0.11048663620110093,-0.06707943559175408
sub-MCI2016,OccipitalFusiformGyrus,0.011891345135556019,-0.04101725950776994,-0.16993606618804527
sub-MCI0290,OccipitalFusiformGyrus,-0.03540009766460237,-0.01605299367340142,0.15121486586758287
sub-MCI0268,OccipitalFusiformGyrus,-0.032757768679495,-0.023822815970129203,-0.06753126273341992
sub-MCI0198,OccipitalFusiformGyrus,-0.03716830060181941,-0.058319482806770996,0.3426992988914972
sub-MCI0285,OccipitalFusiformGyrus,-0.03764129282602447,-0.0733558461575949,-0.031284026292636054
sub-MCI2003,OccipitalFusiformGyrus,0.024458029503384812,-0.029384176985239457,-0.016594746247648885
sub-MCI0199,OccipitalFusiformGyrus,-0.025665920233316857,-0.013860394052726517,-0.03645342945708048
sub-MCI2017,OccipitalFusiformGyrus,0.015534001851363947,0.0030339073086681533,-0.022697335609756817
sub-MCI0269,OccipitalFusiformGyrus,0.0010380403952802086,-0.0008147394896906382,0.3277337874958135
sub-MCI0284,OccipitalFusiformGyrus,-0.04484857539397779,-0.03743445690912329,0.04110677185519072
sub-MCI2002,OccipitalFusiformGyrus,-0.02181966848108185,0.005591494583030096,0.047477139174553644
sub-MCI2001,OccipitalFusiformGyrus,-0.022297954408891155,-0.016207168940643824,-0.16406376995815078
sub-MCI0287,OccipitalFusiformGyrus,-0.136520359007497,-0.023418676891028258,-0.0558874903198631
sub-MCI0292,OccipitalFusiformGyrus,-0.01029884489218089,-0.031984057050893404,-0.040558811483639885
sub-MCI2014,OccipitalFusiformGyrus,-0.041138489225226706,-0.06710410660181147,-0.09172651661046896
sub-MCI2000,OccipitalFusiformGyrus,-0.02600228584066128,-0.06678628200907655,0.013324987635359394
sub-MCI0286,OccipitalFusiformGyrus,-0.010300594731895747,-0.004166953242066307,0.013722130073076384
sub-MCI0115,OccipitalFusiformGyrus,-0.06990156054418398,-0.03587360688016569,-0.035320472534506556
sub-MCI0236,OccipitalFusiformGyrus,-0.0459865113584861,-0.025271966787325312,-0.03845895640899357
sub-MCI0293,OccipitalFusiformGyrus,0.011709334120270575,0.020650771475494715,0.12057559022617988
sub-MCI2015,OccipitalFusiformGyrus,-0.03130240627393983,0.020614309502506343,0.15293268395822754
sub-MCI1004,OccipitalFusiformGyrus,0.00837178007320117,-0.0597525050391462,-0.07759372867391444
sub-MCI0295,OccipitalFusiformGyrus,-0.02175420707837654,-0.01455658479479973,-0.0003161945908002762
sub-MCI1002,OccipitalFusiformGyrus,-0.001305994725121354,-0.009596361220860068,-0.010277590915783636
sub-MCI2013,OccipitalFusiformGyrus,0.045141249747947504,-0.0018356310198887561,0.0817861193998707
sub-MCI0106,OccipitalFusiformGyrus,-0.07262179153830456,-0.07272084868220205,0.21929743024272366
sub-MCI0165,OccipitalFusiformGyrus,-0.04707985443406914,-0.024613727437532054,-0.05735167750345434
sub-MCI0170,OccipitalFusiformGyrus,-0.07102321125011954,-0.08378645905173168,-0.0505217539427173
sub-MCI0113,OccipitalFusiformGyrus,-0.040921068373838916,-0.032086283926520694,-0.13762674974681222
sub-MCI2006,OccipitalFusiformGyrus,0.01356962105018625,-0.004192849326713604,-0.0008945169299682181
sub-MCI0278,OccipitalFusiformGyrus,-0.10371528511045028,-0.040873907381611854,-0.07455933267598876
sub-MCI0280,OccipitalFusiformGyrus,-0.034336253935767225,-0.026426959865897125,-0.04280942837429215
sub-MCI0107,OccipitalFusiformGyrus,-0.053452285376654286,-0.06966892556934093,0.00945841570585158
sub-MCI0294,OccipitalFusiformGyrus,-0.03660744209400761,-0.05994249710387272,0.07767919488177925
sub-MCI2012,OccipitalFusiformGyrus,-0.07999158879441767,-0.060640939834624756,0.1706600526707429
sub-MCI1003,OccipitalFusiformGyrus,-0.08117798194132099,-0.03539508217464658,-0.014709228929737316
sub-MCI2007,OccipitalFusiformGyrus,-0.058582870276355746,-0.04599799640953138,-0.034699817779596055
sub-MCI0279,OccipitalFusiformGyrus,-0.004433482458109994,-0.0006728388836028884,-0.0622363566180859
sub-MCI0281,OccipitalFusiformGyrus,-0.0023589635119180452,0.02097538751069627,-0.09216365468633442
sub-MCI0111,OccipitalFusiformGyrus,-0.019001625190807017,-0.021434090782024885,-0.013464652537453398
sub-MCI0282,OccipitalFusiformGyrus,-0.022707437755869146,-0.017872870013954958,-0.027723821471525145
sub-MCI2004,OccipitalFusiformGyrus,-0.033997907528039294,-0.028365774866100483,-0.0417832235346243
sub-MCI2011,OccipitalFusiformGyrus,-0.021086786079331052,-0.0015823929602883768,0.07649613627405845
sub-MCI1000,OccipitalFusiformGyrus,0.00493588171547073,0.012216090962577758,0.1346908675520858
sub-MCI0297,OccipitalFusiformGyrus,-0.009680553976832939,-0.010490903872062916,-0.0744709944788235
sub-MCI0283,OccipitalFusiformGyrus,-0.11068366314874245,-0.0360704695756196,0.05468794972283193
sub-MCI2005,OccipitalFusiformGyrus,-0.04918593549478452,-0.045308324017079904,-0.03741656072580506
sub-MCI0173,OccipitalFusiformGyrus,-0.005359003074179259,0.010989104865740021,0.028688495902266006
sub-MCI1001,OccipitalFusiformGyrus,-0.01512843215725603,-0.03616766595849283,-0.054361718570375056
sub-MCI0296,OccipitalFusiformGyrus,-0.008610305306723789,-0.0008109076424303559,-0.03209549667714029
sub-MCI0192,OccipitalFusiformGyrus,-0.038537660731239716,0.01623062453160379,0.010761905348999205
sub-MCI0137,OccipitalFusiformGyrus,-0.07197906531286341,-0.012316706781309212,0.14906487484148417
sub-MCI2009,OccipitalFusiformGyrus,-0.04279515655378045,-0.038798422876302634,-0.001157983341749609
sub-MCI0141,OccipitalFusiformGyrus,-0.04626057524468432,-0.05308243288541899,-0.08253343099461115
sub-MCI0277,OccipitalFusiformGyrus,0.012185739503480194,0.007349937680451849,0.051313793878681305
sub-MCI0263,OccipitalFusiformGyrus,-0.014859595183933452,-0.009856583355056235,0.02886891191922299
sub-MCI2008,OccipitalFusiformGyrus,-0.005146279278849754,0.000336474515027102,0.01467324544299176
sub-MCI0275,OccipitalFusiformGyrus,0.007222818576836224,-0.03757925772050975,-0.007059779746442512
sub-MCI0190,OccipitalFusiformGyrus,-0.03634400061648234,-0.031881433134192935,0.04917924459213873
sub-MCI0298,OccipitalFusiformGyrus,0.017070222175199525,0.0123099294862159,0.16933524917336656
sub-MCI0184,OccipitalFusiformGyrus,-0.023506195046508836,-0.02178910524966717,0.009631338263195724
sub-MCI0274,OccipitalFusiformGyrus,-0.02927267770782745,0.009821395478764483,-0.011609559086166423
sub-MCI0299,OccipitalFusiformGyrus,-0.019486742062497862,-0.011054086931466051,-0.06389627421732863
sub-MCI0191,OccipitalFusiformGyrus,-0.036835042098903356,0.010185053861538146,0.03630831836751416
sub-MCI0169,OccipitalFusiformGyrus,0.003939372875303119,0.03988212644709373,0.09535263255836665
sub-MCI0197,OccipitalFusiformGyrus,-0.022084966674914785,-0.029009836222906094,0.12323332593123691
sub-MCI0132,OccipitalFusiformGyrus,-0.017518855779949466,-0.03215926109006491,0.03561206538347483
sub-MCI0267,OccipitalFusiformGyrus,0.009729610945187891,-0.011303058984835102,0.009451877271799851
sub-MCI0272,OccipitalFusiformGyrus,0.005288938108579424,-0.006830392113646007,0.07883545028597523
sub-MCI0182,OccipitalFusiformGyrus,-0.0811488076508957,-0.08665216576139698,-0.0715523886478192
sub-MCI2018,OccipitalFusiformGyrus,-0.017872564734685688,-0.03103753503811202,-0.04777287609757896
sub-MCI0196,OccipitalFusiformGyrus,-0.016191664040000286,0.005236487243749551,-0.06247289421066786
sub-MCI0183,OccipitalFusiformGyrus,-0.12241466259875763,-0.007093185841554754,0.11616750605136868
sub-MCI0273,OccipitalFusiformGyrus,0.01998690497725073,-0.006170219754562518,0.029951842036010444
sub-MCI0288,OccipitalFusiformGyrus,-0.11597974566987361,-0.09813061242189805,0.0957540519013968
sub-MCI0270,OccipitalFusiformGyrus,-0.10852932966169916,-0.05396593398128136,-0.02021250198909178
sub-MCI0178,OccipitalFusiformGyrus,-0.03870140251980614,-0.012872194121391354,-0.007190285965257945
sub-MCI0195,OccipitalFusiformGyrus,-0.08730818966385473,-0.02724695125560245,0.015619450905926903
sub-MCI0265,OccipitalFusiformGyrus,0.00029364477704753,0.024106890621338188,-0.027989631374961722
sub-MCI0179,OccipitalFusiformGyrus,-0.016948551512642702,-0.0024349362684729153,-0.011982952394135472
sub-MCI0181,OccipitalFusiformGyrus,-0.06297145621952434,-0.021547724594376344,-0.03066781871857169
sub-MCI0289,OccipitalFusiformGyrus,0.023168662883064253,0.01967167697504126,-0.0007529985019311223
sub-MCI0271,OccipitalFusiformGyrus,-0.010627001415028392,-0.03029731910003153,0.003574542295622042
sub-MCI0264,OccipitalFusiformGyrus,0.002311970516488298,0.00712726823710091,0.1062075718967674
sub-MCI0194,OccipitalFusiformGyrus,-0.019363343861318435,-0.05320829737342555,-0.03635045934676671
sub-MCI2016,OccipitalPole,0.03694989487859591,-0.0039559673684369506,-0.08373744012449347
sub-MCI0290,OccipitalPole,-0.032722240102117904,0.004913559451422872,0.08317781188560518
sub-MCI0268,OccipitalPole,0.015171219075965877,0.010191425717154482,-0.09957343592929237
sub-MCI0198,OccipitalPole,-0.020350745742378735,-0.05161736928589193,0.5538180261262513
sub-MCI0285,OccipitalPole,0.03930550618782055,-0.016826602609585024,-0.08221623434135751
sub-MCI2003,OccipitalPole,-0.03388565035735794,-0.01758446646738383,-0.025934575371285584
sub-MCI0199,OccipitalPole,-0.016738911572007926,-0.016464379477180654,0.00012875867318136984
sub-MCI2017,OccipitalPole,0.0643608293940899,0.033751583669740876,-0.0076522223954109715
sub-MCI0269,OccipitalPole,0.002358787909621193,-0.005180284574755988,0.32459771802182186
sub-MCI0284,OccipitalPole,-0.037002086519385836,-0.052441715808799236,0.024045103253190266
sub-MCI2002,OccipitalPole,0.0005540508072539184,-0.006048296141938189,-0.05982245924994955
sub-MCI2001,OccipitalPole,0.02445016235100207,0.0031104777353463276,0.05076740723841631
sub-MCI0287,OccipitalPole,-0.03937669808472254,-0.03392497403777898,-0.20878098670827172
sub-MCI0292,OccipitalPole,0.015315867433249185,-0.0028914437114169376,-0.0015759681328943714
sub-MCI2014,OccipitalPole,0.04569486706154743,0.01863394422710208,0.01265685514527289
sub-MCI2000,OccipitalPole,-0.036160393744222835,-0.0013656799188795563,0.01931923449555253
sub-MCI0286,OccipitalPole,0.0020837453276003073,0.0007501479932261496,0.08210389071701846
sub-MCI0115,OccipitalPole,-0.0535325943035609,-0.009524866015676377,-0.016653997083489674
sub-MCI0236,OccipitalPole,-0.04552827041353089,-0.042637069333124736,-0.03943134621282836
sub-MCI0293,OccipitalPole,0.017049931176971723,0.008349502719530872,-0.07977336195873659
sub-MCI2015,OccipitalPole,-0.0361155661292905,-0.013325235023698865,0.0053708862237118035
sub-MCI1004,OccipitalPole,-0.01712898568810816,-0.01487002110170214,0.007900559918123322
sub-MCI0295,OccipitalPole,0.019032128614481048,0.0029841622884379483,-0.05584806243128764
sub-MCI1002,OccipitalPole,-0.012298848042119366,0.010672083541758288,-0.030883626511492197
sub-MCI2013,OccipitalPole,0.04055428108108205,-0.012803100502296253,0.05457237455149971
sub-MCI0106,OccipitalPole,-0.1041250389529963,-0.07221926207848382,0.061810134047603486
sub-MCI0165,OccipitalPole,0.010242254723129313,0.003889802718510976,-0.04418490013592395
sub-MCI0170,OccipitalPole,-0.014948083367953785,-0.0221378506907979,0.0006765913260429195
sub-MCI0113,OccipitalPole,0.02421592173399454,0.009838591301817117,-0.04163189331878235
sub-MCI2006,OccipitalPole,0.00708557936502279,-0.006964366104710658,0.02595821113661518
sub-MCI0278,OccipitalPole,0.025871547447364803,0.02791390035221543,-0.07409002034996419
sub-MCI0280,OccipitalPole,-0.03752420573776736,-0.006667112925714661,0.06988165100885263
sub-MCI0107,OccipitalPole,-0.03226611530342305,-0.0127521903887948,0.10066924008006857
sub-MCI0294,OccipitalPole,0.018815780809403167,0.016404116587461506,0.04832886661957393
sub-MCI2012,OccipitalPole,-0.05845856217622214,-0.04092461008983179,-0.015528437949428417
sub-MCI1003,OccipitalPole,-0.07103935419523845,-0.03532452523102936,-0.03548631256164672
sub-MCI2007,OccipitalPole,-0.0767221307263139,-0.0390985375112311,-0.03233218907510539
sub-MCI0279,OccipitalPole,0.031111707279927982,0.020680745549160783,-0.05205096323049769
sub-MCI0281,OccipitalPole,0.014228641599513616,0.014268253559827618,-0.07728093145510269
sub-MCI0111,OccipitalPole,0.051775202113060165,0.008999814556259424,0.03827768586751605
sub-MCI0282,OccipitalPole,0.017783926433765786,0.010233276706935917,0.05537893873808245
sub-MCI2004,OccipitalPole,-0.026864895155956265,-0.03497282750972387,0.06483594401317516
sub-MCI2011,OccipitalPole,-0.0030619700962729902,0.018762171256470388,0.0679809335925531
sub-MCI1000,OccipitalPole,0.041189988389342486,0.011744849373455308,0.09415048636497725
sub-MCI0297,OccipitalPole,-0.00466748278972074,0.008469693883332957,0.06204430516058072
sub-MCI0283,OccipitalPole,-0.034550998641492796,0.0058116413385149,-0.15209706134646306
sub-MCI2005,OccipitalPole,-0.12434003897545781,-0.07660825241385989,0.08576072944290744
sub-MCI0173,OccipitalPole,0.013929091893818515,0.01208497551938347,0.015777279574997805
sub-MCI1001,OccipitalPole,0.04889958023040538,0.013093199113447727,-0.10504394281743168
sub-MCI0296,OccipitalPole,-0.025141567520001712,-0.062059297818498435,-0.07093144605946022
sub-MCI0192,OccipitalPole,-0.009086382756104048,-0.0023957900278991674,0.042776142186197436
sub-MCI0137,OccipitalPole,0.012424257460480677,0.0073750199095177936,0.03017820040168231
sub-MCI2009,OccipitalPole,0.03915741018810684,0.0124851060659068,-0.10483512383533898
sub-MCI0141,OccipitalPole,-0.021845624662352067,-0.03528982564230349,-0.03840448850464944
sub-MCI0277,OccipitalPole,-0.007221022334371218,-0.01021137689893293,0.016907030110437295
sub-MCI0263,OccipitalPole,-0.026754535643689778,0.0003883813719566295,-0.005735766922139613
sub-MCI2008,OccipitalPole,-0.005079451894891608,0.0037084861660803036,0.039070366580319545
sub-MCI0275,OccipitalPole,-0.004076611014297447,0.009702522585186285,0.06112962511206571
sub-MCI0190,OccipitalPole,-0.0254745168369667,0.008353784504002926,-0.023712354399532117
sub-MCI0298,OccipitalPole,0.019436209534485136,-0.015326975650878717,-0.17245809610172713
sub-MCI0184,OccipitalPole,-0.005087602575031039,-0.02278493480444517,0.00409992786538986
sub-MCI0274,OccipitalPole,0.03321755036609372,0.03375686373894879,0.019938269475003087
sub-MCI0299,OccipitalPole,-0.03173416056004922,-0.012131652203942191,-0.09037951756030722
sub-MCI0191,OccipitalPole,-0.020417067911525578,-0.023356416861914628,0.06678569565007512
sub-MCI0169,OccipitalPole,-0.030955406224002592,-0.034362227220075474,0.043150945848606126
sub-MCI0197,OccipitalPole,-0.011968057869536603,-0.028087316846293394,-0.023332500569607544
sub-MCI0132,OccipitalPole,-0.024744008614247155,-0.01691289750395769,0.05022113977181243
sub-MCI0267,OccipitalPole,-0.02152422227222437,-0.009468139462627392,-0.02643303171270574
sub-MCI0272,OccipitalPole,-0.042734145431450876,-0.024503435536692316,0.10366139098904253
sub-MCI0182,OccipitalPole,-0.04523081648055359,-0.03713132235906432,0.04768479303248282
sub-MCI2018,OccipitalPole,0.01946594047353998,0.025295313132474753,0.05802349603604657
sub-MCI0196,OccipitalPole,0.012503206377071975,0.0036969933018890016,0.07055798176566122
sub-MCI0183,OccipitalPole,-0.1229571599299076,-0.04983801580768602,0.02330275109092415
sub-MCI0273,OccipitalPole,-0.001944896966017143,-0.02582801045053219,0.10885827460512275
sub-MCI0288,OccipitalPole,-0.03262166715290139,-0.01586384344416112,0.07404846079780912
sub-MCI0270,OccipitalPole,0.01862536260268227,0.0036042333990644933,0.03367499250168539
sub-MCI0178,OccipitalPole,-0.0033032683435174136,-0.006722605816513753,0.021355790115965896
sub-MCI0195,OccipitalPole,-0.061844973747152795,-0.025682477170745514,-0.04881032190869513
sub-MCI0265,OccipitalPole,-0.019015581096426665,0.03045976847740917,-0.02881229459229087
sub-MCI0179,OccipitalPole,-0.00575071244237045,-0.020266096921120802,-0.0195722982831444
sub-MCI0181,OccipitalPole,-0.00037980397783677223,-0.004306206710348043,-0.006344673342546198
sub-MCI0289,OccipitalPole,0.028137357178525002,0.021299291612340253,-0.0016697256048890617
sub-MCI0271,OccipitalPole,-0.013086076276181134,-0.010262073333052244,-0.034295275661490474
sub-MCI0264,OccipitalPole,0.020228902411788825,0.02783167016273661,0.029733803404114578
sub-MCI0194,OccipitalPole,-0.04083703682893279,-0.016020347079569053,-0.03476367275134119
sub-MCI2016,Pallidum,0.03268507185586366,-0.03948000825618177,0.10218683674798583
sub-MCI0290,Pallidum,-0.04846840590481183,-0.036782664095714575,-0.07641934693365407
sub-MCI0268,Pallidum,-0.009628954251961658,0.07711049324692086,0.01644459496927038
sub-MCI0198,Pallidum,-0.030488823333308525,-0.016421595025077274,-0.03649913099139811
sub-MCI0285,Pallidum,-0.0061000826315222535,-0.023380635529173042,-0.10939158497578513
sub-MCI2003,Pallidum,-0.025123648847489282,0.04248262620768727,-0.016870399777565857
sub-MCI0199,Pallidum,-0.0005245589579890249,-0.018598760267846112,-0.025220131387052622
sub-MCI2017,Pallidum,-0.04151055428108284,-0.020053695145510704,-0.010741123989922892
sub-MCI0269,Pallidum,0.0032530135128205203,0.04806092377514557,0.8127622759263582
sub-MCI0284,Pallidum,0.009701249319209779,0.02563418246462323,0.19378044662731111
sub-MCI2002,Pallidum,-0.0228963001115223,0.04683666096864412,-0.0016206372577086462
sub-MCI2001,Pallidum,0.01109181840079921,0.0273221127137607,-0.06788512587879872
sub-MCI0287,Pallidum,-0.04107934523917648,0.10440030653961829,3.3254102526607143
sub-MCI0292,Pallidum,-0.0065769357114328795,-0.03420845920816716,-0.10973037291814053
sub-MCI2014,Pallidum,-0.05513623550128294,0.02123471122885201,-0.03494180883067829
sub-MCI2000,Pallidum,-0.022062100542068558,0.0011519015478307969,0.009225874946833502
sub-MCI0286,Pallidum,0.022493060496572716,0.10573794161690284,-0.08385379101108593
sub-MCI0115,Pallidum,-0.036858022482789535,-0.05446569422861325,-0.1495418169641981
sub-MCI0236,Pallidum,-0.013645971196999201,0.028866554654933506,-0.022150544807201612
sub-MCI0293,Pallidum,-0.030674556311074495,0.015081757518848972,-0.13030657944739363
sub-MCI2015,Pallidum,0.007608235963721926,-0.0071243381152056055,0.014634167594868916
sub-MCI1004,Pallidum,-0.002031898607232649,-0.03187177462118097,0.009725648786620264
sub-MCI0295,Pallidum,-0.014516091477943062,0.0032085052215130704,-0.09566817217979103
sub-MCI1002,Pallidum,0.016912751387391484,-0.022478183693534777,-0.07052765020789238
sub-MCI2013,Pallidum,0.032703775879717345,0.03892210617237592,-0.056070857260888333
sub-MCI0106,Pallidum,0.04946889809422409,-0.01621706683506317,0.06857207657274372
sub-MCI0165,Pallidum,0.003301934398322893,0.02197551111162071,0.020197293650953074
sub-MCI0170,Pallidum,-0.010260797096922887,0.005143978743170282,0.013631183983616495
sub-MCI0113,Pallidum,0.014163806435553759,0.03574235202009859,0.03480229707614249
sub-MCI2006,Pallidum,-0.009153639351971356,0.036030824405208224,0.04452422802267278
sub-MCI0278,Pallidum,-0.05081054671512681,-0.02617166063920947,-0.05711814978352283
sub-MCI0280,Pallidum,0.02882453852851102,0.024398784356051674,-0.17427646029920765
sub-MCI0107,Pallidum,-0.028160119899614342,0.0529308366322046,-0.010798238423601076
sub-MCI0294,Pallidum,-0.017924723504869147,-0.059682366310924745,-0.06873562395883606
sub-MCI2012,Pallidum,-0.1154604954687646,0.022445331487043564,-0.23383036089904244
sub-MCI1003,Pallidum,-0.010207524385903291,0.0006364932092158642,-0.03665528940322174
sub-MCI2007,Pallidum,-0.005643416737117376,-0.007550714605947289,-0.08839822198966606
sub-MCI0279,Pallidum,0.06991876086217727,0.026022379334404138,0.016635111173170514
sub-MCI0281,Pallidum,-0.04052899869235542,0.06258136972964175,-0.12660537724616905
sub-MCI0111,Pallidum,-0.09036092629509622,-0.011283754944978375,-0.10832583958170819
sub-MCI0282,Pallidum,-0.021455356992592937,-0.016035627459829362,-0.036104472746661974
sub-MCI2004,Pallidum,0.02556007157801358,0.009167399079341741,-0.006929210613513295
sub-MCI2011,Pallidum,-0.046669712919088537,-0.01887144084307479,-0.028388557922979733
sub-MCI1000,Pallidum,0.0019273752898854395,0.07203894374468989,0.009534761870680537
sub-MCI0297,Pallidum,-0.043990249565833285,-0.030776620108819673,-0.005307542168892277
sub-MCI0283,Pallidum,-0.023918374182261844,0.008707434997734976,-0.11611912238458161
sub-MCI2005,Pallidum,-0.011178322378725783,-0.041167108606551435,0.014547083128556255
sub-MCI0173,Pallidum,0.043820965995924555,0.00538093781335924,-0.0137306978809478
sub-MCI1001,Pallidum,-0.06009252533193953,-0.025894807126854238,-0.0720195524850719
sub-MCI0296,Pallidum,0.005587836718499551,0.0009986653532403644,-0.24432418960902227
sub-MCI0192,Pallidum,0.03848583064396675,0.033940690580799925,-0.06098904213983815
sub-MCI0137,Pallidum,-0.033041928446846704,0.0632127637169973,0.04616986831376219
sub-MCI2009,Pallidum,-0.002936047897690624,-0.0012358021397228633,-0.03460873592755071
sub-MCI0141,Pallidum,0.02585924123753003,0.03219616580341144,0.018553920803782247
sub-MCI0277,Pallidum,-0.02571152019159759,0.010364422630383893,-0.11007149655901394
sub-MCI0263,Pallidum,-0.08258364903211873,-0.04488702222381552,-0.11539880766182181
sub-MCI2008,Pallidum,-0.04569233740064816,-0.045579032555155406,-0.004929262496037193
sub-MCI0275,Pallidum,-0.08880890393577458,-0.03637982193811966,-0.06680277837419829
sub-MCI0190,Pallidum,0.06564269749325725,0.02266330099241895,-0.01646143821517642
sub-MCI0298,Pallidum,-0.019495038762309163,0.036707792907555874,0.032782920612130666
sub-MCI0184,Pallidum,-0.06380749101128201,0.007977817336419292,-0.11688894495276823
sub-MCI0274,Pallidum,-0.022335090621785486,0.0344994884342064,-0.07797193700607677
sub-MCI0299,Pallidum,-0.04197950151607518,-0.0016618757176605496,-0.021786560982127025
sub-MCI0191,Pallidum,0.01555149966856439,0.025463987614365764,0.06590937497213671
sub-MCI0169,Pallidum,-0.09304112105699634,-0.008617421016508552,-0.005475653862163754
sub-MCI0197,Pallidum,-0.04840236536288569,0.029096554130190445,0.012033086717366706
sub-MCI0132,Pallidum,0.0229546084787562,0.004543691722554322,-0.022724067621493246
sub-MCI0267,Pallidum,0.037710689598200654,0.06609972769720177,0.015592964742623764
sub-MCI0272,Pallidum,-0.10687374142615222,0.04127801398269429,0.2204641895511993
sub-MCI0182,Pallidum,-0.009149739913558245,0.020286935815474104,0.1740325605353611
sub-MCI2018,Pallidum,-0.05754796165242218,-0.016712301477585997,-0.07128956395055099
sub-MCI0196,Pallidum,-0.0003109344502909994,-0.009870993479142236,0.021586120382492354
sub-MCI0183,Pallidum,0.02006176798715393,0.056527258504201955,-0.04261691541673593
sub-MCI0273,Pallidum,-0.01128674817353784,-0.009511784711989643,-0.0042437922551781075
sub-MCI0288,Pallidum,-0.004050221804506298,0.025652614794598516,0.0423986201763637
sub-MCI0270,Pallidum,-0.04649433171766024,0.06394720729181534,-0.0341607388251582
sub-MCI0178,Pallidum,0.008662295834156982,-0.02997464539693363,0.012625831330670903
sub-MCI0195,Pallidum,-0.0530510136859611,-0.03704122840715462,-0.06875580264262492
sub-MCI0265,Pallidum,-0.10583136075650015,-0.02908347738603144,-0.08887212269890515
sub-MCI0179,Pallidum,-0.007581887407108157,-0.01133814422281256,0.018021111014784885
sub-MCI0181,Pallidum,-0.09873556772503751,-0.05300923912035271,-0.01413355934993809
sub-MCI0289,Pallidum,0.012307074038438903,-0.008406888792812406,-0.006101618375848789
sub-MCI0271,Pallidum,0.010140611054727766,-0.042147068698526684,0.028009547866514335
sub-MCI0264,Pallidum,-0.00514330043529075,-0.0207600233466806,-0.04105846036860152
sub-MCI0194,Pallidum,0.004042635710809211,-0.005408897963790283,0.02212145585753754
sub-MCI2016,ParacingulateGyrus,0.030427479604965606,0.0019875867050957318,0.077480547261948
sub-MCI0290,ParacingulateGyrus,-0.0006889225815786999,0.006205052923976389,-0.06027419541965652
sub-MCI0268,ParacingulateGyrus,-0.006123566207711035,0.020314950854379708,0.049532768718147664
sub-MCI0198,ParacingulateGyrus,-0.01076854694395478,-0.02919301868558437,0.03144748299900912
sub-MCI0285,ParacingulateGyrus,0.015378456483178631,-0.00880773049010462,-0.12793788799140948
sub-MCI2003,ParacingulateGyrus,-0.002704146478654697,-0.014969757667698565,-0.053065868324732424
sub-MCI0199,ParacingulateGyrus,0.003575356915929502,-0.010903380920054708,-0.006150784791389937
sub-MCI2017,ParacingulateGyrus,-0.012400270840822767,-0.01926807406806195,0.003941915243114026
sub-MCI0269,ParacingulateGyrus,0.005681478541676047,0.020680655135050664,0.04560801864454096
sub-MCI0284,ParacingulateGyrus,0.036513679254129454,0.021777561167416207,0.10040740846537628
sub-MCI2002,ParacingulateGyrus,0.0025963905886677774,-0.03825846137692877,0.06133543497593642
sub-MCI2001,ParacingulateGyrus,-0.006793866734969715,0.011034250106867906,0.1213944531318129
sub-MCI0287,ParacingulateGyrus,-0.021404879815968544,0.04172837334470706,0.1933106506739117
sub-MCI0292,ParacingulateGyrus,0.0196470986514795,0.026770200596913932,-0.14541789916079703
sub-MCI2014,ParacingulateGyrus,-0.007745951649208626,0.01888412602062567,0.04605760745908265
sub-MCI2000,ParacingulateGyrus,0.010620762830569527,-0.013008880711007757,0.021831897144864585
sub-MCI0286,ParacingulateGyrus,0.032169290060391355,0.0534482315155688,0.10368135591927313
sub-MCI0115,ParacingulateGyrus,0.013523860741349005,0.02141314631148111,0.05054001400820667
sub-MCI0236,ParacingulateGyrus,-0.0077916631951306225,0.013385992182557588,0.07480918187689617
sub-MCI0293,ParacingulateGyrus,0.0006308622118378253,0.03711924486590778,-0.18230498407208556
sub-MCI2015,ParacingulateGyrus,0.002486115924400772,-0.008576525870283772,-0.09356093840834029
sub-MCI1004,ParacingulateGyrus,0.019488393920730852,0.03639201577834612,0.023232883798076757
sub-MCI0295,ParacingulateGyrus,-0.02048915013982539,0.0023749405142128913,-0.06573176181449944
sub-MCI1002,ParacingulateGyrus,0.010555790042583986,0.014429118133328526,0.012322772652967776
sub-MCI2013,ParacingulateGyrus,0.023304485911688495,0.04884348059910488,0.00022996178211697943
sub-MCI0106,ParacingulateGyrus,0.021656305632571416,0.04047406688047591,0.11757399415308907
sub-MCI0165,ParacingulateGyrus,-0.004259612996800253,-0.0033995715843374197,0.01824435044854424
sub-MCI0170,ParacingulateGyrus,0.05360357297457794,0.04261641879785646,-0.1993899641854947
sub-MCI0113,ParacingulateGyrus,-0.0033286675191011843,-0.002855386637226074,0.008534394795196094
sub-MCI2006,ParacingulateGyrus,0.0025806741140306645,0.003695704905726263,0.0861932171328008
sub-MCI0278,ParacingulateGyrus,0.009910676577740349,0.04210968894690649,-0.028555054715733476
sub-MCI0280,ParacingulateGyrus,0.0036214013662111666,0.011608969821904383,0.03875013362249091
sub-MCI0107,ParacingulateGyrus,0.004554479027774832,0.022611702374971357,0.0705861599478861
sub-MCI0294,ParacingulateGyrus,-0.006947801585879723,0.023220017565867716,-0.0010425996301786722
sub-MCI2012,ParacingulateGyrus,0.007723297667233342,0.013254062245105705,0.07574706116635564
sub-MCI1003,ParacingulateGyrus,-0.0027333952791372762,0.012677026018151752,0.02334574736626755
sub-MCI2007,ParacingulateGyrus,-0.019381612260612753,-0.012919239406012412,0.029599164428981712
sub-MCI0279,ParacingulateGyrus,0.008994874777898638,-0.00902187410073056,0.007009860086394539
sub-MCI0281,ParacingulateGyrus,0.007193281410049472,-0.002491919888557822,-0.037899851277989755
sub-MCI0111,ParacingulateGyrus,-0.016054224736277906,0.00561817841246332,-0.018990873367253344
sub-MCI0282,ParacingulateGyrus,-0.023958121013217256,0.019982538489797183,0.035403915810888795
sub-MCI2004,ParacingulateGyrus,0.01265495405907062,0.040744760688900636,-1.13745847334795
sub-MCI2011,ParacingulateGyrus,0.005595942551699327,0.009738499679457837,0.054385925391833664
sub-MCI1000,ParacingulateGyrus,-0.006759342568662881,0.016783393795663848,-0.008632545708210058
sub-MCI0297,ParacingulateGyrus,0.019968722740764493,0.01619873383184407,0.030107831757067063
sub-MCI0283,ParacingulateGyrus,-0.029524345810536205,-0.01297523765680966,-0.030027869043053875
sub-MCI2005,ParacingulateGyrus,-0.013034617523402209,-0.005992105997546986,0.0374709104525657
sub-MCI0173,ParacingulateGyrus,-0.0030551651283274193,-0.002393846250718942,0.011387892200418496
sub-MCI1001,ParacingulateGyrus,0.01853080367950576,0.025472087838196655,-0.05548284676689023
sub-MCI0296,ParacingulateGyrus,0.00864046775725164,0.023201213806775298,-0.042099184254762924
sub-MCI0192,ParacingulateGyrus,0.0042509324621992205,0.008140953755702434,-0.0057130922425381965
sub-MCI0137,ParacingulateGyrus,0.029037575858187982,0.035553021750961734,0.008721410187175628
sub-MCI2009,ParacingulateGyrus,0.003922388107052973,0.005841653105112301,0.0793014215243675
sub-MCI0141,ParacingulateGyrus,0.02153520013927343,0.0026889708184802746,0.009629347072441891
sub-MCI0277,ParacingulateGyrus,0.008609295453181615,0.006830164992263078,-0.07371964985761709
sub-MCI0263,ParacingulateGyrus,-0.010627812055919906,-0.0035125915285977517,0.04889728859099682
sub-MCI2008,ParacingulateGyrus,-0.01052199595216796,-0.001501517892759548,-0.019678612097066176
sub-MCI0275,ParacingulateGyrus,0.046978233356067135,0.06672413904584996,0.030885893320760797
sub-MCI0190,ParacingulateGyrus,-0.0009032819574683199,-0.010022658081163403,0.021051101505795297
sub-MCI0298,ParacingulateGyrus,-0.002314175474545844,0.007684766261316564,-0.019543419602505635
sub-MCI0184,ParacingulateGyrus,-0.001275958586788669,-0.00029289054241471527,-0.07233600676559782
sub-MCI0274,ParacingulateGyrus,-0.002395993469452598,0.003953270391096717,0.0007026927597248203
sub-MCI0299,ParacingulateGyrus,1.8773379079081515e-05,-0.017872538334317466,0.03375638368641845
sub-MCI0191,ParacingulateGyrus,-0.0036527790059959235,0.041383893384569034,0.10027150951265217
sub-MCI0169,ParacingulateGyrus,0.033966252225476765,0.02195805451250519,0.00747893036489255
sub-MCI0197,ParacingulateGyrus,-0.0020422260828492325,-0.0023756039151165077,-0.1357343087036415
sub-MCI0132,ParacingulateGyrus,-0.002087738348978459,0.008195310540375672,-0.0196644879454651
sub-MCI0267,ParacingulateGyrus,-0.014320199649911932,-0.013459687695697926,-0.029975242349922555
sub-MCI0272,ParacingulateGyrus,-0.0030978827474009217,0.02543936944102335,-0.01411502227609532
sub-MCI0182,ParacingulateGyrus,0.012367791205733105,1.91575816727411e-06,-0.07671091600934665
sub-MCI2018,ParacingulateGyrus,0.0023519893863101775,-0.008844716631291563,0.004551053903584925
sub-MCI0196,ParacingulateGyrus,0.0002472803011240743,-0.003648895587318179,-0.02427129147101974
sub-MCI0183,ParacingulateGyrus,0.016581191343293323,0.004321748042541917,-0.02816200759056708
sub-MCI0273,ParacingulateGyrus,0.01976718702678942,-0.01276740481072561,0.04394405765794549
sub-MCI0288,ParacingulateGyrus,-0.009106894386480005,0.008891130766247462,0.037385010839373095
sub-MCI0270,ParacingulateGyrus,0.04434884956055881,0.015866498182514475,-0.026762865613452636
sub-MCI0178,ParacingulateGyrus,0.01950157959845616,-0.011711449389004702,0.026292845042582568
sub-MCI0195,ParacingulateGyrus,0.0008979001144777242,0.02156791792222363,0.03318343747419936
sub-MCI0265,ParacingulateGyrus,0.012032341818441691,-0.001736112465554202,-0.030409192889246404
sub-MCI0179,ParacingulateGyrus,-0.0057513436458655545,-0.014154280267277504,0.06046193724518158
sub-MCI0181,ParacingulateGyrus,0.00259961489106857,0.015144612329360764,0.04746969309313149
sub-MCI0289,ParacingulateGyrus,0.004117749288352759,0.004096113934201135,0.0055320774445926976
sub-MCI0271,ParacingulateGyrus,0.002163426359795539,0.011855845019907284,0.028824656131414654
sub-MCI0264,ParacingulateGyrus,-0.00483571012416922,0.0026386074058097004,0.03253172077613074
sub-MCI0194,ParacingulateGyrus,-0.006799066792764091,0.005070335533504875,0.041430933257674885
sub-MCI2016,ParahippocampalGyrusanteriordivision,-0.0009095551655407941,0.007361475982773144,-0.057892350932992845
sub-MCI0290,ParahippocampalGyrusanteriordivision,-0.0003038897118450147,-0.02295847335017792,0.055764039378402436
sub-MCI0268,ParahippocampalGyrusanteriordivision,0.002516326088211513,0.03910710972458042,-0.08352805934871052
sub-MCI0198,ParahippocampalGyrusanteriordivision,0.015513986415971718,0.039014961882487605,0.12199717914642726
sub-MCI0285,ParahippocampalGyrusanteriordivision,0.004316778832192817,-0.008298370055929595,0.2727862991010465
sub-MCI2003,ParahippocampalGyrusanteriordivision,-0.012786116360941001,0.009282207440286273,0.005369925255298666
sub-MCI0199,ParahippocampalGyrusanteriordivision,0.03896803529544036,0.02096693838960404,0.02890036480443784
sub-MCI2017,ParahippocampalGyrusanteriordivision,-0.011073791994558598,0.01198839359603579,0.013163722107827604
sub-MCI0269,ParahippocampalGyrusanteriordivision,0.0036270568730731754,0.0006233639974949766,0.42621672667008437
sub-MCI0284,ParahippocampalGyrusanteriordivision,0.037811904268054405,0.005733672655779353,0.1700461098924457
sub-MCI2002,ParahippocampalGyrusanteriordivision,0.024876857490071545,0.04887870885216927,-0.0004887206075193184
sub-MCI2001,ParahippocampalGyrusanteriordivision,0.009523767809476141,0.012375300111652906,-0.09687924963486629
sub-MCI0287,ParahippocampalGyrusanteriordivision,0.03198123939392723,0.06439783861635934,-0.3758243553423915
sub-MCI0292,ParahippocampalGyrusanteriordivision,-0.015355721793078732,-0.04215079989831371,-0.026163480701382105
sub-MCI2014,ParahippocampalGyrusanteriordivision,0.04029675203146988,0.030837057847386877,-0.03686334267350272
sub-MCI2000,ParahippocampalGyrusanteriordivision,0.032159627309497126,0.01990463890000667,0.048009571622947445
sub-MCI0286,ParahippocampalGyrusanteriordivision,-0.002154721623783564,-0.022893041790106393,0.052856795701202115
sub-MCI0115,ParahippocampalGyrusanteriordivision,0.04484023773942561,0.015581874237198872,0.0012808582342740387
sub-MCI0236,ParahippocampalGyrusanteriordivision,-0.002955666246940266,0.006299924853366814,0.051013485034578705
sub-MCI0293,ParahippocampalGyrusanteriordivision,0.05881187542082515,0.010077409385045201,-0.1428641327869532
sub-MCI2015,ParahippocampalGyrusanteriordivision,0.009771910224717701,-0.00366668372106478,-0.007511312461030253
sub-MCI1004,ParahippocampalGyrusanteriordivision,0.018973210230435834,-0.019051618570821115,0.0508268599332096
sub-MCI0295,ParahippocampalGyrusanteriordivision,-0.018800093435487414,0.012557676795572636,0.03355961514169798
sub-MCI1002,ParahippocampalGyrusanteriordivision,-0.0030385602121913353,-0.018031480398182604,-0.03486566549296376
sub-MCI2013,ParahippocampalGyrusanteriordivision,0.01938574217824615,-0.014898798702350394,-0.03634663963811753
sub-MCI0106,ParahippocampalGyrusanteriordivision,0.04131978210698247,0.028837992313636915,0.025123848073452734
sub-MCI0165,ParahippocampalGyrusanteriordivision,0.04171445115533726,0.012151030428592864,0.0005910840449678158
sub-MCI0170,ParahippocampalGyrusanteriordivision,0.016595328948628224,-0.021218931145023223,-0.06285242917550335
sub-MCI0113,ParahippocampalGyrusanteriordivision,0.024850083801668223,0.03103522270773586,0.028443739438893466
sub-MCI2006,ParahippocampalGyrusanteriordivision,-0.005524855495827242,0.0050542853315460635,0.04423392750654892
sub-MCI0278,ParahippocampalGyrusanteriordivision,0.03094887658181293,0.03534796370626166,-0.13984415111689324
sub-MCI0280,ParahippocampalGyrusanteriordivision,-0.03378081315949776,0.02119786866188715,0.05667747209448173
sub-MCI0107,ParahippocampalGyrusanteriordivision,0.027888119970759892,0.0945311589569731,0.038023664104992465
sub-MCI0294,ParahippocampalGyrusanteriordivision,0.06618971611580216,0.026073650081375743,0.051910030583196716
sub-MCI2012,ParahippocampalGyrusanteriordivision,-0.011493671651011624,0.006540910978152441,0.03275814161032405
sub-MCI1003,ParahippocampalGyrusanteriordivision,0.03176847691647498,0.008598923558737133,0.09153111362303686
sub-MCI2007,ParahippocampalGyrusanteriordivision,-0.04569816207120108,-0.03035555711313825,0.0031854663926766946
sub-MCI0279,ParahippocampalGyrusanteriordivision,-0.024969155413754714,-0.016512880093111304,0.01667542394863154
sub-MCI0281,ParahippocampalGyrusanteriordivision,-0.0033022195730253406,0.014934532900745106,0.0850635642709021
sub-MCI0111,ParahippocampalGyrusanteriordivision,0.05048222120839631,0.005804892865581913,0.06582268459158022
sub-MCI0282,ParahippocampalGyrusanteriordivision,0.04964500722275099,0.054725081452109386,-0.006299814039391966
sub-MCI2004,ParahippocampalGyrusanteriordivision,-0.009133232313947401,0.012518046847641965,-0.28285710455994073
sub-MCI2011,ParahippocampalGyrusanteriordivision,0.025624574173025848,0.024038808483006335,0.08363619157466463
sub-MCI1000,ParahippocampalGyrusanteriordivision,0.01869289917799028,0.0019275882344070342,0.08038095699346373
sub-MCI0297,ParahippocampalGyrusanteriordivision,-0.0019685397946887276,-0.003919025450277897,0.04090934478846529
sub-MCI0283,ParahippocampalGyrusanteriordivision,0.013323820823278983,0.030121795325239863,-0.15328147578589635
sub-MCI2005,ParahippocampalGyrusanteriordivision,-0.021875211142724418,-0.016793976585832777,-0.051765803628287504
sub-MCI0173,ParahippocampalGyrusanteriordivision,-0.001163894282373292,0.015759173091382965,0.017506184294829797
sub-MCI1001,ParahippocampalGyrusanteriordivision,0.06699025683310637,0.036281983782165995,-0.007877674306024115
sub-MCI0296,ParahippocampalGyrusanteriordivision,0.06745069792585515,0.007760567765254753,0.1276010154370721
sub-MCI0192,ParahippocampalGyrusanteriordivision,0.006511410403087491,0.09517253001017963,0.025464610046381505
sub-MCI0137,ParahippocampalGyrusanteriordivision,0.011145329603195486,0.09629559959113815,0.03833349666808492
sub-MCI2009,ParahippocampalGyrusanteriordivision,0.005557724475642219,0.05592834316736658,0.14153305239907377
sub-MCI0141,ParahippocampalGyrusanteriordivision,0.012917473339202576,0.018818727593784276,0.03767526980172091
sub-MCI0277,ParahippocampalGyrusanteriordivision,0.04585390367898448,0.01945593051507826,-0.03644547428060404
sub-MCI0263,ParahippocampalGyrusanteriordivision,0.026064931342087032,0.008318166050283455,-0.01713844520429496
sub-MCI2008,ParahippocampalGyrusanteriordivision,0.06673198148804985,0.048269582667316915,0.09525779501610289
sub-MCI0275,ParahippocampalGyrusanteriordivision,0.06614937943577538,0.054967664651692415,0.05178041627296791
sub-MCI0190,ParahippocampalGyrusanteriordivision,-0.01732706235939212,-0.0052615283758467545,0.08305253696361314
sub-MCI0298,ParahippocampalGyrusanteriordivision,0.03232855474087581,-0.013087152504902678,0.09926996835793905
sub-MCI0184,ParahippocampalGyrusanteriordivision,-0.0025913420334207635,0.0264475906489319,0.04607166657103919
sub-MCI0274,ParahippocampalGyrusanteriordivision,0.05117243688499385,0.02491950873406092,0.1287901327498473
sub-MCI0299,ParahippocampalGyrusanteriordivision,0.006269498404786558,-0.006056079367440937,0.10575964941390247
sub-MCI0191,ParahippocampalGyrusanteriordivision,0.022961357659495498,0.02564221510360694,0.10812234915903457
sub-MCI0169,ParahippocampalGyrusanteriordivision,0.046065760798809786,0.0073886037753641545,0.018709869652199604
sub-MCI0197,ParahippocampalGyrusanteriordivision,0.0013224195623797574,-0.0027327949390878424,0.07284391721079657
sub-MCI0132,ParahippocampalGyrusanteriordivision,0.03302193737742305,0.041955806976924276,0.11964260398004357
sub-MCI0267,ParahippocampalGyrusanteriordivision,-0.016441553346892936,-0.023396720939665824,0.45076643220992496
sub-MCI0272,ParahippocampalGyrusanteriordivision,0.02555468969000147,-0.02216230805257194,0.08210109837512776
sub-MCI0182,ParahippocampalGyrusanteriordivision,0.013876415960650099,0.011406785907277906,0.030847656900350868
sub-MCI2018,ParahippocampalGyrusanteriordivision,0.0578858121591993,0.03653976380426147,-0.04593602948687455
sub-MCI0196,ParahippocampalGyrusanteriordivision,0.05183655553727322,0.01747745071083534,0.03241198904313999
sub-MCI0183,ParahippocampalGyrusanteriordivision,-0.025512305070447192,0.076451375533156,-0.02333959910008816
sub-MCI0273,ParahippocampalGyrusanteriordivision,0.04265042454186369,0.038139814927342,0.1224720220611251
sub-MCI0288,ParahippocampalGyrusanteriordivision,0.05356052905567403,0.02717546290791206,0.1669128286826513
sub-MCI0270,ParahippocampalGyrusanteriordivision,0.002295555179878244,-0.03253173312787753,0.0007843127828751957
sub-MCI0178,ParahippocampalGyrusanteriordivision,0.02320685729076216,0.01297147807259695,0.062432125890683254
sub-MCI0195,ParahippocampalGyrusanteriordivision,0.003638171123368362,0.023717074663718286,0.04726622118206068
sub-MCI0265,ParahippocampalGyrusanteriordivision,0.0419921900414672,0.028150498622784292,0.0046517256688790734
sub-MCI0179,ParahippocampalGyrusanteriordivision,0.008566386830580072,0.02927264615406482,0.049131116492115795
sub-MCI0181,ParahippocampalGyrusanteriordivision,0.04285987773239684,0.027460883264187715,0.009955156833878532
sub-MCI0289,ParahippocampalGyrusanteriordivision,0.03710525089481849,-0.002070866563697764,0.03363428887058817
sub-MCI0271,ParahippocampalGyrusanteriordivision,-0.01521226444104286,-0.024090131017029722,-0.018694061478993825
sub-MCI0264,ParahippocampalGyrusanteriordivision,0.014784318063921229,0.02596379379691207,0.09720973692625995
sub-MCI0194,ParahippocampalGyrusanteriordivision,0.034610550239717174,0.016016143650815703,0.0534832406255046
sub-MCI2016,ParahippocampalGyrusposteriordivision,-0.03746957585369083,-0.028595938853046503,-0.08553221726424216
sub-MCI0290,ParahippocampalGyrusposteriordivision,0.020552048393545585,-0.031071955441214757,0.02588690078693454
sub-MCI0268,ParahippocampalGyrusposteriordivision,-0.0069528063765181575,0.003140086896751342,-0.05472289330960866
sub-MCI0198,ParahippocampalGyrusposteriordivision,0.009042431757425794,0.011502077055168968,-0.02395214584981879
sub-MCI0285,ParahippocampalGyrusposteriordivision,-0.010822141116081053,-0.008735726887128592,0.1348810859328922
sub-MCI2003,ParahippocampalGyrusposteriordivision,-0.06340938469437428,-0.030894795843050896,-0.07771598315123845
sub-MCI0199,ParahippocampalGyrusposteriordivision,-0.018659130126939767,-0.03677472905541051,-0.10015807589264791
sub-MCI2017,ParahippocampalGyrusposteriordivision,-0.049114753198125374,-0.020327331676687755,-0.02232413660252889
sub-MCI0269,ParahippocampalGyrusposteriordivision,-0.019237045437867892,0.004288960749831163,0.3283140236017533
sub-MCI0284,ParahippocampalGyrusposteriordivision,-0.018409025491164358,-0.013171966844218005,0.1324670885099437
sub-MCI2002,ParahippocampalGyrusposteriordivision,-0.023675655827823217,0.0328466797460692,-0.08268040988647471
sub-MCI2001,ParahippocampalGyrusposteriordivision,-0.014794352411629907,-0.010829653367665937,-0.0687367614060212
sub-MCI0287,ParahippocampalGyrusposteriordivision,-0.03534429712772765,0.010080198723499975,0.2631901263438413
sub-MCI0292,ParahippocampalGyrusposteriordivision,-0.05026544907891593,-0.0593998990263787,-0.036103852637858834
sub-MCI2014,ParahippocampalGyrusposteriordivision,-0.024008450149066638,-0.030886764575265378,-0.11265601304958907
sub-MCI2000,ParahippocampalGyrusposteriordivision,-0.008698775632752,-0.0622091352071528,-0.011061447320947623
sub-MCI0286,ParahippocampalGyrusposteriordivision,-0.006775988698115181,0.030687948920330502,-0.0512451666282889
sub-MCI0115,ParahippocampalGyrusposteriordivision,-0.025067500242259965,-0.025751413504372437,-0.039384940396677066
sub-MCI0236,ParahippocampalGyrusposteriordivision,-0.059500138228661965,-0.03287167024043232,-0.06830644100378007
sub-MCI0293,ParahippocampalGyrusposteriordivision,0.0035991596336406952,-0.0076424837157362206,0.06707537245993729
sub-MCI2015,ParahippocampalGyrusposteriordivision,0.07403071848118467,0.01074323042142813,0.002174268486516772
sub-MCI1004,ParahippocampalGyrusposteriordivision,-0.005665565363128685,-0.013236288419394674,0.12794543217820667
sub-MCI0295,ParahippocampalGyrusposteriordivision,-0.07891481620317961,-0.04022626898332898,-0.11691207338982207
sub-MCI1002,ParahippocampalGyrusposteriordivision,0.010640438655036073,-0.06735504926344663,-0.05628661682765801
sub-MCI2013,ParahippocampalGyrusposteriordivision,0.021107016510911465,-0.026474193421197147,-0.013602317009963406
sub-MCI0106,ParahippocampalGyrusposteriordivision,0.011941989370768877,0.008892691613419091,-0.03693247140423901
sub-MCI0165,ParahippocampalGyrusposteriordivision,-0.035218082574131775,-0.04702508194500414,-0.08253435432523012
sub-MCI0170,ParahippocampalGyrusposteriordivision,-0.01710249637392949,-0.011911079831158869,0.04693858059057604
sub-MCI0113,ParahippocampalGyrusposteriordivision,-0.022949842730616465,-0.00923585977513673,-0.06015629361733707
sub-MCI2006,ParahippocampalGyrusposteriordivision,-0.034337961044769175,0.014296688426526372,0.03779692538399961
sub-MCI0278,ParahippocampalGyrusposteriordivision,0.0034643551411805465,0.00796047126742896,-0.2403519004528376
sub-MCI0280,ParahippocampalGyrusposteriordivision,-0.0347045266288462,0.038271622472157645,0.02822537103220078
sub-MCI0107,ParahippocampalGyrusposteriordivision,-0.020388068301107683,0.020965029031820424,-0.08759382098282159
sub-MCI0294,ParahippocampalGyrusposteriordivision,0.021387190188837724,-0.042633465472400774,0.0885689091259256
sub-MCI2012,ParahippocampalGyrusposteriordivision,-0.04858023825735454,-0.021730090374321297,-0.14716369034907975
sub-MCI1003,ParahippocampalGyrusposteriordivision,-0.03625059178520496,-0.01656077858190446,-0.022640607963828573
sub-MCI2007,ParahippocampalGyrusposteriordivision,-0.01757510633337101,-0.015662912648832166,-0.02211849653218609
sub-MCI0279,ParahippocampalGyrusposteriordivision,-0.0655719096823013,0.00810944625419077,-0.005291061008307367
sub-MCI0281,ParahippocampalGyrusposteriordivision,-0.04628959095382645,-0.03877500768835462,-0.18609327175274856
sub-MCI0111,ParahippocampalGyrusposteriordivision,0.021141926417738245,0.005671783274081959,0.05083789349351115
sub-MCI0282,ParahippocampalGyrusposteriordivision,-0.014574959182698714,0.00559261073736031,-0.0956749072139373
sub-MCI2004,ParahippocampalGyrusposteriordivision,0.008547993995396398,-0.006797301809395059,-0.4968224078050367
sub-MCI2011,ParahippocampalGyrusposteriordivision,-0.0002323166258639197,-0.022672850305900837,-0.0008354784550480497
sub-MCI1000,ParahippocampalGyrusposteriordivision,0.007921822866831997,0.029854411097917966,-0.005579983032665976
sub-MCI0297,ParahippocampalGyrusposteriordivision,-0.02398069024867642,-0.0034643279078382834,-0.0444171660084656
sub-MCI0283,ParahippocampalGyrusposteriordivision,-0.10658520407869787,-0.045696260757175186,-0.09693343564378944
sub-MCI2005,ParahippocampalGyrusposteriordivision,-0.06495776938245536,-0.042976464894322934,-0.08084578696790028
sub-MCI0173,ParahippocampalGyrusposteriordivision,-0.035637620988937024,-0.03075564721054515,-0.09213435139241145
sub-MCI1001,ParahippocampalGyrusposteriordivision,0.024329268000492996,0.017432007177593207,-0.12073017290489185
sub-MCI0296,ParahippocampalGyrusposteriordivision,0.027124515057002974,-0.026845494109628845,0.01984560332051131
sub-MCI0192,ParahippocampalGyrusposteriordivision,-0.007921283117978815,0.04166769422251071,-0.03491103488921563
sub-MCI0137,ParahippocampalGyrusposteriordivision,-0.014889739128000328,0.03763378600625321,0.01732523266625306
sub-MCI2009,ParahippocampalGyrusposteriordivision,-0.03676052161400258,-0.012601593168167877,-0.022936295644335424
sub-MCI0141,ParahippocampalGyrusposteriordivision,-0.04385335806975537,-0.06277468899884295,-0.11023986402590841
sub-MCI0277,ParahippocampalGyrusposteriordivision,0.052693593477337486,-0.029684054400480046,-0.04639770452152099
sub-MCI0263,ParahippocampalGyrusposteriordivision,-0.025179749009146983,-0.005649742975737308,-0.09257551909883482
sub-MCI2008,ParahippocampalGyrusposteriordivision,-0.005021221196244503,-0.020688201875119435,-0.08327142922873439
sub-MCI0275,ParahippocampalGyrusposteriordivision,0.024641250739338125,0.016942114615357582,-0.019899068946788306
sub-MCI0190,ParahippocampalGyrusposteriordivision,0.007385485247354131,-0.02953396842441107,0.058887065144906194
sub-MCI0298,ParahippocampalGyrusposteriordivision,0.003426096574590579,0.0488751032654883,-0.12315613662564583
sub-MCI0184,ParahippocampalGyrusposteriordivision,0.0020039080368334013,0.0307232102370375,0.03693847587762312
sub-MCI0274,ParahippocampalGyrusposteriordivision,-0.017043634701936865,-0.023318058015311012,-0.032891282648164544
sub-MCI0299,ParahippocampalGyrusposteriordivision,-0.047270859349414225,-0.03271021826817586,-0.018155014303609385
sub-MCI0191,ParahippocampalGyrusposteriordivision,0.0017695465709008926,0.0024679079692741615,0.05355360585437522
sub-MCI0169,ParahippocampalGyrusposteriordivision,-0.02887683094005317,-0.011504161296019163,0.08615023176098795
sub-MCI0197,ParahippocampalGyrusposteriordivision,-0.04819164970056226,-0.025187841067905052,-0.07167025072408532
sub-MCI0132,ParahippocampalGyrusposteriordivision,-0.029190293905101354,-0.04873935730161991,0.027026706566424787
sub-MCI0267,ParahippocampalGyrusposteriordivision,-0.03503448582051138,0.015945749277630757,0.5132998052068729
sub-MCI0272,ParahippocampalGyrusposteriordivision,-0.007691432330406457,-0.028192141824335718,-0.05257119265368188
sub-MCI0182,ParahippocampalGyrusposteriordivision,-0.01204104104794066,-0.03064748668485214,-0.12494232825669946
sub-MCI2018,ParahippocampalGyrusposteriordivision,0.02099579995822156,-0.014226941583347745,0.0688517444602146
sub-MCI0196,ParahippocampalGyrusposteriordivision,-0.011302922896435539,-0.007048807070839452,0.02181973986287773
sub-MCI0183,ParahippocampalGyrusposteriordivision,-0.05576637910231814,0.08361434838064356,-0.029042782187320034
sub-MCI0273,ParahippocampalGyrusposteriordivision,-0.003219946926607213,-0.02782041506446673,-0.05550700193542116
sub-MCI0288,ParahippocampalGyrusposteriordivision,-0.03541690856350824,-0.019597777841964058,0.06209106099199056
sub-MCI0270,ParahippocampalGyrusposteriordivision,-0.035771508085235895,0.02520109584608754,-0.022645665647905003
sub-MCI0178,ParahippocampalGyrusposteriordivision,-0.029478236782271298,-0.02295337120318921,0.013792907597578619
sub-MCI0195,ParahippocampalGyrusposteriordivision,-0.014869335963124295,-0.00991843972243163,-0.015106016172872416
sub-MCI0265,ParahippocampalGyrusposteriordivision,0.009857911454488591,0.03806725299220269,-0.0018618905235148085
sub-MCI0179,ParahippocampalGyrusposteriordivision,0.00911573674881643,0.015207063049552412,0.096697971058239
sub-MCI0181,ParahippocampalGyrusposteriordivision,-0.006931335107426631,-0.009276991416421241,-0.05074998510470895
sub-MCI0289,ParahippocampalGyrusposteriordivision,-0.019494775635997625,-0.028023534501448403,-0.013557987566238846
sub-MCI0271,ParahippocampalGyrusposteriordivision,-0.03314842448528933,-0.017210676959073457,-0.0704402975063356
sub-MCI0264,ParahippocampalGyrusposteriordivision,-0.024337098411714317,-0.01017047125198836,0.03163308262288935
sub-MCI0194,ParahippocampalGyrusposteriordivision,-0.006889422752104571,-0.03917224614945981,0.03396785882447565
sub-MCI2016,ParietalOperculumCortex,0.060066490932435095,0.030566776344896088,0.033598172653988616
sub-MCI0290,ParietalOperculumCortex,-0.020571990107634854,-0.05385853198303815,0.0001942469515716667
sub-MCI0268,ParietalOperculumCortex,-0.04830220966282739,-0.010853703167860022,0.02665282819229075
sub-MCI0198,ParietalOperculumCortex,-0.005568622702370159,-0.03669637036521793,-0.26708676831470546
sub-MCI0285,ParietalOperculumCortex,-0.039068715337424155,-0.06158799243853349,-0.04635400144845067
sub-MCI2003,ParietalOperculumCortex,-0.004565366501746182,-0.053413758321980254,-0.013110661001550335
sub-MCI0199,ParietalOperculumCortex,-0.0058484095246601605,-0.011124328575310672,-0.012042535044674932
sub-MCI2017,ParietalOperculumCortex,-0.09961737040962493,-0.042175911999751126,-0.025866308269897685
sub-MCI0269,ParietalOperculumCortex,-0.04190297982245313,-0.03463118615539576,0.6636816296333441
sub-MCI0284,ParietalOperculumCortex,-0.06658632097616252,-0.059894474425706425,-0.08036279840738803
sub-MCI2002,ParietalOperculumCortex,-0.00533870643664601,-0.07381774672048527,0.04212386871536919
sub-MCI2001,ParietalOperculumCortex,-0.03718024635699743,-0.014044250120111249,-0.046059776737465946
sub-MCI0287,ParietalOperculumCortex,-0.04704946413489613,-0.1041471205890416,-0.11364932223281203
sub-MCI0292,ParietalOperculumCortex,-0.07690362717148663,-0.033050572733825945,0.0444333394817891
sub-MCI2014,ParietalOperculumCortex,-0.05798115085106866,-0.03355390060194885,-0.09221228650701245
sub-MCI2000,ParietalOperculumCortex,-0.057899463377685416,-0.06370327612807979,-0.0082043711147861
sub-MCI0286,ParietalOperculumCortex,0.004640825531234169,0.010359257874388855,0.038109910243293854
sub-MCI0115,ParietalOperculumCortex,-0.031832131531056594,-0.03102466436244949,0.011980817998021533
sub-MCI0236,ParietalOperculumCortex,-0.033027386128747185,-0.028921000052054835,-0.03932868507782905
sub-MCI0293,ParietalOperculumCortex,0.03410668376682246,0.02286671392783967,-0.1064032010488301
sub-MCI2015,ParietalOperculumCortex,0.008691944485852756,-0.04152771184029062,0.03304789033275075
sub-MCI1004,ParietalOperculumCortex,-0.03789371977281316,-0.008207440899756478,0.07885391274385445
sub-MCI0295,ParietalOperculumCortex,-0.03338547085702319,-0.046560592670174004,-0.06563769592550824
sub-MCI1002,ParietalOperculumCortex,-0.019454453985309282,-0.04635327757731049,-0.025860222054029828
sub-MCI2013,ParietalOperculumCortex,0.005753630123099078,0.01748260982715088,0.007197883886975495
sub-MCI0106,ParietalOperculumCortex,0.008683270103146838,-0.013631750100643518,0.05939928215445172
sub-MCI0165,ParietalOperculumCortex,-0.05691702613133913,-0.030280253311115665,-0.014055029108422643
sub-MCI0170,ParietalOperculumCortex,-0.03505068533678403,-0.02228340071585323,-0.04389206587212074
sub-MCI0113,ParietalOperculumCortex,-0.022636487027271803,0.00023130728806273812,-0.005815667274539376
sub-MCI2006,ParietalOperculumCortex,-0.06538252874804484,0.00738610743253133,-0.04175231353544105
sub-MCI0278,ParietalOperculumCortex,0.02452010962360497,-0.01658817516363087,-0.04248711739613867
sub-MCI0280,ParietalOperculumCortex,-0.0023735386905112594,-0.0036240320760967753,-0.03421335343257274
sub-MCI0107,ParietalOperculumCortex,-0.03224845542507933,-0.04429259444641414,-0.013510579791676348
sub-MCI0294,ParietalOperculumCortex,-0.02772476238006989,-0.026227755985054,0.04967532563845273
sub-MCI2012,ParietalOperculumCortex,-0.08990029773891388,-0.07938156571545282,-0.21131726027795475
sub-MCI1003,ParietalOperculumCortex,0.005816963030303838,-0.021345217655528232,-0.03333411838255135
sub-MCI2007,ParietalOperculumCortex,-0.042027182199908315,-0.043494712252683185,0.00866746055017139
sub-MCI0279,ParietalOperculumCortex,-0.039548124884635674,-0.022736186856740857,0.017780508473848315
sub-MCI0281,ParietalOperculumCortex,-0.06260464608229037,-0.03677184486570729,-0.18672488878537277
sub-MCI0111,ParietalOperculumCortex,0.02620856087521752,-0.033431989011438706,0.01154678056983586
sub-MCI0282,ParietalOperculumCortex,-0.04293393539608048,0.039415532743972824,0.09858339245882725
sub-MCI2004,ParietalOperculumCortex,-0.03556356880716453,-0.07101933291435603,0.2989982225947153
sub-MCI2011,ParietalOperculumCortex,-0.01672032281244312,-0.05703317281493694,-0.01016874728010903
sub-MCI1000,ParietalOperculumCortex,-0.005904361256219636,-0.03471317928905972,0.03350800208945941
sub-MCI0297,ParietalOperculumCortex,0.005268208744890745,-0.06117108122808816,0.040404691377915414
sub-MCI0283,ParietalOperculumCortex,-0.10872381978019945,-0.063543024063127,-0.05924776142343633
sub-MCI2005,ParietalOperculumCortex,-0.12574227587846384,-0.04507729904945548,-0.1056825389216321
sub-MCI0173,ParietalOperculumCortex,-0.06513328463831221,-0.024232179895590084,-0.018011816836152
sub-MCI1001,ParietalOperculumCortex,-0.014533137887049788,-0.026600251661557522,-0.031078531743735253
sub-MCI0296,ParietalOperculumCortex,0.006304954865859145,-0.05450462312956343,-0.17453038303809912
sub-MCI0192,ParietalOperculumCortex,-0.049299413976887634,-0.04682349249718349,0.017196144947646135
sub-MCI0137,ParietalOperculumCortex,-0.00903933808400542,-0.057997049383637624,0.03596589067677374
sub-MCI2009,ParietalOperculumCortex,-0.028387042324589027,-0.011926463824783478,-3.40671088072224e-05
sub-MCI0141,ParietalOperculumCortex,0.016547420587801058,-0.03883464172250084,0.021359014543531025
sub-MCI0277,ParietalOperculumCortex,-0.01733889100498152,-0.010122895711058337,-0.02533057420605257
sub-MCI0263,ParietalOperculumCortex,0.018753311953664063,-0.0002958654674844992,0.06804943139505816
sub-MCI2008,ParietalOperculumCortex,-0.0037108026614839527,-0.03341123228332189,0.0056004070633106535
sub-MCI0275,ParietalOperculumCortex,0.03586856017236932,0.07750142888626246,0.07015578430472807
sub-MCI0190,ParietalOperculumCortex,-0.017438853411927357,0.015954564981606658,-0.004920004659114265
sub-MCI0298,ParietalOperculumCortex,-0.046518842759861685,-0.05175858190893771,0.1312010065789202
sub-MCI0184,ParietalOperculumCortex,-0.044996215457854656,-0.035566388898441915,-0.027779908015065895
sub-MCI0274,ParietalOperculumCortex,-0.041416327674304886,-0.03201466139268199,-0.03395932934049643
sub-MCI0299,ParietalOperculumCortex,-0.04767631701854216,-0.023455375284272228,-0.07232370559826701
sub-MCI0191,ParietalOperculumCortex,-0.032870830927942706,0.05437805482610615,0.003537233323985889
sub-MCI0169,ParietalOperculumCortex,0.026460458953659723,0.014298881791383307,0.05906219045831926
sub-MCI0197,ParietalOperculumCortex,-0.013554948231776944,-0.03168180420891675,0.08455199965904724
sub-MCI0132,ParietalOperculumCortex,-0.07190138636016867,-0.0971119976389873,0.0035591822050885093
sub-MCI0267,ParietalOperculumCortex,-0.20477806199641363,-0.06383650216060015,-0.06513827553227695
sub-MCI0272,ParietalOperculumCortex,-0.051600697165426805,-0.06713743809961994,-0.009455976683012169
sub-MCI0182,ParietalOperculumCortex,-0.04526668393144157,-0.06638941298715859,0.004530963557718508
sub-MCI2018,ParietalOperculumCortex,0.019351955329382546,-0.002172286484798446,-0.014008395703194506
sub-MCI0196,ParietalOperculumCortex,-0.044704096170440195,-0.011849694596966696,-0.0670910555003232
sub-MCI0183,ParietalOperculumCortex,-0.05911133873910181,-0.022220490010323574,-0.03135418535870603
sub-MCI0273,ParietalOperculumCortex,0.01512383139343419,0.0071768826952109555,0.06187249860334677
sub-MCI0288,ParietalOperculumCortex,-0.014162678017534503,-0.017435984013997038,-0.006705282688772619
sub-MCI0270,ParietalOperculumCortex,-0.047005031836276946,-0.01211863507446854,-0.040188046501854084
sub-MCI0178,ParietalOperculumCortex,0.011951071206242381,0.02051641435099778,0.05215033492342292
sub-MCI0195,ParietalOperculumCortex,0.02471728543869605,-0.021984697301519356,-0.006014508744197553
sub-MCI0265,ParietalOperculumCortex,-0.005270363515152868,-0.024552195388427053,-0.09663913304593774
sub-MCI0179,ParietalOperculumCortex,0.014225222195280267,0.024489026541899415,0.06095775885921445
sub-MCI0181,ParietalOperculumCortex,-0.05036178478152572,0.012164998352490705,0.044065298026047604
sub-MCI0289,ParietalOperculumCortex,0.01934271188031608,0.0033458632028583054,0.08423962540102643
sub-MCI0271,ParietalOperculumCortex,-0.007371660472628302,0.026075804824356074,0.02598885802072196
sub-MCI0264,ParietalOperculumCortex,-0.0491343722911951,-0.01095929885647614,-0.04676957052827728
sub-MCI0194,ParietalOperculumCortex,-0.015464506259107655,-0.03566894306455573,0.08856170635301018
sub-MCI2016,PlanumPolare,0.02785174721713331,0.06646090387350956,0.23996657795017154
sub-MCI0290,PlanumPolare,0.03728614044961318,0.004692197391155126,0.07152332062962155
sub-MCI0268,PlanumPolare,0.009201909515315555,0.04023460928166559,0.1956462183366116
sub-MCI0198,PlanumPolare,-0.028080799684351607,-0.013007225990629761,-0.2867737736511355
sub-MCI0285,PlanumPolare,-0.030516931590195116,-0.0036429955463476043,-0.100495322454354
sub-MCI2003,PlanumPolare,-0.0015608212092849732,-0.04639831781603805,-0.04369554297845546
sub-MCI0199,PlanumPolare,-0.004265541927625056,-0.03465259230620647,-0.01862358201242057
sub-MCI2017,PlanumPolare,-0.07100866772382143,-0.02236342807285893,-0.01634209823343191
sub-MCI0269,PlanumPolare,-0.001205195437075382,-0.03582239243565118,0.5652651950061831
sub-MCI0284,PlanumPolare,-0.0859544367914874,-0.012899506160863695,-0.0069210601138357634
sub-MCI2002,PlanumPolare,-0.011617184138574349,0.004652875115111124,-0.005916392797115508
sub-MCI2001,PlanumPolare,0.030142685786410345,0.013831126465410511,0.10146509559773823
sub-MCI0287,PlanumPolare,-0.053487124598693196,-0.06092596200656802,-0.3096660348712673
sub-MCI0292,PlanumPolare,-0.036946786338467305,-0.08845447421467267,-0.23939845129877063
sub-MCI2014,PlanumPolare,-0.014471514885451165,-0.01694830578243092,-0.08926380631593693
sub-MCI2000,PlanumPolare,-0.03519384417662734,0.03885826316137902,0.015696950762833124
sub-MCI0286,PlanumPolare,0.021234168438499734,0.034327167587859794,0.04937471297208519
sub-MCI0115,PlanumPolare,-0.051474550999806835,-0.050986513364165924,-0.07299528416455653
sub-MCI0236,PlanumPolare,0.026893234256116526,0.0108322945705438,0.019420203214640493
sub-MCI0293,PlanumPolare,-0.0069418364367764334,0.007960705050027075,0.06495521543014862
sub-MCI2015,PlanumPolare,0.025594114557730672,-0.021180478082787734,0.06626410568305012
sub-MCI1004,PlanumPolare,-0.08286128040081066,-0.06112678675920047,-0.026636200057526892
sub-MCI0295,PlanumPolare,-0.06010688321434771,-0.05589240560005914,-0.135844558641548
sub-MCI1002,PlanumPolare,-0.01380091462493656,-0.03470203963886388,-0.06454693927893664
sub-MCI2013,PlanumPolare,0.010259845732735924,0.03240719138265857,-0.014582238946891483
sub-MCI0106,PlanumPolare,0.03853137461501231,0.04474501312215894,0.019164112228114122
sub-MCI0165,PlanumPolare,-0.030653187375041985,-0.013309489739680491,-0.014965258652400185
sub-MCI0170,PlanumPolare,-0.05427797024699003,-0.08684683125211917,-0.21602879101488173
sub-MCI0113,PlanumPolare,0.037612186768849615,0.04832975207018746,0.057310553964387716
sub-MCI2006,PlanumPolare,0.004500877560918135,-0.023108389937195013,0.029423169821112132
sub-MCI0278,PlanumPolare,-0.017155547005406085,-0.016435127415294626,-0.09312488738217892
sub-MCI0280,PlanumPolare,-0.0076453997318083125,-0.06779784862039126,0.17053318814844862
sub-MCI0107,PlanumPolare,-0.002114118297344638,-0.027947643121051777,-0.03266756870880654
sub-MCI0294,PlanumPolare,-0.023166546832408184,-0.005671598348553362,-0.026735284729907407
sub-MCI2012,PlanumPolare,-0.07807913983971201,-0.0670568130536343,-0.18224327311999486
sub-MCI1003,PlanumPolare,0.003346274991923319,-0.00581255925414629,-0.03278652432391009
sub-MCI2007,PlanumPolare,0.019662909394488323,-0.057455347411379865,-0.011633831650905214
sub-MCI0279,PlanumPolare,-0.05233890032694654,0.016093563533443146,-0.001954290560102982
sub-MCI0281,PlanumPolare,-0.005629426844258787,-0.01510863788027163,-0.20547337361835527
sub-MCI0111,PlanumPolare,-0.013112670569551236,-0.01900702180298649,-0.12459610086569732
sub-MCI0282,PlanumPolare,-0.017373609032629765,-0.004283786115034571,-0.055160423628878415
sub-MCI2004,PlanumPolare,-0.11404059438218471,-0.1296969006291182,0.72603864485883
sub-MCI2011,PlanumPolare,-0.12155973608435168,-0.0718317560238715,0.030830307490855406
sub-MCI1000,PlanumPolare,-0.025005645850987808,-0.015782640585917586,-0.03573366618212051
sub-MCI0297,PlanumPolare,-0.022522533649273046,-0.040967429571472085,-0.0657693286387051
sub-MCI0283,PlanumPolare,-0.10387949152464672,-0.1292077168910073,-0.011453408331047507
sub-MCI2005,PlanumPolare,-0.15824472240379145,-0.1424044847701564,-0.12469767313791588
sub-MCI0173,PlanumPolare,-0.07607907686895031,-0.04278132515674365,-0.11951314261454409
sub-MCI1001,PlanumPolare,0.0024407868614702696,-0.011364663916261394,-0.08048938744061596
sub-MCI0296,PlanumPolare,0.021591635702766166,-0.038836931761072106,-0.12011667568441209
sub-MCI0192,PlanumPolare,-0.031002244570745758,-0.03514948988097358,-0.03816251439992177
sub-MCI0137,PlanumPolare,-0.062149110303527044,0.001596545423015049,-0.04967967956666738
sub-MCI2009,PlanumPolare,-0.010340676310505044,0.019244733753549112,0.13740220972407877
sub-MCI0141,PlanumPolare,0.011339055818061897,-0.002120061361194893,-0.01083670410047763
sub-MCI0277,PlanumPolare,0.07409407197321477,0.0164214068559244,0.011603489139723155
sub-MCI0263,PlanumPolare,0.06238966222253253,-0.0006161861329680853,0.01695188650992801
sub-MCI2008,PlanumPolare,-0.01516860312150018,-0.03083213381545322,-0.04617650054239976
sub-MCI0275,PlanumPolare,-0.004506143724110464,-0.0035287543956671902,0.03653354923465559
sub-MCI0190,PlanumPolare,0.003669713092766468,-0.025719953413845247,-0.01298074329035323
sub-MCI0298,PlanumPolare,-0.02076101990759211,-0.023693734557173336,-0.06123724122453362
sub-MCI0184,PlanumPolare,-0.04750761821855046,-0.030914624415869608,-0.08061366144462931
sub-MCI0274,PlanumPolare,-0.035114694472914355,-0.0367597174519903,-0.06602645261527419
sub-MCI0299,PlanumPolare,-0.06882245202732792,-0.007619549603007554,-0.012415556720700676
sub-MCI0191,PlanumPolare,-0.04154020497901282,-0.033335895483388805,0.006034374467990982
sub-MCI0169,PlanumPolare,-0.20450057431601337,-0.12136316557041628,-0.09231130688684214
sub-MCI0197,PlanumPolare,0.011845188922000519,-0.0161867958478191,0.06585489364914097
sub-MCI0132,PlanumPolare,-0.004213054527781965,-0.05698465851789565,-0.0650278632503309
sub-MCI0267,PlanumPolare,-0.034823528247963684,-0.045228335641122115,-0.024078409359540816
sub-MCI0272,PlanumPolare,-0.15395438641865405,-0.03949475750785838,-0.13752573567497917
sub-MCI0182,PlanumPolare,0.030399115599580327,-0.022321145600396743,0.09671547316750954
sub-MCI2018,PlanumPolare,0.007406328264954519,-0.0058315174135433094,0.005253087949989937
sub-MCI0196,PlanumPolare,-0.0453811391302338,-0.0037061047094699884,-0.04927012938437354
sub-MCI0183,PlanumPolare,0.012843327185602238,-0.03755527944578647,0.04879406979751113
sub-MCI0273,PlanumPolare,-0.04617255795132269,-0.02923096874646179,-0.037407822471731814
sub-MCI0288,PlanumPolare,0.019386657642820722,0.002377721584282494,0.03217503327898332
sub-MCI0270,PlanumPolare,-0.05476243354520004,-0.0062630253959242215,-0.03902550323210342
sub-MCI0178,PlanumPolare,0.016891582542483873,-0.006865833818245239,0.010359905797686546
sub-MCI0195,PlanumPolare,-0.012331932932707765,-0.027045543108030146,-0.006876219621114181
sub-MCI0265,PlanumPolare,-0.04112191410493325,-0.036962077708179095,-0.10473160085357373
sub-MCI0179,PlanumPolare,-0.00452841131693577,0.019208738544931037,0.026120192851355428
sub-MCI0181,PlanumPolare,-0.029861396065729663,0.03151128754961551,0.018238242185205845
sub-MCI0289,PlanumPolare,0.007346220289344868,0.0002315575329916397,0.02068475973355435
sub-MCI0271,PlanumPolare,0.0666557995486112,0.029670696568796746,0.13340731742760176
sub-MCI0264,PlanumPolare,-0.0579280480374969,-0.01528757517720716,-0.007244098603170228
sub-MCI0194,PlanumPolare,-0.003886231507059867,-0.004663379921135338,0.11737543733710619
sub-MCI2016,PlanumTemporale,0.01613598201200493,0.018390356045635103,0.1006040210095677
sub-MCI0290,PlanumTemporale,0.013347115339335091,-0.04781566651195169,-0.06570872752746543
sub-MCI0268,PlanumTemporale,-0.08198498495505298,-0.012253452673225619,0.009937964644579333
sub-MCI0198,PlanumTemporale,-0.006028011801422032,-0.03254871080227096,-0.21401697972889383
sub-MCI0285,PlanumTemporale,-0.08797514756085353,-0.05895306402398249,0.04416878952722917
sub-MCI2003,PlanumTemporale,0.009169401790911058,-0.05982615198294429,-0.042508081099443554
sub-MCI0199,PlanumTemporale,-0.06036342168719177,-0.06231837161686233,-0.052895535177982254
sub-MCI2017,PlanumTemporale,-0.11192449812614887,-0.050240619528639535,-0.03481120178646513
sub-MCI0269,PlanumTemporale,-0.024239289506855537,-0.03555815014350922,0.7779081672344783
sub-MCI0284,PlanumTemporale,-0.04307990493127666,-0.07889788436412172,-0.07890885898424689
sub-MCI2002,PlanumTemporale,0.004379219081188515,-0.048654306286999224,0.0042073400711478805
sub-MCI2001,PlanumTemporale,-0.058734697952795525,-0.015115688502753698,0.036469642476209506
sub-MCI0287,PlanumTemporale,-0.11328690647723894,-0.12381092910129182,-0.1681260449231901
sub-MCI0292,PlanumTemporale,-0.10289968923035714,-0.09031944899423537,-0.017007678339616562
sub-MCI2014,PlanumTemporale,-0.06937938920986786,-0.04997067968270323,-0.09684588541520228
sub-MCI2000,PlanumTemporale,-0.06480192321040751,-0.06470962160332025,0.0036706692702641918
sub-MCI0286,PlanumTemporale,0.007318881554282192,-0.024332731022075435,-0.008403620697734775
sub-MCI0115,PlanumTemporale,-0.02298386048106606,-0.03878718846338746,-0.02298823034000265
sub-MCI0236,PlanumTemporale,-0.014146000244890418,-0.03424430831698386,-0.028969606867357035
sub-MCI0293,PlanumTemporale,0.01199974939725877,0.003397123183222507,0.04837019593234342
sub-MCI2015,PlanumTemporale,0.010186775078847587,-0.03205060041657988,-0.01702046106402863
sub-MCI1004,PlanumTemporale,-0.04013776986080047,-0.05015784709597332,0.005238826360064772
sub-MCI0295,PlanumTemporale,-0.0947278510930533,-0.0719319391366783,-0.1384966952390675
sub-MCI1002,PlanumTemporale,-0.04178733898966303,-0.059852886650261436,-0.028172776026785105
sub-MCI2013,PlanumTemporale,-0.031693991516396874,-0.0026738225008276443,0.0006826653307039497
sub-MCI0106,PlanumTemporale,-0.021930476729256857,-0.004448548252493313,0.03351068197137914
sub-MCI0165,PlanumTemporale,-0.05650622805545531,-0.03182246601071707,0.017020242926399736
sub-MCI0170,PlanumTemporale,-0.017384894701339894,-0.046610360041770896,-0.02820871083454528
sub-MCI0113,PlanumTemporale,-0.027838219630857225,-0.01769309158508004,-0.03748930912589046
sub-MCI2006,PlanumTemporale,-0.12980567391777614,-0.016734015404463506,-0.044077206760108296
sub-MCI0278,PlanumTemporale,-0.034060630278736945,-0.027627952692703392,-0.024244198707755047
sub-MCI0280,PlanumTemporale,-0.08951274660797146,-0.02887032120697187,0.0729015326027192
sub-MCI0107,PlanumTemporale,-0.08857157427096238,-0.05767967312396564,-0.034186897076875986
sub-MCI0294,PlanumTemporale,-0.05432966797588845,-0.0270723332813524,-0.031540113382638686
sub-MCI2012,PlanumTemporale,-0.0785448747772461,-0.08757297014194197,-0.16289718053388083
sub-MCI1003,PlanumTemporale,-0.04789347717138775,-0.045698594908482604,-0.09229056160023448
sub-MCI2007,PlanumTemporale,-0.08935018245622187,-0.046246981876752455,0.034715264372936226
sub-MCI0279,PlanumTemporale,-0.11361250370721336,-0.00032373058534692614,0.045474172328001446
sub-MCI0281,PlanumTemporale,-0.059129514313112606,-0.06531068797769538,-0.14411187631989325
sub-MCI0111,PlanumTemporale,-0.048464642485793026,-0.026877640777542334,-0.04151255266169336
sub-MCI0282,PlanumTemporale,-0.019063296820216208,-0.003998347370052889,0.020303019386414142
sub-MCI2004,PlanumTemporale,-0.055676888638416695,-0.09478380680964793,0.20751577560027304
sub-MCI2011,PlanumTemporale,-0.02950143075838481,-0.057034701272492445,-0.020541754518029937
sub-MCI1000,PlanumTemporale,-0.05973169636935838,-0.04570898265800427,-0.024282164787725876
sub-MCI0297,PlanumTemporale,0.006210764966591441,-0.041312027138018334,0.0235956573965626
sub-MCI0283,PlanumTemporale,-0.07845570203928535,-0.048488822755194845,-0.2258951297424024
sub-MCI2005,PlanumTemporale,-0.21589865790816146,-0.07331320748654316,-0.09769484072431535
sub-MCI0173,PlanumTemporale,-0.06263876085927005,-0.0476093432205683,-0.07023269491177611
sub-MCI1001,PlanumTemporale,-0.03389282322128965,-0.03862360903459531,-0.039741185826891526
sub-MCI0296,PlanumTemporale,-0.01785253378962307,-0.06591658301221055,-0.13554524452273473
sub-MCI0192,PlanumTemporale,-0.06831765895261292,-0.0460935617225978,0.02649973386880303
sub-MCI0137,PlanumTemporale,-0.04553491771041934,-0.0535683566796553,0.012546085331711565
sub-MCI2009,PlanumTemporale,0.002531207006388701,-0.015200222604734966,0.08343343823318704
sub-MCI0141,PlanumTemporale,-0.01668020649760129,-0.03925235339193052,0.03515684767032219
sub-MCI0277,PlanumTemporale,-0.029574063799686367,-0.048233202462562914,-0.04321142813701253
sub-MCI0263,PlanumTemporale,-0.012778039401764326,-0.004501187895323183,0.03988350667948894
sub-MCI2008,PlanumTemporale,-0.03935854874748666,-0.044975988347186885,-0.09313147906052603
sub-MCI0275,PlanumTemporale,0.0412744732787184,0.029393757674383663,0.12309022382959857
sub-MCI0190,PlanumTemporale,-0.031728714452148504,-0.006206797906245943,0.005423376007702993
sub-MCI0298,PlanumTemporale,-0.046037865436634406,-0.02124858601736681,0.027473896333428942
sub-MCI0184,PlanumTemporale,-0.07435336758717698,-0.03839833270226755,0.0060307857113287
sub-MCI0274,PlanumTemporale,-0.055252814567886555,-0.041802862395625515,0.0105798641714702
sub-MCI0299,PlanumTemporale,-0.10560320711714259,-0.05803729527709094,-0.03170450073201872
sub-MCI0191,PlanumTemporale,-0.01806243048809215,-0.020905123355851377,-0.013284178467112629
sub-MCI0169,PlanumTemporale,0.0705734740345906,-0.01889103740409987,0.045404033668347776
sub-MCI0197,PlanumTemporale,-0.016024398378870385,-0.042964477577711074,0.030579512054096657
sub-MCI0132,PlanumTemporale,-0.05876128721262849,-0.07871614092933356,-0.06359500004192116
sub-MCI0267,PlanumTemporale,-0.10370622066862974,-0.03824105215154223,-0.07548845175976414
sub-MCI0272,PlanumTemporale,-0.02029468411315026,-0.01444160800080345,-0.0858680765867367
sub-MCI0182,PlanumTemporale,-0.05627958785994663,-0.052100336987021316,0.007005116757427836
sub-MCI2018,PlanumTemporale,0.019338731971153537,-0.041681332321542836,0.0008103085692098911
sub-MCI0196,PlanumTemporale,-0.017432996092583822,-0.028735852268837934,-0.07769270572555774
sub-MCI0183,PlanumTemporale,-0.09762216071994943,-0.04770066919963065,0.002009611086462465
sub-MCI0273,PlanumTemporale,-0.0330438838300629,-0.018063195303944953,0.05779082269388248
sub-MCI0288,PlanumTemporale,-0.06506457316435386,-0.03947635058367765,0.024420565747232777
sub-MCI0270,PlanumTemporale,-0.050030143310348364,-0.005353370338144762,-0.0035232925561605602
sub-MCI0178,PlanumTemporale,0.0006035990582458822,-0.0038889494064918992,0.05621965869870083
sub-MCI0195,PlanumTemporale,0.027839436678267444,0.005840323577190251,0.05691282544353198
sub-MCI0265,PlanumTemporale,-0.021330637640963577,-0.03352494237352407,-0.07853099483150139
sub-MCI0179,PlanumTemporale,-0.011311984331125237,-0.012231722090278117,-0.011020688533384271
sub-MCI0181,PlanumTemporale,-0.02119406189482271,-0.0136125735890117,0.012146129521764769
sub-MCI0289,PlanumTemporale,-0.013709577668649369,-0.013924148444871528,0.04540447378822317
sub-MCI0271,PlanumTemporale,0.021031507450898303,-0.002125349598573435,0.07307126436306186
sub-MCI0264,PlanumTemporale,-0.07369279998713585,-0.027372670570554942,-0.049311065187811746
sub-MCI0194,PlanumTemporale,-0.09414123094741285,-0.0600161603994255,0.04461644102440624
sub-MCI2016,PostcentralGyrus,-0.03857128942219224,-0.055656696456960766,-0.049874755817697417
sub-MCI0290,PostcentralGyrus,-0.08113624099916278,-0.058866780286698075,-0.007640419032083222
sub-MCI0268,PostcentralGyrus,-0.05775535183690275,-0.04953743474474421,0.01192666061243035
sub-MCI0198,PostcentralGyrus,-0.07078071769456609,-0.08724050861371295,-0.16346555301651444
sub-MCI0285,PostcentralGyrus,0.029041553569749294,-0.02763110021161453,0.047315929068222906
sub-MCI2003,PostcentralGyrus,-0.06562246749404521,-0.081255943120726,0.009524422531655112
sub-MCI0199,PostcentralGyrus,-0.04863557286128376,-0.0788821456417283,-0.06381675789339497
sub-MCI2017,PostcentralGyrus,-0.07791390395762725,-0.09423795082699885,-0.017634470978626356
sub-MCI0269,PostcentralGyrus,-0.0648556070894593,-0.1007139714324003,2.0069237021579216
sub-MCI0284,PostcentralGyrus,-0.11166712763843212,-0.0853712832043694,-0.18225146781716678
sub-MCI2002,PostcentralGyrus,-0.03949164565411166,-0.07998882208192643,-0.015443915777807465
sub-MCI2001,PostcentralGyrus,-0.07285558332569313,-0.08003325318922022,-0.13643673878114845
sub-MCI0287,PostcentralGyrus,-0.06192069241684855,-0.08138849387131587,-0.34877380256555673
sub-MCI0292,PostcentralGyrus,-0.100991503836125,-0.0960329587084112,0.0014465833546648543
sub-MCI2014,PostcentralGyrus,-0.06787199384212074,-0.056156136988489945,-0.03531252292312519
sub-MCI2000,PostcentralGyrus,-0.11071368141357608,-0.06536023217725923,-0.02781388151392015
sub-MCI0286,PostcentralGyrus,-0.06683499055125453,-0.06106157018507918,-0.007701303588812673
sub-MCI0115,PostcentralGyrus,-0.04581426445107905,-0.020462952873164894,-0.060324876886333346
sub-MCI0236,PostcentralGyrus,-0.052845175874431216,-0.05407442512738892,-0.06766515145851422
sub-MCI0293,PostcentralGyrus,-0.06193551127986675,-0.038445210881124244,0.01776157640914077
sub-MCI2015,PostcentralGyrus,-0.056495038138818426,-0.07575414906187972,-0.03586967762249857
sub-MCI1004,PostcentralGyrus,-0.047656362379460054,-0.06550721931203983,-0.0011095451168848772
sub-MCI0295,PostcentralGyrus,-0.07611596422506779,-0.06481312938751935,-0.039190322702658556
sub-MCI1002,PostcentralGyrus,-0.04784520158288543,-0.05709257927716462,-0.053076041004858986
sub-MCI2013,PostcentralGyrus,-0.07289134190691511,-0.038219190805716195,-0.06033492881071664
sub-MCI0106,PostcentralGyrus,-0.0925093134903729,-0.07725132356139557,-0.01176364221260107
sub-MCI0165,PostcentralGyrus,-0.0694491682237001,-0.06212599487781504,-0.03599112823208347
sub-MCI0170,PostcentralGyrus,-0.03877330043340238,-0.017388286940062985,-0.06013017850357161
sub-MCI0113,PostcentralGyrus,-0.07187478660089701,-0.05680204832454094,-0.053648462173003696
sub-MCI2006,PostcentralGyrus,-0.0955867575532432,-0.04574610946450765,-0.13407694518761964
sub-MCI0278,PostcentralGyrus,-0.021985440339050984,-0.041709029294606244,-0.06528363839247901
sub-MCI0280,PostcentralGyrus,-0.03227052188244649,-0.04942803650368261,0.043654990172210244
sub-MCI0107,PostcentralGyrus,-0.0796648489844713,-0.08531830602977843,0.017528797809995562
sub-MCI0294,PostcentralGyrus,-0.08446921806572456,-0.06336868704601305,-0.036693680090033085
sub-MCI2012,PostcentralGyrus,-0.06040451656406612,-0.06788423827366073,-0.10430066066003253
sub-MCI1003,PostcentralGyrus,-0.06549699981434337,-0.06192305147684935,-0.03935349024806919
sub-MCI2007,PostcentralGyrus,-0.12059354434376991,-0.0725841618768352,0.010269425527356164
sub-MCI0279,PostcentralGyrus,-0.0994184909912047,-0.09228303766880673,-0.02375367357561149
sub-MCI0281,PostcentralGyrus,-0.054997419749070936,-0.05176729979630933,-0.12819808693380869
sub-MCI0111,PostcentralGyrus,-0.040229089473356086,-0.039210939487039714,-0.10419668283751808
sub-MCI0282,PostcentralGyrus,-0.053722274675897554,-0.022761009683656436,-0.07014448613476315
sub-MCI2004,PostcentralGyrus,-0.07799974681163119,-0.07986657437194553,0.15491926929349048
sub-MCI2011,PostcentralGyrus,-0.06934634337665316,-0.06813543756440016,-0.01094118702275823
sub-MCI1000,PostcentralGyrus,-0.07611402205196936,-0.07086974384614025,-0.02215419400798172
sub-MCI0297,PostcentralGyrus,-0.05177289477886244,-0.07141451682390666,0.01709693372328872
sub-MCI0283,PostcentralGyrus,-0.07321020899141018,-0.07049116898408964,-0.060144105056065336
sub-MCI2005,PostcentralGyrus,-0.15278575201545033,-0.10936346265670074,-0.0649602750186252
sub-MCI0173,PostcentralGyrus,-0.08787083749150834,-0.05679808520786579,-0.06281992687483888
sub-MCI1001,PostcentralGyrus,-0.01688058472538864,-0.03297900957269961,-0.06505345291002258
sub-MCI0296,PostcentralGyrus,-0.051418211273757085,-0.05963430225931733,-0.14703028503264642
sub-MCI0192,PostcentralGyrus,-0.07731199446165989,-0.03560893578487416,-0.006766986174898029
sub-MCI0137,PostcentralGyrus,-0.07579020650704528,-0.08819660394495428,-0.0926323986120809
sub-MCI2009,PostcentralGyrus,-0.032248662565230374,-0.03473477043460975,0.029618283745410662
sub-MCI0141,PostcentralGyrus,-0.05395964423442584,-0.05504878934179864,-0.02864003117023746
sub-MCI0277,PostcentralGyrus,-0.04758426731857091,-0.06818097894171403,-0.027690804041667606
sub-MCI0263,PostcentralGyrus,-0.07976098940505476,-0.056118817643421734,0.002583219024330259
sub-MCI2008,PostcentralGyrus,-0.06292923105901091,-0.07590247015551664,-0.068884336208191
sub-MCI0275,PostcentralGyrus,-0.01396975645266745,-0.03770035243304937,-0.008073674365288422
sub-MCI0190,PostcentralGyrus,-0.04202026698644141,-0.04773796539531786,-0.028589649495733747
sub-MCI0298,PostcentralGyrus,-0.0628545098349209,-0.051369754442983064,0.014648581443425998
sub-MCI0184,PostcentralGyrus,-0.05139511393650977,-0.05367155473195809,-0.02344419555525544
sub-MCI0274,PostcentralGyrus,-0.045836821895953575,-0.05298692101047372,-0.03783691282352757
sub-MCI0299,PostcentralGyrus,-0.09290026552888538,-0.08161401469658998,-0.04887082092758837
sub-MCI0191,PostcentralGyrus,-0.07393713199095256,-0.03424042516714357,0.037242177171041814
sub-MCI0169,PostcentralGyrus,-0.04580060719810736,-0.05727447378796325,-0.040280669954274755
sub-MCI0197,PostcentralGyrus,-0.061212202925646275,-0.04464663937747363,0.00046058170205781504
sub-MCI0132,PostcentralGyrus,-0.08384677696274412,-0.0880332308716771,-0.08503320386391852
sub-MCI0267,PostcentralGyrus,-0.08597327058985971,-0.09488288068811447,-0.0321993013913963
sub-MCI0272,PostcentralGyrus,-0.04247239572927418,-0.040229242888410156,-0.17228707379235667
sub-MCI0182,PostcentralGyrus,-0.03433963196010767,-0.0639805698192483,-0.031269022650822674
sub-MCI2018,PostcentralGyrus,-0.04413025761543468,-0.026531521104585294,-0.10370411721751187
sub-MCI0196,PostcentralGyrus,-0.048657063286603554,-0.05658265498683802,-0.03158579777593972
sub-MCI0183,PostcentralGyrus,-0.10594524256301588,-0.08078704947981764,-0.08013122989473954
sub-MCI0273,PostcentralGyrus,-0.06212693397150562,-0.05402055125866203,-0.00011138393471604723
sub-MCI0288,PostcentralGyrus,-0.04414772628908549,-0.01981792309366316,0.019379114916868896
sub-MCI0270,PostcentralGyrus,-0.04286344343168919,-0.07418135289220516,-0.08094318330013638
sub-MCI0178,PostcentralGyrus,-0.04440588747175065,-0.042922518813895166,-0.017796722711150844
sub-MCI0195,PostcentralGyrus,-0.030586972625155015,-0.05094577349363469,-0.04276032706876538
sub-MCI0265,PostcentralGyrus,-0.02253673207036504,-0.024292475801591613,-0.04661656010174157
sub-MCI0179,PostcentralGyrus,-0.03384718258451925,-0.03871716193898817,-0.00580128135091146
sub-MCI0181,PostcentralGyrus,-0.04183426076976341,-0.04653014892867635,-0.047980123201183285
sub-MCI0289,PostcentralGyrus,-0.056014730792425374,-0.06040998999311073,0.0043928445440479915
sub-MCI0271,PostcentralGyrus,-0.037794590541517195,-0.03505394374628232,-0.04607247390084413
sub-MCI0264,PostcentralGyrus,-0.04965112556840578,-0.03906936281791124,0.023202010506428082
sub-MCI0194,PostcentralGyrus,-0.11577593808062744,-0.06671431404682145,-0.1284082757177632
sub-MCI2016,PrecentralGyrus,-0.013526779994213419,-0.0313977690213438,0.04315416256314844
sub-MCI0290,PrecentralGyrus,-0.04640288010749775,-0.04230348370052568,-0.019579332330041867
sub-MCI0268,PrecentralGyrus,-0.034276034847631955,-0.014987550219753218,0.06185810659343228
sub-MCI0198,PrecentralGyrus,-0.052377916724971905,-0.06077859668235192,-0.11972652869042019
sub-MCI0285,PrecentralGyrus,-0.049610681659862065,-0.03226690439693058,-0.017265646874998222
sub-MCI2003,PrecentralGyrus,-0.05917976686441804,-0.058559755535793644,-0.006780259538042944
sub-MCI0199,PrecentralGyrus,-0.032297244647521824,-0.04160761907928689,-0.01456120657819959
sub-MCI2017,PrecentralGyrus,-0.06980560670717592,-0.049968986683791024,0.00059823425505582
sub-MCI0269,PrecentralGyrus,-0.03530053217900538,-0.05681033358269067,1.0185712190398624
sub-MCI0284,PrecentralGyrus,-0.04632801779946348,-0.04038377894648627,-0.13810497511774464
sub-MCI2002,PrecentralGyrus,-0.04892113436204374,-0.114030167090349,-0.008246860110307074
sub-MCI2001,PrecentralGyrus,-0.06534142680536505,-0.04758215599876029,-0.06765497467324279
sub-MCI0287,PrecentralGyrus,-0.04281622508649352,-0.040181238196900684,-0.4447133940183079
sub-MCI0292,PrecentralGyrus,-0.07408614886101905,-0.07232229466996419,-0.03086271068568824
sub-MCI2014,PrecentralGyrus,-0.042186114195536556,-0.03377108925161728,-0.03807195375767468
sub-MCI2000,PrecentralGyrus,-0.08849251245662186,-0.03204226699513576,-0.0028491886654787445
sub-MCI0286,PrecentralGyrus,-0.035117786159763104,-0.043626858349009014,0.03353154408026241
sub-MCI0115,PrecentralGyrus,-0.007809376548660711,-0.020606431666499087,-0.04706019222307939
sub-MCI0236,PrecentralGyrus,-0.03893085391623104,-0.02153932746957579,-0.039530894904339926
sub-MCI0293,PrecentralGyrus,-0.07927087303483425,-0.04359833514742768,0.01472742180929159
sub-MCI2015,PrecentralGyrus,-0.022017635286970483,-0.04891263167174755,-0.01765310856715519
sub-MCI1004,PrecentralGyrus,-0.03187379343517445,-0.03706642795760915,0.02048523106612358
sub-MCI0295,PrecentralGyrus,-0.04711695424698844,-0.030383406688837607,-0.07908016766500187
sub-MCI1002,PrecentralGyrus,-0.04461549814854413,-0.029004312295295206,-0.02613561721265489
sub-MCI2013,PrecentralGyrus,-0.03236935995005235,0.010507866604872051,-0.022030373288927183
sub-MCI0106,PrecentralGyrus,-0.04943993087424467,-0.045470458451446885,-0.013810368824959875
sub-MCI0165,PrecentralGyrus,-0.060083831832391695,-0.0378448388363104,-0.03398175781228267
sub-MCI0170,PrecentralGyrus,-0.017003029764669147,0.01053182173483808,-0.053240825162682526
sub-MCI0113,PrecentralGyrus,-0.0656886616063311,-0.04824071371367909,-0.04687853484510727
sub-MCI2006,PrecentralGyrus,-0.05452421425410738,-0.012849172721227984,-0.040576831664895285
sub-MCI0278,PrecentralGyrus,-0.025927585712898386,-0.029010720664861135,-0.10000550609286368
sub-MCI0280,PrecentralGyrus,-0.028279019285970795,-0.03258480325822606,0.017749934675746135
sub-MCI0107,PrecentralGyrus,-0.051564314435303,-0.0469130698569084,-0.01857690759335125
sub-MCI0294,PrecentralGyrus,-0.05563947626924796,-0.028990775144269045,-0.026991538818568507
sub-MCI2012,PrecentralGyrus,-0.032474809207463894,-0.03776940852744298,-0.03287147505813207
sub-MCI1003,PrecentralGyrus,-0.041352120055879925,-0.03175244375912607,-0.023274456082142857
sub-MCI2007,PrecentralGyrus,-0.09983788548055422,-0.049073567959414435,-0.01673048932715617
sub-MCI0279,PrecentralGyrus,-0.060460514754244354,-0.0517999394256273,0.031646972724364314
sub-MCI0281,PrecentralGyrus,-0.03909087807930593,-0.03657510042972792,-0.10868576552210509
sub-MCI0111,PrecentralGyrus,-0.04616104656312789,-0.029072050837804994,-0.04502382149150974
sub-MCI0282,PrecentralGyrus,-0.03773453829024437,-0.005657837110546445,-0.010637879931078073
sub-MCI2004,PrecentralGyrus,-0.07596283222084402,-0.05952035548906291,-0.09412334255759207
sub-MCI2011,PrecentralGyrus,-0.03685769864982761,-0.04375245413798448,0.0217053881887214
sub-MCI1000,PrecentralGyrus,-0.03652080531078726,-0.044630685849459874,-0.02822434397226333
sub-MCI0297,PrecentralGyrus,-0.03439000127184646,-0.03827884844601756,-0.0017552700963216325
sub-MCI0283,PrecentralGyrus,-0.045509934499187533,-0.016211702491258546,-0.02432657092900032
sub-MCI2005,PrecentralGyrus,-0.13638937115050728,-0.08003291761190191,-0.07196116920533237
sub-MCI0173,PrecentralGyrus,-0.057415431147060436,-0.044329229980419146,-0.05319898990367933
sub-MCI1001,PrecentralGyrus,-0.045061297219863315,-0.03266887335601679,-0.10800424143164757
sub-MCI0296,PrecentralGyrus,-0.03119613252645312,-0.0335926443591544,-0.09062816986111424
sub-MCI0192,PrecentralGyrus,-0.03837504238688152,-0.025083320029614928,0.002111889464907682
sub-MCI0137,PrecentralGyrus,-0.03909529303403803,-0.058763439592271816,-0.04462925975666696
sub-MCI2009,PrecentralGyrus,-0.037860277762092095,-0.019028219049965846,0.07735285996264067
sub-MCI0141,PrecentralGyrus,-0.0394877427322567,-0.025798035276729765,-0.009714093838938268
sub-MCI0277,PrecentralGyrus,-0.031031007490232014,-0.043927304172511346,-0.04439949205567127
sub-MCI0263,PrecentralGyrus,-0.049855285403581105,-0.04050383045664119,-0.055089247812271536
sub-MCI2008,PrecentralGyrus,-0.003309139707765526,-0.03032604099103846,-0.05618216963033622
sub-MCI0275,PrecentralGyrus,-0.0027586231584183236,-0.0017271028400757847,-0.006239977829397146
sub-MCI0190,PrecentralGyrus,-0.027950407479531585,-0.012112960259746678,-0.027539096237017755
sub-MCI0298,PrecentralGyrus,-0.05510713824005968,-0.04875111705844972,0.008941087787592183
sub-MCI0184,PrecentralGyrus,-0.0271391135765133,-0.02835201233846529,-0.04129970835915031
sub-MCI0274,PrecentralGyrus,-0.026261377677500704,-0.0297268973382698,-0.049684541274185166
sub-MCI0299,PrecentralGyrus,-0.08445111559134676,-0.05092224480589839,-0.028257141225494883
sub-MCI0191,PrecentralGyrus,-0.04837004533223083,-0.012898964411964982,0.07849793546808942
sub-MCI0169,PrecentralGyrus,-0.010168794951359564,-0.04008986118476036,-0.017767869841442942
sub-MCI0197,PrecentralGyrus,-0.024667847040481614,-0.036420193105769015,0.04690971830648749
sub-MCI0132,PrecentralGyrus,-0.07053218975811969,-0.055469822275836585,-0.07251461929308535
sub-MCI0267,PrecentralGyrus,-0.050851074313310055,-0.048077331550477886,-0.044432328983325206
sub-MCI0272,PrecentralGyrus,-0.042147836174845875,-0.023467305462338637,-0.06789509859058279
sub-MCI0182,PrecentralGyrus,-0.053882972548726586,-0.05274429944079695,-0.00890510868361709
sub-MCI2018,PrecentralGyrus,-0.018283118456938526,-0.022627499845955745,-0.07071944980959234
sub-MCI0196,PrecentralGyrus,-0.042097015816957434,-0.027677678363821758,-0.028955627018508043
sub-MCI0183,PrecentralGyrus,-0.05329611396689005,-0.022008359073847905,-0.05125066763047981
sub-MCI0273,PrecentralGyrus,-0.050371298157922136,-0.016653927101438995,-0.00976253090658112
sub-MCI0288,PrecentralGyrus,-0.033538412211768814,-0.011178644345333142,0.020484745222975432
sub-MCI0270,PrecentralGyrus,-0.028684081353408598,-0.029484002703479895,-0.02965527320422169
sub-MCI0178,PrecentralGyrus,-0.025094951802989953,-0.02005880308851586,-0.006423675772679372
sub-MCI0195,PrecentralGyrus,-0.007445516471761875,-0.009946354183076272,0.003114898929485065
sub-MCI0265,PrecentralGyrus,-0.034870238923716323,-0.014640523453280851,-0.07324392507176528
sub-MCI0179,PrecentralGyrus,-0.01579220814282089,-0.01607504741675113,0.015255567392528152
sub-MCI0181,PrecentralGyrus,-0.018222575130229915,-0.008859217566497879,-0.018571881309526687
sub-MCI0289,PrecentralGyrus,-0.02781567305619581,-0.027956665049767872,-0.01272625419449589
sub-MCI0271,PrecentralGyrus,-0.002880394925219586,0.0006230544046365971,-0.007924482159876099
sub-MCI0264,PrecentralGyrus,-0.0608104956944974,-0.03542635315033509,0.030888229652917782
sub-MCI0194,PrecentralGyrus,-0.05934436920316437,-0.03507056103138067,0.002960110055749649
sub-MCI2016,PrecuneousCortex,0.02982274405224561,0.002564679869921023,0.06105311731960358
sub-MCI0290,PrecuneousCortex,0.012731865259217386,-0.001715958871701516,0.08279124867895515
sub-MCI0268,PrecuneousCortex,0.01141390365476594,0.043129409325503854,-0.0009999989676849925
sub-MCI0198,PrecuneousCortex,-0.04601142811417137,-0.029542887983304875,0.1738125154943661
sub-MCI0285,PrecuneousCortex,0.010802344141173434,-0.0038304709633048524,0.012920723154191743
sub-MCI2003,PrecuneousCortex,-0.010335745801596624,-0.00366541092015077,-0.04457484703061278
sub-MCI0199,PrecuneousCortex,-0.0022080746404364547,-0.0012389967353071726,0.0009108880049090879
sub-MCI2017,PrecuneousCortex,-0.023054784492784527,-0.013655776683959063,-0.0034472515354513835
sub-MCI0269,PrecuneousCortex,0.00850435833947674,0.025539946211483644,0.6911695244475663
sub-MCI0284,PrecuneousCortex,-0.011984005494990551,-0.00870387589333712,0.010472159266834351
sub-MCI2002,PrecuneousCortex,0.004017856323214468,-0.016045484370840392,0.012586147647810315
sub-MCI2001,PrecuneousCortex,-0.021306636180721476,-0.00026710238139922375,0.06341293399535387
sub-MCI0287,PrecuneousCortex,-0.04648457646622715,-0.011036305615920144,-0.21194692315249766
sub-MCI0292,PrecuneousCortex,0.00991321583377403,0.00345356065663012,-0.002419161437430779
sub-MCI2014,PrecuneousCortex,-0.011136092095242004,-0.008798676087388093,-0.06619668011790686
sub-MCI2000,PrecuneousCortex,0.015522965569272053,0.004112390823913663,0.03185564927291641
sub-MCI0286,PrecuneousCortex,0.035883201659404264,0.04638576884789272,0.034373247998179444
sub-MCI0115,PrecuneousCortex,0.021539611953815742,0.026538637385603445,-0.03819649498629069
sub-MCI0236,PrecuneousCortex,-0.014234524169402218,0.01612504110205388,-0.056079247478693466
sub-MCI0293,PrecuneousCortex,0.039808361793948026,0.010326694604780699,0.14885469974197585
sub-MCI2015,PrecuneousCortex,0.032284920441757826,0.020040972015242815,0.00105198635183263
sub-MCI1004,PrecuneousCortex,0.03238469648086827,0.01895874497169954,-0.006047749262954199
sub-MCI0295,PrecuneousCortex,-0.02767614116370306,-0.005192782103099515,-0.056340623964975516
sub-MCI1002,PrecuneousCortex,0.011557803134502857,0.005955162032227429,0.010394220309608503
sub-MCI2013,PrecuneousCortex,0.051419837724297306,0.026387173862387366,0.034285052994480446
sub-MCI0106,PrecuneousCortex,0.032465173501164964,0.025798760525760286,0.07254992156296829
sub-MCI0165,PrecuneousCortex,-0.0003890989567420183,-0.02292525914919776,-0.03622633989671798
sub-MCI0170,PrecuneousCortex,0.008521510496298037,0.010427141420863512,-0.03579320228331067
sub-MCI0113,PrecuneousCortex,0.010977583394488358,-7.40972007965348e-05,-0.03236358443321563
sub-MCI2006,PrecuneousCortex,0.007673944901799388,0.0071487241381168725,0.021786240931253913
sub-MCI0278,PrecuneousCortex,0.015428592734984809,-0.0014687897477196849,-0.08535319050744468
sub-MCI0280,PrecuneousCortex,-0.020660280731262345,0.011877749929844042,0.05660274982761708
sub-MCI0107,PrecuneousCortex,-0.027979084431924713,-0.006875845085128433,0.05314309160847741
sub-MCI0294,PrecuneousCortex,0.03323885254862963,0.006355087057898105,0.05931697693651132
sub-MCI2012,PrecuneousCortex,-0.01707117901764355,0.010466226737368274,-0.0537265280913129
sub-MCI1003,PrecuneousCortex,0.032067833203520586,0.02370690534859229,0.01620901358512382
sub-MCI2007,PrecuneousCortex,-0.009383625082849144,0.006453994636085641,0.11139735337781152
sub-MCI0279,PrecuneousCortex,0.024393310429137918,-0.014061390224492471,0.012675918041463142
sub-MCI0281,PrecuneousCortex,-0.024363496227612313,-0.007344052618717708,-0.07455280157373498
sub-MCI0111,PrecuneousCortex,-0.046185029252785496,-0.010833496936353533,-0.023771423336247027
sub-MCI0282,PrecuneousCortex,0.007816765853843003,0.0137693691742838,-0.02392953937086523
sub-MCI2004,PrecuneousCortex,0.002824611398513003,-0.0005535023649299998,-0.08908441587104433
sub-MCI2011,PrecuneousCortex,0.008854465283273829,0.009339849457264607,0.028983137519259995
sub-MCI1000,PrecuneousCortex,0.006253355294157283,0.00018755547855560113,0.0309606119935605
sub-MCI0297,PrecuneousCortex,-0.014390401384307243,-0.013012871061630816,-0.013979608356003481
sub-MCI0283,PrecuneousCortex,-0.012387342046032269,0.019763616924825398,0.022627698756240645
sub-MCI2005,PrecuneousCortex,0.010458443846298604,-0.01001079740073152,-0.07700474028972812
sub-MCI0173,PrecuneousCortex,0.00969382566294723,0.0015230236294358644,-0.005984144166673832
sub-MCI1001,PrecuneousCortex,0.01809374045580135,-0.009142344236018124,-0.043466502042526806
sub-MCI0296,PrecuneousCortex,0.029810096309793657,0.010510635558889862,-0.019240285673908182
sub-MCI0192,PrecuneousCortex,0.024706465394168094,0.030926893972828808,0.0036256825693257648
sub-MCI0137,PrecuneousCortex,0.0044732915466510785,0.013627034150517855,0.01672514119687958
sub-MCI2009,PrecuneousCortex,0.018613023512477376,-0.0011453759788658893,-0.015248872446353968
sub-MCI0141,PrecuneousCortex,0.0074892541723591294,0.0008783674491732846,-0.019701423111722568
sub-MCI0277,PrecuneousCortex,0.02229081190283405,0.0044708535916676215,0.054162806176893154
sub-MCI0263,PrecuneousCortex,-0.01036799947218806,-0.003503003706225269,-0.0373277704141668
sub-MCI2008,PrecuneousCortex,-0.007748436904252811,-0.00300077974118146,0.008774582052334135
sub-MCI0275,PrecuneousCortex,0.029831777470537817,0.032779319001696304,0.010217505316252597
sub-MCI0190,PrecuneousCortex,0.0018622199416994869,0.0023452207566149914,0.01829586898371522
sub-MCI0298,PrecuneousCortex,0.023875920540344386,0.008397224047829315,0.06134525894275889
sub-MCI0184,PrecuneousCortex,-0.00447655300377045,-0.0009813780256266072,-0.02739821679141683
sub-MCI0274,PrecuneousCortex,-0.0066834821120864505,0.00759889984704245,-0.02082210992570317
sub-MCI0299,PrecuneousCortex,-0.023188189372514805,-0.008885642146953301,-0.10080958158918552
sub-MCI0191,PrecuneousCortex,0.03469362063524863,0.034035262558168376,0.03988526558295263
sub-MCI0169,PrecuneousCortex,0.024589272983469593,0.03823433252345228,-0.05156628618016352
sub-MCI0197,PrecuneousCortex,0.005551855365544802,-0.005154851260294269,-0.005664383528228039
sub-MCI0132,PrecuneousCortex,0.027162800455878138,0.021062606377848736,0.02442940525090435
sub-MCI0267,PrecuneousCortex,0.02461874754117371,0.03415144577147485,-0.08325723359260694
sub-MCI0272,PrecuneousCortex,-0.010491300016451504,0.00536350993994961,0.05523158422322407
sub-MCI0182,PrecuneousCortex,-0.0014959283911999237,-0.00016790495362207133,0.01187927518618181
sub-MCI2018,PrecuneousCortex,0.006863095790745069,0.0022985403383810445,-0.03099288114598142
sub-MCI0196,PrecuneousCortex,-0.007764524372448263,0.010510959954159087,-0.0060810764486318915
sub-MCI0183,PrecuneousCortex,0.015383472503632619,0.021331852439847213,0.0479430348798881
sub-MCI0273,PrecuneousCortex,0.007008960676483296,0.006460162679420568,0.01561655485926162
sub-MCI0288,PrecuneousCortex,0.013311820374226338,0.018756878362470645,0.07576518507764067
sub-MCI0270,PrecuneousCortex,-0.0005802945489732732,0.027827784601415894,-0.017295049137428804
sub-MCI0178,PrecuneousCortex,0.024155704316141526,0.019519551800016622,0.018127379750306875
sub-MCI0195,PrecuneousCortex,-0.0017745876914043303,0.00987783382265562,0.004990875852090501
sub-MCI0265,PrecuneousCortex,0.008207720878161412,0.016282095364012466,0.022205353395540608
sub-MCI0179,PrecuneousCortex,0.025346681248369307,0.011021347522923367,0.03778229963389346
sub-MCI0181,PrecuneousCortex,0.011060461977140544,0.0052045276904091695,-0.023149300153226752
sub-MCI0289,PrecuneousCortex,0.010541556952299492,0.005683596032782364,-0.011433877649467452
sub-MCI0271,PrecuneousCortex,0.019937292924670478,0.01316568443822397,0.01582990646684527
sub-MCI0264,PrecuneousCortex,-0.038915260814035284,-0.018772993454346323,-0.029924252343119847
sub-MCI0194,PrecuneousCortex,0.0079954232039969,-0.0019117227153541518,0.012917805360222533
sub-MCI2016,SubcallosalCortex,0.014496852016798692,0.015505731032820748,-0.054122306006584145
sub-MCI0290,SubcallosalCortex,-0.007291238672560337,-0.012999857303320308,0.03183404630787405
sub-MCI0268,SubcallosalCortex,0.01769291030054813,0.001541809154597637,0.09168599407332753
sub-MCI0198,SubcallosalCortex,-0.03797103542602417,-0.04329512298360788,0.005430380403860421
sub-MCI0285,SubcallosalCortex,0.019274344702659273,0.056961887098245026,1.592281877570628
sub-MCI2003,SubcallosalCortex,0.008465432485315082,0.00775776182112526,0.048986091345334756
sub-MCI0199,SubcallosalCortex,0.010359512718946608,0.0035087523036397036,-0.054183999439551135
sub-MCI2017,SubcallosalCortex,0.018281113428934594,0.019924570777602214,-0.01202693630375147
sub-MCI0269,SubcallosalCortex,0.0026292934147052684,0.02321636768658436,0.3620869335608027
sub-MCI0284,SubcallosalCortex,0.0016946890062377582,0.007405775119949156,-0.11652582051854725
sub-MCI2002,SubcallosalCortex,-0.0032964565876221247,0.010610068324711421,0.15516710663555464
sub-MCI2001,SubcallosalCortex,0.0055147684856798945,0.013348479574965951,-0.06402587542931402
sub-MCI0287,SubcallosalCortex,0.031080544937369666,0.04903037857745835,-0.4341559030078034
sub-MCI0292,SubcallosalCortex,0.0050865893560521945,0.00286711211402118,-0.06940764195395677
sub-MCI2014,SubcallosalCortex,0.021383567424799244,0.005068270281176535,-0.07229096343294575
sub-MCI2000,SubcallosalCortex,-0.007568940007275878,0.022923545398641058,0.1367509986699261
sub-MCI0286,SubcallosalCortex,0.022356209196390423,0.028138502429180798,0.15810642310829628
sub-MCI0115,SubcallosalCortex,0.005078137264420567,0.03269223698981133,0.1704895334549619
sub-MCI0236,SubcallosalCortex,0.01969695614496017,0.008302822098671196,0.012296240358803421
sub-MCI0293,SubcallosalCortex,0.008076670487054433,0.02483654997296184,-0.0858258832114895
sub-MCI2015,SubcallosalCortex,0.03275763225840813,0.009163842002397919,-0.11653037101207946
sub-MCI1004,SubcallosalCortex,0.013827990390215782,0.006973571638082311,-0.016891819155733352
sub-MCI0295,SubcallosalCortex,-0.0022988387057542347,-0.014861633699134385,-0.04091424901096139
sub-MCI1002,SubcallosalCortex,0.005316985519468479,0.009417830279642889,0.06583286631894138
sub-MCI2013,SubcallosalCortex,0.007539450570344905,0.0067030747421112594,0.03652352188118626
sub-MCI0106,SubcallosalCortex,0.026819424652188097,0.021689045050353226,-0.09361061683224205
sub-MCI0165,SubcallosalCortex,-0.01007647554816379,0.013786793627238612,0.04179727698299092
sub-MCI0170,SubcallosalCortex,0.028092020005921297,0.02059046028254822,-0.21524619686206858
sub-MCI0113,SubcallosalCortex,0.026953720255493856,0.025397782693495467,-0.0025551471325186664
sub-MCI2006,SubcallosalCortex,-0.0006838543805128039,-0.00033513876005228144,-0.02653944638835857
sub-MCI0278,SubcallosalCortex,0.018705960112749272,-0.01187407391966326,-0.0220113621891702
sub-MCI0280,SubcallosalCortex,0.00968125841498781,-0.018248285737317068,2.605162639563942
sub-MCI0107,SubcallosalCortex,0.007719182171601511,0.03328615544941743,0.07036990214611676
sub-MCI0294,SubcallosalCortex,0.008856883924890733,0.00953160177194537,-0.05843060348906725
sub-MCI2012,SubcallosalCortex,0.010502264784840093,0.007190311284160625,0.06183067024607256
sub-MCI1003,SubcallosalCortex,0.03887970272807953,0.012743843308786444,-0.05346735245114624
sub-MCI2007,SubcallosalCortex,0.023389186595394743,0.007844264875877279,0.418060605893251
sub-MCI0279,SubcallosalCortex,0.019163553689125687,-0.007078758248781509,0.2875289684425905
sub-MCI0281,SubcallosalCortex,0.010788958132742606,0.008083789396297909,-0.06659716653187049
sub-MCI0111,SubcallosalCortex,0.021502832757289154,0.00772568929864497,-0.01205472950155911
sub-MCI0282,SubcallosalCortex,0.03832305386486443,0.008501599536250064,-0.005466098889531236
sub-MCI2004,SubcallosalCortex,-0.006357274742606295,0.011073486750554551,-0.8157720726225965
sub-MCI2011,SubcallosalCortex,-0.0027888973597975765,0.017633309937703703,0.046680926707681945
sub-MCI1000,SubcallosalCortex,0.0002481906840401628,-0.008314748730845312,-0.013394288900110633
sub-MCI0297,SubcallosalCortex,-0.003238519443966984,0.0074092466964140406,0.14588392021748406
sub-MCI0283,SubcallosalCortex,-0.002593945846166398,0.003006703367120044,-0.07871860911926239
sub-MCI2005,SubcallosalCortex,0.01158106028313208,0.008508888990571629,-0.031654548913949435
sub-MCI0173,SubcallosalCortex,0.015555374600412104,0.03529602470606195,0.07604034112423055
sub-MCI1001,SubcallosalCortex,0.006768726661551343,0.004307952248615517,0.000823732894208828
sub-MCI0296,SubcallosalCortex,0.022428100561571136,0.02552721921016857,-0.010513265774678988
sub-MCI0192,SubcallosalCortex,0.03208122327726964,-0.0408136720938707,0.04115412001697814
sub-MCI0137,SubcallosalCortex,0.01862627521566459,0.007946245753101712,-0.06979232951840622
sub-MCI2009,SubcallosalCortex,-0.022198916109405945,0.005857618998356283,0.003909202529990411
sub-MCI0141,SubcallosalCortex,0.006639578381035473,0.005496757302672518,-0.057814412192549354
sub-MCI0277,SubcallosalCortex,-0.005514525111700145,0.004449938900573039,0.06128992455521406
sub-MCI0263,SubcallosalCortex,-0.024623451394274142,-0.025927572601014453,-0.13712607346550518
sub-MCI2008,SubcallosalCortex,0.0133537597348943,0.032635050771764526,-0.055501862558476694
sub-MCI0275,SubcallosalCortex,-0.006480796039354471,-0.013996458849198307,0.005904178402699884
sub-MCI0190,SubcallosalCortex,0.0057124621308821165,0.010447200764911376,-0.000859003484065987
sub-MCI0298,SubcallosalCortex,-0.00028475271495907414,0.005174329055826909,0.09527802348754794
sub-MCI0184,SubcallosalCortex,-0.008947941304530985,-0.012555286299912706,-0.11427148788175766
sub-MCI0274,SubcallosalCortex,0.02101472914372952,-0.0009352460601001194,-0.04007901069154508
sub-MCI0299,SubcallosalCortex,-0.009298610779384122,0.0037833989804469783,-0.03813485978485719
sub-MCI0191,SubcallosalCortex,-0.009341382635707341,0.0047173557995123785,-0.004223637948295874
sub-MCI0169,SubcallosalCortex,0.016348139567859077,0.021928399902091757,-0.010955599426390964
sub-MCI0197,SubcallosalCortex,0.0033029176522738437,0.0046412094640187395,0.004483254565390493
sub-MCI0132,SubcallosalCortex,0.0023043255196502073,-0.0069025880044631905,-0.06788514398877521
sub-MCI0267,SubcallosalCortex,0.010921197337738593,0.013450593837663092,-0.11062884298532659
sub-MCI0272,SubcallosalCortex,-0.01766200740833015,-0.014335340214020229,-0.11878994659435926
sub-MCI0182,SubcallosalCortex,0.007178884325941966,0.010233460940275772,1.5716373983751586
sub-MCI2018,SubcallosalCortex,0.030262934973603307,-0.004118888114822662,-0.027615887135024823
sub-MCI0196,SubcallosalCortex,0.0224977766527704,0.013467316195531027,-0.013393823893047295
sub-MCI0183,SubcallosalCortex,0.0444460178731677,0.05607416678127947,-0.0022464413504408266
sub-MCI0273,SubcallosalCortex,-0.0028868545252540715,-0.014534473593377279,-0.045238143218731645
sub-MCI0288,SubcallosalCortex,0.007456489906301088,0.01965307996276153,-0.03878861818128852
sub-MCI0270,SubcallosalCortex,-0.016119693101078324,-0.008888039536226798,0.06041854594319114
sub-MCI0178,SubcallosalCortex,0.009603268298982611,0.024948178686708507,0.058119872365956574
sub-MCI0195,SubcallosalCortex,-0.0010106339356370554,0.005378174926834003,0.021782262462712653
sub-MCI0265,SubcallosalCortex,0.0024069978815242964,-0.008503048786708803,-0.027471266296391017
sub-MCI0179,SubcallosalCortex,0.01492018519857477,0.013426378191321194,0.016233220256107166
sub-MCI0181,SubcallosalCortex,0.022487818341478977,0.029354657675011754,0.11510932447183357
sub-MCI0289,SubcallosalCortex,0.03317051981514663,0.00250867865713115,0.017183633448602968
sub-MCI0271,SubcallosalCortex,0.011285502618795532,0.0002861847951397724,0.06806388031742588
sub-MCI0264,SubcallosalCortex,0.032386211023075075,0.027221160600927365,0.05921853419660419
sub-MCI0194,SubcallosalCortex,-0.0024407754550003972,0.0004976388551896767,-0.3360416017092715
sub-MCI2016,SuperiorFrontalGyrus,0.023114128735746222,-0.002709176842742896,0.06518234952661266
sub-MCI0290,SuperiorFrontalGyrus,-0.013510995099863794,-0.01225421177262971,-0.056291806879500215
sub-MCI0268,SuperiorFrontalGyrus,-0.014311712947631353,0.019125703977013526,0.044867918871436985
sub-MCI0198,SuperiorFrontalGyrus,-0.03158647075736964,-0.008862469234132416,0.020499247798577543
sub-MCI0285,SuperiorFrontalGyrus,0.06614186978009295,0.023788964707909744,0.006192204836005451
sub-MCI2003,SuperiorFrontalGyrus,-0.04851162523370752,-0.03127306516337632,-0.020829638233543078
sub-MCI0199,SuperiorFrontalGyrus,-0.00450402897975377,-0.025894269350083803,-0.04355369853527941
sub-MCI2017,SuperiorFrontalGyrus,-0.02261592153231149,-0.020132080875971285,-0.008806608057182174
sub-MCI0269,SuperiorFrontalGyrus,0.006634607532483462,0.0014127726664398975,0.5472874644103708
sub-MCI0284,SuperiorFrontalGyrus,-0.002561197074397894,-0.01886015656026102,-0.0764302323727882
sub-MCI2002,SuperiorFrontalGyrus,-0.0022775592218844606,-0.03304371786213974,0.04119481157383571
sub-MCI2001,SuperiorFrontalGyrus,-0.03351426159804232,-0.017807105690080996,0.002927888619311731
sub-MCI0287,SuperiorFrontalGyrus,-0.006631011724375784,-0.0234183470904195,0.024138565763420612
sub-MCI0292,SuperiorFrontalGyrus,-0.004026768422414811,1.5934622826876045e-05,-0.08883041239273815
sub-MCI2014,SuperiorFrontalGyrus,-0.037021249346746325,-0.012674349487146996,-0.01642796432137602
sub-MCI2000,SuperiorFrontalGyrus,-0.03250884508052358,-0.009570275554650546,0.0027482274552451023
sub-MCI0286,SuperiorFrontalGyrus,0.012906418666241003,-0.013627844737731142,0.04331239172254054
sub-MCI0115,SuperiorFrontalGyrus,0.017257792459370997,0.007865408985875844,-0.009703899543467141
sub-MCI0236,SuperiorFrontalGyrus,-0.027805205827257623,0.01811418175247306,-0.02046502423208944
sub-MCI0293,SuperiorFrontalGyrus,-0.02022488162242073,-0.003265143966976121,-0.004788029251670026
sub-MCI2015,SuperiorFrontalGyrus,-0.053462206835391754,-0.006005249047210893,0.030398984298890014
sub-MCI1004,SuperiorFrontalGyrus,0.05128857710972556,0.04471766575102795,0.08042548200052117
sub-MCI0295,SuperiorFrontalGyrus,-0.03480342058515592,-0.011060942671264227,-0.0860340044481982
sub-MCI1002,SuperiorFrontalGyrus,0.015356691256907624,0.019135132554338626,0.021158772778644603
sub-MCI2013,SuperiorFrontalGyrus,0.01381520034405066,0.03993580169636264,0.02842299249342175
sub-MCI0106,SuperiorFrontalGyrus,-0.038816267694786626,-0.03172214003815642,-0.03383490110034139
sub-MCI0165,SuperiorFrontalGyrus,-0.006296113974079883,-0.007298867639620413,0.007654949829234063
sub-MCI0170,SuperiorFrontalGyrus,-0.006320157919680214,0.0030887643621494,-0.0662859038361309
sub-MCI0113,SuperiorFrontalGyrus,-0.0015401108070981961,0.00150390405409154,-0.03819205502721381
sub-MCI2006,SuperiorFrontalGyrus,-0.02750996687983695,-0.014475415437148514,0.168576104908139
sub-MCI0278,SuperiorFrontalGyrus,-0.02025883338157785,-0.0003692653874015373,-0.04924084187973263
sub-MCI0280,SuperiorFrontalGyrus,-0.035838258182305446,0.00837617850320214,-0.04140953351577436
sub-MCI0107,SuperiorFrontalGyrus,0.014472559451658873,-0.005584437687865301,0.016208679364093464
sub-MCI0294,SuperiorFrontalGyrus,-0.010418522277572234,0.007778875189742524,0.0568088795682513
sub-MCI2012,SuperiorFrontalGyrus,0.007852845009964003,0.0086815904382974,-0.003815177646228878
sub-MCI1003,SuperiorFrontalGyrus,-0.004174610756397393,0.002746416498859974,-0.00585819319446741
sub-MCI2007,SuperiorFrontalGyrus,-0.07127872487260199,-0.019534111415701837,0.00672387239521213
sub-MCI0279,SuperiorFrontalGyrus,-0.006695818968572168,-0.010419574649743904,-0.007465684040746976
sub-MCI0281,SuperiorFrontalGyrus,0.013335835310170128,0.002915914038139299,-0.09484396891991723
sub-MCI0111,SuperiorFrontalGyrus,0.09207520929593806,0.014377316987186101,0.012905332555465806
sub-MCI0282,SuperiorFrontalGyrus,-0.029528130834204525,-0.016596820549414408,-0.01298097881240526
sub-MCI2004,SuperiorFrontalGyrus,-0.012656503963546697,-0.002777233245819128,-0.6829117291544953
sub-MCI2011,SuperiorFrontalGyrus,0.029651841302680632,0.016549918106790577,0.07179790380347237
sub-MCI1000,SuperiorFrontalGyrus,-0.03959951458935661,-0.0054927080992186695,0.006757863810431832
sub-MCI0297,SuperiorFrontalGyrus,-0.009673398837617973,-0.006323621031457552,-0.0024243311102505835
sub-MCI0283,SuperiorFrontalGyrus,0.005336146378981911,-0.011496441055355687,-0.0984215977542059
sub-MCI2005,SuperiorFrontalGyrus,-0.019956984444050512,0.00934672409007798,-0.004794106850784135
sub-MCI0173,SuperiorFrontalGyrus,-0.019552373386575613,0.00809240150285577,0.0030137479650610174
sub-MCI1001,SuperiorFrontalGyrus,0.006253757726660146,0.006103875552322108,-0.05215979016533951
sub-MCI0296,SuperiorFrontalGyrus,0.023302549038319707,-0.02418134755931308,-0.04855264895339552
sub-MCI0192,SuperiorFrontalGyrus,0.034433530179696296,0.021254180702159738,-0.020729795837133084
sub-MCI0137,SuperiorFrontalGyrus,-0.025775824170208888,-0.030290410551235318,0.010521700876375087
sub-MCI2009,SuperiorFrontalGyrus,-0.022781586156046238,-0.004831715806942698,0.0856475802761081
sub-MCI0141,SuperiorFrontalGyrus,-0.011960514740189231,0.003849032486737415,-0.002698776727874904
sub-MCI0277,SuperiorFrontalGyrus,0.007717972537273,-0.0071457533574713445,-0.0334454211888582
sub-MCI0263,SuperiorFrontalGyrus,-0.011703832221153914,-0.024524249576664773,-0.027489883406915366
sub-MCI2008,SuperiorFrontalGyrus,-0.021326844545255002,0.004642507847314126,-0.05341784045894737
sub-MCI0275,SuperiorFrontalGyrus,-0.012438622662417815,0.02601481738542976,0.09980488429977058
sub-MCI0190,SuperiorFrontalGyrus,-0.011595385159234297,-0.015001862868731381,-0.021770698507445778
sub-MCI0298,SuperiorFrontalGyrus,-0.003964649813235097,0.013762364671823756,-0.025544228476974535
sub-MCI0184,SuperiorFrontalGyrus,-0.017556890666620906,-0.004303044487246953,-0.011965640073429618
sub-MCI0274,SuperiorFrontalGyrus,0.0059059038365143765,0.0003821965066308115,-0.04141465999533302
sub-MCI0299,SuperiorFrontalGyrus,-0.036661171398540575,-0.03489252416883515,-0.03252706456937483
sub-MCI0191,SuperiorFrontalGyrus,0.009009686735172193,0.01778395514551884,0.08485548392016055
sub-MCI0169,SuperiorFrontalGyrus,-0.011635113432022627,0.015265577835585306,-0.04642235020207948
sub-MCI0197,SuperiorFrontalGyrus,0.002782008896577297,0.003979456584864741,-0.05198881890574355
sub-MCI0132,SuperiorFrontalGyrus,0.008697955475839418,0.017767896843177807,0.010919513197472017
sub-MCI0267,SuperiorFrontalGyrus,-0.008715896437306473,-0.027567919586856927,0.02131799442277997
sub-MCI0272,SuperiorFrontalGyrus,-0.06138503795364861,-0.0351823250987571,-0.03129084789481539
sub-MCI0182,SuperiorFrontalGyrus,-0.011970220993272293,-0.020807415728538076,0.0011452736915551903
sub-MCI2018,SuperiorFrontalGyrus,-0.017850809629752645,-0.012987901939398238,-0.007575559734537799
sub-MCI0196,SuperiorFrontalGyrus,-0.014481243872956975,0.0025706681265031464,-0.004724954803519646
sub-MCI0183,SuperiorFrontalGyrus,-0.047152618353816414,-0.009347168840818605,-0.016259397564096417
sub-MCI0273,SuperiorFrontalGyrus,-0.009090797334317417,0.01056542740777218,-0.002491728709097245
sub-MCI0288,SuperiorFrontalGyrus,-0.0062259996829683115,-0.009970223092277521,0.013985290576129066
sub-MCI0270,SuperiorFrontalGyrus,-0.023687070989052452,-0.009345505079289936,-0.02804211821605808
sub-MCI0178,SuperiorFrontalGyrus,-0.012652133235756043,0.0005816890159425301,-0.009566004319317317
sub-MCI0195,SuperiorFrontalGyrus,0.03054279302174621,0.014257174173491542,0.0007017956248815787
sub-MCI0265,SuperiorFrontalGyrus,0.028224870892397294,0.008417517247240333,-0.0033495799161597185
sub-MCI0179,SuperiorFrontalGyrus,-0.0013399118641462266,0.007465714255219364,0.03286585779107407
sub-MCI0181,SuperiorFrontalGyrus,-0.026323839891352407,-0.0251652518120642,-0.01749331086195286
sub-MCI0289,SuperiorFrontalGyrus,-0.00465178670791157,-0.01096483987216802,0.018355383040846975
sub-MCI0271,SuperiorFrontalGyrus,0.03447949760401897,0.00032122688366461346,-0.01797843105562787
sub-MCI0264,SuperiorFrontalGyrus,-0.022121749362915402,-0.014342244510165685,0.054236275457876536
sub-MCI0194,SuperiorFrontalGyrus,-0.02962618453553157,-0.007199232977764062,-0.05130817118995245
sub-MCI2016,SuperiorParietalLobule,-0.010559852616802406,-0.016102656231996696,-0.137420623289285
sub-MCI0290,SuperiorParietalLobule,-0.037621088828778945,-0.05121005302084084,-0.041215328385833055
sub-MCI0268,SuperiorParietalLobule,-0.030929762976295908,-0.04591699253862442,0.04696384678782346
sub-MCI0198,SuperiorParietalLobule,-0.021781971078610338,-0.035176715316132486,-0.053927155625425056
sub-MCI0285,SuperiorParietalLobule,0.046839790385741265,0.025474134742307017,0.1778516314472057
sub-MCI2003,SuperiorParietalLobule,-0.032332070901542755,-0.055573773201002485,-0.04132100792161067
sub-MCI0199,SuperiorParietalLobule,-0.04810506816368161,-0.05531424390825376,-0.005404313030429378
sub-MCI2017,SuperiorParietalLobule,-0.10192128089024698,-0.08318030483851675,-0.09082445643653621
sub-MCI0269,SuperiorParietalLobule,0.0006254632648855596,-0.03192668364355123,5.944629199169458
sub-MCI0284,SuperiorParietalLobule,-0.04838186093597084,-0.04068575002685403,-0.01345199033465173
sub-MCI2002,SuperiorParietalLobule,0.011167987965029026,-0.12930673500102854,0.08255931987825804
sub-MCI2001,SuperiorParietalLobule,-0.04052196748803649,-0.06266689271779544,-0.14418843113357954
sub-MCI0287,SuperiorParietalLobule,-0.09374267405131828,-0.06560493020740285,-0.4161018612173802
sub-MCI0292,SuperiorParietalLobule,0.029504959538612395,-0.013564073144917118,0.017331326782299348
sub-MCI2014,SuperiorParietalLobule,-0.06339962540473477,-0.07797240142040518,-0.09644048602973851
sub-MCI2000,SuperiorParietalLobule,-0.058311619337998465,-0.013830836974502807,0.02377667895539709
sub-MCI0286,SuperiorParietalLobule,-0.021190464011899085,-0.04668918855488042,0.0846685446896402
sub-MCI0115,SuperiorParietalLobule,-0.05980741032090543,-0.044639856046810214,-0.010541283743920582
sub-MCI0236,SuperiorParietalLobule,-0.03929529278161999,-0.029349887984865264,-0.08730164428890089
sub-MCI0293,SuperiorParietalLobule,-0.09985912904233758,-0.04245126766491575,-0.09205115875908429
sub-MCI2015,SuperiorParietalLobule,-0.05442226352333504,-0.04467996401834548,-0.12372094017109718
sub-MCI1004,SuperiorParietalLobule,-0.04117911973833608,-0.04637175161963473,0.05600055193400451
sub-MCI0295,SuperiorParietalLobule,-0.052445799901348414,-0.05057745717528681,-0.06715893533841939
sub-MCI1002,SuperiorParietalLobule,-0.021477283501688503,-0.04531326343138034,-0.043947482979971385
sub-MCI2013,SuperiorParietalLobule,0.016009514568403306,0.011141385495743273,-0.021404043816435132
sub-MCI0106,SuperiorParietalLobule,-0.0919757159540908,-0.07646588555693841,-0.008819379035090674
sub-MCI0165,SuperiorParietalLobule,-0.04861572863616272,-0.0160105240573317,-0.040659936363320395
sub-MCI0170,SuperiorParietalLobule,-0.06879047708805945,-0.014221621127997734,-0.03199909710711423
sub-MCI0113,SuperiorParietalLobule,-0.08200327328401492,-0.04944536189857484,-0.02511779572270684
sub-MCI2006,SuperiorParietalLobule,-0.04472329332160385,-0.005155197221676862,-0.09119136000752702
sub-MCI0278,SuperiorParietalLobule,-0.03455134857679717,-0.03551014012193068,-0.02111770826658916
sub-MCI0280,SuperiorParietalLobule,0.11003132705436368,0.07288274863910335,0.08645366027404909
sub-MCI0107,SuperiorParietalLobule,-0.07833490369725696,-0.040562445309089264,0.06784252668727997
sub-MCI0294,SuperiorParietalLobule,-0.02645227591317108,-0.0075207921515994605,0.029701129239477587
sub-MCI2012,SuperiorParietalLobule,-0.02977670738897795,-0.031527682348121415,-0.0064407460543604075
sub-MCI1003,SuperiorParietalLobule,-0.01540125430863087,-0.024669929333384622,0.02907831119369731
sub-MCI2007,SuperiorParietalLobule,-0.06313723106709442,-0.02296418241431231,0.13019852439266338
sub-MCI0279,SuperiorParietalLobule,-0.020096934327183298,-0.03996010009847943,-0.04554934761386222
sub-MCI0281,SuperiorParietalLobule,-0.03923585831756748,-0.03332716410048527,-0.17005654893177252
sub-MCI0111,SuperiorParietalLobule,-0.024709513502461616,0.0024462082687410143,0.00481908210576383
sub-MCI0282,SuperiorParietalLobule,-0.0821953974092637,-0.014752561580530607,-0.032368144602276695
sub-MCI2004,SuperiorParietalLobule,-0.060430678775126805,-0.0035319437819531663,-0.3996243965341393
sub-MCI2011,SuperiorParietalLobule,-0.01697983482382862,-0.008645330280199743,-0.013116515260588034
sub-MCI1000,SuperiorParietalLobule,-0.0769474888746116,-0.08843251616989267,-0.012713385696145498
sub-MCI0297,SuperiorParietalLobule,-0.024714729681638466,-0.06484507036812062,0.06765758315987268
sub-MCI0283,SuperiorParietalLobule,-0.03178298860188986,-0.012502305803490044,-0.17962246443510288
sub-MCI2005,SuperiorParietalLobule,-0.09583010727740757,-0.05625417195432134,-0.08098716519548851
sub-MCI0173,SuperiorParietalLobule,-0.05177182700552136,-0.025018426302035674,-0.03661454847332731
sub-MCI1001,SuperiorParietalLobule,-0.0016756932209248123,-0.019139090471513718,-0.04333636906270435
sub-MCI0296,SuperiorParietalLobule,-0.029890223407375013,-0.02895221477587409,-0.04502487145898834
sub-MCI0192,SuperiorParietalLobule,-0.04202008715581617,0.015863891993659382,0.01757256008041335
sub-MCI0137,SuperiorParietalLobule,-0.03232339308862898,-0.06560248424425731,-0.10892024633288055
sub-MCI2009,SuperiorParietalLobule,0.034982078374900916,-0.03455679443866738,0.04953391415133393
sub-MCI0141,SuperiorParietalLobule,-0.01672786750752264,-0.022013560226078924,0.038505997963390964
sub-MCI0277,SuperiorParietalLobule,-0.027465568298365144,-0.06853015222223316,-0.01629141936612912
sub-MCI0263,SuperiorParietalLobule,-0.0073453056513860995,-0.022643798419290838,-0.030190306639636552
sub-MCI2008,SuperiorParietalLobule,-0.010084313119791095,-0.02829954299031504,-0.04010273859827641
sub-MCI0275,SuperiorParietalLobule,0.0432354467771907,-0.01553859693792641,0.023058370922524194
sub-MCI0190,SuperiorParietalLobule,-0.034638791421637186,-0.04954367578284256,-0.04061088455369074
sub-MCI0298,SuperiorParietalLobule,0.007438611599771584,-0.04357993971112295,0.06944918996692226
sub-MCI0184,SuperiorParietalLobule,-0.08318209037809196,-0.05109120410153324,-0.058673063385303786
sub-MCI0274,SuperiorParietalLobule,-0.04296035898669353,-0.04578061202492526,-0.015346347055477083
sub-MCI0299,SuperiorParietalLobule,-0.04118494108334807,-0.028550344330974264,-0.00579214208922713
sub-MCI0191,SuperiorParietalLobule,-0.032816726906991785,-0.019559235535266433,0.018603978295063738
sub-MCI0169,SuperiorParietalLobule,-0.028719335512308063,-0.028977240727258293,0.002315131506698446
sub-MCI0197,SuperiorParietalLobule,-0.038180148351840845,-0.025412492676150655,0.08122339679917864
sub-MCI0132,SuperiorParietalLobule,-0.048494516723241426,-0.04572042071459894,0.007874234767885558
sub-MCI0267,SuperiorParietalLobule,-0.121308286146994,-0.09896745085363383,0.022900927536104766
sub-MCI0272,SuperiorParietalLobule,-0.06204869400762526,-0.04111134267037048,-0.12806659834390327
sub-MCI0182,SuperiorParietalLobule,-0.0690011362540882,-0.03678569082068659,0.07126191986087992
sub-MCI2018,SuperiorParietalLobule,-0.05245550009788195,-0.03020722887665266,-0.08023819547989101
sub-MCI0196,SuperiorParietalLobule,-0.02648572931757768,-0.018244291778120002,-0.0035969049182849404
sub-MCI0183,SuperiorParietalLobule,-0.009491513258878618,-0.03933959297019624,-0.05045599898478365
sub-MCI0273,SuperiorParietalLobule,-0.04271951632854491,-0.033415480142566276,0.02706834059604776
sub-MCI0288,SuperiorParietalLobule,0.005715087117288373,0.013854127918495714,0.014137513149204084
sub-MCI0270,SuperiorParietalLobule,-0.021343672176623002,-0.01957795983687751,-0.04969617427739109
sub-MCI0178,SuperiorParietalLobule,0.04741928658458444,0.00874280766713119,0.02109041141709736
sub-MCI0195,SuperiorParietalLobule,-0.04697979485833197,-0.06004707784671772,-0.05378509944001473
sub-MCI0265,SuperiorParietalLobule,-0.043061343758477956,-0.005052118331536607,-0.129309746382669
sub-MCI0179,SuperiorParietalLobule,-0.02091759825857635,-0.025254847408161484,0.02362893289767281
sub-MCI0181,SuperiorParietalLobule,-0.02301615843872149,-0.008569273483422023,-0.006350114836324214
sub-MCI0289,SuperiorParietalLobule,-0.022456129138919735,-0.023737529438385366,-0.012477687774993492
sub-MCI0271,SuperiorParietalLobule,0.011560043963835242,0.008871776323713398,-0.007132828889808939
sub-MCI0264,SuperiorParietalLobule,-0.04956567481010351,-0.03664955538072102,-0.025281894684704768
sub-MCI0194,SuperiorParietalLobule,-0.05082699500376246,-0.01891465083643642,-0.054631905814959345
sub-MCI2016,SuperiorTemporalGyrusanteriordivision,-0.05470026208298142,-0.026790945502455615,0.2241576655670566
sub-MCI0290,SuperiorTemporalGyrusanteriordivision,0.017072599309149852,-0.005874280835510167,0.10085369758620297
sub-MCI0268,SuperiorTemporalGyrusanteriordivision,-0.05546944459340361,-0.03683012375651614,0.17067302736228435
sub-MCI0198,SuperiorTemporalGyrusanteriordivision,-0.05544466928598946,-0.046913477147377036,-0.48396169706065273
sub-MCI0285,SuperiorTemporalGyrusanteriordivision,-0.034978653516032944,-0.03056829984753614,-0.0919460278724375
sub-MCI2003,SuperiorTemporalGyrusanteriordivision,-0.016686987173360937,-0.025540241978803856,-0.008516640055526941
sub-MCI0199,SuperiorTemporalGyrusanteriordivision,-0.07256152699089866,-0.05846425849174005,-0.05455179142803941
sub-MCI2017,SuperiorTemporalGyrusanteriordivision,-0.040151078221016136,-0.06453795438663415,-0.07001567089314151
sub-MCI0269,SuperiorTemporalGyrusanteriordivision,-0.06156057323092276,-0.0682679297804444,0.598412337021405
sub-MCI0284,SuperiorTemporalGyrusanteriordivision,-0.04285540963788646,-0.028406322761409468,0.11161338074287558
sub-MCI2002,SuperiorTemporalGyrusanteriordivision,-0.035116138352627356,0.03320995584732559,0.13132088335438585
sub-MCI2001,SuperiorTemporalGyrusanteriordivision,-0.04639787742788767,-0.01756503753570666,0.1143214290157626
sub-MCI0287,SuperiorTemporalGyrusanteriordivision,-0.03784064717647965,-0.034236383512796016,0.2281703611208877
sub-MCI0292,SuperiorTemporalGyrusanteriordivision,-0.11852010458382221,-0.06719030223945723,-0.14586978628773328
sub-MCI2014,SuperiorTemporalGyrusanteriordivision,-0.09912523146837422,-0.06745341685741146,-0.08781103739381257
sub-MCI2000,SuperiorTemporalGyrusanteriordivision,-0.05833944117240112,-0.0172112631489795,0.020157902719956183
sub-MCI0286,SuperiorTemporalGyrusanteriordivision,-0.009870611847972981,-0.01960172509507598,0.06432446956449535
sub-MCI0115,SuperiorTemporalGyrusanteriordivision,-0.013048570662420185,-0.017763221390005666,-0.05830691376629591
sub-MCI0236,SuperiorTemporalGyrusanteriordivision,-0.03690196950748012,-0.005936516716817204,-0.05557640624356248
sub-MCI0293,SuperiorTemporalGyrusanteriordivision,0.018308101824101752,-0.015982411483499444,0.18995504895597481
sub-MCI2015,SuperiorTemporalGyrusanteriordivision,0.028293352825279134,-0.016298405446493514,0.05009918796680968
sub-MCI1004,SuperiorTemporalGyrusanteriordivision,-0.003930957505557354,-0.04468763720964234,0.06010752182961713
sub-MCI0295,SuperiorTemporalGyrusanteriordivision,-0.07136249899360331,-0.043936783599009537,-0.18912951743962428
sub-MCI1002,SuperiorTemporalGyrusanteriordivision,-0.04487613088687826,-0.06305940631539947,-0.034837396502955975
sub-MCI2013,SuperiorTemporalGyrusanteriordivision,-0.028235450560417465,0.019525369961786658,0.01315609247277893
sub-MCI0106,SuperiorTemporalGyrusanteriordivision,0.025048714927742206,0.003506771310404006,0.07960352684630821
sub-MCI0165,SuperiorTemporalGyrusanteriordivision,-0.041410391481703654,-0.008694577558374642,0.03280491703848636
sub-MCI0170,SuperiorTemporalGyrusanteriordivision,-0.015117853883728449,-0.05240391044198981,-0.25198461312269677
sub-MCI0113,SuperiorTemporalGyrusanteriordivision,-0.056436961185769914,-0.009838309521299675,-0.00890567510944547
sub-MCI2006,SuperiorTemporalGyrusanteriordivision,-0.053915604873556795,-0.038948770610233954,-0.2309503154471203
sub-MCI0278,SuperiorTemporalGyrusanteriordivision,-0.061547088223027076,-0.016573777250071916,-0.029682416673826102
sub-MCI0280,SuperiorTemporalGyrusanteriordivision,-0.059105212834410434,-0.07069925325364093,0.0846132115909228
sub-MCI0107,SuperiorTemporalGyrusanteriordivision,-0.05236963711839042,-0.02131314570877227,-0.06453638286609462
sub-MCI0294,SuperiorTemporalGyrusanteriordivision,-0.03203804155410841,-0.06435603278565001,-0.021894444921034227
sub-MCI2012,SuperiorTemporalGyrusanteriordivision,-0.07663081097108379,-0.06300971086298383,-0.08854788964090174
sub-MCI1003,SuperiorTemporalGyrusanteriordivision,-0.07216664406560594,-0.06825841420939405,-0.02426163637713775
sub-MCI2007,SuperiorTemporalGyrusanteriordivision,-0.0905858557878553,-0.11598021065071171,-0.026640692007684035
sub-MCI0279,SuperiorTemporalGyrusanteriordivision,-0.05939644165285701,-0.022198154498058367,0.08488501735243126
sub-MCI0281,SuperiorTemporalGyrusanteriordivision,-0.03385457965883794,-0.005800117882918479,-0.1280077464686343
sub-MCI0111,SuperiorTemporalGyrusanteriordivision,-0.02560986644724142,-0.03367809997564558,-0.12555263240074518
sub-MCI0282,SuperiorTemporalGyrusanteriordivision,0.00877204597630511,-0.00967946985836273,-0.006766831097041658
sub-MCI2004,SuperiorTemporalGyrusanteriordivision,-0.06942437278590811,-0.09949274914096527,0.9935901140915251
sub-MCI2011,SuperiorTemporalGyrusanteriordivision,-0.0568289037110934,-0.036718931683163904,0.1327157420730207
sub-MCI1000,SuperiorTemporalGyrusanteriordivision,-0.0664540278414703,-0.07241780788717347,-0.13699360960167298
sub-MCI0297,SuperiorTemporalGyrusanteriordivision,0.014710356981851625,0.007688781623659909,-0.06396104603499957
sub-MCI0283,SuperiorTemporalGyrusanteriordivision,-0.06225396273862531,-0.0966280046089884,-0.19987631996120422
sub-MCI2005,SuperiorTemporalGyrusanteriordivision,-0.18556634401059055,-0.09801909379154394,-0.23734531603939865
sub-MCI0173,SuperiorTemporalGyrusanteriordivision,-0.06020224605661866,-0.051829341706710004,-0.04432838237710156
sub-MCI1001,SuperiorTemporalGyrusanteriordivision,-0.031971883779727414,-0.009615884480196072,-0.031127086089252357
sub-MCI0296,SuperiorTemporalGyrusanteriordivision,-0.004343174306573463,-0.05767767410192881,-0.06471417891065226
sub-MCI0192,SuperiorTemporalGyrusanteriordivision,-0.039239762669112145,-0.03839638225137076,-0.05463965658776173
sub-MCI0137,SuperiorTemporalGyrusanteriordivision,-0.09571977628578926,-9.920555021479498e-06,-0.04088531872164894
sub-MCI2009,SuperiorTemporalGyrusanteriordivision,-0.017514846678709173,0.02111834400936657,0.13716651702930938
sub-MCI0141,SuperiorTemporalGyrusanteriordivision,-0.028435144609259465,-0.022701687654745572,-0.01999839822563388
sub-MCI0277,SuperiorTemporalGyrusanteriordivision,-0.04201623593256257,-0.035475911949954614,-0.08817422459147599
sub-MCI0263,SuperiorTemporalGyrusanteriordivision,-0.07763610482393855,-0.02635295889741948,-0.0025771518408465818
sub-MCI2008,SuperiorTemporalGyrusanteriordivision,-0.08454468681802484,-0.0782872662152586,-0.08206311721437465
sub-MCI0275,SuperiorTemporalGyrusanteriordivision,0.014454453215428128,0.01771642795727744,0.15930268932998048
sub-MCI0190,SuperiorTemporalGyrusanteriordivision,-0.06763361194108929,-0.036269031089874955,-0.09344809266965544
sub-MCI0298,SuperiorTemporalGyrusanteriordivision,-0.061525964740253125,-0.048837506280845974,-0.03751351674498483
sub-MCI0184,SuperiorTemporalGyrusanteriordivision,-0.05194944797677688,-0.008830416589346418,-0.05248739006454727
sub-MCI0274,SuperiorTemporalGyrusanteriordivision,-0.08181966267286607,-0.05257371680360969,-0.0767875015820687
sub-MCI0299,SuperiorTemporalGyrusanteriordivision,-0.08763864383458053,-0.06255089842470024,0.09479571501469099
sub-MCI0191,SuperiorTemporalGyrusanteriordivision,-0.061004525761808606,-0.02674190873891393,-0.06256433589195283
sub-MCI0169,SuperiorTemporalGyrusanteriordivision,0.02557874267494679,-0.07580271030617729,-0.04052496697431593
sub-MCI0197,SuperiorTemporalGyrusanteriordivision,-0.03554029392949253,-0.03547566219503541,-0.0047131027115249365
sub-MCI0132,SuperiorTemporalGyrusanteriordivision,-0.06171682139858158,-0.07483101240299041,-0.11716228661416223
sub-MCI0267,SuperiorTemporalGyrusanteriordivision,-0.055486952519178324,-0.06762228338805155,-0.18203063913726542
sub-MCI0272,SuperiorTemporalGyrusanteriordivision,0.005926191799955333,-0.054127630991528175,0.02992019258425957
sub-MCI0182,SuperiorTemporalGyrusanteriordivision,-0.047243688525336884,-0.03738701574308103,0.14647946171788978
sub-MCI2018,SuperiorTemporalGyrusanteriordivision,-0.03609340977596382,-0.043118847830231254,0.04695367240635262
sub-MCI0196,SuperiorTemporalGyrusanteriordivision,-0.09261477063668729,-0.049156046384068584,-0.030297280544202214
sub-MCI0183,SuperiorTemporalGyrusanteriordivision,-0.07660876059924673,-0.0523839611177124,-0.060356718305575985
sub-MCI0273,SuperiorTemporalGyrusanteriordivision,-0.06040709184603751,-0.026102000871053663,-0.02282308283275057
sub-MCI0288,SuperiorTemporalGyrusanteriordivision,-0.05654865899800819,-0.010360739690502212,0.0002597012787365854
sub-MCI0270,SuperiorTemporalGyrusanteriordivision,-0.02660166727643911,-0.044175644643771786,-0.045819840096282295
sub-MCI0178,SuperiorTemporalGyrusanteriordivision,-0.054718590621106025,-0.04471072862094503,-0.02570943666551415
sub-MCI0195,SuperiorTemporalGyrusanteriordivision,0.017692560302465864,0.0074568819779820055,0.024182377000451172
sub-MCI0265,SuperiorTemporalGyrusanteriordivision,-0.03306184082668177,-0.03838288910825352,-0.08792696409689363
sub-MCI0179,SuperiorTemporalGyrusanteriordivision,-0.028861264001774953,-0.018043573055862135,0.03860717266461043
sub-MCI0181,SuperiorTemporalGyrusanteriordivision,-0.016667862276369592,0.01098860925521602,0.0044983816461366555
sub-MCI0289,SuperiorTemporalGyrusanteriordivision,-0.013175897813333769,-0.011674289314443786,0.07144696894801833
sub-MCI0271,SuperiorTemporalGyrusanteriordivision,-0.02193176999964809,-0.009983060627249999,0.13117486807294265
sub-MCI0264,SuperiorTemporalGyrusanteriordivision,-0.08660509781650605,-0.045608194353501635,0.000491205695571556
sub-MCI0194,SuperiorTemporalGyrusanteriordivision,-0.09316772479684785,-0.04984772830697443,0.09404044090471164
sub-MCI2016,SuperiorTemporalGyrusposteriordivision,-0.0073909619484224314,-0.06532087306153928,0.0677175894250841
sub-MCI0290,SuperiorTemporalGyrusposteriordivision,-0.0753918729558768,-0.09024772286279562,-0.1015069782064691
sub-MCI0268,SuperiorTemporalGyrusposteriordivision,-0.09717808073462245,-0.07840837542235,-0.01431347476351971
sub-MCI0198,SuperiorTemporalGyrusposteriordivision,-0.08905497459985229,-0.1043733029409203,-0.5309278741472208
sub-MCI0285,SuperiorTemporalGyrusposteriordivision,-0.10293962606346081,-0.11854200404570911,-0.120144032990548
sub-MCI2003,SuperiorTemporalGyrusposteriordivision,-0.08210733395292456,-0.10719851687884226,-0.08549194170355975
sub-MCI0199,SuperiorTemporalGyrusposteriordivision,-0.13657460371462535,-0.12799031117082468,-0.07702022122590269
sub-MCI2017,SuperiorTemporalGyrusposteriordivision,-0.13211385321710722,-0.10695246978248853,-0.07968750024672959
sub-MCI0269,SuperiorTemporalGyrusposteriordivision,-0.07796710643448973,-0.11250411974087218,0.6678610459154741
sub-MCI0284,SuperiorTemporalGyrusposteriordivision,-0.13097800613412552,-0.09045929211200801,-0.12354825360242785
sub-MCI2002,SuperiorTemporalGyrusposteriordivision,-0.05917644758053499,-0.0800883742504036,0.04661780909694297
sub-MCI2001,SuperiorTemporalGyrusposteriordivision,-0.12370664837621889,-0.07138008184491654,0.04174260243691684
sub-MCI0287,SuperiorTemporalGyrusposteriordivision,-0.12294426097230657,-0.09883831726588088,-0.3214511913972482
sub-MCI0292,SuperiorTemporalGyrusposteriordivision,-0.1273343610346275,-0.1497855313918401,-0.10558813157792998
sub-MCI2014,SuperiorTemporalGyrusposteriordivision,-0.12812402636305134,-0.08927487806344864,-0.1734375421216874
sub-MCI2000,SuperiorTemporalGyrusposteriordivision,-0.12733831216273933,-0.09637411164403943,-0.039879955967188685
sub-MCI0286,SuperiorTemporalGyrusposteriordivision,-0.07031023020545905,-0.07743602051368757,-0.05988854397656959
sub-MCI0115,SuperiorTemporalGyrusposteriordivision,-0.0950447037450765,-0.0900543992845589,-0.05788006850383249
sub-MCI0236,SuperiorTemporalGyrusposteriordivision,-0.05547196471117267,-0.07252363399570592,-0.021471907002095565
sub-MCI0293,SuperiorTemporalGyrusposteriordivision,-0.09233067469968764,-0.07422652948894842,0.06956543251903645
sub-MCI2015,SuperiorTemporalGyrusposteriordivision,-0.08913944821524455,-0.06371598267851131,-0.05034715092951951
sub-MCI1004,SuperiorTemporalGyrusposteriordivision,-0.09439340993512753,-0.0993732513154643,-0.01905307804988991
sub-MCI0295,SuperiorTemporalGyrusposteriordivision,-0.14981364682214884,-0.11674753299041933,-0.21350983580537908
sub-MCI1002,SuperiorTemporalGyrusposteriordivision,-0.06955154621977927,-0.14501644173966716,-0.06131750723347461
sub-MCI2013,SuperiorTemporalGyrusposteriordivision,-0.03705272092928231,-0.03819511495044627,-0.01850096510258936
sub-MCI0106,SuperiorTemporalGyrusposteriordivision,-0.07877073512468855,-0.07925031330292444,-0.01444949698184202
sub-MCI0165,SuperiorTemporalGyrusposteriordivision,-0.10989332020549088,-0.0980288904794174,-0.05898946767291724
sub-MCI0170,SuperiorTemporalGyrusposteriordivision,-0.09971334729831274,-0.10453611941135307,-0.11287274153599008
sub-MCI0113,SuperiorTemporalGyrusposteriordivision,-0.09781408415980689,-0.078616925570115,-0.022492743547510477
sub-MCI2006,SuperiorTemporalGyrusposteriordivision,-0.09873240331081519,-0.10354136087826998,-0.22356002387791063
sub-MCI0278,SuperiorTemporalGyrusposteriordivision,-0.09306327003348398,-0.0777282637277602,-0.06893519628294434
sub-MCI0280,SuperiorTemporalGyrusposteriordivision,-0.16012913421994335,-0.1274744133173544,-0.09957840587004185
sub-MCI0107,SuperiorTemporalGyrusposteriordivision,-0.13153912256652228,-0.10797360064563821,-0.1347102850388303
sub-MCI0294,SuperiorTemporalGyrusposteriordivision,-0.13382666089835601,-0.11012553250732376,-0.07919005444031618
sub-MCI2012,SuperiorTemporalGyrusposteriordivision,-0.12740393547062387,-0.14366525372601358,-0.23226997637983865
sub-MCI1003,SuperiorTemporalGyrusposteriordivision,-0.1120062464478855,-0.09200625729776711,-0.10010734420706209
sub-MCI2007,SuperiorTemporalGyrusposteriordivision,-0.14016666894764435,-0.1058066609349075,-0.13033888152346554
sub-MCI0279,SuperiorTemporalGyrusposteriordivision,-0.1426750598058251,-0.0524914776933903,0.011357566419184777
sub-MCI0281,SuperiorTemporalGyrusposteriordivision,-0.11122215071661035,-0.1118124066818173,-0.21000332630417862
sub-MCI0111,SuperiorTemporalGyrusposteriordivision,-0.07249572320963389,-0.09072442579893075,-0.17165347135401915
sub-MCI0282,SuperiorTemporalGyrusposteriordivision,-0.12437127141336003,-0.08913238282337585,-0.1180747046503313
sub-MCI2004,SuperiorTemporalGyrusposteriordivision,-0.10712794909374386,-0.14755807494991643,0.13961264811246005
sub-MCI2011,SuperiorTemporalGyrusposteriordivision,-0.08163392390482703,-0.11707477741496178,-0.010222501914420964
sub-MCI1000,SuperiorTemporalGyrusposteriordivision,-0.09354165270359738,-0.1079870013164534,-0.055001642934109016
sub-MCI0297,SuperiorTemporalGyrusposteriordivision,-0.08583190248001585,-0.08907605909577217,-0.059967576594862564
sub-MCI0283,SuperiorTemporalGyrusposteriordivision,-0.14411689700574426,-0.13426586644037486,-0.3524306308801955
sub-MCI2005,SuperiorTemporalGyrusposteriordivision,-0.24315622279376384,-0.14119558989328448,-0.22419635593687842
sub-MCI0173,SuperiorTemporalGyrusposteriordivision,-0.14541437828856976,-0.0961466342841895,-0.12047461762020317
sub-MCI1001,SuperiorTemporalGyrusposteriordivision,-0.09665208400198191,-0.09781799774240275,-0.1770763108798924
sub-MCI0296,SuperiorTemporalGyrusposteriordivision,-0.108630705781986,-0.12144967373397166,-0.15865674632476412
sub-MCI0192,SuperiorTemporalGyrusposteriordivision,-0.12684900897361298,-0.11603080555544704,-0.0784255120306983
sub-MCI0137,SuperiorTemporalGyrusposteriordivision,-0.12425281267721107,-0.08723314045215808,-0.08848489121789292
sub-MCI2009,SuperiorTemporalGyrusposteriordivision,-0.08022109212693934,-0.06425290218679297,0.03300805115139474
sub-MCI0141,SuperiorTemporalGyrusposteriordivision,-0.0859421125421496,-0.10672444796337152,-0.04292924332818265
sub-MCI0277,SuperiorTemporalGyrusposteriordivision,-0.10315931414734521,-0.12410865986207831,-0.16203431144955027
sub-MCI0263,SuperiorTemporalGyrusposteriordivision,-0.09387101883973036,-0.09839125649392783,-0.05524212479510423
sub-MCI2008,SuperiorTemporalGyrusposteriordivision,-0.10787607996914401,-0.12354456020425895,-0.027424491438813852
sub-MCI0275,SuperiorTemporalGyrusposteriordivision,-0.06765217550804807,-0.059292815576492526,0.0634188010053358
sub-MCI0190,SuperiorTemporalGyrusposteriordivision,-0.07430633253928885,-0.09215640839962752,-0.08637635644085748
sub-MCI0298,SuperiorTemporalGyrusposteriordivision,-0.07951281814608238,-0.1045281368241321,0.0352766033008147
sub-MCI0184,SuperiorTemporalGyrusposteriordivision,-0.12443968787249435,-0.09565706313416354,-0.040574900604359906
sub-MCI0274,SuperiorTemporalGyrusposteriordivision,-0.11501813422794438,-0.1194904270769901,-0.08779986865317983
sub-MCI0299,SuperiorTemporalGyrusposteriordivision,-0.1047856038565181,-0.10767480086359865,-0.07063690590131423
sub-MCI0191,SuperiorTemporalGyrusposteriordivision,-0.06677372285745017,-0.06174201320860833,-0.06842958295326076
sub-MCI0169,SuperiorTemporalGyrusposteriordivision,-0.09533186395749761,-0.10291566980805418,0.02749422670163717
sub-MCI0197,SuperiorTemporalGyrusposteriordivision,-0.08261533669154575,-0.11288510543660436,-0.0860267193133285
sub-MCI0132,SuperiorTemporalGyrusposteriordivision,-0.11686564250923519,-0.1424925231461184,-0.10780482043212442
sub-MCI0267,SuperiorTemporalGyrusposteriordivision,-0.12942898246961898,-0.13070384521181747,-0.1704782431279908
sub-MCI0272,SuperiorTemporalGyrusposteriordivision,-0.08280618652845381,-0.06038060037503267,0.0031596012476456242
sub-MCI0182,SuperiorTemporalGyrusposteriordivision,-0.13883540385456225,-0.12693958722554996,-0.0255541632790128
sub-MCI2018,SuperiorTemporalGyrusposteriordivision,-0.06303151449401677,-0.09831298028720287,-0.05831422729508711
sub-MCI0196,SuperiorTemporalGyrusposteriordivision,-0.10413706656757028,-0.07711987736435037,-0.0914387362041156
sub-MCI0183,SuperiorTemporalGyrusposteriordivision,-0.12749364372251415,-0.09778546667720768,-0.06801868242918689
sub-MCI0273,SuperiorTemporalGyrusposteriordivision,-0.08099980042600637,-0.10354390064931969,-0.005860196306345319
sub-MCI0288,SuperiorTemporalGyrusposteriordivision,-0.12303513826915494,-0.10603311692612219,-0.09780367008844792
sub-MCI0270,SuperiorTemporalGyrusposteriordivision,-0.09904988829594659,-0.10299525506687668,-0.08225754032056762
sub-MCI0178,SuperiorTemporalGyrusposteriordivision,-0.08420642256614431,-0.07391025233859064,-0.06686141798464826
sub-MCI0195,SuperiorTemporalGyrusposteriordivision,-0.06086794546544108,-0.06554372089102564,0.030976294213061115
sub-MCI0265,SuperiorTemporalGyrusposteriordivision,-0.10938509748765884,-0.10810123067531342,-0.08885913395177983
sub-MCI0179,SuperiorTemporalGyrusposteriordivision,-0.08968083321080991,-0.08765155205483191,0.015178039196692873
sub-MCI0181,SuperiorTemporalGyrusposteriordivision,-0.09026914643916288,-0.07649895474863537,-0.058851247376811744
sub-MCI0289,SuperiorTemporalGyrusposteriordivision,-0.058993592968701325,-0.08651416212245094,0.012376685256445358
sub-MCI0271,SuperiorTemporalGyrusposteriordivision,-0.12536104554001104,-0.08191180296171494,0.021851384853694523
sub-MCI0264,SuperiorTemporalGyrusposteriordivision,-0.13916663400511697,-0.08681991379652614,-0.03311654075403063
sub-MCI0194,SuperiorTemporalGyrusposteriordivision,-0.12935540820997263,-0.11835144252785848,0.005684909469416663
sub-MCI2016,SupracalcarineCortex,-0.0263488450131076,-0.048279679364894794,-0.027565694365326812
sub-MCI0290,SupracalcarineCortex,0.0027650035723976282,-0.010636492163515854,0.03947762792650461
sub-MCI0268,SupracalcarineCortex,-0.06194339239130038,0.007616464281534388,-0.09949268387234722
sub-MCI0198,SupracalcarineCortex,-0.011546669628560146,-0.013161965544840145,-0.05446760049702016
sub-MCI0285,SupracalcarineCortex,-0.05887596608608386,-0.04580361530983861,-0.02088389891159813
sub-MCI2003,SupracalcarineCortex,-0.01544832534884363,-0.02404479666193284,0.0294993365787708
sub-MCI0199,SupracalcarineCortex,-0.010724721258457616,-0.003757716986412002,-0.01328694760369184
sub-MCI2017,SupracalcarineCortex,0.009463099146655735,0.007387883391147162,-0.01860257917001963
sub-MCI0269,SupracalcarineCortex,-0.03111305345699788,-0.0040777752254129275,0.2657469833140653
sub-MCI0284,SupracalcarineCortex,0.007671324881926384,0.009517625151049832,0.11055206666971937
sub-MCI2002,SupracalcarineCortex,0.05025090531705442,0.015564292529371509,-0.11810046404929005
sub-MCI2001,SupracalcarineCortex,-0.018795316612001525,0.012142164906641025,-0.028596637184444332
sub-MCI0287,SupracalcarineCortex,-0.06099671067254089,-0.01016615403755993,-0.08120802685884165
sub-MCI0292,SupracalcarineCortex,0.03221287660830991,0.009361885236867895,0.01931097572309337
sub-MCI2014,SupracalcarineCortex,0.006920827128580397,-0.014084003458842084,-0.025885106317691024
sub-MCI2000,SupracalcarineCortex,0.02230932469332126,-0.009537592719048074,0.021741716525452384
sub-MCI0286,SupracalcarineCortex,-0.05025348183874261,0.02612020295375172,-0.0351226137465744
sub-MCI0115,SupracalcarineCortex,0.0166555208886276,0.019878633336136996,0.052720698661723575
sub-MCI0236,SupracalcarineCortex,0.019226499695931213,0.03544069395937529,0.015879436765365205
sub-MCI0293,SupracalcarineCortex,-0.018192253614045726,-0.015575508859385365,0.21307077707165623
sub-MCI2015,SupracalcarineCortex,-0.0304175064383785,0.020984411544624767,-0.026335477338902614
sub-MCI1004,SupracalcarineCortex,0.019392667956513333,-0.020118155096881894,0.015094897225814932
sub-MCI0295,SupracalcarineCortex,-0.0056847926681242895,-0.003614410939576693,-0.021335026168400852
sub-MCI1002,SupracalcarineCortex,-0.031175718026801885,-0.005929061189593644,-0.017325667995051475
sub-MCI2013,SupracalcarineCortex,0.05522993426839487,0.016002604041603884,0.06015178012241556
sub-MCI0106,SupracalcarineCortex,0.0647272899964482,0.035872190534832295,0.17309524531477324
sub-MCI0165,SupracalcarineCortex,0.03332009696794649,-0.012793760634474226,-0.08238905422497635
sub-MCI0170,SupracalcarineCortex,0.0057142355592479715,0.012616747083483794,0.005798581333658872
sub-MCI0113,SupracalcarineCortex,0.03332915475682026,0.011650556094203828,-0.07503088687651333
sub-MCI2006,SupracalcarineCortex,-0.03754257437479695,-0.025436663517701335,0.07369456906756411
sub-MCI0278,SupracalcarineCortex,-0.04469122006694024,-0.05881526668760822,-0.24428334272619506
sub-MCI0280,SupracalcarineCortex,-0.019925361216162826,0.013523374545586189,0.06903622876467674
sub-MCI0107,SupracalcarineCortex,-0.0172563461785635,-0.014229726588026365,-0.009435254509874534
sub-MCI0294,SupracalcarineCortex,-0.012272096720516644,-0.0783165176135019,-0.022605258681079037
sub-MCI2012,SupracalcarineCortex,-0.017257568131229892,-0.012987160509173479,0.12814575911544576
sub-MCI1003,SupracalcarineCortex,0.016686927100426695,0.034857093763856054,-0.008411728790424376
sub-MCI2007,SupracalcarineCortex,0.00506251720816852,0.02427047150261509,-0.026622036243823723
sub-MCI0279,SupracalcarineCortex,-0.01930993616681821,0.019965822447806474,0.12272714542951055
sub-MCI0281,SupracalcarineCortex,-0.0035172301361903586,-0.005037884857241583,-0.09924971311234508
sub-MCI0111,SupracalcarineCortex,-0.07087270681119762,-0.04406199737616897,-0.10135575373540238
sub-MCI0282,SupracalcarineCortex,0.002850398084986307,-0.022661568136656738,-0.07443071875591434
sub-MCI2004,SupracalcarineCortex,-0.020707430538415176,-0.005175597836580915,-0.2088232339962596
sub-MCI2011,SupracalcarineCortex,-0.029572497508274134,-0.023924310788360343,-0.035996002111037054
sub-MCI1000,SupracalcarineCortex,0.01655402931843023,0.007693814917031615,0.024326501080381847
sub-MCI0297,SupracalcarineCortex,-0.052013473655745976,-0.06746203638512759,-0.13100422513781357
sub-MCI0283,SupracalcarineCortex,0.00034483906300768636,0.016206020733194427,-0.04608074422872954
sub-MCI2005,SupracalcarineCortex,-0.07828111025543494,-0.025872251574272028,-0.07572152486439898
sub-MCI0173,SupracalcarineCortex,-0.007367043938534002,-0.02455969139936829,-0.02731552202016664
sub-MCI1001,SupracalcarineCortex,-0.012939534277478732,-0.01765786308333174,-0.16333659324046626
sub-MCI0296,SupracalcarineCortex,0.016688651138454184,0.007865371364136352,0.07711913425236332
sub-MCI0192,SupracalcarineCortex,-0.014061887973567565,0.0039633070313583,-0.016940617269191913
sub-MCI0137,SupracalcarineCortex,0.01126685295389009,0.01491714965517585,-0.017653678048414185
sub-MCI2009,SupracalcarineCortex,-0.009065724309440663,-0.04055277968689366,-0.018097703709577643
sub-MCI0141,SupracalcarineCortex,0.001502690304876094,0.007413607737952686,-0.05217003006664712
sub-MCI0277,SupracalcarineCortex,0.015280040419202693,0.012187945439120804,0.03440228726843983
sub-MCI0263,SupracalcarineCortex,0.0026745105642950826,-0.0343848996883423,-0.09581934673146447
sub-MCI2008,SupracalcarineCortex,0.009666972656607611,-0.030914020544917178,-0.022413278579449587
sub-MCI0275,SupracalcarineCortex,0.014209919526895027,-0.018293384685302914,0.016262019349229398
sub-MCI0190,SupracalcarineCortex,0.01607426470954621,-0.020522406708492664,0.016328776672684002
sub-MCI0298,SupracalcarineCortex,-0.0067425843202259805,0.0029387076781418847,0.11386102682939053
sub-MCI0184,SupracalcarineCortex,0.025442799421495705,-0.04005179295890559,-0.11362464235945363
sub-MCI0274,SupracalcarineCortex,-0.023835742872342372,-0.002396844813825942,-0.026030711809050693
sub-MCI0299,SupracalcarineCortex,-0.024539151995853554,-0.0034294828869576638,-0.1860191470124744
sub-MCI0191,SupracalcarineCortex,-0.04305151900058637,-0.010538533203791394,-0.03798054469182165
sub-MCI0169,SupracalcarineCortex,-0.03689516415219008,-0.00821864310488152,-0.031956604589551046
sub-MCI0197,SupracalcarineCortex,-0.02122131209204062,-0.0075762848609849725,0.03769704856994393
sub-MCI0132,SupracalcarineCortex,0.036774025869050986,0.011422665657307488,0.023380109890027492
sub-MCI0267,SupracalcarineCortex,-0.053080392318550225,0.0057368270939222804,-0.10062188380176589
sub-MCI0272,SupracalcarineCortex,0.004263115802524589,0.028275055027353137,0.07454638918963054
sub-MCI0182,SupracalcarineCortex,0.02764829680397543,-0.0020576077803250055,0.053629845932202075
sub-MCI2018,SupracalcarineCortex,0.020543747005048026,-0.010427773187739926,-0.07423700839132742
sub-MCI0196,SupracalcarineCortex,0.015563910640801266,0.004958427420170164,-0.035250747643277014
sub-MCI0183,SupracalcarineCortex,-0.010041998155659468,0.04821686772998805,0.09130125480276317
sub-MCI0273,SupracalcarineCortex,-0.06399642222697773,-0.02902048223394873,-0.05837545550055907
sub-MCI0288,SupracalcarineCortex,-0.020762605090965953,-0.0037470865107842905,0.06502025487795987
sub-MCI0270,SupracalcarineCortex,-0.00673223448769727,0.043597955559362286,0.013536803782740602
sub-MCI0178,SupracalcarineCortex,0.04886853911456346,0.013101956462754489,0.05558834116055609
sub-MCI0195,SupracalcarineCortex,-0.03552093033433335,0.004254256395947289,0.019353028281618126
sub-MCI0265,SupracalcarineCortex,-0.03663992884783676,0.022015668783567713,0.023116626931855424
sub-MCI0179,SupracalcarineCortex,0.008662634878613571,-0.006683538682661439,-0.005530093581655582
sub-MCI0181,SupracalcarineCortex,0.0085202681001147,-0.025526090465155252,-0.041495575467815356
sub-MCI0289,SupracalcarineCortex,-0.002618636196319979,0.016741024345851074,-0.0222381089814371
sub-MCI0271,SupracalcarineCortex,0.058912437261737303,-0.002699069546412711,0.032268471429735414
sub-MCI0264,SupracalcarineCortex,-0.023346512108358926,-0.056528657133604186,-0.0657628766623085
sub-MCI0194,SupracalcarineCortex,-0.010960358055019086,0.00538038847820721,0.06027769563976782
sub-MCI2016,SupramarginalGyrusanteriordivision,-0.011171657897893214,-0.04685862737901282,-0.0878860778726435
sub-MCI0290,SupramarginalGyrusanteriordivision,-0.05370538871062611,-0.04968309870959654,-0.025406524858719887
sub-MCI0268,SupramarginalGyrusanteriordivision,-0.11117970610697446,-0.05200569078640104,0.044725853453050225
sub-MCI0198,SupramarginalGyrusanteriordivision,-0.13421143086525403,-0.06610139775021728,-0.6615691367995824
sub-MCI0285,SupramarginalGyrusanteriordivision,-0.10989195285166685,-0.06111115445360269,0.06958060957415575
sub-MCI2003,SupramarginalGyrusanteriordivision,-0.06303970122186238,-0.12999384769862732,-0.024181729045877304
sub-MCI0199,SupramarginalGyrusanteriordivision,-0.048894261384863115,-0.098981332245552,-0.11394065110337717
sub-MCI2017,SupramarginalGyrusanteriordivision,-0.17909271305897526,-0.13641193115158556,-0.10244963019784437
sub-MCI0269,SupramarginalGyrusanteriordivision,-0.1105213379960776,-0.11860494060537148,1.1578019561445738
sub-MCI0284,SupramarginalGyrusanteriordivision,-0.09613782698785463,-0.07432826546340948,-0.03871780751318333
sub-MCI2002,SupramarginalGyrusanteriordivision,-0.04768823635916915,-0.11733273299822479,0.07529129171356722
sub-MCI2001,SupramarginalGyrusanteriordivision,-0.10030968842039126,-0.06979541435890871,-0.3062802791992867
sub-MCI0287,SupramarginalGyrusanteriordivision,-0.13047877762222626,-0.14648794588130606,-0.29067018120643523
sub-MCI0292,SupramarginalGyrusanteriordivision,-0.09451789983672212,-0.061517018201047546,-0.04288979338435939
sub-MCI2014,SupramarginalGyrusanteriordivision,-0.10468561641078941,-0.07027266507539623,-0.15924165396303544
sub-MCI2000,SupramarginalGyrusanteriordivision,-0.1310473665223564,-0.05873466103073611,0.007346534072147048
sub-MCI0286,SupramarginalGyrusanteriordivision,-0.02091271764446829,-0.06243349779211443,-0.08554518685971858
sub-MCI0115,SupramarginalGyrusanteriordivision,-0.07599656442116033,-0.05124165848847744,-0.07934024512683095
sub-MCI0236,SupramarginalGyrusanteriordivision,-0.032095377423235004,-0.07334361550600223,-0.08303236051337948
sub-MCI0293,SupramarginalGyrusanteriordivision,-0.04278495213077309,-0.010779368336336723,-0.15593647801370863
sub-MCI2015,SupramarginalGyrusanteriordivision,0.0866445185474305,-0.06132762048538434,-0.0056959564554862835
sub-MCI1004,SupramarginalGyrusanteriordivision,-0.13108527781869606,-0.11512055229020217,-0.055611176501113385
sub-MCI0295,SupramarginalGyrusanteriordivision,-0.11154142781531003,-0.08259340330781843,-0.051858236783015356
sub-MCI1002,SupramarginalGyrusanteriordivision,-0.05864855166078839,-0.08251865652978035,-0.04256450022864456
sub-MCI2013,SupramarginalGyrusanteriordivision,-0.029929715659599117,-0.06599216021753024,-0.027045497878583426
sub-MCI0106,SupramarginalGyrusanteriordivision,-0.11483141155749567,-0.08330135715499457,0.0214094360256731
sub-MCI0165,SupramarginalGyrusanteriordivision,-0.10334074328406095,-0.09080523611229137,-0.06253878201119777
sub-MCI0170,SupramarginalGyrusanteriordivision,-0.04030765421664606,-0.0232704327503052,-0.1352256825470932
sub-MCI0113,SupramarginalGyrusanteriordivision,-0.10203631201310566,-0.06729228423220941,-0.11827930552849827
sub-MCI2006,SupramarginalGyrusanteriordivision,-0.11554992306690645,-0.06764758546185443,-0.1774401090878421
sub-MCI0278,SupramarginalGyrusanteriordivision,-0.021731284199920157,-0.031290909371521715,-0.023181377367710067
sub-MCI0280,SupramarginalGyrusanteriordivision,-0.061380821052821694,-0.07244502589261319,0.13493782615544056
sub-MCI0107,SupramarginalGyrusanteriordivision,-0.11861157894536697,-0.09902919296663304,-0.03612008349595486
sub-MCI0294,SupramarginalGyrusanteriordivision,-0.05722613730854776,-0.04802839247042838,-0.01481286877346285
sub-MCI2012,SupramarginalGyrusanteriordivision,-0.09665842037298432,-0.11428972549334725,-0.11695016342459605
sub-MCI1003,SupramarginalGyrusanteriordivision,-0.0586735376926019,-0.03720422870766803,0.053364316571637586
sub-MCI2007,SupramarginalGyrusanteriordivision,-0.14576430562796575,-0.09679531997219244,-0.038749336782221644
sub-MCI0279,SupramarginalGyrusanteriordivision,-0.12970862411087322,-0.10754227739581634,-0.007701726423885228
sub-MCI0281,SupramarginalGyrusanteriordivision,-0.09799622770537893,-0.09451008867333004,-0.22191769985709356
sub-MCI0111,SupramarginalGyrusanteriordivision,0.05848946370571225,0.029943247587827446,0.042074681525525105
sub-MCI0282,SupramarginalGyrusanteriordivision,-0.08104128536741731,-0.025581617971306626,-0.02991409445478283
sub-MCI2004,SupramarginalGyrusanteriordivision,-0.1546932571826169,-0.12428599870572053,0.2589118025736739
sub-MCI2011,SupramarginalGyrusanteriordivision,-0.079392990152139,-0.08031731098100431,-0.05072216787637442
sub-MCI1000,SupramarginalGyrusanteriordivision,-0.08526151492409816,-0.06549430683721699,0.027934711655614838
sub-MCI0297,SupramarginalGyrusanteriordivision,-0.028368433923162475,-0.033414057674668006,0.06487447235217031
sub-MCI0283,SupramarginalGyrusanteriordivision,-0.0858867681075782,-0.052739477293300044,-0.06201812422864094
sub-MCI2005,SupramarginalGyrusanteriordivision,-0.21279338092655337,-0.09318864980720103,-0.1308932658729071
sub-MCI0173,SupramarginalGyrusanteriordivision,-0.06315390072069177,-0.067811312684721,-0.07211153851517635
sub-MCI1001,SupramarginalGyrusanteriordivision,-0.09238512477591924,-0.06712996738928073,-0.05591979562592138
sub-MCI0296,SupramarginalGyrusanteriordivision,-0.04353618735728078,-0.06395502888156085,-0.21958176675390886
sub-MCI0192,SupramarginalGyrusanteriordivision,-0.07938994423592846,-0.038218269962986,-0.03282066173569062
sub-MCI0137,SupramarginalGyrusanteriordivision,-0.0998538848328292,-0.11295269841722136,-0.08523499123840164
sub-MCI2009,SupramarginalGyrusanteriordivision,-0.014633108088416884,-0.04760529181057429,0.0484387794647959
sub-MCI0141,SupramarginalGyrusanteriordivision,-0.05088779548143686,-0.08920043516449465,-0.027565698074674086
sub-MCI0277,SupramarginalGyrusanteriordivision,-0.09833127084405392,-0.08809901406184871,-0.03215722744886382
sub-MCI0263,SupramarginalGyrusanteriordivision,-0.059441607354222,-0.041103112679504596,0.019071996876471018
sub-MCI2008,SupramarginalGyrusanteriordivision,-0.022364610230089423,-0.05566458929006612,-0.00874076676470298
sub-MCI0275,SupramarginalGyrusanteriordivision,-0.026331360688744497,-0.046033835488975466,0.016519822337520206
sub-MCI0190,SupramarginalGyrusanteriordivision,-0.036316470410997025,-0.05000666547191984,-0.013124955564321989
sub-MCI0298,SupramarginalGyrusanteriordivision,-0.15464630486177666,-0.05695442560242702,-0.12868487534562761
sub-MCI0184,SupramarginalGyrusanteriordivision,-0.12461832999162178,-0.08701623708444894,-0.07983332224664187
sub-MCI0274,SupramarginalGyrusanteriordivision,-0.06667926924541635,-0.08889667802914494,-0.09821416320366726
sub-MCI0299,SupramarginalGyrusanteriordivision,-0.1602783970693529,-0.08491339001832733,-0.10392648837746266
sub-MCI0191,SupramarginalGyrusanteriordivision,-0.04286556492677056,-0.03072693656137755,0.06563369975364028
sub-MCI0169,SupramarginalGyrusanteriordivision,0.008007307298067055,-0.04100614693099407,0.011001461718634779
sub-MCI0197,SupramarginalGyrusanteriordivision,-0.06857575646676034,-0.08904678188964114,0.028072538045262732
sub-MCI0132,SupramarginalGyrusanteriordivision,-0.10607808178748847,-0.09595052001656901,-0.07337509103589455
sub-MCI0267,SupramarginalGyrusanteriordivision,-0.12292879002394409,-0.12318713887682832,-0.19453069687517102
sub-MCI0272,SupramarginalGyrusanteriordivision,-0.11039383650209902,-0.08742309459666456,-0.2366432602363167
sub-MCI0182,SupramarginalGyrusanteriordivision,-0.11003887706923277,-0.09887556184639981,-0.022013292780550694
sub-MCI2018,SupramarginalGyrusanteriordivision,-0.036541655415516044,0.00066235365727233,-0.02623767647205795
sub-MCI0196,SupramarginalGyrusanteriordivision,-0.0828890271083058,-0.08587705137445444,-0.010292365423653155
sub-MCI0183,SupramarginalGyrusanteriordivision,-0.15420079430658937,-0.11118581098200545,-0.06190945921292618
sub-MCI0273,SupramarginalGyrusanteriordivision,-0.07388915490739571,-0.04947635665712828,0.023866731291151046
sub-MCI0288,SupramarginalGyrusanteriordivision,-0.06559183793671108,-0.049967632841172324,0.017895861757336446
sub-MCI0270,SupramarginalGyrusanteriordivision,-0.040036571415374825,-0.07132097240157767,-0.0579251457161564
sub-MCI0178,SupramarginalGyrusanteriordivision,-0.08117930721077943,-0.041921153309528246,0.0033456461626835674
sub-MCI0195,SupramarginalGyrusanteriordivision,-0.03276265267269636,-0.06284642872895305,-0.03686888412735677
sub-MCI0265,SupramarginalGyrusanteriordivision,-0.09380859275415698,0.01807302817084433,0.03306095400229528
sub-MCI0179,SupramarginalGyrusanteriordivision,0.011556097554187367,-0.0314210358191603,0.025756676740064675
sub-MCI0181,SupramarginalGyrusanteriordivision,-0.03214106098096529,-0.018053533848074843,-0.016121001832382617
sub-MCI0289,SupramarginalGyrusanteriordivision,-0.056260684724391635,-0.05461847671197983,-0.0156381015964628
sub-MCI0271,SupramarginalGyrusanteriordivision,-0.02405181831518181,-0.004290169985162393,0.00480104724103311
sub-MCI0264,SupramarginalGyrusanteriordivision,-0.12054305243235935,-0.05907468584315198,-0.014509243960385672
sub-MCI0194,SupramarginalGyrusanteriordivision,-0.13071529798071238,-0.10236242155001397,-0.18645035841299465
sub-MCI2016,SupramarginalGyrusposteriordivision,-0.04228019688905331,-0.08180536730348541,-0.04971728042092248
sub-MCI0290,SupramarginalGyrusposteriordivision,-0.09012615741946534,-0.08512101769362156,-0.0782727986158877
sub-MCI0268,SupramarginalGyrusposteriordivision,-0.09915911407856631,-0.052964090401283234,0.028029240547174126
sub-MCI0198,SupramarginalGyrusposteriordivision,-0.11243870940778786,-0.11373660111622744,-0.42505853224257745
sub-MCI0285,SupramarginalGyrusposteriordivision,-0.06411083360358387,-0.07752978377634916,-0.017351054502026054
sub-MCI2003,SupramarginalGyrusposteriordivision,-0.09939766219899433,-0.14425447853977247,-0.10091147666738139
sub-MCI0199,SupramarginalGyrusposteriordivision,-0.1092768451131676,-0.09891785029443466,-0.0774195755339427
sub-MCI2017,SupramarginalGyrusposteriordivision,-0.16047686113841822,-0.11937700324819145,-0.10615872382494036
sub-MCI0269,SupramarginalGyrusposteriordivision,-0.09798710255334502,-0.1257434085874565,0.9007274746501464
sub-MCI0284,SupramarginalGyrusposteriordivision,-0.13598564758160478,-0.09254560637137095,-0.04443110235817563
sub-MCI2002,SupramarginalGyrusposteriordivision,-0.07261506114404898,-0.15888824402426427,0.039182257401170574
sub-MCI2001,SupramarginalGyrusposteriordivision,-0.1310957704026461,-0.09887986778427696,-0.11753702024072152
sub-MCI0287,SupramarginalGyrusposteriordivision,-0.12242097825929885,-0.14800995684760307,-0.4258269330468077
sub-MCI0292,SupramarginalGyrusposteriordivision,-0.15391072145897486,-0.14059280480108877,-0.021953753626835108
sub-MCI2014,SupramarginalGyrusposteriordivision,-0.1449366843004586,-0.11258589001539147,-0.1306981373575771
sub-MCI2000,SupramarginalGyrusposteriordivision,-0.15306095169661907,-0.100017237764698,-0.017669979981533784
sub-MCI0286,SupramarginalGyrusposteriordivision,-0.06977503181851677,-0.09292978480753865,0.004864451739549848
sub-MCI0115,SupramarginalGyrusposteriordivision,-0.06035508282783263,-0.06287632802144745,-0.04171479159374653
sub-MCI0236,SupramarginalGyrusposteriordivision,-0.07942257798972036,-0.08138229878974086,-0.07643469966596503
sub-MCI0293,SupramarginalGyrusposteriordivision,-0.07597465740781423,-0.05271494285945293,-0.1999087071684336
sub-MCI2015,SupramarginalGyrusposteriordivision,0.008609657879643563,-0.049122478678031725,-0.08275385037324472
sub-MCI1004,SupramarginalGyrusposteriordivision,-0.10960978624629449,-0.09780365690126183,-0.002683451519109904
sub-MCI0295,SupramarginalGyrusposteriordivision,-0.11270378140365928,-0.10792978644842258,-0.15256485888972013
sub-MCI1002,SupramarginalGyrusposteriordivision,-0.07501405235119883,-0.11979545782047633,-0.07165578431461518
sub-MCI2013,SupramarginalGyrusposteriordivision,-0.010663974156888143,-0.02963394948934953,-0.005533339890755767
sub-MCI0106,SupramarginalGyrusposteriordivision,-0.11236910614459611,-0.12289625456675891,-0.004869384384749973
sub-MCI0165,SupramarginalGyrusposteriordivision,-0.12074433824531072,-0.10287950136175883,-0.05464395408748604
sub-MCI0170,SupramarginalGyrusposteriordivision,-0.12474740213160238,-0.06296435539250346,-0.10342223702972717
sub-MCI0113,SupramarginalGyrusposteriordivision,-0.11019588587882352,-0.09654557485388265,-0.0822843969430992
sub-MCI2006,SupramarginalGyrusposteriordivision,-0.16222792478803874,-0.08355294345162424,-0.2714945199228906
sub-MCI0278,SupramarginalGyrusposteriordivision,-0.05383233371778468,-0.0643530212503217,0.004910878278282731
sub-MCI0280,SupramarginalGyrusposteriordivision,-0.12890466623105754,-0.10611293675489727,-0.006148293596649448
sub-MCI0107,SupramarginalGyrusposteriordivision,-0.13786553082026576,-0.10746190041587385,-0.03371148965721432
sub-MCI0294,SupramarginalGyrusposteriordivision,-0.12853486858580168,-0.10215701696346813,-0.049833798364084116
sub-MCI2012,SupramarginalGyrusposteriordivision,-0.11881149916906956,-0.09375186947423282,-0.1783624248038182
sub-MCI1003,SupramarginalGyrusposteriordivision,-0.06884486125311308,-0.06704376620378222,0.011809668784634096
sub-MCI2007,SupramarginalGyrusposteriordivision,-0.18198709424817802,-0.10316859332165296,-0.1777444264467842
sub-MCI0279,SupramarginalGyrusposteriordivision,-0.10791176311295629,-0.09184741745906823,-0.05228327148242395
sub-MCI0281,SupramarginalGyrusposteriordivision,-0.09251511164620144,-0.09385408120968279,-0.18779746063275277
sub-MCI0111,SupramarginalGyrusposteriordivision,-0.10726975748991228,-0.09310259443134355,-0.08569530676839904
sub-MCI0282,SupramarginalGyrusposteriordivision,-0.09728839764324115,-0.04969365091504736,-0.027894704891943265
sub-MCI2004,SupramarginalGyrusposteriordivision,-0.11905436518129695,-0.10949665711828599,-0.18567358653152752
sub-MCI2011,SupramarginalGyrusposteriordivision,-0.08563622028165897,-0.07976090318236509,-0.004324958685898293
sub-MCI1000,SupramarginalGyrusposteriordivision,-0.08039875114199889,-0.08680764047025227,0.022572780768595684
sub-MCI0297,SupramarginalGyrusposteriordivision,-0.07474305093322411,-0.09509817870483288,0.09251608783466538
sub-MCI0283,SupramarginalGyrusposteriordivision,-0.10827779815128716,-0.09269057785034132,-0.1453263319379173
sub-MCI2005,SupramarginalGyrusposteriordivision,-0.2537645689344551,-0.1387339525234847,-0.10987493356680357
sub-MCI0173,SupramarginalGyrusposteriordivision,-0.130530993924634,-0.10048333663034066,-0.1110801278660769
sub-MCI1001,SupramarginalGyrusposteriordivision,-0.0792460593487017,-0.0908151887832724,-0.11861202786426524
sub-MCI0296,SupramarginalGyrusposteriordivision,-0.0860686687350577,-0.10435312379799316,-0.04167951120467286
sub-MCI0192,SupramarginalGyrusposteriordivision,-0.12814795308319807,-0.0944949602078876,-0.04157876123549186
sub-MCI0137,SupramarginalGyrusposteriordivision,-0.0916736913431348,-0.11810562876587938,-0.11596021066054969
sub-MCI2009,SupramarginalGyrusposteriordivision,-0.05295533323416627,-0.055807772065978235,0.03609030416899103
sub-MCI0141,SupramarginalGyrusposteriordivision,-0.07579759215872063,-0.11976812762268009,-0.049890390959454266
sub-MCI0277,SupramarginalGyrusposteriordivision,-0.04954429317357485,-0.08063990715069465,-0.05566736173167986
sub-MCI0263,SupramarginalGyrusposteriordivision,-0.1212143545743566,-0.1334921205430869,-0.06497591694512089
sub-MCI2008,SupramarginalGyrusposteriordivision,-0.04268715935692256,-0.07036789218347983,-0.037769352518653404
sub-MCI0275,SupramarginalGyrusposteriordivision,-0.009640405487877894,-0.015949400615130102,0.08229188170408995
sub-MCI0190,SupramarginalGyrusposteriordivision,-0.059131801821211326,-0.07947545831338564,-0.035067357032903375
sub-MCI0298,SupramarginalGyrusposteriordivision,-0.09539106962815559,-0.09167278798812258,0.008464659105963944
sub-MCI0184,SupramarginalGyrusposteriordivision,-0.10390257783647315,-0.09408691388970289,-0.01014920583352882
sub-MCI0274,SupramarginalGyrusposteriordivision,-0.07354220049653676,-0.08040286436724037,-0.09414296428716575
sub-MCI0299,SupramarginalGyrusposteriordivision,-0.12337155265768743,-0.08853278994361131,-0.17480231504603452
sub-MCI0191,SupramarginalGyrusposteriordivision,-0.0819331194135654,-0.07473927340992198,-0.0031194899134023707
sub-MCI0169,SupramarginalGyrusposteriordivision,-0.08508242689505033,-0.08218998588545753,0.025156981353523535
sub-MCI0197,SupramarginalGyrusposteriordivision,-0.1049762875887886,-0.09481314497944025,0.0729779811839602
sub-MCI0132,SupramarginalGyrusposteriordivision,-0.1320281182578591,-0.12581010306795157,-0.06611725298179824
sub-MCI0267,SupramarginalGyrusposteriordivision,-0.14882857408666028,-0.13592663625855966,-0.31014708779334427
sub-MCI0272,SupramarginalGyrusposteriordivision,-0.1142543107817239,-0.1046481173609591,-0.16981927054210916
sub-MCI0182,SupramarginalGyrusposteriordivision,-0.12482943995276813,-0.10476404215938177,-0.0695448382498515
sub-MCI2018,SupramarginalGyrusposteriordivision,-0.06558920562878913,-0.05552985905953722,-0.038716516971840635
sub-MCI0196,SupramarginalGyrusposteriordivision,-0.0808036743357971,-0.0875836107987879,0.005779352724558434
sub-MCI0183,SupramarginalGyrusposteriordivision,-0.14616825559993427,-0.12173072628548869,-0.09958403184161929
sub-MCI0273,SupramarginalGyrusposteriordivision,-0.07881300836950773,-0.07450914563742367,-0.007879453856150603
sub-MCI0288,SupramarginalGyrusposteriordivision,-0.08239708242808429,-0.06367587380719922,0.012882292192992707
sub-MCI0270,SupramarginalGyrusposteriordivision,-0.09928592663898692,-0.09244051409249142,-0.07688345686662111
sub-MCI0178,SupramarginalGyrusposteriordivision,-0.0776412562705047,-0.06428256693682526,0.00509909628473999
sub-MCI0195,SupramarginalGyrusposteriordivision,-0.03934680386496406,-0.054895909505479144,-0.03167513883952901
sub-MCI0265,SupramarginalGyrusposteriordivision,-0.05349698576507674,-0.029629093062687333,-0.02901874944779094
sub-MCI0179,SupramarginalGyrusposteriordivision,-0.02506392413445877,-0.0589929390080739,-0.004866621392570361
sub-MCI0181,SupramarginalGyrusposteriordivision,-0.07339338423285542,-0.05804099401746695,-0.035591822525122
sub-MCI0289,SupramarginalGyrusposteriordivision,-0.05731090039438408,-0.0659054371941541,-0.01344523446559586
sub-MCI0271,SupramarginalGyrusposteriordivision,-0.1104006985069195,-0.059294302487532764,-0.022230536843581197
sub-MCI0264,SupramarginalGyrusposteriordivision,-0.1404251549648614,-0.06251476195771206,0.054536338525650374
sub-MCI0194,SupramarginalGyrusposteriordivision,-0.12354569996510391,-0.10826284744385559,-0.048930017060052344
sub-MCI2016,TemporalFusiformCortexanteriordivision,-0.013194288777694461,-0.018745277215167624,-0.1574915850305348
sub-MCI0290,TemporalFusiformCortexanteriordivision,-0.012901175119855175,-0.013242527662673427,0.03754457661289267
sub-MCI0268,TemporalFusiformCortexanteriordivision,-0.03371080992385266,0.017163067174298937,-0.26756933415531586
sub-MCI0198,TemporalFusiformCortexanteriordivision,-0.03037880292920382,-0.009440161136435182,-0.09820278852703984
sub-MCI0285,TemporalFusiformCortexanteriordivision,-0.06406899504861069,-0.07802397393570892,0.13537887781442062
sub-MCI2003,TemporalFusiformCortexanteriordivision,-0.02258323766324483,0.01614226548037204,-0.2411687042841284
sub-MCI0199,TemporalFusiformCortexanteriordivision,-0.016377711307084136,-0.018484678637516135,-0.0677530775283613
sub-MCI2017,TemporalFusiformCortexanteriordivision,-0.063709082663789,-0.022335624244938516,0.004896921459871792
sub-MCI0269,TemporalFusiformCortexanteriordivision,-0.016623084594628457,-0.03342010871379016,0.08224789777724957
sub-MCI0284,TemporalFusiformCortexanteriordivision,-0.041858157697487935,0.0074719886155359475,0.4706405938387743
sub-MCI2002,TemporalFusiformCortexanteriordivision,-0.013823553569807518,0.010356270463036549,0.030951940832464202
sub-MCI2001,TemporalFusiformCortexanteriordivision,-0.010443353208210797,0.034683974315280176,-0.20588809473401617
sub-MCI0287,TemporalFusiformCortexanteriordivision,-0.03583643146645816,0.0845882394478248,-0.1633391201117974
sub-MCI0292,TemporalFusiformCortexanteriordivision,-0.08113455682179252,-0.1474041810159126,-0.20680088902085988
sub-MCI2014,TemporalFusiformCortexanteriordivision,-0.04551219024585434,0.002503973477524361,-0.09078076057062455
sub-MCI2000,TemporalFusiformCortexanteriordivision,0.010874198098450742,-0.01095533781815453,-0.06110806478887721
sub-MCI0286,TemporalFusiformCortexanteriordivision,0.013493364390170523,-0.042814574690642586,-0.03426045817017485
sub-MCI0115,TemporalFusiformCortexanteriordivision,-0.019259928723047506,-0.011637229210412145,-0.05756108959893731
sub-MCI0236,TemporalFusiformCortexanteriordivision,-0.04989440596558841,-0.021583180533770552,0.03849717650205128
sub-MCI0293,TemporalFusiformCortexanteriordivision,-0.022313538401080597,0.0011737129613253667,0.21900832029393655
sub-MCI2015,TemporalFusiformCortexanteriordivision,0.016399806548523563,0.014549862249992026,-0.15246826435078
sub-MCI1004,TemporalFusiformCortexanteriordivision,-0.016457045290584078,-0.006994438061375089,0.04773020898914312
sub-MCI0295,TemporalFusiformCortexanteriordivision,-0.048073361516871256,-0.036413217299910476,-0.10241658089339777
sub-MCI1002,TemporalFusiformCortexanteriordivision,-0.04361180813161325,-0.026873146044294038,0.02994354179002766
sub-MCI2013,TemporalFusiformCortexanteriordivision,0.01900509186149914,-0.046603927089136056,-0.08995054987216475
sub-MCI0106,TemporalFusiformCortexanteriordivision,-0.02063345204365847,-0.014691904817554897,-0.05740774682826597
sub-MCI0165,TemporalFusiformCortexanteriordivision,-0.012088990639164122,-0.0010581550948154637,0.0311949188216699
sub-MCI0170,TemporalFusiformCortexanteriordivision,-0.027008918247808343,-0.04258116311832826,-0.16574453987739154
sub-MCI0113,TemporalFusiformCortexanteriordivision,0.01591443170120031,0.009820979876456441,0.025896115495755576
sub-MCI2006,TemporalFusiformCortexanteriordivision,-0.03137407347901012,0.013494107694305413,0.14949893341424972
sub-MCI0278,TemporalFusiformCortexanteriordivision,-0.007929476311350976,0.033420796697512065,0.018703135010468348
sub-MCI0280,TemporalFusiformCortexanteriordivision,-0.09473929443326383,-0.057885313347691356,0.029947529249568446
sub-MCI0107,TemporalFusiformCortexanteriordivision,-0.001810330908181155,0.050157698902521274,0.024869359250334604
sub-MCI0294,TemporalFusiformCortexanteriordivision,0.002344521684794492,8.062709222049249e-05,0.1047507196763615
sub-MCI2012,TemporalFusiformCortexanteriordivision,-0.08777617205232423,-0.04582504401466494,0.1940306423255639
sub-MCI1003,TemporalFusiformCortexanteriordivision,-0.010057426378619925,-0.038603048871931556,0.0666104350319627
sub-MCI2007,TemporalFusiformCortexanteriordivision,-0.029221523041019243,-0.023101399826634905,-0.08486104055626792
sub-MCI0279,TemporalFusiformCortexanteriordivision,-0.06198250626961786,-0.03979810240096799,-0.11486365778996854
sub-MCI0281,TemporalFusiformCortexanteriordivision,-0.06381900523603186,-0.02399495907185469,-0.02574317990500472
sub-MCI0111,TemporalFusiformCortexanteriordivision,-0.01841517517157661,-0.016659844920245467,-0.01564234200000986
sub-MCI0282,TemporalFusiformCortexanteriordivision,-0.00848852248665652,0.039569302948288906,-0.008049020142152015
sub-MCI2004,TemporalFusiformCortexanteriordivision,-0.035852076059111816,-0.027856848652038996,
sub-MCI2011,TemporalFusiformCortexanteriordivision,-0.0079057677200895,-0.0374394067116565,0.209899103569736
sub-MCI1000,TemporalFusiformCortexanteriordivision,-0.04814126099901096,-0.024402671748303968,-0.019422858291513873
sub-MCI0297,TemporalFusiformCortexanteriordivision,-0.012538548749538778,0.009966503003178513,0.09408630506128231
sub-MCI0283,TemporalFusiformCortexanteriordivision,-0.024187874849954712,0.008997660155713053,-0.389183522487544
sub-MCI2005,TemporalFusiformCortexanteriordivision,-0.1150524177939115,-0.04949357254734005,-0.07425596676429788
sub-MCI0173,TemporalFusiformCortexanteriordivision,-0.032331519639716776,-0.017438274609641872,0.09726782048421105
sub-MCI1001,TemporalFusiformCortexanteriordivision,0.015225127116683659,0.025956798318019704,-0.2890245644233523
sub-MCI0296,TemporalFusiformCortexanteriordivision,0.006922563226971684,-0.027712645411653053,-0.005545586511964699
sub-MCI0192,TemporalFusiformCortexanteriordivision,-0.028240872707365916,0.02393288495338764,-0.09183706259676756
sub-MCI0137,TemporalFusiformCortexanteriordivision,-0.027052414148924522,0.03474771263827907,-0.009072529586370885
sub-MCI2009,TemporalFusiformCortexanteriordivision,-0.042298694761571304,-0.0020521039883486035,0.1936955337851465
sub-MCI0141,TemporalFusiformCortexanteriordivision,-0.0608978346527833,-0.023720211521882174,-0.06485179207483872
sub-MCI0277,TemporalFusiformCortexanteriordivision,0.017763629736201363,0.010308434317906246,-0.1346764212878235
sub-MCI0263,TemporalFusiformCortexanteriordivision,-0.0004884757722286595,0.030306815912272498,0.03699078668092248
sub-MCI2008,TemporalFusiformCortexanteriordivision,0.03725023169208168,0.02869205297193225,0.04293671129913545
sub-MCI0275,TemporalFusiformCortexanteriordivision,0.05734682863379656,0.03078978736094026,0.04670731950629006
sub-MCI0190,TemporalFusiformCortexanteriordivision,-0.04024708810141874,-0.04655973859262907,0.03511002192649232
sub-MCI0298,TemporalFusiformCortexanteriordivision,0.009463785304934528,-0.006705663545526889,0.1564201276035571
sub-MCI0184,TemporalFusiformCortexanteriordivision,-0.044266848394625635,0.009752710326251246,0.011562686554125916
sub-MCI0274,TemporalFusiformCortexanteriordivision,0.03868775304871737,0.03604290023938307,0.11831140912432164
sub-MCI0299,TemporalFusiformCortexanteriordivision,-0.0077635967804147304,-0.03198487054395564,-0.19341551799882004
sub-MCI0191,TemporalFusiformCortexanteriordivision,-0.022621375596781818,0.0017260380423922263,0.11338737931757885
sub-MCI0169,TemporalFusiformCortexanteriordivision,0.011296814013602002,-0.03287465281663839,-0.07049230885369348
sub-MCI0197,TemporalFusiformCortexanteriordivision,-0.04463423311523312,-0.0039058994439650774,0.023782303845522164
sub-MCI0132,TemporalFusiformCortexanteriordivision,-0.04970059862217022,0.013841386143386194,0.250910727824462
sub-MCI0267,TemporalFusiformCortexanteriordivision,-0.07110937136743399,-0.016422204960079165,0.2918448881930009
sub-MCI0272,TemporalFusiformCortexanteriordivision,-0.03397594426564612,-0.06015490915256597,0.09214741279053727
sub-MCI0182,TemporalFusiformCortexanteriordivision,-0.05549485049216704,-0.018200351849383355,-0.2868538810544976
sub-MCI2018,TemporalFusiformCortexanteriordivision,-0.001212085270171021,-0.013867107038978803,0.05043086123590972
sub-MCI0196,TemporalFusiformCortexanteriordivision,-0.021765779836745318,-0.016299846495252443,-0.08337880934162277
sub-MCI0183,TemporalFusiformCortexanteriordivision,-0.037273290746629564,0.027692323193572944,0.018717432180386993
sub-MCI0273,TemporalFusiformCortexanteriordivision,-0.009993190273066303,0.004138033588051643,0.027874638741813274
sub-MCI0288,TemporalFusiformCortexanteriordivision,-0.02315378423333201,-0.008275786407142756,0.11507231299326115
sub-MCI0270,TemporalFusiformCortexanteriordivision,-0.05810751912484193,-0.07614969881824071,-0.07737107968606022
sub-MCI0178,TemporalFusiformCortexanteriordivision,-0.007232144349371198,-0.02303918881712246,-0.003804974787916466
sub-MCI0195,TemporalFusiformCortexanteriordivision,-0.07654278214771446,-0.013481920634536652,0.06534893090485455
sub-MCI0265,TemporalFusiformCortexanteriordivision,-0.0306303337825998,0.02677364259769002,-0.06894330211632735
sub-MCI0179,TemporalFusiformCortexanteriordivision,-0.04436562674339087,-0.0250054729749049,0.1045026577072932
sub-MCI0181,TemporalFusiformCortexanteriordivision,-0.005653203479768395,0.0038185626517627195,-0.01554027606203924
sub-MCI0289,TemporalFusiformCortexanteriordivision,-0.010961216418245923,-0.01186805211722128,0.03072714654981793
sub-MCI0271,TemporalFusiformCortexanteriordivision,-0.02295334161963447,-0.014985694893023597,0.06565775139704617
sub-MCI0264,TemporalFusiformCortexanteriordivision,-0.04768581567359397,-0.01256618776901608,-0.014672772254095067
sub-MCI0194,TemporalFusiformCortexanteriordivision,-0.005200544683752709,-0.0034710069025657227,-0.2914978646233834
sub-MCI2016,TemporalFusiformCortexposteriordivision,0.05559478681052734,0.044458047321205174,-0.005957880756804327
sub-MCI0290,TemporalFusiformCortexposteriordivision,0.03331943182943717,0.04069379317716718,0.14373736698162082
sub-MCI0268,TemporalFusiformCortexposteriordivision,-0.0070794390567945256,-0.002512210797888181,-0.03722721758561904
sub-MCI0198,TemporalFusiformCortexposteriordivision,0.015136034485007591,0.0389612666630559,-0.036404830818708156
sub-MCI0285,TemporalFusiformCortexposteriordivision,0.04119834918780253,-0.05800509398733253,0.2942186029676579
sub-MCI2003,TemporalFusiformCortexposteriordivision,0.03077326305639301,0.04165615313807859,0.0203601761329253
sub-MCI0199,TemporalFusiformCortexposteriordivision,0.008879218512526856,0.019963402168235875,-0.023145011031879388
sub-MCI2017,TemporalFusiformCortexposteriordivision,-0.009917000425197475,0.028870942236340943,0.13980935898175922
sub-MCI0269,TemporalFusiformCortexposteriordivision,0.007270006983634433,0.04479659423008134,0.23460390759831606
sub-MCI0284,TemporalFusiformCortexposteriordivision,0.035592681948000485,0.05797934597153225,-0.07749406493218285
sub-MCI2002,TemporalFusiformCortexposteriordivision,0.025051060403715207,0.04781142643578614,0.049684448051269516
sub-MCI2001,TemporalFusiformCortexposteriordivision,0.009658904924304598,-0.013061665510665253,-0.21973093010562328
sub-MCI0287,TemporalFusiformCortexposteriordivision,-0.03797627413144663,0.06795771416212974,-0.22053569677667828
sub-MCI0292,TemporalFusiformCortexposteriordivision,-0.015470621408826475,-0.034036557691362816,0.045649838038789074
sub-MCI2014,TemporalFusiformCortexposteriordivision,0.026837113548041427,0.019096410970500508,-0.15576784804254432
sub-MCI2000,TemporalFusiformCortexposteriordivision,0.0278117239398555,-0.008004965856565927,0.05105038494967174
sub-MCI0286,TemporalFusiformCortexposteriordivision,0.03909524034259365,-0.003747612313730284,0.12179830602112628
sub-MCI0115,TemporalFusiformCortexposteriordivision,0.022411432963636964,0.03512297191959793,-0.04449989070804024
sub-MCI0236,TemporalFusiformCortexposteriordivision,-0.014779011667140006,-0.0041310836340726085,-0.1608785588773448
sub-MCI0293,TemporalFusiformCortexposteriordivision,0.034989929970745834,0.05980836439230347,0.012091475768681028
sub-MCI2015,TemporalFusiformCortexposteriordivision,0.09334155412996449,0.08327355982217712,0.10526756844799308
sub-MCI1004,TemporalFusiformCortexposteriordivision,0.03423732687823718,0.033105739409191114,0.08341482241665758
sub-MCI0295,TemporalFusiformCortexposteriordivision,-0.038503534417080765,-0.016690517892974908,0.0056252985892594354
sub-MCI1002,TemporalFusiformCortexposteriordivision,0.02736774963491974,-0.0007573996768752909,0.07753022597334147
sub-MCI2013,TemporalFusiformCortexposteriordivision,0.10224512630888816,0.0388698613176654,0.0635884470018713
sub-MCI0106,TemporalFusiformCortexposteriordivision,0.02221311232700803,0.015888741049619105,0.12288585238985482
sub-MCI0165,TemporalFusiformCortexposteriordivision,0.022241360601523385,0.02239830139607431,-0.01751923671775366
sub-MCI0170,TemporalFusiformCortexposteriordivision,-0.0019105525440623163,-0.0004516621047610119,-0.15780581776790284
sub-MCI0113,TemporalFusiformCortexposteriordivision,0.02860564716829552,0.03819766686481597,0.04483889758004776
sub-MCI2006,TemporalFusiformCortexposteriordivision,0.025683105080193086,0.08331028015904111,0.17543994009689337
sub-MCI0278,TemporalFusiformCortexposteriordivision,0.017386602040258617,0.03021183276973125,-0.11515745266247149
sub-MCI0280,TemporalFusiformCortexposteriordivision,0.0059979042203924205,0.04021322186768674,0.2824748184984463
sub-MCI0107,TemporalFusiformCortexposteriordivision,-0.0072677785110937185,0.04722229326213123,0.05290289250533504
sub-MCI0294,TemporalFusiformCortexposteriordivision,0.027442122148666398,-0.008063782281631088,0.0015879932698395249
sub-MCI2012,TemporalFusiformCortexposteriordivision,-0.051660893188505086,-0.015635268703546472,0.1246854352543538
sub-MCI1003,TemporalFusiformCortexposteriordivision,0.030176186692364892,0.027662683057422897,0.007589460864906178
sub-MCI2007,TemporalFusiformCortexposteriordivision,-0.0019080784977556177,0.015283054370706208,0.01155879086871667
sub-MCI0279,TemporalFusiformCortexposteriordivision,0.04411834992252916,0.08209763747368125,0.08410568348538786
sub-MCI0281,TemporalFusiformCortexposteriordivision,-0.0011523909059460232,-0.009250589232524845,-0.04037097425730419
sub-MCI0111,TemporalFusiformCortexposteriordivision,0.0350103177799663,0.019805417964447288,0.0999194265985943
sub-MCI0282,TemporalFusiformCortexposteriordivision,0.031878318648163505,0.03727075778975296,0.03208531024141142
sub-MCI2004,TemporalFusiformCortexposteriordivision,0.004715075929188464,0.021751377061763423,0.2507064789025236
sub-MCI2011,TemporalFusiformCortexposteriordivision,0.026920765864617873,0.05789712096697302,0.22404815698606145
sub-MCI1000,TemporalFusiformCortexposteriordivision,0.025646578101360847,0.009363674887691534,0.04141446369891195
sub-MCI0297,TemporalFusiformCortexposteriordivision,0.018325126689293536,0.018060247365130462,0.08353594283033222
sub-MCI0283,TemporalFusiformCortexposteriordivision,-0.09450776388357852,-0.019327401676833642,-0.044026602554658234
sub-MCI2005,TemporalFusiformCortexposteriordivision,-0.06236758389341975,-0.007508397737433619,0.03414667932103351
sub-MCI0173,TemporalFusiformCortexposteriordivision,0.006365313375105294,0.044315348284994394,0.006702813225757355
sub-MCI1001,TemporalFusiformCortexposteriordivision,0.047354181165775056,0.06911876276305443,-0.10449835781663545
sub-MCI0296,TemporalFusiformCortexposteriordivision,0.06313107146128871,0.013177651337401234,0.11099058090907213
sub-MCI0192,TemporalFusiformCortexposteriordivision,0.041269873271568266,0.05001838419700521,0.01957394609277085
sub-MCI0137,TemporalFusiformCortexposteriordivision,0.0031135799500749124,0.06234280365636484,0.06593117468986309
sub-MCI2009,TemporalFusiformCortexposteriordivision,0.0009747085261884881,0.031101876323268596,0.09674409273264742
sub-MCI0141,TemporalFusiformCortexposteriordivision,0.009140690434972409,0.0054781700992598435,-0.09557655654095783
sub-MCI0277,TemporalFusiformCortexposteriordivision,0.09842307205126921,0.021533629237165137,-0.2072740943870279
sub-MCI0263,TemporalFusiformCortexposteriordivision,0.011527397535110406,0.0530962345955906,0.03848343405322114
sub-MCI2008,TemporalFusiformCortexposteriordivision,0.08052654669305045,0.0473860087326926,0.17842572626607286
sub-MCI0275,TemporalFusiformCortexposteriordivision,0.06139609867994846,0.07604436812891449,-0.045576891039723094
sub-MCI0190,TemporalFusiformCortexposteriordivision,0.02053595554558313,0.023257095522874607,0.21689682881706543
sub-MCI0298,TemporalFusiformCortexposteriordivision,0.029517187045077494,-0.012673606057313765,0.029161447546568756
sub-MCI0184,TemporalFusiformCortexposteriordivision,-0.0173843751632297,0.02253414257779451,0.027010762334370893
sub-MCI0274,TemporalFusiformCortexposteriordivision,0.006165657988555449,-0.008700084296076506,0.06311021837147675
sub-MCI0299,TemporalFusiformCortexposteriordivision,0.011026114352696275,0.03606822474961432,-0.028232294185455416
sub-MCI0191,TemporalFusiformCortexposteriordivision,0.023907711049887093,0.028322143298736266,0.08486054368022602
sub-MCI0169,TemporalFusiformCortexposteriordivision,0.02082841034232245,0.02324632989788761,0.10025389293672503
sub-MCI0197,TemporalFusiformCortexposteriordivision,0.019258316237173775,0.02722039493069456,-0.036776649593184274
sub-MCI0132,TemporalFusiformCortexposteriordivision,0.016288416291364374,0.024447419025771664,0.19642511832952333
sub-MCI0267,TemporalFusiformCortexposteriordivision,0.007298013370814804,0.02720269353841897,0.2660053623558784
sub-MCI0272,TemporalFusiformCortexposteriordivision,0.007145611388635091,0.009658450756689793,0.11226648813497499
sub-MCI0182,TemporalFusiformCortexposteriordivision,0.007202528272076427,0.023289555764527146,0.12111617919901622
sub-MCI2018,TemporalFusiformCortexposteriordivision,0.01734054644234546,0.009689885634645623,-0.024892608756831112
sub-MCI0196,TemporalFusiformCortexposteriordivision,0.05344800863460011,0.047530041159940875,0.012282513263110759
sub-MCI0183,TemporalFusiformCortexposteriordivision,-0.0021928800857669577,0.06249566101705676,0.033670281522902065
sub-MCI0273,TemporalFusiformCortexposteriordivision,0.03440425570333896,0.04543697085009841,0.08126990589108635
sub-MCI0288,TemporalFusiformCortexposteriordivision,0.009629601371002272,0.005212184072378123,0.1386274875009767
sub-MCI0270,TemporalFusiformCortexposteriordivision,0.012036076758626531,-0.019192709602193738,0.10797684222893582
sub-MCI0178,TemporalFusiformCortexposteriordivision,0.024953695198579685,0.010594095657205312,0.0690923386088274
sub-MCI0195,TemporalFusiformCortexposteriordivision,0.006455982989239502,0.04467767311010131,0.03299087150814221
sub-MCI0265,TemporalFusiformCortexposteriordivision,0.03381337035895813,0.06166694708892946,0.035675587510190274
sub-MCI0179,TemporalFusiformCortexposteriordivision,0.03349255119467985,0.05281168974947966,0.10294694401828837
sub-MCI0181,TemporalFusiformCortexposteriordivision,0.03555901725341454,0.03883128005263433,-0.015572030535888789
sub-MCI0289,TemporalFusiformCortexposteriordivision,0.030296681337920576,0.02493629454215853,0.05243709385827135
sub-MCI0271,TemporalFusiformCortexposteriordivision,0.023754459447563724,0.01082500752073019,-0.006822906275772825
sub-MCI0264,TemporalFusiformCortexposteriordivision,-0.02580004782850779,0.020481401463083165,0.0957087082814573
sub-MCI0194,TemporalFusiformCortexposteriordivision,0.031934556313086615,0.006935109725646822,0.08550101688225131
sub-MCI2016,TemporalOccipitalFusiformCortex,0.042700572189793735,0.00906626096838767,-0.09206673423416264
sub-MCI0290,TemporalOccipitalFusiformCortex,-0.025422749474080342,0.014071353488940999,0.12238439378196761
sub-MCI0268,TemporalOccipitalFusiformCortex,-0.044802959236374874,0.0016695469071282354,-0.0005981622050530377
sub-MCI0198,TemporalOccipitalFusiformCortex,0.004977047041417962,0.020134459905942183,0.030666698922773565
sub-MCI0285,TemporalOccipitalFusiformCortex,-0.030070551726809436,-0.022368677305920407,0.08261968566626636
sub-MCI2003,TemporalOccipitalFusiformCortex,0.017440332459300857,0.03438493764545957,-0.05307529636600475
sub-MCI0199,TemporalOccipitalFusiformCortex,-0.022389340691385356,0.003440213473313109,0.033463920886947635
sub-MCI2017,TemporalOccipitalFusiformCortex,-0.022587923260679682,0.004683802231849316,0.02182415538776011
sub-MCI0269,TemporalOccipitalFusiformCortex,0.0013461671382111377,0.022275709966613995,0.42239599123417687
sub-MCI0284,TemporalOccipitalFusiformCortex,-0.02891780551151956,0.009493641003844205,-0.28585483489295627
sub-MCI2002,TemporalOccipitalFusiformCortex,0.02053324157040951,-0.00019672295759613526,-0.1271263112994664
sub-MCI2001,TemporalOccipitalFusiformCortex,-0.03199389097289104,0.003952917660532884,-0.22284327535370635
sub-MCI0287,TemporalOccipitalFusiformCortex,-0.09034290619539893,0.017663550007940402,0.20621168545144086
sub-MCI0292,TemporalOccipitalFusiformCortex,-0.004860554459998658,-0.008105002106661664,0.03966062962041044
sub-MCI2014,TemporalOccipitalFusiformCortex,-0.010638748785526777,-0.03535849118369727,-0.09450703520108256
sub-MCI2000,TemporalOccipitalFusiformCortex,0.0069879730302762,-0.027246648703734444,0.03669852016171931
sub-MCI0286,TemporalOccipitalFusiformCortex,0.025005448227108495,0.017401108780904142,0.05346587849993501
sub-MCI0115,TemporalOccipitalFusiformCortex,-0.07788754206497107,-0.030449642643781378,-0.020256436663541332
sub-MCI0236,TemporalOccipitalFusiformCortex,-0.0233060203609405,-0.025376402534013475,-0.04633556553666641
sub-MCI0293,TemporalOccipitalFusiformCortex,0.02686601576010039,0.023191078526516442,0.17968054793729013
sub-MCI2015,TemporalOccipitalFusiformCortex,0.044097938485445375,0.023990906891301653,0.045455818067611696
sub-MCI1004,TemporalOccipitalFusiformCortex,-0.04775226081490355,-0.021470893869437076,0.0001987238959097719
sub-MCI0295,TemporalOccipitalFusiformCortex,-0.016841339311483874,-0.01135879800300649,0.041833968568525476
sub-MCI1002,TemporalOccipitalFusiformCortex,0.0032598098144995904,-0.005453201400740372,-0.02553452093911423
sub-MCI2013,TemporalOccipitalFusiformCortex,0.03771159782565735,0.006922885008753895,0.02606423442631287
sub-MCI0106,TemporalOccipitalFusiformCortex,-0.01827905152576349,0.01455589641632479,0.05993335262223308
sub-MCI0165,TemporalOccipitalFusiformCortex,-0.0387339438149518,-0.0163139045033385,0.003468052618347837
sub-MCI0170,TemporalOccipitalFusiformCortex,-0.06175893887354859,-0.024047301976198292,-0.10562738494476583
sub-MCI0113,TemporalOccipitalFusiformCortex,-0.01801959948020116,0.001565098248105502,-0.07898356773984064
sub-MCI2006,TemporalOccipitalFusiformCortex,-0.005995895615903133,0.006215847850723588,0.05399139962389521
sub-MCI0278,TemporalOccipitalFusiformCortex,-0.04738330177294601,-0.009116080963573046,-0.17922275587354586
sub-MCI0280,TemporalOccipitalFusiformCortex,0.016776762310074907,0.021566430993407316,0.10157818504374842
sub-MCI0107,TemporalOccipitalFusiformCortex,-0.06916443175868482,-0.055874623868188714,-0.0336065182190259
sub-MCI0294,TemporalOccipitalFusiformCortex,0.009229283360751966,-0.018457377545389887,0.007172332577886338
sub-MCI2012,TemporalOccipitalFusiformCortex,-0.053834052634294416,-0.03257425542839037,-0.1666691371919733
sub-MCI1003,TemporalOccipitalFusiformCortex,-0.018115701351183587,0.011618815799162512,0.014436636782248371
sub-MCI2007,TemporalOccipitalFusiformCortex,-0.02778732916858072,-0.0024678249427494353,0.06602772955775583
sub-MCI0279,TemporalOccipitalFusiformCortex,-0.025790370701098665,0.027710791640394264,0.03878176654195323
sub-MCI0281,TemporalOccipitalFusiformCortex,0.008339108919442288,-0.009384205545241059,-0.10876738887825865
sub-MCI0111,TemporalOccipitalFusiformCortex,-0.01675345830451142,-0.00045811840647316354,0.00927110882930664
sub-MCI0282,TemporalOccipitalFusiformCortex,-0.03280634253091705,0.008344404238054428,-0.018548505203182627
sub-MCI2004,TemporalOccipitalFusiformCortex,-0.020688931767606115,-0.01113603622611394,-0.11097161295464679
sub-MCI2011,TemporalOccipitalFusiformCortex,0.01484842495392894,0.03762160970474755,0.16101503751484003
sub-MCI1000,TemporalOccipitalFusiformCortex,0.014030571612413754,0.0007522297398218331,0.05515073892020944
sub-MCI0297,TemporalOccipitalFusiformCortex,-0.05557489493688648,-0.031074109332246882,-0.07491226351781421
sub-MCI0283,TemporalOccipitalFusiformCortex,-0.12958293102856547,-0.0605031794695181,-0.26270645506860824
sub-MCI2005,TemporalOccipitalFusiformCortex,-0.04837641559444998,-0.025054018652312122,-0.04591411402081915
sub-MCI0173,TemporalOccipitalFusiformCortex,-0.03713632113817165,-0.002353886186500713,-0.034111698227601635
sub-MCI1001,TemporalOccipitalFusiformCortex,0.020853838943517663,0.012445378556727577,-0.007085239962119106
sub-MCI0296,TemporalOccipitalFusiformCortex,-8.697178856076415e-05,0.017035821709082206,0.011381132844822502
sub-MCI0192,TemporalOccipitalFusiformCortex,0.006095496512017842,0.04268895334870709,0.025960156969534902
sub-MCI0137,TemporalOccipitalFusiformCortex,-0.04190606061709981,0.03334222234456371,0.036382958472271465
sub-MCI2009,TemporalOccipitalFusiformCortex,0.014384920916313732,0.008996498259351525,-0.21704441287395504
sub-MCI0141,TemporalOccipitalFusiformCortex,-0.0048348916434627605,-0.01919422649438898,-0.08456075358373806
sub-MCI0277,TemporalOccipitalFusiformCortex,0.08479129706048158,0.03851136267361672,-0.04205718695995816
sub-MCI0263,TemporalOccipitalFusiformCortex,0.008659116373973316,0.0002063562815019243,-0.031168830243554976
sub-MCI2008,TemporalOccipitalFusiformCortex,0.04815785672610283,0.01183908868981894,0.061403108902765
sub-MCI0275,TemporalOccipitalFusiformCortex,0.030033551606873887,-0.0063397627971825575,0.026810116252339148
sub-MCI0190,TemporalOccipitalFusiformCortex,0.0031008479010417355,0.013501691552607565,0.08208459721769001
sub-MCI0298,TemporalOccipitalFusiformCortex,0.007444812760519098,-0.008538210636757635,-0.17412767482379732
sub-MCI0184,TemporalOccipitalFusiformCortex,-0.010704555594175116,-0.006338996800160299,-0.0055054477255404985
sub-MCI0274,TemporalOccipitalFusiformCortex,0.001960590420729857,0.018606582471955836,0.013721136041323865
sub-MCI0299,TemporalOccipitalFusiformCortex,0.04133291373654126,0.03849875634918726,-0.11709889840185495
sub-MCI0191,TemporalOccipitalFusiformCortex,-0.002267289480244224,0.01787247465253527,0.06607306331142986
sub-MCI0169,TemporalOccipitalFusiformCortex,-5.826884642508369e-05,0.021541763129752384,0.06786985968462214
sub-MCI0197,TemporalOccipitalFusiformCortex,-0.0009086953783063954,0.0042590581337153465,-0.020486870381839297
sub-MCI0132,TemporalOccipitalFusiformCortex,-0.0014941393645242643,0.0017392682249758506,0.10375001605558824
sub-MCI0267,TemporalOccipitalFusiformCortex,-0.02320215825832973,0.004413341345687241,0.3221114672122264
sub-MCI0272,TemporalOccipitalFusiformCortex,-0.03305888947322809,0.0210434672008724,-0.004107039820383941
sub-MCI0182,TemporalOccipitalFusiformCortex,-0.033374601188888624,-0.010407518104607627,-0.06856991294827089
sub-MCI2018,TemporalOccipitalFusiformCortex,-0.01292321187832451,0.028048557212388334,-0.059516592717292593
sub-MCI0196,TemporalOccipitalFusiformCortex,0.01000171972565006,0.022592456805313993,-0.035671050581224995
sub-MCI0183,TemporalOccipitalFusiformCortex,-0.08688955564228144,0.01113856509388468,0.015484203288621887
sub-MCI0273,TemporalOccipitalFusiformCortex,0.010986249359194518,0.012198674144563522,0.047931268850069826
sub-MCI0288,TemporalOccipitalFusiformCortex,-0.0616983899460396,-0.020310312516061343,0.14539067749324
sub-MCI0270,TemporalOccipitalFusiformCortex,-0.02136048642497909,-0.019109351418788167,-0.1194166049022496
sub-MCI0178,TemporalOccipitalFusiformCortex,-0.0002128310871785104,0.017122269338595838,0.014820440227671742
sub-MCI0195,TemporalOccipitalFusiformCortex,-0.010065337643560981,0.0034208291410148892,0.00594797254201919
sub-MCI0265,TemporalOccipitalFusiformCortex,0.04963423722167114,0.05965991358866919,-0.034270959999615894
sub-MCI0179,TemporalOccipitalFusiformCortex,0.028403606063244657,0.02725235066703871,0.021998358507367068
sub-MCI0181,TemporalOccipitalFusiformCortex,-0.04028382260213894,-0.016356082309956544,-0.044730095434134094
sub-MCI0289,TemporalOccipitalFusiformCortex,0.0053982212946661915,0.01825859381569012,-0.01564524309466417
sub-MCI0271,TemporalOccipitalFusiformCortex,-0.022700472695317317,-0.020011341791253055,-0.09814765110249664
sub-MCI0264,TemporalOccipitalFusiformCortex,-0.025922842127570733,0.012931616548054513,0.0771123890233124
sub-MCI0194,TemporalOccipitalFusiformCortex,-0.0010180132685825836,-0.002990188704266478,0.08355306499909274
sub-MCI2016,TemporalPole,-0.041767958416903804,-0.045022172477194825,0.05848605298024883
sub-MCI0290,TemporalPole,-0.048081868962804315,-0.050271959427283706,0.06365340639647057
sub-MCI0268,TemporalPole,-0.07693654332250618,-0.05155138476876175,-0.0775016889830071
sub-MCI0198,TemporalPole,-0.06071489875716426,-0.05525818942458813,-0.1296383290187512
sub-MCI0285,TemporalPole,-0.04422079479112573,-0.025111629313645197,0.04593405846805589
sub-MCI2003,TemporalPole,-0.03606352153623578,-0.049508164183678316,-0.09672664227640508
sub-MCI0199,TemporalPole,-0.07457450049353877,-0.07470413112705096,-0.11580716383167255
sub-MCI2017,TemporalPole,-0.06820999357660927,-0.055853953744155006,-0.10320620522157549
sub-MCI0269,TemporalPole,-0.05552858089937934,-0.04384927489605421,0.16556316176656588
sub-MCI0284,TemporalPole,-0.03871591412596361,-0.04692325824773403,-0.0842193744157393
sub-MCI2002,TemporalPole,-0.034330163753675896,-0.015345282778097068,0.09144699870586463
sub-MCI2001,TemporalPole,-0.04547901284320138,-0.02461854399566746,-0.17274379868252135
sub-MCI0287,TemporalPole,-0.059328786554186295,-0.007839735202888597,0.20396127144745643
sub-MCI0292,TemporalPole,-0.07628073153781377,-0.08400754948850483,-0.07436070521659233
sub-MCI2014,TemporalPole,-0.0662603473277009,-0.04609615885909646,-0.14515568788422203
sub-MCI2000,TemporalPole,-0.04283760147497506,-0.028156166259602804,-0.04286784598985164
sub-MCI0286,TemporalPole,-0.055018208271040134,-0.05147572143162856,-0.1005586274011704
sub-MCI0115,TemporalPole,-0.04289314615020663,-0.05341203301855341,-0.04870562404280771
sub-MCI0236,TemporalPole,-0.07678164290593398,-0.06683917807743403,-0.11218563524005636
sub-MCI0293,TemporalPole,-0.005346452706188103,-0.033519179000050296,0.021834402278515696
sub-MCI2015,TemporalPole,-0.026760592264060506,-0.02124966233090085,-0.0004886348225514278
sub-MCI1004,TemporalPole,-0.030072655524066485,-0.03447592150945623,0.05063531734060679
sub-MCI0295,TemporalPole,-0.07605718383896604,-0.06318884175897937,-0.1458580786778056
sub-MCI1002,TemporalPole,-0.05407272353598495,-0.058125084324701745,-0.06840635990974603
sub-MCI2013,TemporalPole,-0.07614765394396888,-0.05208572529606217,-0.06666756970550464
sub-MCI0106,TemporalPole,-0.032981367584757344,-0.03394735475916868,-0.17202742752386613
sub-MCI0165,TemporalPole,-0.05975500205381546,-0.06006610538747667,-0.057824452733157616
sub-MCI0170,TemporalPole,-0.05402885379806841,-0.06571833028828376,-0.16190090685696767
sub-MCI0113,TemporalPole,-0.005349950858145388,-0.019180617181403944,0.039006802334078584
sub-MCI2006,TemporalPole,-0.048518414192921314,-0.05133221489390107,-0.06279096089493576
sub-MCI0278,TemporalPole,-0.05281352112114261,-0.03680647621123649,-0.07656766102789743
sub-MCI0280,TemporalPole,-0.023216517346683292,-0.040137443819911446,0.020699184470105342
sub-MCI0107,TemporalPole,-0.030677485184520636,-0.020069070383553208,-0.02468120673400397
sub-MCI0294,TemporalPole,-0.056612286018205164,-0.03450526462446282,0.03423649342581115
sub-MCI2012,TemporalPole,-0.1433006509043793,-0.1003424852456308,-0.28252242003803024
sub-MCI1003,TemporalPole,-0.03876151820398398,-0.040276437187232665,-0.020907675592842262
sub-MCI2007,TemporalPole,-0.05571449793206354,-0.04053479756507364,-0.09975941372112322
sub-MCI0279,TemporalPole,-0.053309461554657385,-0.02503447838222649,-0.08909437269093323
sub-MCI0281,TemporalPole,-0.04802310124265179,-0.0524357173430185,-0.10924322447133616
sub-MCI0111,TemporalPole,-0.03022299704658117,-0.05500913018055314,-0.056500685962084164
sub-MCI0282,TemporalPole,-0.00784121001983904,-0.012623058525110524,0.04159846372619975
sub-MCI2004,TemporalPole,-0.06459914432134242,-0.043608232873539585,0.40927546108148577
sub-MCI2011,TemporalPole,-0.08420670528071937,-0.07977428320181641,-0.04040366443776328
sub-MCI1000,TemporalPole,-0.06227122576233136,-0.05727941384651638,-0.09682295840771735
sub-MCI0297,TemporalPole,-0.04787174539099735,-0.06230130293886805,-0.08764234477435368
sub-MCI0283,TemporalPole,-0.07917117342816984,-0.05713373103169679,-0.2729097995853492
sub-MCI2005,TemporalPole,-0.16814259246406535,-0.13645846600606493,-0.20215654807138783
sub-MCI0173,TemporalPole,-0.0926204767846376,-0.0761829830662359,-0.0782122584324493
sub-MCI1001,TemporalPole,0.03261466618691307,-0.0018910222318126416,-0.05485563702005519
sub-MCI0296,TemporalPole,-0.04101968292216332,-0.05890023597281615,-0.059118895008549104
sub-MCI0192,TemporalPole,-0.048636196417305155,-0.028383145765580157,-0.09358408571187589
sub-MCI0137,TemporalPole,-0.03924424641250219,0.01781001248816386,-0.015172371526583009
sub-MCI2009,TemporalPole,-0.06749703113956043,-0.045967704272773434,-0.006228509723493736
sub-MCI0141,TemporalPole,-0.043812625802920405,-0.038871116326253695,-0.05855734800552686
sub-MCI0277,TemporalPole,-0.02017747834548033,-0.03330560988632985,-0.187704955913188
sub-MCI0263,TemporalPole,-0.03401642718364184,-0.0657877196714559,-0.027756763479811118
sub-MCI2008,TemporalPole,-0.02158828753661717,-0.038078285648806866,-0.03389649073618749
sub-MCI0275,TemporalPole,-0.013218568599655617,0.008633600980327293,0.04866796914734608
sub-MCI0190,TemporalPole,-0.06684712870262631,-0.08851334954826785,-0.10883882525735443
sub-MCI0298,TemporalPole,-0.0276579152485155,-0.031139029017988436,0.04702029538247573
sub-MCI0184,TemporalPole,-0.09536924282147367,-0.04682621990912532,-0.07518440095989769
sub-MCI0274,TemporalPole,-0.04107439896342887,-0.041699428184311486,-0.028421154652536113
sub-MCI0299,TemporalPole,-0.08029124330010512,-0.040565459930085014,-0.09806794000552924
sub-MCI0191,TemporalPole,-0.05298976060404046,-0.02348352535256533,0.09970695508403715
sub-MCI0169,TemporalPole,-0.06431592824802795,-0.10522348828363966,-0.12308966162628185
sub-MCI0197,TemporalPole,-0.042623691810331196,-0.04784992604274166,0.025913998702864108
sub-MCI0132,TemporalPole,-0.06034660011388344,-0.05998065860430509,0.043395864124614034
sub-MCI0267,TemporalPole,-0.07399130926655806,-0.05680311548193359,0.09012434587838668
sub-MCI0272,TemporalPole,-0.07591051248465182,-0.06103869817722861,0.07768604792640968
sub-MCI0182,TemporalPole,-0.061985082314423644,-0.05133532624447141,-0.12743532541870728
sub-MCI2018,TemporalPole,-0.03623878805663693,-0.056018401157207326,-0.10346336830645396
sub-MCI0196,TemporalPole,-0.0508611213221246,-0.04611745182608984,-0.04705158369839696
sub-MCI0183,TemporalPole,-0.06296995886093945,-0.035623013855624136,-0.05013401451045499
sub-MCI0273,TemporalPole,-0.03426936779242317,-0.02743656061127825,0.005562963729616369
sub-MCI0288,TemporalPole,-0.0807795442392216,-0.03964978210606501,-0.014127324594612325
sub-MCI0270,TemporalPole,-0.09682924638713988,-0.08011358091343435,-0.1050582328857692
sub-MCI0178,TemporalPole,-0.04589878095800524,-0.058453423058608955,-0.014045628147522868
sub-MCI0195,TemporalPole,-0.03425874328741459,-0.014146272863551228,0.024903072899953575
sub-MCI0265,TemporalPole,-0.08824887727215906,-0.0761368191449204,-0.1006854358198511
sub-MCI0179,TemporalPole,-0.02485414818805479,-0.038770831699941846,0.011579323608434514
sub-MCI0181,TemporalPole,-0.04698947090028988,-0.021750729956593322,-0.008598052677687327
sub-MCI0289,TemporalPole,-0.022172788103090965,-0.025336571095305703,-0.03571038051972165
sub-MCI0271,TemporalPole,-0.0651070226090803,-0.06889373956986995,-0.06578507848868605
sub-MCI0264,TemporalPole,-0.06562677661225821,-0.05123331625078994,-0.08913520781564552
sub-MCI0194,TemporalPole,-0.051883526223167484,-0.05655965934847393,-0.02524071754908417
sub-MCI2016,Thalamus,0.009165885948816767,0.005986666739478018,0.037355647779026994
sub-MCI0290,Thalamus,-0.006898291550746608,-0.026112879010501775,0.015976758697207716
sub-MCI0268,Thalamus,-0.00972238721185055,0.03979624582099571,-0.023676084715424463
sub-MCI0198,Thalamus,-0.02460765351875281,-0.08497468598574925,-0.054821223577235866
sub-MCI0285,Thalamus,-0.014128629509115979,0.006595803367674687,-0.10552893290713003
sub-MCI2003,Thalamus,-0.014963474417679383,-0.002064512204891948,-0.2055821075027088
sub-MCI0199,Thalamus,-0.019135871600524372,-0.014033776135014065,0.04474539776482419
sub-MCI2017,Thalamus,0.016601114688192885,0.010937851012681955,0.00474985602529178
sub-MCI0269,Thalamus,-0.014189630562358531,-0.0057654468558108775,0.37487549302142875
sub-MCI0284,Thalamus,0.011972463942097255,-0.012725249578516137,0.26054268531163643
sub-MCI2002,Thalamus,-0.006389118947952011,0.054648574066486,0.013038678504464881
sub-MCI2001,Thalamus,0.00328819752367505,0.020293255425389508,0.2742394158985448
sub-MCI0287,Thalamus,-0.03443382639180022,-0.0010600357017301095,-0.2832821626412136
sub-MCI0292,Thalamus,-0.023559299850212614,-0.029175382600407872,-0.0937385204232188
sub-MCI2014,Thalamus,-0.02602465355904696,-0.017815308226286745,-0.049813444542169384
sub-MCI2000,Thalamus,-0.012622145586901777,-0.030849206581946877,-0.0213906787138114
sub-MCI0286,Thalamus,0.005159051394034157,0.04306502103191585,-0.0011238745052028951
sub-MCI0115,Thalamus,-0.01677813763932706,-0.021560618762976505,0.03902596964007732
sub-MCI0236,Thalamus,-0.034822987057766194,-0.015765294149779067,0.014134006930217482
sub-MCI0293,Thalamus,-0.0019516693725565013,-0.024605507925981006,0.04108516592798757
sub-MCI2015,Thalamus,0.008955031809384489,-0.0023809801082053314,-0.0076524040847141565
sub-MCI1004,Thalamus,-0.016086857802111373,-0.020035437201567842,0.018493501629718974
sub-MCI0295,Thalamus,-0.023541126668162448,-0.00036409748550452197,-0.04866664772208911
sub-MCI1002,Thalamus,-0.006246065303325458,0.001020073164584492,-0.0038547451027576177
sub-MCI2013,Thalamus,0.017850263594400888,0.011537864560143968,0.10612890861259414
sub-MCI0106,Thalamus,-0.00924365373308061,0.0155250064363346,0.053696002756979326
sub-MCI0165,Thalamus,-0.011994033102988352,-0.002100469882032225,-0.052098897992881796
sub-MCI0170,Thalamus,-0.020167521952416466,0.0034432653392781737,-0.058341252952467094
sub-MCI0113,Thalamus,0.0034821362624530288,-0.015715335970111054,-0.03181707003654334
sub-MCI2006,Thalamus,-0.018398002015702585,0.013896699534930706,-0.02574939508012288
sub-MCI0278,Thalamus,-0.05838155669405942,-0.04790545017023099,-0.12906081662050203
sub-MCI0280,Thalamus,-0.03771923801320116,0.017814389552027562,-0.06038462559409696
sub-MCI0107,Thalamus,-0.004689565444454165,-0.012643983020233245,-0.014320480690937703
sub-MCI0294,Thalamus,-0.03272101954722797,-0.053772737355155885,0.023858196250137586
sub-MCI2012,Thalamus,-0.04147919248558703,-0.026747288329842238,-0.010178903751440206
sub-MCI1003,Thalamus,-0.009913620445894904,0.008628209195473528,-0.005282449262796794
sub-MCI2007,Thalamus,-0.01900729216797089,-0.018680979193724866,0.011823771039114066
sub-MCI0279,Thalamus,0.008567947246883917,0.006454008717813033,0.045282874134326516
sub-MCI0281,Thalamus,-0.018257676022108045,-0.010595676214602794,-0.11557711420183871
sub-MCI0111,Thalamus,-0.019465955122957155,-0.023133740149303448,0.004814266904044403
sub-MCI0282,Thalamus,-0.01825946241446267,0.015192743342039865,-0.01900847138786119
sub-MCI2004,Thalamus,0.0018529833585562796,-0.010429091151631905,-0.2772907240293194
sub-MCI2011,Thalamus,-0.01431336685389998,0.0074796226839332495,0.029802949716314062
sub-MCI1000,Thalamus,-0.026949780265665125,0.013387425863836767,0.020803706197729827
sub-MCI0297,Thalamus,-0.01821652889606113,-0.02876678032350819,0.021729972436549904
sub-MCI0283,Thalamus,-0.02167405029400734,-0.047233106833123394,-0.0870751032800465
sub-MCI2005,Thalamus,-0.030967869683506708,-0.03576980259490569,-0.05404144274991911
sub-MCI0173,Thalamus,-0.0127790243766768,-0.000655198052035773,-0.03728206804342551
sub-MCI1001,Thalamus,-0.01412539293845288,-0.023332159936369327,-0.13968061790630365
sub-MCI0296,Thalamus,-0.011154325089273083,-0.009133268574090143,-0.07831279132316102
sub-MCI0192,Thalamus,-0.012383932065345587,0.017058750711533045,0.0025178387065826493
sub-MCI0137,Thalamus,0.002656482460633093,0.009411570055692115,0.04184153286658071
sub-MCI2009,Thalamus,-0.017096289643187088,-0.019869147878308846,-0.050316935054932385
sub-MCI0141,Thalamus,0.008423603107450687,0.004867637237078365,-0.028343527489065982
sub-MCI0277,Thalamus,0.006422058633283702,0.0016157512514107543,-0.048947934819274466
sub-MCI0263,Thalamus,-0.031080924774001706,-0.008145341953471422,-0.14369426316406517
sub-MCI2008,Thalamus,-0.01827553158579119,-0.02954986321996855,-0.026525387083823335
sub-MCI0275,Thalamus,0.009079074639994234,-0.004101196160487343,0.022042885473710902
sub-MCI0190,Thalamus,0.007561153184769488,-0.005451484991581106,0.021599180264719922
sub-MCI0298,Thalamus,0.005262316953938363,0.02504438214914443,0.041127214154760054
sub-MCI0184,Thalamus,-0.023001361472591,-0.018180333555571405,-0.07769621915917237
sub-MCI0274,Thalamus,-0.00795744428032655,0.007693002869711527,-0.007618636563304971
sub-MCI0299,Thalamus,-0.021957038099925438,-0.0400665742516683,0.010906686191295447
sub-MCI0191,Thalamus,-0.017869480158830175,0.032295456846162036,0.02851859812353529
sub-MCI0169,Thalamus,-0.013852911695505144,-0.026181900693906385,-0.013070512811292902
sub-MCI0197,Thalamus,-0.00809066205911328,0.009810143970186638,0.020444147219145985
sub-MCI0132,Thalamus,-0.012146716419899384,-0.01338815600699607,-0.010589661914611513
sub-MCI0267,Thalamus,-0.01753715228987709,0.05135852067406402,-0.39458064432028017
sub-MCI0272,Thalamus,-0.04676265381605491,-0.061721563742271265,0.03216561766701155
sub-MCI0182,Thalamus,-0.004541197216057565,0.006755446109404585,0.028710856703548688
sub-MCI2018,Thalamus,-0.011579847016632736,-0.005150466028096085,-0.010173831233691961
sub-MCI0196,Thalamus,-0.015627502971205548,-0.002024761229159772,-2.2261160887981e-05
sub-MCI0183,Thalamus,-0.012017854457847612,0.013943147502921461,-0.022523803632935314
sub-MCI0273,Thalamus,0.002223097948784588,0.006773341883113519,-0.028325948024146282
sub-MCI0288,Thalamus,-0.008473521580140218,0.01258633718837999,0.12111834287853496
sub-MCI0270,Thalamus,-0.018647793380651922,0.006475467303287186,-0.039792604387093096
sub-MCI0178,Thalamus,0.005998670224455638,-0.00701590467136704,-0.009088966019174456
sub-MCI0195,Thalamus,0.0006480275217533738,-0.004987063599150977,0.017733546148901404
sub-MCI0265,Thalamus,-0.009798372213993937,-0.051769076728842116,-0.07352713008655397
sub-MCI0179,Thalamus,-0.001233502828582934,0.016014405258280916,0.0063142606551651985
sub-MCI0181,Thalamus,-0.00034347778228940645,0.00854753290851247,-0.013068844071795972
sub-MCI0289,Thalamus,0.020492906284300512,0.03178386803986125,0.05876085938216171
sub-MCI0271,Thalamus,-0.032653126530667126,-0.02407737529945528,-0.026953849393768606
sub-MCI0264,Thalamus,-0.010630761408635786,0.019742134450796353,0.05648123758647676
sub-MCI0194,Thalamus,-0.014216600591492197,-0.020714301605748883,-0.03118331255234518
