Subject,Region,PET AI Original,PET AI Recon,ASL AI
sub-RID0659,Amygdala,-0.0028370086650366475,-0.0255750707913492,0.1223637566132799
sub-RID0380,Amygdala,-0.020139513427148134,-0.03055454559525001,-0.06808564104875203
sub-RID0420,Amygdala,-0.037270179568340896,-0.010592054002351782,-0.012882697297920858
sub-RID0672,Amygdala,-0.021509698083684036,-0.010809037349047586,-0.06994668305703874
sub-RID0791,Amygdala,0.014323526583651146,-0.05433800859880161,-0.007419003585388369
sub-RID0595,Amygdala,-0.09209495837439718,0.02056090957449222,0.048957869874064856
sub-RID0571,Amygdala,0.005993809372303238,-0.006413963170503572,-0.028256615689565112
sub-RID0433,Amygdala,0.005289838786791697,0.001853213464784377,0.041443007518146904
sub-RID0449,Amygdala,0.042472718220472876,0.031135497590525894,-0.022909048868780445
sub-RID0592,Amygdala,0.008354974600715824,-0.0025104597186372487,0.022914574046449504
sub-RID0576,Amygdala,-0.009863588134100959,0.001991525410829991,-0.05773104306061427
sub-RID0675,Amygdala,0.009760944423717412,-0.0035982021782759556,-0.16567302416180965
sub-RID0450,Amygdala,-0.06423527321618827,-0.07613346301781261,-0.05378934929582814
sub-RID0512,Amygdala,0.23002211140307297,0.08017262742563243,0.018669396048687507
sub-RID0415,Amygdala,0.023544140962838977,-0.041453924893783765,-0.02628846341936888
sub-RID0688,Amygdala,-0.01476806684190302,-0.003820888189698968,-0.04153429502651336
sub-RID0785,Amygdala,0.043507442791299214,0.022441887935228364,0.059882364913056464
sub-RID0666,Amygdala,0.0027667108177773033,-0.0031719225777330855,-0.005022942764279406
sub-RID0585,Amygdala,-0.03795691060570233,0.02540732479932157,0.05615340549492532
sub-RID0662,Amygdala,0.005007407449193787,-0.0004405687649536584,-0.04292257540893034
sub-RID0668,Amygdala,0.005458378748893337,0.042665706586836556,0.006339684665180855
sub-RID0454,Amygdala,-0.013813043210300274,-0.002210001859762619,-0.014414669450782572
sub-RID0429,Amygdala,0.004138942867388328,-0.006764639063337341,-0.06884540332306102
sub-RID0383,Amygdala,-0.0670069155955628,-0.05945861531533498,-0.01120570764677983
sub-RID0408,Amygdala,-0.02081783139185295,-0.012924881497340298,-0.03477660009099771
sub-RID0572,Amygdala,0.03559975662247896,-0.0262100167746963,-0.018347394469505902
sub-RID0596,Amygdala,-0.017646793742813895,-0.021295502996174817,0.06658510788402136
sub-RID0578,Amygdala,0.007378697458873679,-0.013304898793487322,0.011648951018497363
sub-RID0798,Amygdala,0.07954442398099906,0.028186238879437067,0.003211953645656613
sub-RID0671,Amygdala,-0.10841506467608432,-0.18596832184540046,-0.46488662212668674
sub-RID0860,Amygdala,-0.005069515272287153,-0.070814978928372,-0.0682251636969642
sub-RID0440,Amygdala,0.06864507993889885,0.06759924533237197,0.10519032820799802
sub-RID0341,Amygdala,-0.006033704308558384,0.006661816483537088,0.021495494765666007
sub-RID0925,Amygdala,0.007371784551237613,-0.013273162550697569,-0.018127352100304868
sub-RID0591,Amygdala,0.011696471808725654,-0.02107533935926841,0.08166292045491705
sub-RID0620,Amygdala,-0.002624111325974514,0.008051678732599142,0.0061922130885311965
sub-RID0904,Amygdala,-0.0005664394059991213,0.013181566571063218,0.0024288028101550454
sub-RID0665,Amygdala,0.022714043970551722,0.078595259454348,0.25590407703759804
sub-RID0681,Amygdala,-0.029939117558490984,-0.03309781156035178,-0.003238573427856864
sub-RID0689,Amygdala,-0.03786369928446809,-0.0031024847663940914,-0.05974563123843777
sub-RID0784,Amygdala,-0.0006275357306154069,0.030146341823337787,-0.07662731492560869
sub-RID0448,Amygdala,0.019874734500094606,0.062359439554282796,0.013603299657813905
sub-RID0646,Amygdala,-0.011161419612343248,0.0008858917917417465,-0.0759446091027136
sub-RID0697,Amygdala,-0.006453576270622806,-0.053952584978220426,-0.028971242574193097
sub-RID0679,Amygdala,0.046295162789764116,0.02690565364141931,0.03599859106578277
sub-RID0673,Amygdala,0.008452856838743403,-0.03570625882370397,-0.0140638960773303
sub-RID0445,Amygdala,-0.020780497517912215,-0.037759275221151176,-0.06439859783883393
sub-RID0660,Amygdala,0.01737943510364615,-0.028936320789232542,-0.08033334923892613
sub-RID0587,Amygdala,-0.0136099607555562,-0.02263911435522945,-0.03450066727124408
sub-RID0652,Amygdala,0.03907892569416703,0.006307746315078966,-0.041828422385982875
sub-RID0658,Amygdala,0.03575538898935634,0.03039502965096679,0.21283504951709867
sub-RID0365,Amygdala,0.007143284427737359,-0.01394989882825878,0.02430703230356195
sub-RID0656,Amygdala,-0.04463426644393096,0.02752854801858427,-0.004618896281861684
sub-RID0522,Amygdala,0.0652664355013427,-0.03249984524118824,0.013491421050353378
sub-RID0680,Amygdala,0.06327000621206134,-0.0008897945358038721,-0.03129088674395934
sub-RID0619,Amygdala,0.02141287906564335,0.015424036675170966,0.030468485526552434
sub-RID0664,Amygdala,0.01680798399615701,0.019734595339050694,-0.05724888448277449
sub-RID0583,Amygdala,-0.007992721149124651,0.019810851603146138,-0.03998570768530392
sub-RID0396,Amygdala,-0.00828417682974834,-0.0066495239148076386,-0.0558009082201565
sub-RID0372,Amygdala,0.020345974300416847,-0.006587576277532399,0.10045405030040018
sub-RID0693,Amygdala,-0.020490172947956724,0.009255067185661943,-0.11396246590842783
sub-RID0574,Amygdala,-0.06819647757353485,-0.03936368440268429,-0.11523576963784804
sub-RID0597,Amygdala,-0.0018951322971100862,-0.011260985788008146,-0.040328246543849075
sub-RID0490,Amygdala,-0.001789092792368597,0.031900820158738206,0.1170609177509509
sub-RID0670,Amygdala,0.011713976676603566,-0.01176938443750682,-0.012361577200571116
sub-RID0648,Amygdala,-0.023839643932165883,0.03015336778502068,0.06739391210029493
sub-RID0663,Amygdala,-0.02055600356077836,-0.006655545412621789,0.045370115129292836
sub-RID0455,Amygdala,0.03864043975213859,-0.01051964625708072,0.013805943080934814
sub-RID0659,Caudate,-0.03484415312548844,-0.014706616771303437,-0.1089706318500339
sub-RID0380,Caudate,-0.04430622056997881,-0.02318495929706202,-0.09507770809686929
sub-RID0420,Caudate,-0.024930460357639385,-0.017083431014517498,0.0847623920639683
sub-RID0672,Caudate,-0.004013387471165842,0.03203787906913047,0.059743242639890615
sub-RID0791,Caudate,0.020054982339965305,-0.01968921968045872,-0.011190695993317004
sub-RID0595,Caudate,-0.03196597273329382,-0.013880881760552676,-0.03640337102058701
sub-RID0571,Caudate,0.00042937755693318484,-0.008825597346499497,-0.06956178820028257
sub-RID0433,Caudate,-0.019872695954652842,-0.06018820151579604,0.010772355301269892
sub-RID0449,Caudate,-0.005302964806177659,0.011964864077538589,-0.0502006606878601
sub-RID0592,Caudate,0.01506223141068876,0.03906599614208405,0.23997099947653164
sub-RID0576,Caudate,-0.04571542746983205,-0.038733340129583134,0.00023086275411065866
sub-RID0675,Caudate,0.0196787203218314,-0.007383891127587495,-0.10699066490566707
sub-RID0450,Caudate,-0.02021264300319612,-0.021732422355216774,-0.06379313618975484
sub-RID0512,Caudate,0.13484619543860416,0.04748127288907185,-0.06807071584555806
sub-RID0415,Caudate,-0.014715836113869946,-0.02583312277512044,-0.0888312885618631
sub-RID0688,Caudate,-0.005065517030975192,-0.009451539407596049,-0.0830511882930145
sub-RID0785,Caudate,0.018544682933853567,0.03843144250409834,0.1925284801714555
sub-RID0666,Caudate,-0.03684109503339105,-0.034542919088669126,-0.039212486934407126
sub-RID0585,Caudate,0.012133295705610727,0.01676259369195886,-0.06788563675471554
sub-RID0662,Caudate,-0.03130308528426617,-0.03134402444711547,-0.05177963440590565
sub-RID0668,Caudate,0.009529532241616828,-0.005930646377875093,0.007512357331949894
sub-RID0454,Caudate,-0.005562510678426477,0.007569870270902677,0.009976143752174245
sub-RID0429,Caudate,-0.03864136518009799,-0.045790054416619805,-0.3247967736782165
sub-RID0383,Caudate,0.001640613095243779,0.02572893917981926,0.245468392530832
sub-RID0408,Caudate,0.006527007112330076,-0.006023430794359325,0.0026706332347412893
sub-RID0572,Caudate,-0.0031744996164770594,-0.02807485009758444,-0.006379118991912818
sub-RID0596,Caudate,-0.040804127159017434,-0.029871793564488842,0.030636253252947155
sub-RID0578,Caudate,-0.002585926080959489,0.015821087393324513,-0.018263868008087387
sub-RID0798,Caudate,0.042409426005867334,0.04945038708004404,0.09192383840538394
sub-RID0671,Caudate,-0.08197314334903247,-0.19391616697900765,-0.8751351016292912
sub-RID0860,Caudate,-0.04034260410630277,-0.020196263510408097,-0.20548657567745854
sub-RID0440,Caudate,-0.01348778876350297,-0.014751045667850588,-0.02974750462752038
sub-RID0341,Caudate,-0.019353096086043353,-0.024949967956560418,0.01141545849059422
sub-RID0925,Caudate,-0.025274225892971635,-0.025255570907759296,0.5094402458355067
sub-RID0591,Caudate,-0.004409141603367422,0.0043991966425522885,0.06770654493077076
sub-RID0620,Caudate,-0.03493205320098146,-0.02847740043378659,-0.21479444060061217
sub-RID0904,Caudate,-0.002504944673456929,-0.020410374592426922,-0.07771631772331605
sub-RID0665,Caudate,0.019542005300762222,0.032321024971288526,0.13758759186273972
sub-RID0681,Caudate,-0.013638519279112686,-0.03814797422382279,-0.018386087857866405
sub-RID0689,Caudate,0.04374884510701049,0.00992621911720105,-0.010133711913755976
sub-RID0784,Caudate,0.019078049948087622,-0.02007052356090768,-0.17721098448360217
sub-RID0448,Caudate,-0.0315334861673573,-0.032166318188697064,0.0582459274555215
sub-RID0646,Caudate,-0.010152373044050155,-0.011313683144463665,-0.06643333515704422
sub-RID0697,Caudate,-0.0010418363578714096,-0.0352148027947436,-0.04913454893035711
sub-RID0679,Caudate,-0.06220676581982814,-0.05606710177594448,-0.0765942955339964
sub-RID0673,Caudate,-0.04221867912386022,-0.06119934238910384,-0.045783470464267985
sub-RID0445,Caudate,0.002276923211491973,-0.011112603274515999,-0.0105168731454513
sub-RID0660,Caudate,-0.007121469184498683,-0.00435630888955842,-0.003939408972317763
sub-RID0587,Caudate,-0.017908094135400534,-0.05003122821783862,-0.09563565580728342
sub-RID0652,Caudate,-0.02378472678581479,-0.071392906202398,0.03815988765077198
sub-RID0658,Caudate,-0.020222931609414633,-0.03950381989388471,0.03341734248895033
sub-RID0365,Caudate,0.00566764468980963,0.04100163983940999,-0.08169411075829949
sub-RID0656,Caudate,0.003331981146067493,0.018435564244020645,0.013967858058374652
sub-RID0522,Caudate,-0.01953994492427341,0.0020672378251863034,-0.01922291643132988
sub-RID0680,Caudate,0.02961677445828746,-0.0008960933485574894,-0.05551822870288957
sub-RID0619,Caudate,-0.00745816170017743,0.0014974233276879992,0.11239022608995576
sub-RID0664,Caudate,0.03383499462294531,0.011731647413660512,-0.06768808162534778
sub-RID0583,Caudate,0.007071969142922715,-0.022485482630448278,0.05440961669177871
sub-RID0396,Caudate,-0.06125326990877969,-0.014875086238515273,0.08479022697016989
sub-RID0372,Caudate,-0.025445616233682983,-0.0179553156987256,-0.1391425159738641
sub-RID0693,Caudate,0.014006879302730396,0.006666373845599672,0.045762305375189785
sub-RID0574,Caudate,-0.0454396881683002,-0.061712250554007454,-0.10261652586083925
sub-RID0597,Caudate,0.04658594350370551,0.04435169199877751,0.08775574233866866
sub-RID0490,Caudate,-0.008185496385336444,-0.02491616501597469,-0.06884049011455863
sub-RID0670,Caudate,-0.014264520507606925,-0.011554555523386167,0.002997954933826388
sub-RID0648,Caudate,-0.027321823418004914,-0.0012016586500841577,-0.05284685297620304
sub-RID0663,Caudate,0.0010487868946910718,-0.016807015349715324,-0.14322853701129687
sub-RID0455,Caudate,-0.023162777451578794,-0.03094701995181047,-0.01529869236419211
sub-RID0659,Hippocampus,-0.014697073264231145,-0.005291637419119699,0.04501520987193601
sub-RID0380,Hippocampus,-0.0061949002055795175,-0.028296415641753846,-0.050727916424581604
sub-RID0420,Hippocampus,-0.011491264349685578,0.010652079133976073,0.006532290657000998
sub-RID0672,Hippocampus,-0.055104492485564434,-0.002879375947749928,-0.01312664280526618
sub-RID0791,Hippocampus,0.007518443397712615,-0.03127276210335799,-0.05231563779949282
sub-RID0595,Hippocampus,-0.07140522185158354,0.012191771627157085,-0.01133379351537234
sub-RID0571,Hippocampus,0.062357935436548904,0.009026276001477098,-0.022685936724520465
sub-RID0433,Hippocampus,-0.00753368589374542,-0.02158311856312775,0.03531414298081129
sub-RID0449,Hippocampus,0.05312999184504022,0.053780788029514234,0.012682906453069466
sub-RID0592,Hippocampus,0.02069243053626071,-0.017501069205881563,0.010749298263234414
sub-RID0576,Hippocampus,0.010666413216247917,0.012511864620068735,0.021409625307016792
sub-RID0675,Hippocampus,0.01578651133116917,-0.0015969423574583989,-0.10937592569674696
sub-RID0450,Hippocampus,-0.06245797985551043,-0.0759296825441242,-0.02994999149105265
sub-RID0512,Hippocampus,0.15426773980322167,0.05245769799627103,-0.0007873086186703388
sub-RID0415,Hippocampus,0.04487063763656092,-0.034454740524411456,-0.018454845379391002
sub-RID0688,Hippocampus,0.002524686134850053,0.0063695666735425205,-0.017230883004709346
sub-RID0785,Hippocampus,0.023912659667447222,-0.0006648822473052457,-0.010131772176872677
sub-RID0666,Hippocampus,0.005699574165223619,-0.0039643902330756,0.015611352427631694
sub-RID0585,Hippocampus,-0.009253890945042347,0.0188335397481317,-0.04169766894601896
sub-RID0662,Hippocampus,0.03436969298319404,0.03779531350816051,0.01624060471644199
sub-RID0668,Hippocampus,0.010866222029096689,0.04179066804773894,0.04189141324722983
sub-RID0454,Hippocampus,-0.017696680287162134,-0.051743999905819835,-0.0391080599746252
sub-RID0429,Hippocampus,-0.0013545910171689902,-0.011017442886504936,-0.038844211531946816
sub-RID0383,Hippocampus,-0.0626390437344567,-0.050945196165720456,-0.06178559949868387
sub-RID0408,Hippocampus,0.023003071304319382,-0.01279511289195456,-0.022688223502288222
sub-RID0572,Hippocampus,0.028708437551355912,-0.0035885169444682583,0.04033667576068756
sub-RID0596,Hippocampus,-0.02200895558609369,-0.013908297027607232,0.008936012117438465
sub-RID0578,Hippocampus,0.011844895802783847,0.006990901953524402,-0.005121307966188497
sub-RID0798,Hippocampus,0.12995247114383826,-0.0015228928421446135,0.02567915965816449
sub-RID0671,Hippocampus,-0.11496704088556096,-0.09443330330418771,-0.23346317505417677
sub-RID0860,Hippocampus,-0.0004861390978524739,-0.015008250933602058,0.003610440885163526
sub-RID0440,Hippocampus,-0.03519789406944537,-0.0520727152948953,-0.041808951667351185
sub-RID0341,Hippocampus,-0.03245000785352202,-0.02022845980496445,0.011838545438359091
sub-RID0925,Hippocampus,0.0064903251832672485,-0.027097375263545737,0.1684281471442442
sub-RID0591,Hippocampus,0.017952612731476306,0.012610658036408979,0.057151391408987236
sub-RID0620,Hippocampus,0.00632641513628273,0.008868549802185563,0.03594074631220265
sub-RID0904,Hippocampus,0.016267767234339616,0.00687291019415906,-0.034083098157641906
sub-RID0665,Hippocampus,0.08894234123812356,0.05730179342288795,0.04486483479531132
sub-RID0681,Hippocampus,-0.043548414286092824,-0.023838121946328422,-0.0470568609989003
sub-RID0689,Hippocampus,-0.03993342050997546,-0.016001869513299474,-0.021526583620442796
sub-RID0784,Hippocampus,0.004532175667284287,0.02333856930528784,-0.04423277147932307
sub-RID0448,Hippocampus,0.01777469131530481,0.03709009142676516,-0.034245387616190434
sub-RID0646,Hippocampus,-0.007583423583844025,-0.02194268662620894,-0.036446782955930936
sub-RID0697,Hippocampus,0.0029386753431075822,-0.02074161792554242,0.03338741797224846
sub-RID0679,Hippocampus,0.03517063311450142,0.007214009200574364,0.06021217175112288
sub-RID0673,Hippocampus,-0.004914596026198055,-0.038662669926267296,-0.03881743154047419
sub-RID0445,Hippocampus,-0.04602913399074528,-0.07032360667911082,-0.06931036336849877
sub-RID0660,Hippocampus,0.02084529078852182,-0.0045446839725683036,-0.14975445070195867
sub-RID0587,Hippocampus,0.0054752033391097625,-0.006213759943440274,0.011145569491645226
sub-RID0652,Hippocampus,0.024803079409846697,0.018671263405335283,-0.025250397735920367
sub-RID0658,Hippocampus,0.020522092056693288,0.009153751610612455,0.061314536835456755
sub-RID0365,Hippocampus,0.02178694886519628,-0.031349175861526093,-0.024399420668165424
sub-RID0656,Hippocampus,-0.0406647014835746,0.01461573293060557,-0.007530296282734103
sub-RID0522,Hippocampus,0.036171362141387546,-0.035673915341325656,-0.028026836819346115
sub-RID0680,Hippocampus,0.09297586575257519,-0.014991939820998525,-0.023286620516674714
sub-RID0619,Hippocampus,0.028627376585543294,-0.02160600241556992,0.028895025989349458
sub-RID0664,Hippocampus,0.020988217313565132,0.006435349810177906,0.016918543105288338
sub-RID0583,Hippocampus,0.003849537052474601,0.007940759629097403,-0.0027847881971536214
sub-RID0396,Hippocampus,0.0055100696385059905,-0.0015400936291144558,0.025456341252017917
sub-RID0372,Hippocampus,0.032417239795406276,0.005697540438349353,-0.0465052690743989
sub-RID0693,Hippocampus,0.04642558307081248,0.04916787300326197,0.020338504384782886
sub-RID0574,Hippocampus,-0.09712587877660482,-0.03489210576119953,-0.04689464979697861
sub-RID0597,Hippocampus,0.0026470003808151663,-0.03538376301984898,-0.06951163639951792
sub-RID0490,Hippocampus,-0.05848310859535995,-0.02582295426045317,0.027824055185181263
sub-RID0670,Hippocampus,0.028164875213611915,-0.009921373032118826,-0.002651187843430074
sub-RID0648,Hippocampus,-0.02236874831527212,0.0038408772904515048,0.0011205576794207342
sub-RID0663,Hippocampus,-0.01675926264821893,0.010926640636023943,0.11910818611464902
sub-RID0455,Hippocampus,0.016369358880414013,0.0017912241943601633,-0.02125341048033862
sub-RID0659,Pallidum,-0.031108892143693685,0.017549238919830075,-0.023075029443131577
sub-RID0380,Pallidum,-0.005793542631931727,0.0023198692651828024,0.09149867912159955
sub-RID0420,Pallidum,0.018737418336964115,-0.009801444473527923,0.1001136688113292
sub-RID0672,Pallidum,0.05071320087649868,0.08356208860164131,0.1012058706575637
sub-RID0791,Pallidum,-0.03922054370298966,-0.03256622649292832,0.031441408408467715
sub-RID0595,Pallidum,0.00869861244074867,0.0324839377864986,0.11638210266090132
sub-RID0571,Pallidum,-0.02586312067379894,0.00502442905661932,-0.008963855603007182
sub-RID0433,Pallidum,-0.025444475592311968,-0.02139549966296146,0.013231564694767672
sub-RID0449,Pallidum,-0.011080858831891966,-0.0008917060752283059,0.023109213755879043
sub-RID0592,Pallidum,0.008872675283427254,-0.003017728021450393,0.11313019498349697
sub-RID0576,Pallidum,-0.10148591860186015,-0.1366612760590329,-0.10734719824884438
sub-RID0675,Pallidum,0.018613421274395883,0.014624510394274025,-0.1414373869044172
sub-RID0450,Pallidum,0.015079436539724898,-0.000331493457093316,0.1557784518858274
sub-RID0512,Pallidum,0.16638760451264303,0.061731853940127084,-0.022092794913087827
sub-RID0415,Pallidum,-0.0023261752192715885,-0.0077670639478683474,0.011393168941538181
sub-RID0688,Pallidum,0.0001693616184580745,-0.010730726676114835,0.004228702472249797
sub-RID0785,Pallidum,0.03782974057667834,0.01788260982526988,0.05496429299640721
sub-RID0666,Pallidum,-0.05240804142587116,-0.03602859967097068,0.022176216832511513
sub-RID0585,Pallidum,0.04087185619339946,0.02977225037651226,0.025322586090651432
sub-RID0662,Pallidum,-0.057539952861813654,-0.03037146846133654,-0.0561579161910695
sub-RID0668,Pallidum,0.003704765256315259,-0.019730314190252462,-0.022516344607697122
sub-RID0454,Pallidum,0.0031028865258878324,0.03776896106975261,0.05714177357720452
sub-RID0429,Pallidum,-0.013108444668323416,0.010706536996872105,-0.04095011694052755
sub-RID0383,Pallidum,0.003763922952601821,-0.005616830839213381,-0.009939871892304906
sub-RID0408,Pallidum,0.026997557803671073,0.005279859223592197,-0.02168969495576386
sub-RID0572,Pallidum,0.13337041727195836,0.07892286468621963,0.0700444552707154
sub-RID0596,Pallidum,0.002234776234461665,0.008581927439694156,0.05384280417272892
sub-RID0578,Pallidum,-0.001848503630719792,0.043891566682862176,0.020239137958195815
sub-RID0798,Pallidum,0.03262179646566865,0.05397061509381952,0.07054985842593076
sub-RID0671,Pallidum,-0.003978220561987527,-0.07683377161724475,-0.47320844538992346
sub-RID0860,Pallidum,-0.15342213771435087,-0.10772285564427819,-0.12972516342749785
sub-RID0440,Pallidum,0.036541437046387217,0.006515774939593777,0.07017321361515119
sub-RID0341,Pallidum,-0.0053744336763962616,-0.032649486128977445,-0.06463691977997008
sub-RID0925,Pallidum,0.009726927859447386,-0.03037820942697708,0.1135488735990482
sub-RID0591,Pallidum,0.025283311643204666,0.004833683992082448,0.009243581905171876
sub-RID0620,Pallidum,0.021910757234207753,0.017167115859430676,0.020922894957285477
sub-RID0904,Pallidum,-0.06312425207016105,0.020399184119042242,0.0691132970588924
sub-RID0665,Pallidum,-0.005505555265196272,0.06771608361816896,0.20024488597260245
sub-RID0681,Pallidum,-0.030957952436229095,-0.04397111232553654,0.003389304709790249
sub-RID0689,Pallidum,-0.006466309571323022,-0.00653496379035807,0.053562601046371006
sub-RID0784,Pallidum,-0.004566731609515129,0.006421913902000773,-0.07551470542018511
sub-RID0448,Pallidum,0.04203026617672554,-0.003979931154076145,-0.002659965237975487
sub-RID0646,Pallidum,-0.0295696666515915,0.018734530095564944,0.044495997552752874
sub-RID0697,Pallidum,-0.01039007484951569,0.02156992564393543,0.06935887563186388
sub-RID0679,Pallidum,0.03922593711616225,-0.008319093765979889,-0.015622653614600841
sub-RID0673,Pallidum,-0.029992625112379667,-0.0023765829523853116,0.014907707406352501
sub-RID0445,Pallidum,0.002908248728387796,0.01659578157741568,-0.03960460967681095
sub-RID0660,Pallidum,-0.009105946971880951,-0.02033959876943265,0.016168082157328883
sub-RID0587,Pallidum,-0.024492116456014144,-0.029341277725471026,-0.0021151659156159494
sub-RID0652,Pallidum,0.007651955007372599,-0.0018485649538977857,0.011588622056209976
sub-RID0658,Pallidum,0.0023022321240514314,-0.03548174176085022,-0.0023555399241181126
sub-RID0365,Pallidum,-0.007576134586084223,-0.0062945261354703285,0.06160393280135862
sub-RID0656,Pallidum,0.009799388062263433,0.046373758781637076,0.017450015943693487
sub-RID0522,Pallidum,0.02725225487646259,0.04272481457702881,0.09680655351777472
sub-RID0680,Pallidum,-0.06609957567980686,-0.03684846286146831,0.022120515974126908
sub-RID0619,Pallidum,-0.020086828299807815,0.005177109247656585,0.051033735148098835
sub-RID0664,Pallidum,-0.0043977472090456285,0.0017135241505046098,-0.04770521786918733
sub-RID0583,Pallidum,-0.004121676114862981,-0.03753189944104466,-0.09109039437449436
sub-RID0396,Pallidum,-0.006540514531280163,-0.006618477988024438,-0.20289472538794695
sub-RID0372,Pallidum,0.005041848396298878,0.013717756751659111,0.026674788305985152
sub-RID0693,Pallidum,0.0821147426523377,0.016709733680689634,-0.06021500756498203
sub-RID0574,Pallidum,0.02669493428550997,-0.01876970124871434,-0.12594422257513174
sub-RID0597,Pallidum,0.07622469233980468,0.054982159890824195,0.056066427069746565
sub-RID0490,Pallidum,-0.06146121272257856,-0.036706106996619046,-0.04118526558770809
sub-RID0670,Pallidum,0.016691712799252367,0.009951988593303608,0.039117011175204844
sub-RID0648,Pallidum,-0.01955696450168232,-0.006687341962091005,0.020886149756798342
sub-RID0663,Pallidum,0.008928358472940774,-0.036925753755458104,0.0024778857000940227
sub-RID0455,Pallidum,0.0015872135165875525,-0.040117160482925684,-0.0415404825977113
sub-RID0659,Thalamus,-0.02360048585579059,0.006356723629343395,0.041175905078383195
sub-RID0380,Thalamus,-0.003399648215851005,-0.009829799989926998,-0.05289628899992475
sub-RID0420,Thalamus,-0.009993286780807449,0.01852736267648447,-0.055550920751989946
sub-RID0672,Thalamus,-0.005450661443987454,-0.029086283242715717,-0.02606912101069197
sub-RID0791,Thalamus,0.002262031287119399,0.005669543903264655,-0.043023006590329885
sub-RID0595,Thalamus,-0.016070232873106268,-0.013823078421450672,-0.05062780605702956
sub-RID0571,Thalamus,0.010209688883662742,-0.0186913751699408,-0.025779601527973366
sub-RID0433,Thalamus,0.011801221518606462,-0.02042154241093989,0.04799910020853745
sub-RID0449,Thalamus,0.024990319945056044,0.026630129078087733,0.0003684049931916754
sub-RID0592,Thalamus,0.006452159982654146,0.016612685357091032,0.006725403117286983
sub-RID0576,Thalamus,-0.009728642327927329,-0.0024080006825396116,-0.059246103761822794
sub-RID0675,Thalamus,0.00567026339508418,0.028903553661323206,0.025277986735945203
sub-RID0450,Thalamus,-0.017015974620571382,0.00018888085481839778,0.008621892930340522
sub-RID0512,Thalamus,0.1086936561277573,0.027839735549275782,0.002138618130596766
sub-RID0415,Thalamus,0.023241094776144434,-0.02373105949934554,-0.015484982208278302
sub-RID0688,Thalamus,-0.009837938244929007,-0.008504917750797926,-0.13523755307227056
sub-RID0785,Thalamus,-0.014322693612316875,0.0047993889116149996,-0.05953214354740033
sub-RID0666,Thalamus,-0.004591275130983666,0.0010711353698904542,0.0005781405350038498
sub-RID0585,Thalamus,-0.005557519934344254,0.009007242714792515,0.13414928847411178
sub-RID0662,Thalamus,0.00868117475063668,-0.013514642354000218,-0.01580329335403802
sub-RID0668,Thalamus,-0.006492380769974281,-0.0027179672788096927,0.02610138355984103
sub-RID0454,Thalamus,0.009583790970451854,0.030112872052603733,0.009158614038818345
sub-RID0429,Thalamus,0.021361333294759706,0.0005271390353338367,-0.04930583472692119
sub-RID0383,Thalamus,-0.012693436600353469,0.01794234930284232,-0.056463656667753326
sub-RID0408,Thalamus,0.0038560978652944747,0.008871845373590844,-0.019452231629080177
sub-RID0572,Thalamus,-0.008162750853801477,-0.010951980170672148,0.01590047303013713
sub-RID0596,Thalamus,0.002245426211136317,0.016541150390577165,0.007959321428432564
sub-RID0578,Thalamus,-0.002556834834054415,0.00440137495970655,0.015153523011137333
sub-RID0798,Thalamus,0.13259536036324876,0.01726834066568212,0.06813406293192328
sub-RID0671,Thalamus,-0.04724212850918201,0.0036783313309951896,-0.11947933288052592
sub-RID0860,Thalamus,0.006762223061659559,0.00915526484457121,-0.12252509452587554
sub-RID0440,Thalamus,-0.022918698402248767,-0.02745369634588898,-0.020176954177664075
sub-RID0341,Thalamus,-0.009578461447388132,0.007354747019559916,-0.025280268624447412
sub-RID0925,Thalamus,-0.020982024903238118,-0.0035089564731495748,0.08201567080465412
sub-RID0591,Thalamus,0.00400436879935078,0.0030353832962092407,0.04796512729120684
sub-RID0620,Thalamus,-0.011252407756465993,-0.033364735407526366,-0.021778690739301235
sub-RID0904,Thalamus,0.026858287127776923,0.0011151370700974695,-0.019516214808496895
sub-RID0665,Thalamus,0.017262341516397207,0.024794881909447966,0.010028097649217147
sub-RID0681,Thalamus,-0.02344421467642203,0.008336152623231357,-0.06343092108055158
sub-RID0689,Thalamus,-0.006591329531105503,-0.00491509453748277,-0.0031184844129869744
sub-RID0784,Thalamus,0.005262572829007195,0.03276441939634629,-0.03265975311789228
sub-RID0448,Thalamus,-0.008963261378961133,-0.01786642014372252,0.0010169305689074859
sub-RID0646,Thalamus,0.002762135009135051,-0.006678028164462472,0.011281169703215469
sub-RID0697,Thalamus,0.008418246730590549,-0.04164343347464624,0.029992447582684476
sub-RID0679,Thalamus,0.0012547958672526126,0.001850232378369488,0.02465360540528184
sub-RID0673,Thalamus,-0.010901093477395811,-0.003321929827840047,-0.04499724366767585
sub-RID0445,Thalamus,-0.011319836182257233,-0.01049207453499675,-0.04268863908594749
sub-RID0660,Thalamus,0.008228233920288385,0.012880563432163549,-0.03798320999025742
sub-RID0587,Thalamus,-0.0005231671913675151,0.003525668053784225,-0.02065059122140343
sub-RID0652,Thalamus,0.0048163129273870245,0.010336273840765253,-0.01841596361942949
sub-RID0658,Thalamus,-0.0003636144237242981,0.03727338355813774,0.004463485579958017
sub-RID0365,Thalamus,0.004540360099476587,-0.012837069417270138,-0.2897693942803533
sub-RID0656,Thalamus,-0.013105085716018759,0.018848300723600463,-0.0688780936352019
sub-RID0522,Thalamus,0.003666744553283871,-0.024321946204641703,-0.014928811080958468
sub-RID0680,Thalamus,0.01564731190623485,0.0027148677761330026,0.08978094044790573
sub-RID0619,Thalamus,0.008006830614076307,-0.002507253371174339,0.02901672701431415
sub-RID0664,Thalamus,0.024335334708860873,0.013673139734267743,-0.005810173508287014
sub-RID0583,Thalamus,-0.0028192148532527267,-0.019220467381663678,-0.07445997104255479
sub-RID0396,Thalamus,0.002520204510353989,-0.004212634336129489,0.216433309611942
sub-RID0372,Thalamus,0.006487877309974469,0.008110330480269535,-0.01279459050617623
sub-RID0693,Thalamus,0.007198264421885704,0.01690133934171498,-0.13772101393352865
sub-RID0574,Thalamus,-0.03306640573466158,-0.023311137055584213,-0.04799448726785642
sub-RID0597,Thalamus,0.002119896793324627,-0.00039625013349502554,0.004232309918586769
sub-RID0490,Thalamus,-0.004326040869293187,-0.015198510834453388,-0.05319503051781221
sub-RID0670,Thalamus,0.002872292611435158,0.015312476692778068,0.017522589775171925
sub-RID0648,Thalamus,-0.008620314069134116,0.0021834221481290238,0.5004563103588031
sub-RID0663,Thalamus,-0.004051989840563442,0.01833897403953901,0.059344524906518197
sub-RID0455,Thalamus,0.003231687332428524,-0.01387383473070978,-0.022164007249531135
sub-RID0659,caudalanteriorcingulate,-0.020173733963719343,-0.028136797370034276,-0.016248953593064774
sub-RID0380,caudalanteriorcingulate,-0.00530316595805139,-0.021925356775938137,-0.06292282037748538
sub-RID0420,caudalanteriorcingulate,-0.03835144800990002,-0.02159059675724723,-0.05379941714929204
sub-RID0672,caudalanteriorcingulate,-0.050060743486531306,-0.028626046264102683,-0.029135162710787227
sub-RID0791,caudalanteriorcingulate,0.026567479689217785,0.009435227269805465,-0.019985813148410272
sub-RID0595,caudalanteriorcingulate,-0.028912289788365648,0.002523721662216643,-0.016227082068619312
sub-RID0571,caudalanteriorcingulate,0.031978961942117516,-0.005401714344375065,-0.013154951110335291
sub-RID0433,caudalanteriorcingulate,-0.02565444937952011,-0.05171434479973478,-0.07660690122507761
sub-RID0449,caudalanteriorcingulate,0.015173702683277283,0.008789374954089716,0.03231610428361277
sub-RID0592,caudalanteriorcingulate,-0.01684215770704613,0.003650344273007223,0.00809023689880791
sub-RID0576,caudalanteriorcingulate,-0.0632099048913516,-0.015979342372560986,-0.05070435707612345
sub-RID0675,caudalanteriorcingulate,0.005562993120953605,0.03412524373375336,-0.011203464037381207
sub-RID0450,caudalanteriorcingulate,-0.0035094875890463333,0.011637540544177939,-0.03484315159657884
sub-RID0512,caudalanteriorcingulate,0.46742037890786764,0.0866727114634764,0.021216931637289823
sub-RID0415,caudalanteriorcingulate,-0.013226082973745976,0.02753458727844643,-0.015128262501894734
sub-RID0688,caudalanteriorcingulate,-0.03733523548549944,-0.007927422517747801,-0.08024956950853818
sub-RID0785,caudalanteriorcingulate,0.012495152921678255,0.009979893961833514,-0.04375041892762367
sub-RID0666,caudalanteriorcingulate,0.009689184886817172,-0.03269227479633571,-0.013003792411607158
sub-RID0585,caudalanteriorcingulate,-0.003679922902569081,-0.02460973233493652,0.01777131631527471
sub-RID0662,caudalanteriorcingulate,-0.020746501480717234,-0.015077732458862153,-0.007650528695845931
sub-RID0668,caudalanteriorcingulate,-0.006867263101356207,-0.01548231615672712,0.0006768947154732284
sub-RID0454,caudalanteriorcingulate,0.00960353227921464,-0.008869044743452171,-0.025468939057964338
sub-RID0429,caudalanteriorcingulate,0.005241304428939819,-0.018707109231282822,-0.027830619577910644
sub-RID0383,caudalanteriorcingulate,-0.02953167637023631,-0.015177655037234115,0.005546396827923082
sub-RID0408,caudalanteriorcingulate,0.004546903819881628,-0.016954858720655136,-0.020189645315942684
sub-RID0572,caudalanteriorcingulate,-0.02427948536533434,-0.016966979989237265,-0.03451333059103716
sub-RID0596,caudalanteriorcingulate,-0.0062942326851917465,-0.009281799226120095,-0.02668391862648881
sub-RID0578,caudalanteriorcingulate,0.019665023290078982,-0.002489818312512981,0.056957449320472406
sub-RID0798,caudalanteriorcingulate,0.03212951494375732,-0.0012348624544549502,-0.028287403257907566
sub-RID0671,caudalanteriorcingulate,-0.023531694674218,-0.05805467804238742,-0.4342376623386684
sub-RID0860,caudalanteriorcingulate,-0.03929648634975719,-0.02262515557931062,-0.13838960131753814
sub-RID0440,caudalanteriorcingulate,0.06945381344909538,0.011456765181112893,-0.09398806302226051
sub-RID0341,caudalanteriorcingulate,0.006405483520121486,-0.023554314485896156,0.01671889851837284
sub-RID0925,caudalanteriorcingulate,0.009673451015683702,-0.017825490811401747,-0.07237054815702684
sub-RID0591,caudalanteriorcingulate,-0.029088427801570543,-0.0020954818626614975,0.020386589057143818
sub-RID0620,caudalanteriorcingulate,-0.02832978912353545,-0.019788658058398998,-0.1304217301490664
sub-RID0904,caudalanteriorcingulate,-0.02892552999681697,-0.012529278636888451,0.004196453422931827
sub-RID0665,caudalanteriorcingulate,-0.0110012714520137,-0.002676791693230043,-0.01649076300747791
sub-RID0681,caudalanteriorcingulate,-0.01291407713423542,-0.030221041608200157,-0.07967855762286745
sub-RID0689,caudalanteriorcingulate,-0.018112925853861175,-0.011606817885320735,-0.04097990635253804
sub-RID0784,caudalanteriorcingulate,-0.017447567476524865,-0.002194069419133047,-0.03738953566763316
sub-RID0448,caudalanteriorcingulate,0.004733795332465017,-0.0070272010968725354,-0.0052988519570298116
sub-RID0646,caudalanteriorcingulate,-0.015080689154475423,-0.03186176528765595,-0.08498498356188162
sub-RID0697,caudalanteriorcingulate,-0.04589758227536625,-0.026690246226985917,-0.007644517224320321
sub-RID0679,caudalanteriorcingulate,0.0038481027407403145,-0.018052404787768546,-0.028328001257615285
sub-RID0673,caudalanteriorcingulate,-0.02082426045309353,-0.03484890553133106,-0.05954127833280988
sub-RID0445,caudalanteriorcingulate,-0.01722232543777638,-0.02500888606881368,-0.05190460712506388
sub-RID0660,caudalanteriorcingulate,-0.010325505987817682,-0.020357137879470164,-0.03091049140642996
sub-RID0587,caudalanteriorcingulate,-0.02240033363464657,-0.025831325616248436,-0.04468434854971567
sub-RID0652,caudalanteriorcingulate,0.008612952587811744,-0.025759301340727975,-0.0522248962860074
sub-RID0658,caudalanteriorcingulate,0.010904363630031026,0.01713366480294378,0.06637566594989269
sub-RID0365,caudalanteriorcingulate,-0.008435943500411144,-0.0019642770615722407,0.0005902729804678654
sub-RID0656,caudalanteriorcingulate,-0.026163496390212985,-0.017704075392608862,-0.06854208474786098
sub-RID0522,caudalanteriorcingulate,-0.022303855373808957,-0.008016757762261625,0.02746150053782994
sub-RID0680,caudalanteriorcingulate,0.031106530395027674,-0.006232462486892062,0.07399694807688627
sub-RID0619,caudalanteriorcingulate,-0.015104427395940222,3.149360295780628e-05,-0.002315282913688614
sub-RID0664,caudalanteriorcingulate,-0.0038111569089923376,-0.007508290479544306,0.005108008028108867
sub-RID0583,caudalanteriorcingulate,-0.03402021242346639,-0.052287486514925,-0.08267839342533231
sub-RID0396,caudalanteriorcingulate,0.13351473660059582,0.09905752630923238,0.22895984026306004
sub-RID0372,caudalanteriorcingulate,-0.025390364832026165,-0.031620092562005084,-0.013597868716732943
sub-RID0693,caudalanteriorcingulate,0.01767055390603973,0.015063560310087824,0.012169993069632708
sub-RID0574,caudalanteriorcingulate,-0.026022090600009488,-0.03205135464290124,-0.037227055840412776
sub-RID0597,caudalanteriorcingulate,-0.009060872907833426,-0.0020454059957890334,0.011015776072047552
sub-RID0490,caudalanteriorcingulate,-0.006825749249298984,-0.007520982410697865,0.01239359072300264
sub-RID0670,caudalanteriorcingulate,-0.0011092196531778719,-0.0030972528792459755,-0.019517697520845558
sub-RID0648,caudalanteriorcingulate,-0.047726203696619625,-0.0018543459025047186,-0.09036367895983652
sub-RID0663,caudalanteriorcingulate,-0.008866766243750298,0.008310267556441823,-0.00444925879016525
sub-RID0455,caudalanteriorcingulate,0.031228979065050406,-0.01339322441637294,-0.0033631742378917853
sub-RID0659,caudalmiddlefrontal,-0.005709405244700109,0.01893903092079344,0.0075882540805926905
sub-RID0380,caudalmiddlefrontal,0.0020147309921118095,0.03413176664239375,0.03939729614718689
sub-RID0420,caudalmiddlefrontal,-0.0012430028706326166,-0.0037431007291645947,0.04298241817771195
sub-RID0672,caudalmiddlefrontal,-0.014910683271399395,-0.009042666985421634,-0.044011655014364826
sub-RID0791,caudalmiddlefrontal,0.019345152241541704,0.007550510260523926,-0.010501542986659236
sub-RID0595,caudalmiddlefrontal,-0.006521810781882307,0.0042356228804766236,0.04187376029113335
sub-RID0571,caudalmiddlefrontal,-0.0047633318719853615,-0.003243839173786284,-0.02747705751672157
sub-RID0433,caudalmiddlefrontal,-0.032274799517853045,0.0024456657087252435,-0.0028311496033022816
sub-RID0449,caudalmiddlefrontal,-0.0488118881970792,-0.021379925901423274,-0.04982161409832125
sub-RID0592,caudalmiddlefrontal,0.01794262552780996,-0.014597899336731996,-0.04063718748055524
sub-RID0576,caudalmiddlefrontal,-0.049737867387404926,0.013534960011165557,0.008354084474978216
sub-RID0675,caudalmiddlefrontal,0.0032206689199633077,0.1243199938403573,-0.08459964381866827
sub-RID0450,caudalmiddlefrontal,-0.0005930984834168525,-0.0034282326758765204,-0.01630352429165918
sub-RID0512,caudalmiddlefrontal,0.0028210017832661664,0.02940774735578652,0.03489625507671771
sub-RID0415,caudalmiddlefrontal,0.010772593691212565,-0.02826093975519556,-0.003936074851830754
sub-RID0688,caudalmiddlefrontal,-0.012701087973848382,0.0025811455125558337,-0.013136959014283045
sub-RID0785,caudalmiddlefrontal,0.021787070096666476,0.029066141330141293,0.10041807792276473
sub-RID0666,caudalmiddlefrontal,0.0008964979654823371,0.008634862231042985,0.01689138305095928
sub-RID0585,caudalmiddlefrontal,0.025986575267440356,0.039036569232992445,0.04948071662452138
sub-RID0662,caudalmiddlefrontal,-0.011348471043887788,-0.007950738600388198,0.01025385041641058
sub-RID0668,caudalmiddlefrontal,0.028013604001855735,0.009980683718313434,0.02614393464254406
sub-RID0454,caudalmiddlefrontal,0.008594539994849716,-0.010828877605589312,-0.015282269951927793
sub-RID0429,caudalmiddlefrontal,0.016733374230789803,0.021859997913337932,-0.030880893875507385
sub-RID0383,caudalmiddlefrontal,0.009557289002984535,0.02240207879893859,-0.021327821866965847
sub-RID0408,caudalmiddlefrontal,-0.0014829045422456056,-0.00944579124119097,-0.013500118933933419
sub-RID0572,caudalmiddlefrontal,0.002006178207021863,-0.0007555566108349579,-0.0414997201634203
sub-RID0596,caudalmiddlefrontal,0.035177528279265693,0.022079287151741026,0.09554508642688056
sub-RID0578,caudalmiddlefrontal,-0.0029367215547538793,-0.009126089402464397,-0.016370523864283244
sub-RID0798,caudalmiddlefrontal,0.05022000039586886,-0.058640111984185915,0.025388333529141983
sub-RID0671,caudalmiddlefrontal,-0.03638326660402331,-0.1688224798017107,-0.708199202688799
sub-RID0860,caudalmiddlefrontal,-0.005037414345923923,0.006309059048822012,-0.06380916577668945
sub-RID0440,caudalmiddlefrontal,-0.005227859151224684,0.00715493476045296,0.05254781895947031
sub-RID0341,caudalmiddlefrontal,-0.010241036863849608,0.010183199723685574,-0.02635218907330804
sub-RID0925,caudalmiddlefrontal,0.0019499649348834085,-0.018308541216097037,-0.12098754222994591
sub-RID0591,caudalmiddlefrontal,-0.010046793187117606,-0.021744433715648628,-0.043645896905036966
sub-RID0620,caudalmiddlefrontal,-0.012873301506747608,-0.01953417018762423,0.0025787902420945424
sub-RID0904,caudalmiddlefrontal,-0.056571100951116816,-0.04120678296301806,-0.05810742317673026
sub-RID0665,caudalmiddlefrontal,0.033679945951262176,0.005558755623266054,0.08447006344869319
sub-RID0681,caudalmiddlefrontal,-0.027570513984462298,-0.03623684429358995,-0.06274864859595522
sub-RID0689,caudalmiddlefrontal,-0.023475040472553478,-0.023826158158604015,-0.0041770474660471095
sub-RID0784,caudalmiddlefrontal,0.03632324690412911,0.016968398080765834,-0.0012106189646261423
sub-RID0448,caudalmiddlefrontal,0.03669216605688631,-0.0017668908381347726,-0.005010108881291874
sub-RID0646,caudalmiddlefrontal,-0.0481020466661882,-0.04764031427770096,-0.012377601522726905
sub-RID0697,caudalmiddlefrontal,-0.016680136905033848,-0.04175480440366263,-0.017784693686481112
sub-RID0679,caudalmiddlefrontal,0.01752413231986598,0.003126129584218116,0.0313815697872662
sub-RID0673,caudalmiddlefrontal,0.007798625257599726,0.008748469566559012,0.022424820676982284
sub-RID0445,caudalmiddlefrontal,0.030223089244004783,-0.026410470548145788,-0.06332570395400264
sub-RID0660,caudalmiddlefrontal,-0.03400077498500045,-0.03849794510637055,-0.003745931484036009
sub-RID0587,caudalmiddlefrontal,-0.0030202005170373125,-0.010324074328892143,-0.0782722396541674
sub-RID0652,caudalmiddlefrontal,-0.03006716890145986,-0.041392514371249946,-0.05642480224757186
sub-RID0658,caudalmiddlefrontal,0.02028091881116773,-0.005889451250621233,-0.05822958728732838
sub-RID0365,caudalmiddlefrontal,0.03881313664662887,0.03838826211565746,0.10474920042401216
sub-RID0656,caudalmiddlefrontal,-0.005178312549972374,0.028078292683705926,-0.02430633942869804
sub-RID0522,caudalmiddlefrontal,-0.0010326740799569412,-0.021717814981740392,-0.0035728160399332923
sub-RID0680,caudalmiddlefrontal,0.036717816380279565,0.03312427957391663,0.06808066254453712
sub-RID0619,caudalmiddlefrontal,0.025386020919783803,-0.011237787119344962,-0.0034409620568930975
sub-RID0664,caudalmiddlefrontal,0.03887334774130623,0.030391934009720897,0.051108776005402846
sub-RID0583,caudalmiddlefrontal,-0.022007559492307236,-0.024675663916747036,-0.08597708068969367
sub-RID0396,caudalmiddlefrontal,0.0028181578506171825,0.009823382252825238,0.2332423273108495
sub-RID0372,caudalmiddlefrontal,-0.04013897637836761,0.0015979064205684076,-0.06811196153986794
sub-RID0693,caudalmiddlefrontal,0.035061256718571895,0.008010506498826437,0.0060947167167102745
sub-RID0574,caudalmiddlefrontal,-0.032632244630052674,-0.0303800433737031,-0.03651796832901238
sub-RID0597,caudalmiddlefrontal,-0.02152760712763771,-0.011882512905767605,-0.0044231908935268415
sub-RID0490,caudalmiddlefrontal,0.04550247448634118,0.0010038366441051966,0.021677961198099133
sub-RID0670,caudalmiddlefrontal,0.014447536864754251,0.014245520934794031,-0.004598497198339581
sub-RID0648,caudalmiddlefrontal,-0.0120018255327577,0.0013068957895493551,-0.014249174019998638
sub-RID0663,caudalmiddlefrontal,-0.019940702941170563,-0.023716312601123137,-0.02344521783587812
sub-RID0455,caudalmiddlefrontal,-0.009870368728771025,-0.013328071617484491,-0.04755907334659398
sub-RID0659,cuneus,-0.0027111050941663007,0.017564247614707294,0.025838580426357276
sub-RID0380,cuneus,-0.03030964705677283,-0.02532992896277358,0.029040517795919773
sub-RID0420,cuneus,0.013633474224712136,0.013399916987627979,-0.016492863147638093
sub-RID0672,cuneus,0.06440838953748047,0.0784602970692178,0.025323720851043188
sub-RID0791,cuneus,0.045513687196896586,0.06705566482732227,-0.021657116989386646
sub-RID0595,cuneus,-0.04495156197791467,-0.037762655206955945,-0.010146467257708468
sub-RID0571,cuneus,-0.017576327648609228,-0.05865773864377671,-0.021057154185808453
sub-RID0433,cuneus,-0.005370876159434701,0.009196245992431695,0.019886325113751924
sub-RID0449,cuneus,-0.014350267774662537,-0.018317797144658445,-0.009742578337801738
sub-RID0592,cuneus,-0.005054640204989753,-0.0019124500500223897,-0.0004006346149245278
sub-RID0576,cuneus,-0.03088995354436691,-0.013980049102774542,-0.12271234747600239
sub-RID0675,cuneus,0.036210989438999336,0.0020365038994294804,0.1585291236110262
sub-RID0450,cuneus,-0.06152736352944094,-0.04327525068360104,-0.001559462105161953
sub-RID0512,cuneus,-0.037535206293689054,-0.07679537300197638,-0.01409497004370606
sub-RID0415,cuneus,0.006833669859412668,-0.04838851626450987,0.1004657986050905
sub-RID0688,cuneus,0.007068522217816445,-0.0007555547109404238,0.028541310190051596
sub-RID0785,cuneus,-0.00877307462367723,-0.04372536385177397,-0.10588478137113666
sub-RID0666,cuneus,0.0013637825678538902,0.0011240971209697246,0.0009943283815247472
sub-RID0585,cuneus,0.01521690659757188,0.029128370559643908,0.07938555162773281
sub-RID0662,cuneus,-0.014446457740967375,0.011293247030215118,0.04514778700059755
sub-RID0668,cuneus,0.002816544595779764,-0.010991918278142339,0.020717969235892607
sub-RID0454,cuneus,-0.009893689879879748,-0.0025275557716616785,0.018526117678675603
sub-RID0429,cuneus,0.027648318549572573,0.10354640862801626,0.17196590158039032
sub-RID0383,cuneus,0.007839708589489574,0.02560255115492032,-0.03748344236958719
sub-RID0408,cuneus,-0.005262261261104742,0.01186598289321205,-0.0037601187759201122
sub-RID0572,cuneus,-0.021483258141662246,-0.02073516458931881,-0.007739376570319639
sub-RID0596,cuneus,-0.021325430469925712,-0.02608107104131997,-0.054863676944419015
sub-RID0578,cuneus,-0.009178873931927959,-0.006079686808115358,-0.01811726293810428
sub-RID0798,cuneus,0.0345267420031189,0.0039118452667466575,0.05678161737885211
sub-RID0671,cuneus,-0.07614944058888261,-0.08400141592923162,-0.07886856389806561
sub-RID0860,cuneus,0.03383038895237029,0.03804736578853605,-0.06295478139806497
sub-RID0440,cuneus,-0.06015520104256931,-0.06121016781108974,-0.12607139475127657
sub-RID0341,cuneus,-0.05480982605635709,-0.0492269097984261,-0.0683125746667543
sub-RID0925,cuneus,-0.03777720511680329,-0.022937451831085396,-0.0458776155586382
sub-RID0591,cuneus,-0.003822440793203374,-0.005851444101651426,0.0753289827225029
sub-RID0620,cuneus,0.004023912763182243,0.027510863994867664,0.04607937897759039
sub-RID0904,cuneus,0.025774480718590384,0.00714844792068758,-0.018661892298693996
sub-RID0665,cuneus,-0.06617658283345561,-0.0785237818796285,-0.08812071848759134
sub-RID0681,cuneus,-0.04215479747175274,-0.04690899379863669,-0.08753018704716292
sub-RID0689,cuneus,-0.018466345505203215,-0.011505392541785288,-0.026604395387933334
sub-RID0784,cuneus,0.04589705154233795,0.061485418830766546,0.029505067705584972
sub-RID0448,cuneus,-0.012823512231600314,0.003055173547110958,-0.0036761582627719176
sub-RID0646,cuneus,-0.011237867155208728,0.0037742552860554135,0.05606256333060574
sub-RID0697,cuneus,-0.004387414144223853,-0.026607794372383933,-0.029503496483968876
sub-RID0679,cuneus,-0.04993470234898544,-0.016705371357658524,0.03625983599193726
sub-RID0673,cuneus,0.009012464860498007,0.012012789152660849,0.009449811489500557
sub-RID0445,cuneus,-0.039671107741445374,-0.014666893231379015,-0.0013486748515555624
sub-RID0660,cuneus,-0.009335588417379678,-0.006051785864300185,-0.03812577062171342
sub-RID0587,cuneus,-0.027263432469179193,-0.014861925919572479,-0.0759272343851449
sub-RID0652,cuneus,-0.02475812442271456,-0.00511688070500924,0.006055329229138903
sub-RID0658,cuneus,-0.013278106208812458,-0.03806720884249796,-0.07029397110044275
sub-RID0365,cuneus,0.013705486173162449,0.05374292708913536,-0.013695603411992874
sub-RID0656,cuneus,0.014736487123428173,-0.007266889987608749,0.05081474827106407
sub-RID0522,cuneus,-0.02065491846270758,-0.0030083042776116306,-0.007088664283186445
sub-RID0680,cuneus,-0.040224983484145625,-0.030114444755923776,0.0008689423277303997
sub-RID0619,cuneus,-0.007699995528975495,0.015804981937986032,0.026979409817140573
sub-RID0664,cuneus,-0.013079776492090937,-0.04610585363557225,-0.027962492183102223
sub-RID0583,cuneus,0.0005117617138766243,-0.0031133984244516434,0.10426392735830087
sub-RID0396,cuneus,0.009103785922455029,-0.001825631051225345,-0.19486202705165698
sub-RID0372,cuneus,0.017720734150264563,0.015980358482773974,0.0035167976009279466
sub-RID0693,cuneus,0.058321224469347996,0.07577930903026357,0.04220236310366889
sub-RID0574,cuneus,-0.032418559048806854,-0.0493756916000625,-0.07474234700115509
sub-RID0597,cuneus,0.011583263894520485,0.01460453479549239,-0.0213292983071902
sub-RID0490,cuneus,0.010683980515142221,0.0052051907665881985,-0.006725594696145993
sub-RID0670,cuneus,0.007263095879904943,-0.009579063178396177,-0.006546197873272703
sub-RID0648,cuneus,0.0077553547407740835,0.015059242029618596,0.04344698046098284
sub-RID0663,cuneus,-0.012434934906043079,-0.013024907504824306,-0.04714098466754907
sub-RID0455,cuneus,-0.021001418527193012,-0.032793286993875646,-0.012613581966663302
sub-RID0659,entorhinal,0.007185001099498216,-0.02930844050977744,0.12041688818524877
sub-RID0380,entorhinal,-0.027815225930132866,-0.06628579978103397,-0.14192976936535834
sub-RID0420,entorhinal,-0.004098898913269102,0.024966968522043147,0.07785409820156892
sub-RID0672,entorhinal,0.032389960224887535,0.016358797230290396,-0.07605078713470743
sub-RID0791,entorhinal,0.03286483938433665,-0.01704513056656336,-0.023428526007006695
sub-RID0595,entorhinal,-0.03605077279059867,0.010415153395877945,-0.02783859024820966
sub-RID0571,entorhinal,0.004153818570290788,-0.011749108026190502,-0.048623387903373776
sub-RID0433,entorhinal,-0.012979693278983928,-0.021474664043052864,0.03102512278288902
sub-RID0449,entorhinal,0.019023259877799185,-0.005992931272863095,0.05280331583493773
sub-RID0592,entorhinal,0.00928448851072878,-0.013279603572950164,0.1843976236938926
sub-RID0576,entorhinal,-0.03627010280067472,0.0017932977419659194,-0.0261359559099424
sub-RID0675,entorhinal,0.0585371878020114,0.02248308256061625,-0.08786196234327898
sub-RID0450,entorhinal,0.017716935780881383,0.007271311628123691,-0.0545709120462476
sub-RID0512,entorhinal,0.018361048618362782,0.17127507631996572,0.22665841055238636
sub-RID0415,entorhinal,0.009010031863260388,-0.04448751210643605,-0.018413256698178684
sub-RID0688,entorhinal,-0.032887624946350946,-0.011717406081784454,0.022586421410641874
sub-RID0785,entorhinal,-0.03820864035958821,-0.020341991362536012,0.12655165830073417
sub-RID0666,entorhinal,-0.006804644551696482,-0.01460779019119464,-0.12106235312491338
sub-RID0585,entorhinal,-0.034033262135561355,-0.021751729475705427,-0.041961155148080055
sub-RID0662,entorhinal,0.005044819165823183,-0.012015369467919495,0.01235678787171632
sub-RID0668,entorhinal,-0.009598585996196311,-0.029963429570870708,0.055038735380133194
sub-RID0454,entorhinal,-0.0037192953431384656,-0.037205437331694804,-0.025117805917555355
sub-RID0429,entorhinal,0.0014298911221706056,0.009058503396200077,0.10969184938774737
sub-RID0383,entorhinal,-0.018299299764461513,-0.03466603243392427,0.10877344804497838
sub-RID0408,entorhinal,0.05949961766093566,0.011733912124842125,0.0034650849576030453
sub-RID0572,entorhinal,0.0806741295919815,0.0018697688110724778,0.014873636965641446
sub-RID0596,entorhinal,-0.050606804228203975,-0.017370047855643837,-0.06688772898893929
sub-RID0578,entorhinal,-0.021258059557457843,9.068125851733251e-05,-0.008127356552376699
sub-RID0798,entorhinal,0.052414574366173486,-0.04910751845347493,-0.05979476719154282
sub-RID0671,entorhinal,-0.056545017009992406,-0.1395066566833512,-0.1693893574433367
sub-RID0860,entorhinal,-0.04556380413818554,-0.11288858786477171,-2.225381569307981
sub-RID0440,entorhinal,0.01275577594566102,-0.012930241262842505,-0.04410485426355905
sub-RID0341,entorhinal,-0.03254885048182329,0.02801524329870102,0.022654220551935805
sub-RID0925,entorhinal,0.005141477318901255,-0.00890207095973885,-0.010965572479935784
sub-RID0591,entorhinal,-0.02417661947640101,-0.008550914684194676,0.055621468171272156
sub-RID0620,entorhinal,-0.005554150431086081,-0.005997038064690828,0.0668628049447972
sub-RID0904,entorhinal,0.011510183325797868,-0.011689148498643737,-0.07227485488241271
sub-RID0665,entorhinal,0.022874264677625267,0.03644951794042775,0.13055319832419943
sub-RID0681,entorhinal,-0.017688222955208582,-0.03655038787109232,0.006458012529124562
sub-RID0689,entorhinal,-0.045683390358966416,-0.012032911143982245,-0.003008305157159916
sub-RID0784,entorhinal,-0.012267624737562812,0.0030158616236257334,-0.027042672632721598
sub-RID0448,entorhinal,-0.06279426303258294,-0.030548899014439034,-0.002442015838205517
sub-RID0646,entorhinal,-0.013461939855889515,-0.024403968195334247,-0.06124097017938042
sub-RID0697,entorhinal,-0.022617165394287563,-0.060176268132291016,-0.050687334492181414
sub-RID0679,entorhinal,0.008675773115442969,0.03500485765480618,0.08110644457093553
sub-RID0673,entorhinal,0.013281535792017168,-0.004576009623319331,-0.0586641703771351
sub-RID0445,entorhinal,-0.02741195826262225,-0.045347124874933954,-0.06263032623478453
sub-RID0660,entorhinal,-0.007115318868920438,-0.04029101461695352,-0.08151479361101266
sub-RID0587,entorhinal,0.021621965023966763,-0.019604504295958277,0.18310015753132838
sub-RID0652,entorhinal,0.028842391231409675,0.07282116649747299,0.033057724301224486
sub-RID0658,entorhinal,0.047658103091849084,0.048458276993257665,0.5295709169424245
sub-RID0365,entorhinal,0.022719496467709457,0.009683769320969739,0.0580658338827882
sub-RID0656,entorhinal,-0.017987748854151782,0.0011101032883535623,0.08005426119944836
sub-RID0522,entorhinal,0.03660369494665857,-0.054743201174871255,0.043161277159856966
sub-RID0680,entorhinal,0.005501638311808378,-0.0399589089462649,0.07781307735739622
sub-RID0619,entorhinal,0.011462626348171374,-0.0069975317660855105,0.05692160067242113
sub-RID0664,entorhinal,0.04407634209853654,0.022747846109816224,0.00439712269856822
sub-RID0583,entorhinal,-0.0035816768973669696,-0.023387230096324586,-0.1178341024753587
sub-RID0396,entorhinal,-0.015064185726983608,-0.01950436127333664,0.019957321387919415
sub-RID0372,entorhinal,0.04389019107559469,0.0026509993010504786,0.05381710975470675
sub-RID0693,entorhinal,0.027379888761871862,0.02367583237295509,-0.0027755864736312467
sub-RID0574,entorhinal,0.006409439846891168,0.015196545198781643,0.08255153263601835
sub-RID0597,entorhinal,0.02668624842127476,0.012666253982614237,-0.09137549926571828
sub-RID0490,entorhinal,-0.013206419465074584,-0.0032594692132120744,0.10464516828287507
sub-RID0670,entorhinal,0.022809636909722156,-0.0027925043394027623,-0.06324989515453404
sub-RID0648,entorhinal,-0.042944326238319376,0.03500661468318337,-0.03245626881704944
sub-RID0663,entorhinal,-0.013131095264386192,-0.04450309161106895,-0.025648313258916196
sub-RID0455,entorhinal,0.030683677770135045,0.0001051996058300456,0.08787012571095676
sub-RID0659,fusiform,-0.004330227742331491,0.0005498092099285656,0.06429705298518959
sub-RID0380,fusiform,-0.010594895826773327,0.008926601251019534,-0.018648341664136026
sub-RID0420,fusiform,-0.015144020988412367,-0.002525772175818895,0.004080696386812042
sub-RID0672,fusiform,0.020157346459841814,-0.0016118649904800788,0.013636740240612632
sub-RID0791,fusiform,0.01849657599722353,0.011834943568921912,-0.0006009717776041831
sub-RID0595,fusiform,-0.006877778115318324,0.0332308364920057,0.06457059369498835
sub-RID0571,fusiform,0.04174328134178064,0.02616755567416977,-0.008541462860105181
sub-RID0433,fusiform,0.027625400158914216,0.03380155729907609,0.16711209880859298
sub-RID0449,fusiform,-0.0025280417376417528,0.01004401587051099,0.010331333365430994
sub-RID0592,fusiform,-0.0002051482536166266,0.009919427878163141,-0.02630345540902818
sub-RID0576,fusiform,0.0006998558519177927,0.03558255569878757,0.044838273819859116
sub-RID0675,fusiform,0.007501622210381862,-0.020613165103258647,0.06463678023543834
sub-RID0450,fusiform,0.0026580849749975426,0.0024012125233866324,0.01911539116046765
sub-RID0512,fusiform,0.00028233149902068315,-0.019759502119489767,-0.06448431668524594
sub-RID0415,fusiform,0.043695941051313685,-0.019224360654390937,0.03614444010894183
sub-RID0688,fusiform,0.018777244248778753,-0.0029214800070733755,0.10973258340975854
sub-RID0785,fusiform,0.015458565257598896,0.026727159867002394,-0.008981661492067783
sub-RID0666,fusiform,0.010808689713974874,-0.007998766617418008,-0.009176308817794052
sub-RID0585,fusiform,0.019281238129742875,0.019426663152100766,-0.009700789836484838
sub-RID0662,fusiform,0.023326733238374087,-0.014961177996981712,-0.0060439252271823896
sub-RID0668,fusiform,-0.005734060369070747,-0.009994979686216411,0.0005787112372551658
sub-RID0454,fusiform,0.011744556856289518,0.003909565429759889,0.027963397552460398
sub-RID0429,fusiform,0.0070954475618088785,-0.006938826718454589,0.08430669785966487
sub-RID0383,fusiform,0.015047336045598908,0.03943384872495592,0.043948313042809946
sub-RID0408,fusiform,0.009921796962590535,-0.013374548496339109,-0.004240314591856641
sub-RID0572,fusiform,0.04092922985757765,0.015142300488493568,0.0739297094040801
sub-RID0596,fusiform,-0.01762470504175369,-0.009978264745946165,-0.0411266848693627
sub-RID0578,fusiform,-0.0009086676253364342,0.017193399800352848,0.02849607226377266
sub-RID0798,fusiform,0.08581820698881319,0.01732066781608798,0.030200097042024365
sub-RID0671,fusiform,-0.003249424273311635,-0.03711678761521034,-0.22992044954825608
sub-RID0860,fusiform,0.000642448815111253,-0.0008905020385951411,-0.04751771436037337
sub-RID0440,fusiform,0.02268968497428382,0.028327010169744916,0.05435315474545731
sub-RID0341,fusiform,-0.0259390921827655,0.004040618066631763,-0.02225594057241691
sub-RID0925,fusiform,-0.009546784634851684,-0.026679558142663477,0.06244325501883153
sub-RID0591,fusiform,-0.048113810874203265,0.0013993349190037164,0.0873845137530807
sub-RID0620,fusiform,-0.012381525337249595,-0.014488333488744145,-0.09034858163841104
sub-RID0904,fusiform,0.017861583366620363,0.000726350554522137,-0.09115621030970626
sub-RID0665,fusiform,0.023968876148885807,0.011236263898152042,-0.004749363932813967
sub-RID0681,fusiform,-0.021277178978750103,-0.00173088781067864,0.005903707689826391
sub-RID0689,fusiform,0.008092999110850117,0.008351236588049009,0.020539513914515285
sub-RID0784,fusiform,-0.014279252665205298,0.013885744448796245,-0.033667279716742354
sub-RID0448,fusiform,-0.004135101109580063,-0.0019036904611713732,-0.021279384117944253
sub-RID0646,fusiform,0.002920670431974163,0.005489016756394804,0.06625532009266864
sub-RID0697,fusiform,0.015543329659320709,0.025640902802172398,0.0036616583860292753
sub-RID0679,fusiform,0.017438407750405047,0.05720047717560703,0.03506770062787408
sub-RID0673,fusiform,0.02930473249816581,0.007342057280756272,-0.039576998705198374
sub-RID0445,fusiform,-0.0005623637477318683,0.01937809416175493,0.024563679833775484
sub-RID0660,fusiform,0.019394533679670662,-0.033113877051981766,-0.04877060918764861
sub-RID0587,fusiform,0.04393640791261268,0.0027813915719064972,-0.0214831800068115
sub-RID0652,fusiform,0.020461667285567458,0.05006970095983999,0.019837923524105232
sub-RID0658,fusiform,-0.0002914495294392819,-0.001187451171865657,0.02893608036978363
sub-RID0365,fusiform,0.03006263842718611,0.03706643753208434,0.009118238842063881
sub-RID0656,fusiform,0.02355909277257836,0.046571338471684265,-0.011392405906392688
sub-RID0522,fusiform,0.01670169025108722,-0.023199549622475873,0.008426074151407198
sub-RID0680,fusiform,0.04458434290768107,0.01655501128637202,0.022578374442439837
sub-RID0619,fusiform,0.0026843837704359367,-0.015012230107248578,-0.0318248874563773
sub-RID0664,fusiform,0.03776881633786953,0.025492810431919522,0.02866830100315667
sub-RID0583,fusiform,-0.005442333207820987,-0.006394944776550359,-0.008540970605185896
sub-RID0396,fusiform,0.015549560090359914,0.0036537705824699345,0.129961342489512
sub-RID0372,fusiform,0.04569333447155651,-0.008161091137823564,0.004998087778475162
sub-RID0693,fusiform,0.015544125777813746,0.010183736281352527,0.05130379162835781
sub-RID0574,fusiform,-0.010383464975582794,-0.005896459838985937,-0.003979889127135373
sub-RID0597,fusiform,0.006642410853717712,0.012581852149069667,-0.05928747859135339
sub-RID0490,fusiform,-0.010387464187352154,-0.011009532229118092,0.04503126590474053
sub-RID0670,fusiform,0.03130625489739769,0.010216061852466058,0.04217591107599462
sub-RID0648,fusiform,-0.03328447702311866,0.017336421947892946,-0.05569055317822615
sub-RID0663,fusiform,0.00224156846201567,-0.00019586179664989224,-0.052232893980340575
sub-RID0455,fusiform,0.023024013745662368,-0.000888484438030844,-0.025477307367591767
sub-RID0659,inferiorparietal,-0.02931868163735036,-0.01660881067905625,0.03274652975638725
sub-RID0380,inferiorparietal,0.001384818208532108,0.008434338555750927,0.022475416260033788
sub-RID0420,inferiorparietal,-0.020933477035066338,-0.03166422807292075,-0.037001185156447514
sub-RID0672,inferiorparietal,-0.007918776403425112,-0.0019693645397453148,-0.03257176404090746
sub-RID0791,inferiorparietal,-0.002211652647171508,-0.024862765382106845,-0.04465238903389597
sub-RID0595,inferiorparietal,-0.01829884275769115,-0.016218807003556133,0.013892303694785064
sub-RID0571,inferiorparietal,0.020865940366417302,-0.006064557290010732,-0.01806601899626703
sub-RID0433,inferiorparietal,-0.029094796333139886,0.01439046513206493,0.09291225565001249
sub-RID0449,inferiorparietal,0.008238705144384578,0.02398012209056044,0.019203319911773722
sub-RID0592,inferiorparietal,-0.01744634679967101,0.004439479944682218,-0.002892426874718318
sub-RID0576,inferiorparietal,-0.061779451690954154,-0.02697519132549217,-0.0840406481193162
sub-RID0675,inferiorparietal,0.01151029463898378,0.01601684221820423,-0.007290826216397585
sub-RID0450,inferiorparietal,-0.004131663021328796,-0.013110743760481504,0.012726213910835657
sub-RID0512,inferiorparietal,-0.06408590753932929,-0.04206177142424261,-0.08310736643164347
sub-RID0415,inferiorparietal,0.01954523105844591,-0.032882152002912744,0.09912014265712596
sub-RID0688,inferiorparietal,-0.004197339498727219,-0.01590799984689422,-0.08888724305420913
sub-RID0785,inferiorparietal,-0.021641293041196892,-0.02461432725022598,0.03355477119988789
sub-RID0666,inferiorparietal,0.0023895882134149483,-0.003357514347272429,0.0023198482204948435
sub-RID0585,inferiorparietal,-0.0011191238849248078,-0.009551559908636691,0.05815925397820451
sub-RID0662,inferiorparietal,0.00042659396136343934,-0.03268486612308976,0.0283708804904068
sub-RID0668,inferiorparietal,0.01040190133858455,0.004415587472624318,0.02707661654444275
sub-RID0454,inferiorparietal,-0.010760280706703243,-0.007125308445402895,-0.005391340456264375
sub-RID0429,inferiorparietal,-0.028985723780490504,-0.023697643525287776,-0.04514284274405561
sub-RID0383,inferiorparietal,-0.017823927267002302,0.0330917269518779,0.09609771186553376
sub-RID0408,inferiorparietal,-0.002879038806084778,-0.017526057888769563,-0.01732493591525445
sub-RID0572,inferiorparietal,0.005292538395329145,-0.008299182258580902,0.1141791552940639
sub-RID0596,inferiorparietal,-0.004557399932921799,-0.018756750926749697,0.00440858914531315
sub-RID0578,inferiorparietal,-0.008403822142706088,0.026749155754940152,0.006988818175578629
sub-RID0798,inferiorparietal,0.04067472254138188,-0.026357315928038277,0.08020019047577294
sub-RID0671,inferiorparietal,-0.020284496248954016,-0.1294102821542155,-0.6842137258043818
sub-RID0860,inferiorparietal,0.0024351444278204112,0.030183899467357393,0.07117404471406241
sub-RID0440,inferiorparietal,-0.019410852846034735,-0.01678891070230911,-0.017632867432469015
sub-RID0341,inferiorparietal,-0.011197108126313556,-0.012706671693637357,-0.026677416574821013
sub-RID0925,inferiorparietal,-0.01806396970259364,-0.03868786016529112,0.11078165557742
sub-RID0591,inferiorparietal,0.0013595591746800929,-0.0030602699871014774,0.16218963421196317
sub-RID0620,inferiorparietal,-0.020329991179876414,0.000260057644838819,-0.021009252886820092
sub-RID0904,inferiorparietal,-0.016966338427731528,-0.015386697371482573,-0.013564696602374528
sub-RID0665,inferiorparietal,0.029617481550888117,0.021505872967493733,0.10111136200968478
sub-RID0681,inferiorparietal,-0.04277264702368731,-0.039172313210321635,-0.06596715274028232
sub-RID0689,inferiorparietal,0.004617152347451874,0.012954950861993777,-0.014983294282710393
sub-RID0784,inferiorparietal,-0.0074152955439358344,-0.015674436807587698,-0.048578923216935486
sub-RID0448,inferiorparietal,-0.01203673686243984,-0.005702921496235301,-0.03495472114823285
sub-RID0646,inferiorparietal,-0.014867908463847453,-0.013663908162756273,0.027584360615673632
sub-RID0697,inferiorparietal,-0.0016728063084628525,-0.020783627049055866,0.041081379518058445
sub-RID0679,inferiorparietal,-0.015962784146416477,0.004345192775438387,-0.0054926771757836095
sub-RID0673,inferiorparietal,0.0005834481415207893,-0.012220491891267045,-0.04845121504696711
sub-RID0445,inferiorparietal,-0.04145015737289878,-0.013219646717001585,-0.007049985540560561
sub-RID0660,inferiorparietal,-0.02603985707593715,-0.03795153224600051,-0.00010764429918501573
sub-RID0587,inferiorparietal,0.029405220987343748,-0.012640612635343754,-0.08596304511568496
sub-RID0652,inferiorparietal,0.005636210739637718,-0.00473753510103444,0.054987284151862055
sub-RID0658,inferiorparietal,0.03156977209955372,0.02008434490318142,0.020396801944838706
sub-RID0365,inferiorparietal,-0.005629752362082066,-0.013886022042069983,0.01006110306515267
sub-RID0656,inferiorparietal,-0.01185048055925786,-0.020861877649987867,0.0016579049922230108
sub-RID0522,inferiorparietal,-0.006903425502113962,0.003249316066720134,0.05428409165457274
sub-RID0680,inferiorparietal,-0.0017898683460430955,0.008926601696283868,0.04981590934884482
sub-RID0619,inferiorparietal,-0.012735245504725852,-0.006644494174745599,0.016986784486104457
sub-RID0664,inferiorparietal,0.021829226832057205,-0.013192505490830066,0.02931065893314562
sub-RID0583,inferiorparietal,-0.048945369158996735,-0.03612075528552669,-0.10267046510967508
sub-RID0396,inferiorparietal,-0.01027773708425464,-0.04860739977395903,-0.08373212423498598
sub-RID0372,inferiorparietal,0.023748357736349104,-0.006135768932263905,0.0895226087483523
sub-RID0693,inferiorparietal,0.004349542858913592,-0.016244167079837418,0.00966205604931225
sub-RID0574,inferiorparietal,-0.002466752898311296,-0.02477892825053011,-0.01759729318394285
sub-RID0597,inferiorparietal,-0.003711495197270114,-0.02463430524016789,-0.06389470637323343
sub-RID0490,inferiorparietal,-0.03212400666857458,-0.0142663544242815,0.002686558836070918
sub-RID0670,inferiorparietal,0.01926931538210272,-0.011935259448327842,0.024683668696696887
sub-RID0648,inferiorparietal,-0.0005080049742519628,-0.004740245207042299,0.05948546130221288
sub-RID0663,inferiorparietal,-0.026540074177104567,0.005927049280248031,0.03362810469075541
sub-RID0455,inferiorparietal,-0.023074487204431147,-0.007539364518320625,0.012977389448043677
sub-RID0659,inferiortemporal,0.007575216776718111,-0.0020477575690184585,-0.024451200725421153
sub-RID0380,inferiortemporal,-0.023901646976484385,-0.02089155772744233,-0.04150511136109618
sub-RID0420,inferiortemporal,-0.025583222688875026,0.00023576112088820471,-0.04373364982603947
sub-RID0672,inferiortemporal,-0.02201918121259612,-0.02028697797830742,-0.0024609306996440016
sub-RID0791,inferiortemporal,0.01161543692982499,0.0015624799588419076,-0.04819738760796239
sub-RID0595,inferiortemporal,-0.04972855268128324,-0.0009990577461175651,-0.011179830406816716
sub-RID0571,inferiortemporal,0.012791854010182995,-0.012176860381517962,-0.02930777304106485
sub-RID0433,inferiortemporal,-0.0027879509132080794,-0.008445016568161458,0.047452312965767754
sub-RID0449,inferiortemporal,0.016036103011763454,0.015141756454173727,0.014188150994083095
sub-RID0592,inferiortemporal,0.016744319118959353,0.028920184752209123,0.013225832765907056
sub-RID0576,inferiortemporal,-0.03551788586038918,-0.0212043621751819,-0.08726173173968987
sub-RID0675,inferiortemporal,0.03360055567302946,0.022250687068384963,-0.0781231932386551
sub-RID0450,inferiortemporal,0.0018798837845052162,-0.004694319564242996,0.02574658801781293
sub-RID0512,inferiortemporal,0.02099842191989035,0.028741897366227075,0.21401953676479335
sub-RID0415,inferiortemporal,0.01253285684341208,-0.015185871843404402,-0.007839151512172416
sub-RID0688,inferiortemporal,-0.005050909827872398,-0.02168304467765536,-0.07206184337870045
sub-RID0785,inferiortemporal,0.0018349344720744126,-0.00761715864277354,-0.05854937058995076
sub-RID0666,inferiortemporal,0.02729075963996218,0.007606313359432722,0.003516851675986037
sub-RID0585,inferiortemporal,0.0029820173440261335,-0.01172041312611012,-0.0019044449495758025
sub-RID0662,inferiortemporal,0.0069063633779542855,-0.006163454182036895,0.0020635315617624204
sub-RID0668,inferiortemporal,0.016990705585917282,-0.013619814283253524,0.053008012476405436
sub-RID0454,inferiortemporal,0.0013527257461771443,-0.019513230151050807,-0.03076039208698283
sub-RID0429,inferiortemporal,0.017820834580859004,-0.024965007398149792,0.008130413043989457
sub-RID0383,inferiortemporal,-0.030086846112948606,-0.02455343612279236,0.0016844827034242502
sub-RID0408,inferiortemporal,-0.004705458706542388,-0.007458796347726716,0.0028828691865557744
sub-RID0572,inferiortemporal,0.047876617886064655,0.0015973074850973207,0.06539962362474724
sub-RID0596,inferiortemporal,-0.020209078166811285,-0.0025485262646825556,0.017504370329602118
sub-RID0578,inferiortemporal,-0.0012641583384760515,0.006546092809587439,0.006645031423250794
sub-RID0798,inferiortemporal,0.10249204921539515,-0.0029750279124878386,0.0303657017293219
sub-RID0671,inferiortemporal,-0.041567326867530605,-0.10759662981203623,-0.4441550677676261
sub-RID0860,inferiortemporal,0.03241240773852327,0.004910881648751034,-0.043657987881915924
sub-RID0440,inferiortemporal,-0.02864552467904125,-0.06031946072390057,-0.016011195974956843
sub-RID0341,inferiortemporal,-0.0280772209494264,0.0021991018237781513,-0.027065675813429425
sub-RID0925,inferiortemporal,0.016695739608342912,-0.004452812239222545,0.15330202785947566
sub-RID0591,inferiortemporal,-0.02426432581409136,0.004071635647727295,0.010314464222514166
sub-RID0620,inferiortemporal,-0.031777453286651394,-0.00621892063655688,0.007403330623653256
sub-RID0904,inferiortemporal,0.009911699889603885,-0.016238806422000467,-0.16247263456105357
sub-RID0665,inferiortemporal,0.016543746490351015,-0.0023996560331088802,0.058774819719549565
sub-RID0681,inferiortemporal,-0.06328001885901698,-0.03200723406011269,-0.09591466855952722
sub-RID0689,inferiortemporal,0.037256618423131035,0.053235059347251014,-0.02506099638405961
sub-RID0784,inferiortemporal,-0.018546509421652514,0.008846416892174346,-0.0172924195942509
sub-RID0448,inferiortemporal,-0.015006956170566948,0.012624432611883646,0.014026636042754797
sub-RID0646,inferiortemporal,-0.002665985935160128,-0.033647971724787104,-0.037491833160511565
sub-RID0697,inferiortemporal,-0.0025947360346325428,-0.013550350048129968,-0.007901878265640516
sub-RID0679,inferiortemporal,0.023484390205643375,0.007404325077986813,0.014053987353169855
sub-RID0673,inferiortemporal,0.033188376765635935,0.0005598043641411805,-0.001412567341505446
sub-RID0445,inferiortemporal,-0.01994434883197184,0.004652053886996145,0.013045655050794563
sub-RID0660,inferiortemporal,0.03431834875003509,0.01171794530887473,-0.042517609038089606
sub-RID0587,inferiortemporal,0.041621882806939396,-0.00573375527500898,0.053020580408324317
sub-RID0652,inferiortemporal,-0.0005705655731755282,0.03015457529503919,0.0024123836174124343
sub-RID0658,inferiortemporal,0.007940142865509342,0.01597544984318432,0.07274312205939054
sub-RID0365,inferiortemporal,0.010457507657585281,-0.006203101337022889,-0.017149490472501267
sub-RID0656,inferiortemporal,-0.0008062430053071139,0.006974566213543351,-0.00036636329240156637
sub-RID0522,inferiortemporal,0.022524449576703597,0.0034690839402712515,0.06514866001214964
sub-RID0680,inferiortemporal,0.023102479255251093,-0.012216628880510134,0.02038548365237328
sub-RID0619,inferiortemporal,-0.011203074081383666,-0.005506237873610708,0.07644364240364264
sub-RID0664,inferiortemporal,0.0052832790186761605,-0.013124592985643845,0.03167055148608981
sub-RID0583,inferiortemporal,-0.033119105441486135,-0.025881575354837653,0.005795323676711024
sub-RID0396,inferiortemporal,0.01881904496856447,-0.010028728276965338,0.006237135424877926
sub-RID0372,inferiortemporal,0.029598243204376526,-0.01979459244773582,-0.007477258666402909
sub-RID0693,inferiortemporal,0.019763462595579824,0.01169260488932773,0.005857226273509897
sub-RID0574,inferiortemporal,-0.008038715327200109,0.004331495638221058,-0.08346829390178838
sub-RID0597,inferiortemporal,-0.009985247280636572,-0.015465579764163703,-0.10133209085037678
sub-RID0490,inferiortemporal,-0.0033960655156140547,-0.005264955391323265,0.017296599578618902
sub-RID0670,inferiortemporal,0.03557402172760182,-0.03544141489668484,0.02777737460010695
sub-RID0648,inferiortemporal,-0.06561023783802353,-0.02166993429156275,-0.05926128533027944
sub-RID0663,inferiortemporal,-0.0015273302540087727,-0.00114247153982798,0.06599424800508133
sub-RID0455,inferiortemporal,0.009429845881072279,-0.0043254898266234364,0.03177650093126587
sub-RID0659,insula,0.007187894136418633,0.007106800660676142,0.028154741854105353
sub-RID0380,insula,0.007965523393475013,-0.028049420995097937,-0.07477681356493728
sub-RID0420,insula,-0.023057591274227334,-0.013878118190689119,-0.030431398330670822
sub-RID0672,insula,-0.04186325385679831,-0.03658393780050581,-0.09733903137338681
sub-RID0791,insula,0.01903584534362107,-0.008399082597505722,-0.042524947492194536
sub-RID0595,insula,-0.018790852869101135,-0.0005932597897382607,-0.03475376353796482
sub-RID0571,insula,0.03397468187261487,0.010335152661798942,-0.012017642886126568
sub-RID0433,insula,-0.003853256724360506,0.014283264356469526,0.09040853812495862
sub-RID0449,insula,0.016344197565118828,-0.0009394014535759191,0.017601087793536224
sub-RID0592,insula,0.003991323299762482,0.012940757224369126,0.0007672516185552015
sub-RID0576,insula,-0.03930012269404772,-0.030090973110617047,-0.01095630318182672
sub-RID0675,insula,0.009688533431098682,0.08391810811769002,-0.06014817707359871
sub-RID0450,insula,-0.0869893391458552,-0.07073643957767081,-0.1078033097190265
sub-RID0512,insula,0.031234933659538045,-0.02867803598812264,0.05179499116319124
sub-RID0415,insula,0.006202093975300948,-0.023703780992181765,-0.04019010752011126
sub-RID0688,insula,-0.014556886186001719,-0.013425601831239165,0.008458194522506087
sub-RID0785,insula,-0.01644818848112108,-0.04279537185750389,-0.04023593440858632
sub-RID0666,insula,0.016021514756035662,0.009962056869064874,0.003703238791505024
sub-RID0585,insula,-0.010346407458787808,-0.022962690258187236,-0.08215363485420411
sub-RID0662,insula,0.027881346849500745,-0.005477369292380635,-0.018834518187347143
sub-RID0668,insula,-0.012262480630333007,-0.04950242667473815,0.0006701356308117248
sub-RID0454,insula,0.006880610981873501,-0.02315230116421723,-0.02156285308675703
sub-RID0429,insula,-0.0003535815341593462,-0.002245533069839612,0.0054966557064140545
sub-RID0383,insula,0.017573272420268446,0.0025573748809423168,-0.002346891767314622
sub-RID0408,insula,0.01434341203285567,-0.015930225770964368,-0.002916966783379554
sub-RID0572,insula,0.05671671727372546,0.00493407999637573,-0.009543269960927771
sub-RID0596,insula,-0.013334763054256259,0.0013294647994838698,0.014940774606203798
sub-RID0578,insula,-0.001524618880552602,0.0043171245111025295,-0.026316851212657432
sub-RID0798,insula,0.07241781605646905,-0.0021090201654805634,0.06109682277831309
sub-RID0671,insula,-0.03220602565191931,-0.21115876643944845,-0.9765145655705963
sub-RID0860,insula,-0.00933079668179815,-0.01969545478419073,-0.044045864133885095
sub-RID0440,insula,0.020767435300191314,-0.015726210744552254,0.03400238701689463
sub-RID0341,insula,-0.021206852941683976,-0.006565033951031054,-0.07032151016468212
sub-RID0925,insula,-0.0005208358862004213,-0.01416133582614593,0.0680285026919463
sub-RID0591,insula,-0.011539323965244928,0.013877884942685426,-0.07423397959617246
sub-RID0620,insula,0.007982017142979922,0.01690071033853119,0.07184673324036758
sub-RID0904,insula,0.0271428173345907,-0.02006506989834387,0.05464965198720269
sub-RID0665,insula,0.026500546778780845,0.04946171180170309,0.12930770377527043
sub-RID0681,insula,-0.01287057336015484,-0.021592484549699583,-0.04665048142095861
sub-RID0689,insula,-0.009146438905748129,-0.013634876263387732,-0.015083618049284512
sub-RID0784,insula,0.0009286609769160377,0.005821388347367478,-0.05099929840681127
sub-RID0448,insula,-0.01072927790635948,-0.004065089419081868,0.008633504157701323
sub-RID0646,insula,-0.021197549584470298,-0.027690606775101847,-0.003697686004780229
sub-RID0697,insula,0.007074622032651714,-0.00042789786274584037,0.035211387420145526
sub-RID0679,insula,0.0080212705913568,0.004590355189305764,-0.012339969305458791
sub-RID0673,insula,-0.009546913069508165,-0.0038755705365539337,-0.03014627461162356
sub-RID0445,insula,-0.08004033145783901,-0.03274423710170394,-0.04506463463717153
sub-RID0660,insula,0.007090669869304848,-0.028599477536186867,0.0065440647506106375
sub-RID0587,insula,-0.008260346576374068,0.004270422570552367,0.07566137550685208
sub-RID0652,insula,-0.003471737716359601,0.006730623066102405,0.02646097205992834
sub-RID0658,insula,0.0017205441747968615,-0.001234491328509011,-0.05314954691503918
sub-RID0365,insula,0.004139524253662573,-0.00932624823894867,0.08577591658269156
sub-RID0656,insula,-0.045179662999204034,-0.012351110552428893,-0.036999151605223636
sub-RID0522,insula,0.027915949033713555,0.0027220652510480483,0.022034741971927983
sub-RID0680,insula,0.04584099123907354,0.005542357317655928,-0.07335420771004877
sub-RID0619,insula,-0.0027954955465179037,0.003046230388426728,-0.015613510166856694
sub-RID0664,insula,0.0032992140339040857,0.00961213945478258,0.0005938965030982919
sub-RID0583,insula,-0.039699689865420724,-0.022854495620139515,-0.054126055676293985
sub-RID0396,insula,0.002652887831763192,-0.025369793001239708,-0.07681381196095713
sub-RID0372,insula,0.01507873707186049,0.011457433136129668,-0.052051780422359396
sub-RID0693,insula,0.0019263982895080685,-0.02740447017475322,-0.045527954367174196
sub-RID0574,insula,-0.01440627572629106,-0.011434579650201818,-0.06516874696079111
sub-RID0597,insula,-0.018806389772444494,-0.0344120194072017,-0.03270954007771224
sub-RID0490,insula,-0.017728065172423174,0.015310984525784492,-0.01588632852800671
sub-RID0670,insula,-0.002603447267449087,-0.019390687238964074,0.010298671924533077
sub-RID0648,insula,-0.040200001335645975,0.010392310198172862,-0.028686369262654738
sub-RID0663,insula,-0.014710330600351004,-0.0036151665816677317,-0.03558400838455638
sub-RID0455,insula,-0.0071661338389628175,-0.02674487152382785,-0.03979208087691429
sub-RID0659,isthmuscingulate,-0.04815251930847658,-0.04214740855809297,-0.03163586978821733
sub-RID0380,isthmuscingulate,-0.01094508914159355,0.0017082497444995677,-0.045340747003443344
sub-RID0420,isthmuscingulate,-0.0026303452248567544,-0.023324563212447223,-0.0468859669791578
sub-RID0672,isthmuscingulate,-0.030234060223682094,-0.014709456694280665,-0.055246274670795334
sub-RID0791,isthmuscingulate,0.03215954725149716,0.005865019953087496,-0.03909812858700327
sub-RID0595,isthmuscingulate,-0.014317767845536991,-0.006473913428501604,-0.08151257752778272
sub-RID0571,isthmuscingulate,0.04298370290014051,-0.0021434919486929445,-0.013775060056538531
sub-RID0433,isthmuscingulate,-0.03629657575615431,-0.04791607439302417,-0.08819555879357564
sub-RID0449,isthmuscingulate,0.009873537747420742,-0.009513869122443093,0.0353184194769961
sub-RID0592,isthmuscingulate,-0.001340249358478654,0.013785612330984798,0.012715237719332423
sub-RID0576,isthmuscingulate,-0.01789639319260146,0.006518987677695845,0.012524651583698834
sub-RID0675,isthmuscingulate,0.026032102136789376,-0.0243823811791996,-0.0028419625732062945
sub-RID0450,isthmuscingulate,0.009887936238820805,-0.0007772862954183392,-0.0024599778698650575
sub-RID0512,isthmuscingulate,0.023529192497099602,0.01773374442482668,0.024633001512661325
sub-RID0415,isthmuscingulate,-0.003940013455800295,-0.007629038725965843,-0.021762946795121196
sub-RID0688,isthmuscingulate,0.01814029506010384,-0.007067103971035701,-0.022163944144280412
sub-RID0785,isthmuscingulate,-0.038839591031431246,-0.02615149201090594,-0.078154739831346
sub-RID0666,isthmuscingulate,-0.008512016051610729,-0.05518974436486453,-0.021616983213543155
sub-RID0585,isthmuscingulate,0.005815550716337114,-0.014649047944829638,-0.03568307673982844
sub-RID0662,isthmuscingulate,0.01691737915289854,0.00344243495468605,-0.015137658769926855
sub-RID0668,isthmuscingulate,0.013927878857588092,0.008424995938628927,0.004064377966648498
sub-RID0454,isthmuscingulate,-0.022519001910245525,-0.012878417014183905,-0.10369936013323375
sub-RID0429,isthmuscingulate,-0.009153618393181413,-0.008501722737536471,-0.02355369039132626
sub-RID0383,isthmuscingulate,-0.040668187844350716,-0.016619848558659545,-0.1622468150308995
sub-RID0408,isthmuscingulate,-0.013855153561214617,-0.02240472339305932,-0.011625669659068628
sub-RID0572,isthmuscingulate,-0.005145286173102848,-0.000451612731194783,-0.008937776487276786
sub-RID0596,isthmuscingulate,0.001746833431820334,0.011473255736991914,-0.034020908566352995
sub-RID0578,isthmuscingulate,-0.011696621909192902,-0.009958832596653146,-0.0001394467978023675
sub-RID0798,isthmuscingulate,0.004653695179814158,-0.0032708146513520634,0.00743598268667134
sub-RID0671,isthmuscingulate,-0.026894107451887472,0.02386418724631769,-0.030435236314254988
sub-RID0860,isthmuscingulate,-0.002066306614814127,-0.0010104992887055315,-0.007777779358798713
sub-RID0440,isthmuscingulate,-0.048887883486627114,-0.05989097153386907,-0.10614233274111542
sub-RID0341,isthmuscingulate,-0.016400746242390376,-0.022140250441938635,-0.03647472263997026
sub-RID0925,isthmuscingulate,-0.011359626579366282,-0.030071491406008455,-0.09400365303214137
sub-RID0591,isthmuscingulate,-0.0009619402337758293,0.0013590558747141957,0.025086771032943933
sub-RID0620,isthmuscingulate,-0.003344313197849496,-0.027760422566464955,-0.07313132432563219
sub-RID0904,isthmuscingulate,0.026193958882563022,0.012597027447851418,-0.026453252187131657
sub-RID0665,isthmuscingulate,0.006322373842251975,-0.00022963843898547156,0.01963902194234426
sub-RID0681,isthmuscingulate,-0.016029440668493322,0.01107167807547308,-0.038291926879974354
sub-RID0689,isthmuscingulate,-0.000878433070212876,0.014776640698461489,-0.0393113255112282
sub-RID0784,isthmuscingulate,0.013880585290386913,-0.018575532917117676,-0.022147182150227315
sub-RID0448,isthmuscingulate,-0.001864043511848232,0.001490588202110267,0.0068736356474907315
sub-RID0646,isthmuscingulate,-0.030394675109100433,-0.009729616345350332,-0.03677545950556694
sub-RID0697,isthmuscingulate,-0.018988234152509557,-0.028045855620947087,-0.05120870112525389
sub-RID0679,isthmuscingulate,-0.024363074632604956,-0.028466826307574265,-0.011968150107022752
sub-RID0673,isthmuscingulate,-0.008814089692077762,-0.01272417008707223,-0.07346124130048881
sub-RID0445,isthmuscingulate,-0.042051888099989325,-0.05273100162731463,-0.06163912402514454
sub-RID0660,isthmuscingulate,0.017062434290328953,0.012549189132746866,-0.038087749509335
sub-RID0587,isthmuscingulate,0.04837531696956496,0.025335729445243788,-0.01880268180447882
sub-RID0652,isthmuscingulate,-0.03191223187745916,-0.03374348248547104,-0.06302333133084043
sub-RID0658,isthmuscingulate,-0.010359874529505863,0.0023029031851924454,0.0010229301196506481
sub-RID0365,isthmuscingulate,-0.004505540885119236,0.008546006900289066,0.04334884849673139
sub-RID0656,isthmuscingulate,0.0012345826343731904,-0.006461844189758502,-0.01524521374017767
sub-RID0522,isthmuscingulate,-0.008555399523215493,0.0019075276320697253,0.018991272637107502
sub-RID0680,isthmuscingulate,0.0345280580830712,0.008336491956082612,0.012519251400180162
sub-RID0619,isthmuscingulate,-0.021185578948560886,-0.003751456243867187,-0.03321692593616705
sub-RID0664,isthmuscingulate,0.030262975920581334,-0.0008876651388798793,0.012831141048778564
sub-RID0583,isthmuscingulate,-0.01559522598570214,-0.04568625386534442,0.048161136449203105
sub-RID0396,isthmuscingulate,0.01868505183842518,0.015482610825600391,0.08817015175525239
sub-RID0372,isthmuscingulate,0.006709830188411301,0.02542467901484385,-0.03204885452948293
sub-RID0693,isthmuscingulate,0.012774332695239239,-0.026144456958007226,-0.047262706637421936
sub-RID0574,isthmuscingulate,-0.015360058467300099,-0.02721362426601037,-0.027885186464750633
sub-RID0597,isthmuscingulate,0.031370573260430086,0.008288080130275712,-0.029938548778496738
sub-RID0490,isthmuscingulate,-0.005304754806551134,0.007867815208609016,-0.04095513922546984
sub-RID0670,isthmuscingulate,0.009508968838594447,0.001472809692524776,-0.026259792797299255
sub-RID0648,isthmuscingulate,0.00030797959837335174,-0.0013441519098758034,0.017699834815502438
sub-RID0663,isthmuscingulate,-0.006144314452653443,-0.004279892999265688,-0.010414407574083623
sub-RID0455,isthmuscingulate,0.002008459967571014,-0.0013454742873597189,-0.00020547933064893418
sub-RID0659,lateraloccipital,-0.01807807397499165,-0.021186385231381437,0.0001921679091038805
sub-RID0380,lateraloccipital,-0.018453683167222623,-0.0017235530811814917,-0.011640143218370735
sub-RID0420,lateraloccipital,0.0019611578836693905,-0.0006756098807272136,0.0031363150993398534
sub-RID0672,lateraloccipital,-0.03091803247023187,-0.0067033169076643655,-0.024091599831591815
sub-RID0791,lateraloccipital,0.01030713428641689,0.02663082387545359,0.026321310797800996
sub-RID0595,lateraloccipital,-0.007839749641441516,-0.0019640770407444354,-0.005324623763319246
sub-RID0571,lateraloccipital,-0.033008925146074106,-0.010896692308085553,-0.016441824903230703
sub-RID0433,lateraloccipital,0.020128269326959655,0.012207789993175174,0.0845577412681857
sub-RID0449,lateraloccipital,-0.0005743179728200089,0.017570224182869448,0.006177796054528075
sub-RID0592,lateraloccipital,0.019065072483365197,0.035103353248038746,-0.013277921333200205
sub-RID0576,lateraloccipital,-0.033286934207954755,-0.01686063622263007,-0.08930434675131221
sub-RID0675,lateraloccipital,0.0008231069273430685,-0.04626863703066648,0.0005847432898629174
sub-RID0450,lateraloccipital,-0.0046492642932149395,-0.014814982507182411,0.013827941858753155
sub-RID0512,lateraloccipital,-0.004552196190210334,-0.02081263902722034,0.1256857329951781
sub-RID0415,lateraloccipital,-0.010414693618485472,-0.07550518402605343,0.06772682355903516
sub-RID0688,lateraloccipital,-0.0053845257083923155,0.008373928742068791,0.012132812043375957
sub-RID0785,lateraloccipital,0.008311046513333933,0.027710023761539315,0.01859800659877703
sub-RID0666,lateraloccipital,-0.0014046399689579133,0.01389642776424527,-0.03154698364293021
sub-RID0585,lateraloccipital,0.003328043465619773,-0.02440855192628907,-0.010115764845129556
sub-RID0662,lateraloccipital,-0.0207017632171967,-0.05899823732360415,0.042036695727548236
sub-RID0668,lateraloccipital,-0.008994615764362128,-0.025396285074925137,-0.012089967310613355
sub-RID0454,lateraloccipital,-0.02418253465078191,-0.03941079337939431,-0.05950425767276296
sub-RID0429,lateraloccipital,-0.016472706740259004,-0.04333181493880398,-0.14113814246874273
sub-RID0383,lateraloccipital,0.01822149590051472,0.02080132342841459,-0.025100612146095037
sub-RID0408,lateraloccipital,-0.017952406478770336,-0.018718172961468348,0.0016686991260122467
sub-RID0572,lateraloccipital,0.0016137024337046827,-0.012817359305294578,0.03700941712735563
sub-RID0596,lateraloccipital,-0.01135910340812932,-0.005542698668789396,-0.0004575649099411846
sub-RID0578,lateraloccipital,-0.02399616793326996,-0.006976569706676692,-0.00102670664656744
sub-RID0798,lateraloccipital,0.023181699680130046,-0.024583854025550387,0.046321041731703816
sub-RID0671,lateraloccipital,-0.02703902823303358,-0.09339652612169193,-0.3032094242600624
sub-RID0860,lateraloccipital,-0.01819227542733546,-0.009728043051965927,0.013818981182782764
sub-RID0440,lateraloccipital,-0.12464723021472386,-0.13791900130628984,-0.06450541787219526
sub-RID0341,lateraloccipital,-0.0174962705261243,-0.0330712587713329,-0.04564464276395366
sub-RID0925,lateraloccipital,-0.04065547988699349,-0.04266270232018793,0.08704085297570513
sub-RID0591,lateraloccipital,0.00745609517382399,0.004004512652625368,0.16312820726554478
sub-RID0620,lateraloccipital,-0.02776563787246305,0.005582101760078322,-0.007418896369076464
sub-RID0904,lateraloccipital,-0.04505282307202987,-0.02815957876057362,-0.07857365143061434
sub-RID0665,lateraloccipital,0.006624977901623013,0.013556716105809595,0.14701493149055683
sub-RID0681,lateraloccipital,-0.03375321510925722,-0.03393295512966086,-0.08658051941264763
sub-RID0689,lateraloccipital,-0.0009932134571239318,0.0048419635066061645,0.003064950653213972
sub-RID0784,lateraloccipital,-0.005593800902361572,0.007976505601775536,-0.01978449664552347
sub-RID0448,lateraloccipital,-0.009374454682954149,-0.012774640810680672,0.01718343142287827
sub-RID0646,lateraloccipital,0.03836852593670703,0.005221976905912129,0.026219402464329578
sub-RID0697,lateraloccipital,-0.03205974669397573,-0.05039184259792361,0.027141795376630324
sub-RID0679,lateraloccipital,-0.0017372492459097795,0.0074592433189569545,0.02859062010297021
sub-RID0673,lateraloccipital,-0.0192019267629063,-0.021729527041443875,0.03075602002964106
sub-RID0445,lateraloccipital,-0.026881415665067816,-0.012873992686337427,-0.052481097594923976
sub-RID0660,lateraloccipital,0.00018998645660519748,-0.03189348996726338,-0.03401402995531308
sub-RID0587,lateraloccipital,0.02939592737665006,0.036030175169235415,0.0944128200861441
sub-RID0652,lateraloccipital,-0.02291838785624961,-0.04487233899105615,-0.0028873097852548132
sub-RID0658,lateraloccipital,-0.001722968962705027,-0.007591595277583889,-0.025351079774100425
sub-RID0365,lateraloccipital,-0.022750871586713572,-0.017323411175567974,-0.025843218276457445
sub-RID0656,lateraloccipital,-0.013225730398271714,0.0008111359332427569,-0.005231100758758407
sub-RID0522,lateraloccipital,-0.016543031296357025,-0.018209912196312864,-0.0016487409092481116
sub-RID0680,lateraloccipital,-0.022746099659227546,-0.013594071075730966,0.0359877026052641
sub-RID0619,lateraloccipital,0.011045535741971299,0.002747972170664125,-0.03802950343434143
sub-RID0664,lateraloccipital,0.0027946713435501275,-0.020033458377484315,-0.02857631247687903
sub-RID0583,lateraloccipital,-0.009005203722210656,0.0073191662588773816,0.061927257191421906
sub-RID0396,lateraloccipital,-0.039714729979548676,-0.05458443535489294,-0.11652276727598072
sub-RID0372,lateraloccipital,0.016318682991023143,-0.0037933223301216956,0.024539546352812937
sub-RID0693,lateraloccipital,0.019181539206208232,0.01492011602414135,0.0021521959715593464
sub-RID0574,lateraloccipital,-0.028142021997932,-0.033744401325119466,-0.038225621727951624
sub-RID0597,lateraloccipital,-0.03511459739276352,-0.041298138007987775,-0.0010236213893661916
sub-RID0490,lateraloccipital,-0.017522063872717614,-0.006157347773820105,0.008063428311283226
sub-RID0670,lateraloccipital,0.00910197367453566,0.011223757986744336,0.03189392674107478
sub-RID0648,lateraloccipital,-0.035007993578856374,-0.03202841764883802,-0.055575069560565175
sub-RID0663,lateraloccipital,-0.0346143036771947,-0.03120114445318808,-0.0563682981053295
sub-RID0455,lateraloccipital,-0.0027225183919151173,0.00631637557956516,-0.023001731537552795
sub-RID0659,lateralorbitofrontal,-0.016099068134742767,-0.009537420127523961,0.009640657888775564
sub-RID0380,lateralorbitofrontal,-0.001037708779404561,-0.035031808396395005,-0.10273096260743562
sub-RID0420,lateralorbitofrontal,-0.004695578411940267,-0.017988681021087145,0.047704829262024545
sub-RID0672,lateralorbitofrontal,-0.03604555221012047,-0.012914410335118181,-0.03862678422975216
sub-RID0791,lateralorbitofrontal,0.014878162465075324,7.973963127366258e-05,0.0050355006952408545
sub-RID0595,lateralorbitofrontal,-0.03133009427350609,0.004837737980327942,0.044233929748023856
sub-RID0571,lateralorbitofrontal,-0.011270910799750195,0.003764226315029214,0.047842885015473
sub-RID0433,lateralorbitofrontal,-0.015730431310156927,-0.035696365126155524,0.03942455002575454
sub-RID0449,lateralorbitofrontal,-0.02460315394929302,-0.014540596088409486,0.029238427764660926
sub-RID0592,lateralorbitofrontal,-0.04852716437823681,-0.01354919397745316,0.038104659093441254
sub-RID0576,lateralorbitofrontal,-0.03395856528687364,-0.02355910240721816,-0.0009918763942147251
sub-RID0675,lateralorbitofrontal,-0.016997629573684038,-0.038687190264367274,-0.034820502919646834
sub-RID0450,lateralorbitofrontal,-0.026621311433391782,0.001210678461924065,0.004423738456140333
sub-RID0512,lateralorbitofrontal,-0.0017105233501441472,0.07708139493697695,0.06717009561782855
sub-RID0415,lateralorbitofrontal,0.010017946167402456,0.00741717817236814,0.012780540943937144
sub-RID0688,lateralorbitofrontal,-0.04594977856459175,-0.03877412859114628,0.04300042015947794
sub-RID0785,lateralorbitofrontal,-0.027220543856301592,-0.019808509263944542,0.005923661956228224
sub-RID0666,lateralorbitofrontal,0.022747372957209692,0.015907239690571517,0.00865793016116102
sub-RID0585,lateralorbitofrontal,-0.01934604468368829,-0.022013423135939188,-0.016219098794947526
sub-RID0662,lateralorbitofrontal,0.014451794617700481,-0.009587687185979202,0.02368191118467759
sub-RID0668,lateralorbitofrontal,-0.014157898160139147,-0.024681977257820266,0.024064493103846105
sub-RID0454,lateralorbitofrontal,-0.01545061733702123,-0.02699689238888037,0.03409254850364259
sub-RID0429,lateralorbitofrontal,-0.007674060544985961,0.005109212102039082,0.059678915880011285
sub-RID0383,lateralorbitofrontal,-0.028414884744035928,-0.006788391071058152,-0.0320053263125912
sub-RID0408,lateralorbitofrontal,-0.0032752774826922716,-0.032107517299723394,-0.028988741559188735
sub-RID0572,lateralorbitofrontal,0.016688823095112954,-0.015900014230892406,-0.010851139980597732
sub-RID0596,lateralorbitofrontal,-0.005605498395918732,-0.027896053438876325,0.04154064366470803
sub-RID0578,lateralorbitofrontal,-0.013522261344329765,-0.029404893985782388,0.007314849781562336
sub-RID0798,lateralorbitofrontal,0.016903324105825686,-0.03557269284182238,0.05346063084427599
sub-RID0671,lateralorbitofrontal,-0.011624163951678049,-0.12499768246219317,-0.6672525692700114
sub-RID0860,lateralorbitofrontal,0.007477736081859809,-0.005257419478012658,-0.006626695525288108
sub-RID0440,lateralorbitofrontal,0.0013055923648045194,-0.02880774753857138,-0.09874702271442137
sub-RID0341,lateralorbitofrontal,-0.005129062330266258,-0.0031756085721712244,-0.035114132083850745
sub-RID0925,lateralorbitofrontal,0.02618036921623801,-0.003452533584719924,0.07564463817626248
sub-RID0591,lateralorbitofrontal,-0.012624729917918376,-0.021649992400045583,0.041398198752477904
sub-RID0620,lateralorbitofrontal,0.013644920769252698,-0.0006118840023036481,-0.005246965941184712
sub-RID0904,lateralorbitofrontal,0.02306972580095141,0.016505577221646868,-0.006121905602490453
sub-RID0665,lateralorbitofrontal,-0.0119563232368337,0.010891940573491129,0.24145434819019423
sub-RID0681,lateralorbitofrontal,-0.02994747223246429,-0.015621458533451052,0.004113194456833058
sub-RID0689,lateralorbitofrontal,-0.00037844176163705483,-0.002983563677521044,-0.017707439323378982
sub-RID0784,lateralorbitofrontal,-0.015539670374991887,-0.013114895386563933,-0.03318797615454915
sub-RID0448,lateralorbitofrontal,-0.001150253355023807,0.0008430380863027317,0.0177337291844222
sub-RID0646,lateralorbitofrontal,-0.017531030125482152,-0.022880744319102964,-0.0023984067336694755
sub-RID0697,lateralorbitofrontal,-0.016508672254807604,-0.02204519955755077,-0.01817259022317084
sub-RID0679,lateralorbitofrontal,-0.012903366168650343,-0.006733831771227959,-0.02496450616686078
sub-RID0673,lateralorbitofrontal,-0.0008867180764045459,-0.01626685128915206,0.03816263845117545
sub-RID0445,lateralorbitofrontal,-0.03978912523312263,-0.009193900026891938,-0.04291923442138357
sub-RID0660,lateralorbitofrontal,0.0012892876576624363,-0.00907064353675855,-0.07498400142224157
sub-RID0587,lateralorbitofrontal,-0.010597689432259803,-0.03549202209488008,0.055995584958529236
sub-RID0652,lateralorbitofrontal,0.015868411970197734,-0.007410963189776443,-0.004754577143500999
sub-RID0658,lateralorbitofrontal,-0.009025069797793208,-0.020105665176916407,-0.017531036963016857
sub-RID0365,lateralorbitofrontal,0.009018451814195557,-0.023120606438554073,-0.018145655806440508
sub-RID0656,lateralorbitofrontal,-0.028645375262817546,-0.023212056914598083,-0.014419102995842871
sub-RID0522,lateralorbitofrontal,0.011025061343797328,0.01920924909565855,0.06872834866070628
sub-RID0680,lateralorbitofrontal,0.022142846419509515,-0.010617205141524314,-0.01790559578563365
sub-RID0619,lateralorbitofrontal,-0.028456260343833882,0.002906959190106725,0.006990794343726038
sub-RID0664,lateralorbitofrontal,0.011900948048327089,0.007422693943165226,0.1458398751552447
sub-RID0583,lateralorbitofrontal,-0.005898066493496267,-0.009182973426486456,-0.03839178875005027
sub-RID0396,lateralorbitofrontal,0.013856328584376435,-0.01510037837594679,0.02634366825676208
sub-RID0372,lateralorbitofrontal,-0.032772976578600274,-0.016013303674730597,0.007592971549815426
sub-RID0693,lateralorbitofrontal,0.03163402052235578,0.026446516066404902,0.0011893532676734114
sub-RID0574,lateralorbitofrontal,-0.02974518402787978,-0.013233318054192875,-0.02669239877357684
sub-RID0597,lateralorbitofrontal,-0.0066636596601704545,-0.02283551031007743,-0.02490513683731044
sub-RID0490,lateralorbitofrontal,-0.004378389036010671,-0.008172032769164833,-0.052591965597987074
sub-RID0670,lateralorbitofrontal,0.01248107667699522,-0.008066129367002036,0.06165831851897769
sub-RID0648,lateralorbitofrontal,-0.010946749851290074,-0.008711679155849889,-0.011789279926964004
sub-RID0663,lateralorbitofrontal,-0.021202002259344332,-0.020458038275851007,-0.009622146391370528
sub-RID0455,lateralorbitofrontal,-0.0028512954002854977,-0.011403391304912877,0.02367097782039535
sub-RID0659,lingual,-0.030134643045779404,-0.07888520434168912,-0.38321784367325407
sub-RID0380,lingual,-0.01492593899542487,-0.00036113497669019637,-0.05879175799847496
sub-RID0420,lingual,0.02575779083573107,0.007169589019734176,-0.0461285023389618
sub-RID0672,lingual,-0.0011001524150770386,-0.025415176492498633,-0.034532293506411314
sub-RID0791,lingual,0.03936065586668514,0.012699308888467221,-0.1101799910806797
sub-RID0595,lingual,0.0002515747050421724,0.0034676993746450683,8.053369740419025e-05
sub-RID0571,lingual,0.044809616142442096,0.024212781121130206,-0.0219405772831574
sub-RID0433,lingual,0.0014360601595053977,-0.03769581767707264,0.05362355216466174
sub-RID0449,lingual,0.010365105351397102,0.03043947126666488,0.035904825482442615
sub-RID0592,lingual,-0.0035300937133628018,0.00017239857396127343,-0.02769544717471687
sub-RID0576,lingual,-0.02297517039670929,-0.001917290565667787,-0.015790722856677777
sub-RID0675,lingual,-0.009148525360401736,-0.0028655401390500056,0.12936819184045348
sub-RID0450,lingual,0.012019056294286111,0.0008598449754375742,0.03110949202616066
sub-RID0512,lingual,0.012351664049208816,0.014292384343521739,0.020910626564608407
sub-RID0415,lingual,0.01308250126850307,-0.04159926374977978,0.07261303139776089
sub-RID0688,lingual,-0.01889251334183645,-0.013406005670068088,-0.0007885175158422629
sub-RID0785,lingual,0.03250955412131387,0.0714917278185915,0.05412148403455764
sub-RID0666,lingual,0.027771519973161882,-0.01591174908478612,-0.03161274062800813
sub-RID0585,lingual,-0.019642028337910716,-0.04185019097440229,-0.051865744857089974
sub-RID0662,lingual,0.014720857592022749,-0.009298656728964667,-0.012233078684744637
sub-RID0668,lingual,-0.008279022139288845,-0.007568537903070059,-0.02497225111823181
sub-RID0454,lingual,-0.008456661867164084,0.004590886998956625,-0.05543810735857484
sub-RID0429,lingual,-0.004077866549839232,-0.03783674464663093,-0.009070329789792893
sub-RID0383,lingual,0.04249062967196369,0.049390493463961745,-0.06394214871407489
sub-RID0408,lingual,-0.018855794926819804,-0.03577939487063996,-0.023589449379939512
sub-RID0572,lingual,0.011172466729448749,0.007040301327127732,0.02358391592923457
sub-RID0596,lingual,-0.033225120653982934,-0.03933012004877303,-0.028487969077810982
sub-RID0578,lingual,-0.019135543713507095,-0.009622119831745922,0.008845753360415145
sub-RID0798,lingual,0.02511358970985856,-0.01731368473952679,0.041652877943006254
sub-RID0671,lingual,-0.006656099685197374,-0.0017941304473290498,-0.12050028806728638
sub-RID0860,lingual,-0.017008709037835038,-0.008700560454386413,-0.04197693991241557
sub-RID0440,lingual,0.0628865114811976,0.05313500744532375,0.0496877444566299
sub-RID0341,lingual,-0.0012543824039863607,0.03931731999595509,-0.006996707572640646
sub-RID0925,lingual,-0.010457837619153363,-0.005314347211895039,0.10223697211159319
sub-RID0591,lingual,0.0008673301055962634,-0.0018354767026314677,0.028227287742367057
sub-RID0620,lingual,0.002289370138728404,0.015613374015955875,0.02755471373705274
sub-RID0904,lingual,-0.06033263874435777,-0.06419037520789854,-0.07934711849953123
sub-RID0665,lingual,-0.01133994581664098,-0.021102668474469576,-0.011015650412426027
sub-RID0681,lingual,-0.03280768033121497,-0.02470296471206529,-0.05025435073868974
sub-RID0689,lingual,-0.00038149546970624567,0.01711364121104302,-0.01963879207088858
sub-RID0784,lingual,-0.020551995504708893,-0.0280156013021874,-0.031023919000658567
sub-RID0448,lingual,-0.03325381473586085,-0.04191842104657721,-0.003997846549745731
sub-RID0646,lingual,-0.019151575462543025,-0.008234140561223874,-0.006244873670232112
sub-RID0697,lingual,0.01466922265188799,0.019341669780867286,0.06714290424171244
sub-RID0679,lingual,-0.02732433590411803,-0.020853578163840203,0.006194968411091741
sub-RID0673,lingual,0.045818849810198764,0.020926055306562413,-0.07006232292697631
sub-RID0445,lingual,-0.04122281087069222,-0.04422113169224053,-0.011794927485263961
sub-RID0660,lingual,0.014547213840394844,0.03100107229247862,-0.028171574027476606
sub-RID0587,lingual,0.043413281438871645,0.051971750016105114,0.14686474959878634
sub-RID0652,lingual,-0.0006925617732953681,-0.004501977072223975,-0.03282940056790706
sub-RID0658,lingual,0.013097760427579637,0.021016922972751446,0.016926129060567806
sub-RID0365,lingual,-0.031511794985133,-0.04117501050468837,-0.004633291303989576
sub-RID0656,lingual,-0.010997168111351794,-0.005254632596364076,-0.012220784102446472
sub-RID0522,lingual,0.01366705900272661,0.005247268236420124,-0.028430744601014347
sub-RID0680,lingual,0.011077888729591718,0.003612003808068131,-0.003054554635053548
sub-RID0619,lingual,0.01623623664392378,-0.014146581836658415,0.008922166740782236
sub-RID0664,lingual,0.04787593019963642,0.038608199004122316,0.018632151286524092
sub-RID0583,lingual,-0.003752521535492494,0.0001210639115561677,0.07589076432200545
sub-RID0396,lingual,0.04837070518697425,0.0015266878089745853,0.04185436090986913
sub-RID0372,lingual,0.02830179593996793,0.042131598435791714,0.022098709923111807
sub-RID0693,lingual,0.03641108942664987,0.010517708923295808,0.040417236892876865
sub-RID0574,lingual,0.013080407199525948,0.003206808248694938,0.040599306249045494
sub-RID0597,lingual,0.0028471549880621314,-0.008649303171789278,-0.04704098785327475
sub-RID0490,lingual,0.003153009297398554,0.0031248800436201644,-0.02103142118600665
sub-RID0670,lingual,0.02564038421469273,0.04312842117029979,0.02707513885258637
sub-RID0648,lingual,0.00836818852367637,0.0025662385436527454,-0.01385155054803789
sub-RID0663,lingual,-0.012446985465446913,0.00023369165055073574,0.020507234940946036
sub-RID0455,lingual,0.01277790978170577,-0.010999144565585303,0.008172161892798796
sub-RID0659,medialorbitofrontal,0.012568687381852975,0.002195442872206027,0.07199456246207468
sub-RID0380,medialorbitofrontal,0.024109739180105845,0.018883463675510487,0.019088169622707617
sub-RID0420,medialorbitofrontal,-0.0024353314398448686,-0.0030281297273559,0.04516634676473114
sub-RID0672,medialorbitofrontal,-0.011305972893905397,0.004248764993442936,-0.012396301759397457
sub-RID0791,medialorbitofrontal,0.03231721684858449,0.031002134122642695,0.06975781749174306
sub-RID0595,medialorbitofrontal,0.0021122092927233537,0.007117807283323181,0.12831607577757925
sub-RID0571,medialorbitofrontal,0.005561110737782672,0.0067511408879630894,0.05221841712548396
sub-RID0433,medialorbitofrontal,0.0005538395405898684,-0.05534950798745786,-0.022335078496488286
sub-RID0449,medialorbitofrontal,-0.016483455451509723,-0.026628325022673684,0.009680900254362145
sub-RID0592,medialorbitofrontal,-0.021618228211307648,-0.004648062682732871,0.006723379617923198
sub-RID0576,medialorbitofrontal,-0.05108321068898847,-0.030634661046543117,-0.024315888820777648
sub-RID0675,medialorbitofrontal,-0.07518343067145664,-0.03292376332523937,-0.007820796329956484
sub-RID0450,medialorbitofrontal,-0.006467786432858675,0.0013458937418293828,0.05253875519743165
sub-RID0512,medialorbitofrontal,0.08943012941027298,0.11791571039476145,0.10286397036592493
sub-RID0415,medialorbitofrontal,-0.06982112778664276,-0.02143190868562081,-0.06237360299183521
sub-RID0688,medialorbitofrontal,0.008258749092854518,0.0024541433736333497,-0.0030688631949596346
sub-RID0785,medialorbitofrontal,0.009542780563535474,0.011735902235454825,0.12127672999037795
sub-RID0666,medialorbitofrontal,0.016156641412610723,-0.03274203390384871,0.07347560560177087
sub-RID0585,medialorbitofrontal,0.0018715296713637034,0.009601568294991071,0.0736005215535042
sub-RID0662,medialorbitofrontal,0.018044767881508297,0.019349980045101387,0.07466669163492583
sub-RID0668,medialorbitofrontal,0.012954483847434414,0.011624236839023087,0.01810733202296688
sub-RID0454,medialorbitofrontal,-0.014895466943198148,0.001572056512805135,0.08164775732852005
sub-RID0429,medialorbitofrontal,0.0017396355701241953,0.01837488366804821,0.099652986362335
sub-RID0383,medialorbitofrontal,-0.007130926911055567,0.006828512075013557,0.02478533755550365
sub-RID0408,medialorbitofrontal,-0.014886979947421025,-0.005184257315071686,0.015630326306744595
sub-RID0572,medialorbitofrontal,0.0014581003169255565,-0.005921882291334658,0.06715928820730466
sub-RID0596,medialorbitofrontal,0.01349331476725906,0.014844302018068176,0.059834841484131054
sub-RID0578,medialorbitofrontal,0.021910486980119513,0.024749446383284163,0.10533102347366557
sub-RID0798,medialorbitofrontal,0.00970197221038701,0.006846334876111782,0.07610267267237253
sub-RID0671,medialorbitofrontal,0.012235773110530404,-0.07021708706629017,-0.46137828801808706
sub-RID0860,medialorbitofrontal,0.001967296373699694,0.006760040117257606,0.049239923402051126
sub-RID0440,medialorbitofrontal,0.06540475631002056,-0.0006187381430603308,0.26328851080545757
sub-RID0341,medialorbitofrontal,-0.013968513237993014,-0.012003785171889172,0.0038002265122700483
sub-RID0925,medialorbitofrontal,-0.03460924908547403,-0.035073166526881826,-0.028032475820363997
sub-RID0591,medialorbitofrontal,0.004687024074052287,0.007318375575622569,0.042208532168052156
sub-RID0620,medialorbitofrontal,-0.010306743894160707,0.0024787061682849335,0.16595473416892007
sub-RID0904,medialorbitofrontal,0.021283674040703533,0.04550649781836245,0.0917442704404897
sub-RID0665,medialorbitofrontal,0.015851300138893045,0.03487238234764194,0.13187745022866276
sub-RID0681,medialorbitofrontal,-0.029295732782770374,-0.042331266249951184,-0.014612630390246097
sub-RID0689,medialorbitofrontal,-0.006828548730860511,0.012221006881140316,0.06914862683757947
sub-RID0784,medialorbitofrontal,0.006069565574052082,0.003368988806638892,0.002129009451085895
sub-RID0448,medialorbitofrontal,-0.04748161376072805,-0.019790348997823767,0.0019474143136665521
sub-RID0646,medialorbitofrontal,0.007510930083268215,-7.304949859287354e-05,0.013760842447743582
sub-RID0697,medialorbitofrontal,-0.01622882324188424,-0.05389056205271522,0.06246094197714178
sub-RID0679,medialorbitofrontal,0.022219098934168412,0.019521090006001766,0.048711443868214944
sub-RID0673,medialorbitofrontal,-0.03855480138296766,-0.034292801187147455,0.05621300105802054
sub-RID0445,medialorbitofrontal,-0.027752328822523757,-0.0017450235056540877,-0.052313488961167144
sub-RID0660,medialorbitofrontal,-0.04827650891308983,-0.030123181652265525,-0.010209518476277706
sub-RID0587,medialorbitofrontal,0.025338964140760416,-0.020384117361669108,0.05694953261998762
sub-RID0652,medialorbitofrontal,-0.0004556746812798078,-0.01780807255464062,-0.0037443431406311884
sub-RID0658,medialorbitofrontal,0.013719242045681123,0.007879561079484376,0.02958852548087544
sub-RID0365,medialorbitofrontal,-0.026551730840595398,-0.044094722699679734,-0.05581248836294084
sub-RID0656,medialorbitofrontal,-0.007767348108626292,0.001721827553192313,0.011113459636170055
sub-RID0522,medialorbitofrontal,0.012580962626173598,0.0011494033487449299,0.09231335956878169
sub-RID0680,medialorbitofrontal,-0.0066801319914828,-0.025829827610725786,0.053953264521534185
sub-RID0619,medialorbitofrontal,-0.020451302286870133,0.004422151106289852,-0.007118207656752023
sub-RID0664,medialorbitofrontal,-0.005138055085044478,-0.005855569721851297,0.21046818600531775
sub-RID0583,medialorbitofrontal,0.0051685853884880385,-0.025435594448261673,0.015456528409141525
sub-RID0396,medialorbitofrontal,-0.022511989740286793,-0.01761268112185661,0.029907058774417596
sub-RID0372,medialorbitofrontal,-0.01831097172106387,-0.00750231210177318,0.01842049853935642
sub-RID0693,medialorbitofrontal,0.03372752302503228,0.015507019528742642,0.013592853922699162
sub-RID0574,medialorbitofrontal,-0.027806750850225936,-0.058981824452421595,0.016846737399221663
sub-RID0597,medialorbitofrontal,0.014967031973449431,0.002807651626723607,0.02186130627115304
sub-RID0490,medialorbitofrontal,0.0056123842328905955,0.010565581600543533,0.04143005148326016
sub-RID0670,medialorbitofrontal,0.013517452063437688,0.0018401321194666436,0.054053829955642924
sub-RID0648,medialorbitofrontal,-0.016660837925606613,0.009605512618868226,0.06733553014915668
sub-RID0663,medialorbitofrontal,-0.039414148723650184,-0.026540850732491166,-0.03519713226285365
sub-RID0455,medialorbitofrontal,0.004339885503796677,0.010574519494343054,0.04679778250476358
sub-RID0659,middletemporal,-0.020461427690878345,-0.00955017654140699,0.014807843347594945
sub-RID0380,middletemporal,-0.021666009141496793,-0.012518271478813014,-0.06501534260345622
sub-RID0420,middletemporal,-0.022641850249790547,-0.011741322638199606,-0.007930983768438087
sub-RID0672,middletemporal,-0.0006933847328392737,0.0030913397593359654,-0.038021373714390454
sub-RID0791,middletemporal,0.00878990751698184,-0.006501862474898832,-0.04081641708891855
sub-RID0595,middletemporal,-0.06570507163315206,-0.01944868598165958,-0.0701633524213323
sub-RID0571,middletemporal,0.03555138676309797,0.011633294384698225,-0.017340810619650596
sub-RID0433,middletemporal,-0.0038775418563523124,0.00821835007640805,0.02648386279888348
sub-RID0449,middletemporal,-0.007509296919489528,-0.007274015119279402,-0.00016104405898212688
sub-RID0592,middletemporal,0.028756531311368568,0.023526165236055916,-0.027063454779733355
sub-RID0576,middletemporal,-0.03797432535607335,-0.002556561433545124,-0.05724684960493945
sub-RID0675,middletemporal,0.010836412268606712,0.1356216778343642,-0.056332725838842336
sub-RID0450,middletemporal,-0.010390795831549405,-0.019270403050237833,0.006916025589522476
sub-RID0512,middletemporal,-0.006107058515782276,0.03092543096601147,0.08025491947034027
sub-RID0415,middletemporal,0.00011556955086559789,-0.033988225639376826,-6.254091202782641e-05
sub-RID0688,middletemporal,0.033386284555945424,0.007587249845783435,-0.11280270656560024
sub-RID0785,middletemporal,0.010050075173504007,0.026240742767728076,-0.0011273199107023416
sub-RID0666,middletemporal,-0.011948847447219019,-0.02753376063436102,-0.0316102939063583
sub-RID0585,middletemporal,-0.010238416444176144,-0.028089935882639337,-0.04604017617284337
sub-RID0662,middletemporal,0.024411144579753834,-0.0020105151046278793,-0.0019420942300892646
sub-RID0668,middletemporal,0.024657772994210587,-0.02155359483672698,0.02141143494073109
sub-RID0454,middletemporal,-0.001798949603786282,-0.004997411022561651,-0.0572066127349109
sub-RID0429,middletemporal,0.001673710285144146,-0.002540675574116079,0.016938229717544964
sub-RID0383,middletemporal,0.005631189832572874,0.01832744746356881,-0.010535387609212524
sub-RID0408,middletemporal,-0.02216143089849433,-0.03225321618200699,-0.030438714354103807
sub-RID0572,middletemporal,0.04782054620102793,-0.0025750982459846862,0.007621658962781289
sub-RID0596,middletemporal,-0.019692660407666766,0.0056291046509783504,0.03315005905864469
sub-RID0578,middletemporal,0.009345023166425919,0.023168195039408212,-0.009175855225410662
sub-RID0798,middletemporal,0.11722251338704522,-0.00544999584248053,0.04049044660094267
sub-RID0671,middletemporal,-0.015242958707206622,-0.15788580932416021,-0.833569704820253
sub-RID0860,middletemporal,0.05603218521899293,0.03506795753494141,0.0848631520038956
sub-RID0440,middletemporal,-0.05272426440607027,-0.0464379604146254,0.05314730921493485
sub-RID0341,middletemporal,-0.020035572391401676,0.025911295436157788,-0.028609298071141327
sub-RID0925,middletemporal,-0.0034788641340856652,-0.028577545348614942,0.14754422713297824
sub-RID0591,middletemporal,0.006956779835481278,0.012102155732444723,0.004662620652696992
sub-RID0620,middletemporal,-0.01632097170686919,-0.016846604965926527,-0.04136898353809381
sub-RID0904,middletemporal,-0.013909094324014026,0.016693598232534523,-0.02533282439472915
sub-RID0665,middletemporal,0.04838956893858767,0.0019470260261327727,0.021259790362788886
sub-RID0681,middletemporal,-0.06278639282685114,-0.029232449307369374,-0.12693752461716484
sub-RID0689,middletemporal,-0.010629035623531556,0.0006728273177289925,-0.04800367699961658
sub-RID0784,middletemporal,-0.007950850340567814,0.015581340214688684,-0.04398028259893229
sub-RID0448,middletemporal,-0.026826104458744202,0.015690892287869997,0.026569943511643122
sub-RID0646,middletemporal,-0.03277281088844068,-0.01300613001792601,-0.006018242391172489
sub-RID0697,middletemporal,-0.01357820081232153,-0.014688527014021074,-0.01824671689077811
sub-RID0679,middletemporal,0.009405805120623357,-0.011761143324177898,-0.01590266220688951
sub-RID0673,middletemporal,0.013211902714962637,0.0017369408887731536,-0.00910354599641621
sub-RID0445,middletemporal,-0.052347674869585435,-0.01481030440782705,-0.06047848909509174
sub-RID0660,middletemporal,0.045196467357033046,-0.0034296023174998826,-0.005681546568230817
sub-RID0587,middletemporal,0.05078829279839106,-0.019338560872674344,0.0214008646819295
sub-RID0652,middletemporal,0.008781609223713994,2.8195974323386566e-05,-0.03445488166185956
sub-RID0658,middletemporal,0.0026208162831250353,0.007157612846738653,-0.027503795586142486
sub-RID0365,middletemporal,0.023748503124058833,-0.0339459277174101,-0.03409393870609909
sub-RID0656,middletemporal,-0.003053949771526387,-0.01758139561951218,-0.02725150403436678
sub-RID0522,middletemporal,-0.004873658773860131,-0.014393756841057832,0.02673111201766731
sub-RID0680,middletemporal,0.02829109650359962,-0.01908047952622909,-0.018054493842713095
sub-RID0619,middletemporal,-0.0036400326515920356,0.012670040291807684,0.004774815779042099
sub-RID0664,middletemporal,0.032739041781767564,-0.007315934691336743,-0.002162911839571556
sub-RID0583,middletemporal,-0.03219947256951133,-0.01086622340730272,-0.046343526936066394
sub-RID0396,middletemporal,-0.008386689787440295,-0.05758725001974546,0.03740844135627306
sub-RID0372,middletemporal,0.047046485799588034,-0.0009294757758059836,-0.008118122442290935
sub-RID0693,middletemporal,0.021734476659303916,-0.0006451318828830527,-0.00015436545331328212
sub-RID0574,middletemporal,-0.016064136555667154,-0.01000088205740369,-0.06499787818098174
sub-RID0597,middletemporal,-0.009988090841128155,-0.055871054651750775,-0.05956827019942708
sub-RID0490,middletemporal,-0.010509713506484674,0.0098786458453191,0.013967287832426518
sub-RID0670,middletemporal,0.04420776951010861,0.001336267852037821,0.06564180798060412
sub-RID0648,middletemporal,-0.059073710304554494,-0.025578978400283184,-0.049231953504650414
sub-RID0663,middletemporal,-0.026469952090935188,-0.012470195284744898,-0.021119936083781304
sub-RID0455,middletemporal,0.021633244748334765,0.024253221312109687,0.001504647551594834
sub-RID0659,paracentral,0.018950734008503868,0.008793923861221523,-0.00967473667584074
sub-RID0380,paracentral,-0.014592535721326396,-0.008747652998447509,-0.037891526511273796
sub-RID0420,paracentral,-0.023599697287138382,-0.02600192411113415,-0.04848998172117125
sub-RID0672,paracentral,-0.009099090247231384,-0.009223128160751947,-0.012992906854815937
sub-RID0791,paracentral,0.004477187338557062,-0.006951493913959752,-0.031039620085252774
sub-RID0595,paracentral,-0.0033412641127678103,0.003725962316886395,0.013515258238805082
sub-RID0571,paracentral,0.012884470473703008,-0.015430231965040751,-0.037308513334249324
sub-RID0433,paracentral,0.0034735220153506567,-0.036963355834714155,-0.08101181812763665
sub-RID0449,paracentral,-0.012393928810405885,-0.01528620882545843,-0.027875117743963184
sub-RID0592,paracentral,0.007719023006523742,-0.012887494028159438,-0.027444811883592574
sub-RID0576,paracentral,-0.009608599331635216,0.009373106904610505,0.01647110783418474
sub-RID0675,paracentral,0.04673696101579609,0.057362545571467485,-0.02006531597658818
sub-RID0450,paracentral,-0.0031315868399515306,0.005225780194579015,0.045260478163011465
sub-RID0512,paracentral,-0.00021260220165503934,0.056016067642055765,0.0660149230663959
sub-RID0415,paracentral,0.006467819625114047,-0.0343531021846021,0.015979489555952894
sub-RID0688,paracentral,-0.019600700967371664,-0.011442000476653197,-0.07281176152628174
sub-RID0785,paracentral,-0.005529320111948427,-0.0029157494473923606,-0.022727869322464286
sub-RID0666,paracentral,-0.008657272765393357,-0.02105969474778415,-0.0034509047951529724
sub-RID0585,paracentral,0.013316219630383487,-0.027393252425710383,-0.025078737799644795
sub-RID0662,paracentral,-0.012828643472852112,-0.003796947715068072,-0.041899692073681834
sub-RID0668,paracentral,-0.012167199116115877,-0.02070323534169805,-0.03058745292153943
sub-RID0454,paracentral,-0.006407783774619215,-0.003464433405993868,-0.04677901409352179
sub-RID0429,paracentral,-0.03482004578567452,-0.02364455468645708,-0.09336282082590873
sub-RID0383,paracentral,0.01218479747442305,0.03230105860828503,0.009966736053260154
sub-RID0408,paracentral,0.02120921550830772,0.026974590971112922,0.0015365420864764286
sub-RID0572,paracentral,0.0033990932263822916,-0.0020190845009383485,3.8182839454101434e-05
sub-RID0596,paracentral,-0.014836944455325551,0.003624394318319448,-0.0018595044448526943
sub-RID0578,paracentral,0.018020330862011415,0.01642652761646926,-0.018804846116671874
sub-RID0798,paracentral,0.026012982982423882,0.040131610912563315,0.028378444092461437
sub-RID0671,paracentral,-0.005502330896747996,-0.03070010334988578,-0.3362220773997454
sub-RID0860,paracentral,-0.039388413241861105,0.0025994749940123226,0.03206875903894761
sub-RID0440,paracentral,-0.10392696718409124,-0.09615001899740622,-0.19511447324669942
sub-RID0341,paracentral,-0.006954889472287033,-0.018801472790218873,-0.07415389010419401
sub-RID0925,paracentral,0.014936949762982918,0.004343756826912533,0.03888481551551357
sub-RID0591,paracentral,0.05036484209856386,0.011441030240046885,0.06008683028247334
sub-RID0620,paracentral,-0.021088561841165043,-0.028690529275811096,-0.12356811043497853
sub-RID0904,paracentral,0.0014766232082371576,-0.007793636942373218,-0.031771191800672206
sub-RID0665,paracentral,-0.0031405759873731304,-0.019429875103563612,0.002936920433036989
sub-RID0681,paracentral,-0.005981066179799236,-0.0031971688535067573,0.00019176877835374502
sub-RID0689,paracentral,-0.0034688304784264838,-0.01595956102334149,-0.0033757773985472785
sub-RID0784,paracentral,0.023127508067858415,0.0074232328653329495,-0.029590149575918327
sub-RID0448,paracentral,0.03586748453546843,0.01861774787750942,0.06974221569836589
sub-RID0646,paracentral,-0.03784227465058495,-0.018195694924787807,-0.033525171181744653
sub-RID0697,paracentral,-0.011869552221987323,-0.013663687534253312,-0.011979879225436044
sub-RID0679,paracentral,0.0221813741334318,0.02366191528510088,0.02901890850630695
sub-RID0673,paracentral,-0.017206105807103973,-0.0015046111140326974,-0.03234118909268157
sub-RID0445,paracentral,-0.020519943351330443,-0.018816583971103334,-0.0026506334115264487
sub-RID0660,paracentral,-0.001592838269220573,0.0018992427452792907,-0.01741354394129443
sub-RID0587,paracentral,0.0015539807334130668,0.0031021177556844206,-0.09746338344627466
sub-RID0652,paracentral,-0.012039011377951651,-0.018906133532476603,-0.001429087274369052
sub-RID0658,paracentral,-0.006465518660127298,0.023447696919038107,0.04750586060749789
sub-RID0365,paracentral,0.022301542927674996,0.01193405327636185,0.02164318801663465
sub-RID0656,paracentral,0.018227080058584328,0.022829125040340924,0.027131611989186216
sub-RID0522,paracentral,0.00202946294381585,0.00026490504903387685,0.04716432362225633
sub-RID0680,paracentral,0.010522218394525726,0.017271001822742337,0.029871718986990828
sub-RID0619,paracentral,-0.023872287853765273,-0.03195175608623296,-0.07131392684479569
sub-RID0664,paracentral,0.007020169395448096,-0.004048902218497772,0.0033459369233595506
sub-RID0583,paracentral,-0.005391638265157215,-0.0036268371590626614,0.006512618869021316
sub-RID0396,paracentral,-0.027616614424287225,-0.06382582330257495,-0.047482563466385574
sub-RID0372,paracentral,0.0018635019526287088,-0.0014844416872649877,-0.03226451522745669
sub-RID0693,paracentral,-0.014252873023946474,-0.02466208626170409,-0.06952825801998913
sub-RID0574,paracentral,-0.01908597846571429,0.004699530608636157,0.05705168152206483
sub-RID0597,paracentral,0.0057555751327668546,-0.004247494062116027,-0.01373496365813892
sub-RID0490,paracentral,0.005293392725603227,0.00046192127356067103,0.06336759708976708
sub-RID0670,paracentral,-0.018397489156837397,-0.0059485133712241,-0.020673549781727026
sub-RID0648,paracentral,-0.0011510377650050946,-0.005625378638362851,0.0008243117637463713
sub-RID0663,paracentral,0.010810620273428622,-0.004269353335888444,0.034146279641825227
sub-RID0455,paracentral,-0.007324334253286202,-0.02779096310674296,-0.023935540651036313
sub-RID0659,parahippocampal,-0.023486305206762363,-0.03378255239367143,0.0388001910882258
sub-RID0380,parahippocampal,-0.03519024633164268,-0.0029541771167989265,-0.028597019222427595
sub-RID0420,parahippocampal,-0.04267260395440922,-0.03628344805010935,-0.008138677855692706
sub-RID0672,parahippocampal,0.021249185633736702,-0.020938204325255474,0.010924881688781975
sub-RID0791,parahippocampal,0.020078903850218908,-0.02600193967084264,-0.041490475097566586
sub-RID0595,parahippocampal,-0.04175716220441682,0.01511221742227094,0.0042446996368869895
sub-RID0571,parahippocampal,0.038917128198093065,0.0037143451739518256,-0.030689267650956604
sub-RID0433,parahippocampal,-0.0014513363934070868,-0.015113227932325151,-0.010526787083120373
sub-RID0449,parahippocampal,-0.011161639399270316,-0.018047248472366845,0.04263603605539928
sub-RID0592,parahippocampal,-0.005001468915941463,-0.027586646302604743,-0.004625342371574118
sub-RID0576,parahippocampal,-0.02542748134127478,-0.00408728162085071,0.07338123863161806
sub-RID0675,parahippocampal,-0.00740329199256462,-0.032280408079131,0.054291755118580184
sub-RID0450,parahippocampal,-0.030569154921015376,-0.08052426889264654,-0.07765394799539513
sub-RID0512,parahippocampal,0.03458629845100319,0.02056557988375454,-0.004603436190537371
sub-RID0415,parahippocampal,0.018633662393847786,-0.029565310567935522,-0.0013142547326379643
sub-RID0688,parahippocampal,-0.0009288805359383436,0.010491389791627698,0.1354492449463536
sub-RID0785,parahippocampal,-0.030038468357904052,-0.031214806087976128,-0.025321731122537897
sub-RID0666,parahippocampal,0.005773337264343076,0.022905450659698432,0.03149420954850063
sub-RID0585,parahippocampal,-0.005625525455932414,0.005136109559212944,0.001550294419761905
sub-RID0662,parahippocampal,0.019205044765072853,-0.0037009511744225763,-0.01877625979549728
sub-RID0668,parahippocampal,-0.012887025008508165,-0.053640684203127724,-0.03951441479614805
sub-RID0454,parahippocampal,0.05456621546244479,0.06101985118224838,-0.07207403109393129
sub-RID0429,parahippocampal,-0.022766456265483043,-0.02650967772534438,0.10015533606816372
sub-RID0383,parahippocampal,-0.015394478599303103,-0.01654407899002862,0.0457530100404687
sub-RID0408,parahippocampal,0.03125781160279381,0.004836611983574132,-0.014469708049838081
sub-RID0572,parahippocampal,0.07671928246368732,-0.0029352052256644027,0.04229254983907623
sub-RID0596,parahippocampal,-0.017685862130691978,-0.02013949903800846,0.0005624783418344871
sub-RID0578,parahippocampal,0.005182737158235734,0.04032938459810217,-0.05023606407924326
sub-RID0798,parahippocampal,0.10643935777902856,0.0009918799394356271,0.09137627287269932
sub-RID0671,parahippocampal,-0.07244739597510513,-0.08198648000814204,-0.2067109811195844
sub-RID0860,parahippocampal,-0.02786911088983185,0.0011439096707989884,-0.05466000173550039
sub-RID0440,parahippocampal,-0.010614137742862882,-0.02680014463362775,-0.008652666213378764
sub-RID0341,parahippocampal,-0.030688221630580072,0.008725388324743332,0.021443240400966374
sub-RID0925,parahippocampal,-0.009947350821019465,-0.012348645437568428,0.2334350336590078
sub-RID0591,parahippocampal,0.03716576755215284,0.03680323201471681,0.09185401027734905
sub-RID0620,parahippocampal,0.0019358659947832219,-0.015557035645246901,0.026109002804019912
sub-RID0904,parahippocampal,0.028236208605927425,0.016258557442044682,-0.07973929180592197
sub-RID0665,parahippocampal,0.03087992502587659,0.003070673208070964,0.05523008755798716
sub-RID0681,parahippocampal,-0.004621529430987256,0.021037482506339043,-0.036623736180554055
sub-RID0689,parahippocampal,-0.015301552710579824,-0.015225214486789899,-0.08061677659363779
sub-RID0784,parahippocampal,0.0016997902000602375,0.021753931838022503,-0.028524062272171177
sub-RID0448,parahippocampal,-0.03768779819150903,-0.0018485909803414048,-0.038646496009108106
sub-RID0646,parahippocampal,0.012398709474251554,0.02050188810107773,-0.0027301040095243506
sub-RID0697,parahippocampal,-0.014359699663041839,-0.019162383652213535,-0.020204804544443906
sub-RID0679,parahippocampal,-0.013032560918751364,-0.03444896180102489,-0.013531477327103237
sub-RID0673,parahippocampal,0.01664946658486248,-0.007095457455785101,-0.038534525673530884
sub-RID0445,parahippocampal,-0.021331424785237228,-0.0123900760487921,-0.027230450752079395
sub-RID0660,parahippocampal,0.05264190709197367,0.006277058402684177,-0.08380339569400654
sub-RID0587,parahippocampal,0.018055910186397125,-0.017020580984396086,0.006051268910891266
sub-RID0652,parahippocampal,0.006921816280177651,0.016550513742308176,-0.018511654469134102
sub-RID0658,parahippocampal,-0.004008764373446283,-0.007626052351846447,-0.008417705253407
sub-RID0365,parahippocampal,0.02717514337807823,-0.005293444023787615,-0.027117067616723715
sub-RID0656,parahippocampal,0.007895776108833026,0.028870861460813614,-0.07275100389116665
sub-RID0522,parahippocampal,0.04383269354711091,-0.01485628255957902,-0.008196068938247375
sub-RID0680,parahippocampal,0.013107106470821434,-0.025272709911385048,-0.03470182679139929
sub-RID0619,parahippocampal,-0.0035313165849413775,-0.02883225265184047,-0.04302878882528188
sub-RID0664,parahippocampal,0.019437279034167056,0.009962533967621331,0.03604683045856447
sub-RID0583,parahippocampal,-0.0003482695112311264,0.014581919778077799,-0.05322511266608564
sub-RID0396,parahippocampal,-0.03284708611302878,-0.015254887378146596,-0.033533859560663355
sub-RID0372,parahippocampal,0.0058923722334785255,-0.022152749864297844,-0.014217668269338376
sub-RID0693,parahippocampal,-0.0024505428782945165,-0.009181959629292618,0.05976238435610927
sub-RID0574,parahippocampal,-0.022870124120795227,-0.03367278241059625,0.015352773290429842
sub-RID0597,parahippocampal,0.00588903000320234,0.010560274777884899,-0.06836006234575644
sub-RID0490,parahippocampal,0.003433650562161353,-0.01780588738924054,0.0215622051571262
sub-RID0670,parahippocampal,0.020269739590387616,-0.039515465558787946,0.013686876374798191
sub-RID0648,parahippocampal,-0.03188701321617574,0.03028662478397424,0.07574299781055209
sub-RID0663,parahippocampal,-0.014102854364777474,-0.02445463163565792,0.2117832293092379
sub-RID0455,parahippocampal,0.0007201484737490565,0.016092451459014043,-0.010211552323707134
sub-RID0659,parsopercularis,0.00959775309543287,-0.015511495341991909,0.018717826878320572
sub-RID0380,parsopercularis,-0.006982652148942301,0.008297534171654271,-0.04759962999846604
sub-RID0420,parsopercularis,-0.008416406576944896,-0.002342587470116734,-0.014983179712843195
sub-RID0672,parsopercularis,0.00695356026112617,0.003571061566457825,0.02132470728405655
sub-RID0791,parsopercularis,0.02077264032070723,-0.0007360955580400037,-0.05249492024558851
sub-RID0595,parsopercularis,-0.01279189786496164,0.015888878160093763,0.03630145944775588
sub-RID0571,parsopercularis,0.03488470464732128,0.03505345015306951,-0.021342558903107513
sub-RID0433,parsopercularis,0.006193369539898663,-0.021469910335772144,0.05885172557081242
sub-RID0449,parsopercularis,0.02486672664578118,0.040090831622044756,-0.03003875771894187
sub-RID0592,parsopercularis,0.012189863532225339,0.00799446633968237,-0.0167531275719987
sub-RID0576,parsopercularis,-0.07948388102091133,-0.040234721811872244,-0.06404597528694204
sub-RID0675,parsopercularis,-0.013406292414092144,0.12673136398084578,-0.060873810713247226
sub-RID0450,parsopercularis,-0.02408193909623861,-0.026478012389182164,-0.006149366557086698
sub-RID0512,parsopercularis,-0.019408349036656246,0.006100370444675171,0.04995383651830308
sub-RID0415,parsopercularis,-0.018495327548785138,-0.0363449772780907,-0.057037181299700195
sub-RID0688,parsopercularis,0.005991132460053317,0.02955330057120598,0.029621566868299358
sub-RID0785,parsopercularis,-0.04042534057030659,-0.01413771307080856,-0.014310077585697606
sub-RID0666,parsopercularis,-0.016458128262125556,-0.00503054346304964,-0.018326616927610576
sub-RID0585,parsopercularis,-0.02384388241859197,-0.0013351811122643623,-0.09191829051159531
sub-RID0662,parsopercularis,-0.004885202053469152,0.010149057435843935,-0.005868249216507148
sub-RID0668,parsopercularis,0.026943966604476784,-0.029085915400480927,-0.02401647829471333
sub-RID0454,parsopercularis,-0.038210380225941545,-0.026899317435906973,0.0032278581666859226
sub-RID0429,parsopercularis,-0.005063458708623523,-0.020338069935020513,-0.01815470234719684
sub-RID0383,parsopercularis,0.012049789974709886,0.04229821037424497,-0.03522743753055831
sub-RID0408,parsopercularis,-0.009517506659912982,-0.025218733216102657,-0.023686381122520486
sub-RID0572,parsopercularis,0.0359971467554561,0.002139769292236718,0.010315511695298148
sub-RID0596,parsopercularis,-0.010153193448308772,-0.015698068088394586,0.014845557000024465
sub-RID0578,parsopercularis,-0.013322654115195844,-0.04133641835114338,-0.007134147109338129
sub-RID0798,parsopercularis,0.05766280149383166,0.013793607117506722,0.047740919662317735
sub-RID0671,parsopercularis,-0.016953889398791843,-0.19918583921563032,-0.7931822250308653
sub-RID0860,parsopercularis,0.006225462924160033,0.03173574292349962,-0.051551066185452306
sub-RID0440,parsopercularis,-0.0408116199734048,-0.06613870231541515,-0.006655347872332945
sub-RID0341,parsopercularis,0.001737977896897171,0.051627206128439906,0.03698706133511928
sub-RID0925,parsopercularis,0.023680323328575177,-0.005388019513510197,-0.0979205727279616
sub-RID0591,parsopercularis,-0.008791853682810111,0.009220611048044962,-0.09173552900854012
sub-RID0620,parsopercularis,-0.01252161534887136,-0.026263969036507663,-0.038753684778059995
sub-RID0904,parsopercularis,0.031899111031149785,0.07376425717430213,0.019768059474028897
sub-RID0665,parsopercularis,0.00028469268292164503,0.011488101253302813,0.1154043948536996
sub-RID0681,parsopercularis,-0.019268088990901037,-0.008409648141542925,-0.02497051710569338
sub-RID0689,parsopercularis,-0.00043214687755662015,0.0006495197729952833,-0.02978475963456851
sub-RID0784,parsopercularis,0.03684353405748011,0.05392425540473572,-0.04461116101049162
sub-RID0448,parsopercularis,-0.043654004728493886,-0.03668081815189633,-0.0193422062762038
sub-RID0646,parsopercularis,-0.047749752220044614,-0.061917012760477626,-0.09688572681392164
sub-RID0697,parsopercularis,0.04839726103839094,0.026165105147098782,-0.017410381460156134
sub-RID0679,parsopercularis,-0.01518871539067157,-0.025301747700414812,-0.023824065958225282
sub-RID0673,parsopercularis,-0.01564119585071093,-0.029152761682355376,0.0077972352047928255
sub-RID0445,parsopercularis,-0.051640148542571734,-0.07597092326780279,-0.15373930175450143
sub-RID0660,parsopercularis,-0.04844999723147406,-0.06668344840861062,-0.02537728923274331
sub-RID0587,parsopercularis,-0.011464929850245085,0.01642149565963526,-0.040882372770935135
sub-RID0652,parsopercularis,-0.018007039557512924,-0.028072746321860274,0.017099764618406815
sub-RID0658,parsopercularis,0.02140266880038899,0.003894335400319152,-0.0339005568583289
sub-RID0365,parsopercularis,0.010728416469418705,0.0014893279777164162,0.03046386630670382
sub-RID0656,parsopercularis,-0.024211700206433217,-0.01195427505791536,-0.03559674843591236
sub-RID0522,parsopercularis,-0.006805171546878066,-0.0338569464791368,0.04865098743859909
sub-RID0680,parsopercularis,-0.0016772993977706458,-0.02970464320722634,-0.04565057427651897
sub-RID0619,parsopercularis,-0.0020895757203786064,0.0038171026830447906,-0.025453342109576914
sub-RID0664,parsopercularis,0.02453545555612264,0.008490409797300579,-0.009290286621501104
sub-RID0583,parsopercularis,-0.005775983888965314,-0.00432200301039082,-0.0673039578812811
sub-RID0396,parsopercularis,0.036486204379784865,0.08817968080212234,0.07012073341406744
sub-RID0372,parsopercularis,0.029508586094275088,0.043285375555472495,-0.0786934671809577
sub-RID0693,parsopercularis,0.023084240604137288,-0.015624140717478292,-0.026768640075442225
sub-RID0574,parsopercularis,-0.03582815270148909,-0.025247822390865652,-0.035395172848710486
sub-RID0597,parsopercularis,-0.015962945241601575,-0.01556124504461587,-0.040142484359493
sub-RID0490,parsopercularis,0.008967279455500124,-0.012923249611463945,-0.013688261457418456
sub-RID0670,parsopercularis,0.0022923448690941595,-0.01886619500643201,0.03939287731041111
sub-RID0648,parsopercularis,-0.028322967642115813,-0.005118053894366241,-0.015720312006065513
sub-RID0663,parsopercularis,-0.05648666817293616,-0.011800637047893121,-0.07324492621855543
sub-RID0455,parsopercularis,-0.006644821685856149,0.02239337296378345,-0.002416789830420013
sub-RID0659,parsorbitalis,-0.046971401362017405,-0.004719295485521457,0.019882509811873946
sub-RID0380,parsorbitalis,-0.022753377270921128,-0.013281559597290535,-0.11448768149345002
sub-RID0420,parsorbitalis,-0.004022755940374775,-0.01411916341961597,-0.04228054692244965
sub-RID0672,parsorbitalis,-0.023211095210905832,-0.010927497697798437,-0.04217831057554399
sub-RID0791,parsorbitalis,-0.003463953435177262,-0.022519317851116202,-0.029921142230691748
sub-RID0595,parsorbitalis,0.02501470119588191,0.03127826482810872,-0.031107484318791175
sub-RID0571,parsorbitalis,0.03614948604308304,0.050468724464246884,0.016753013135155648
sub-RID0433,parsorbitalis,-0.027927401672358382,0.005464766617042719,0.06412368844033768
sub-RID0449,parsorbitalis,0.04725817768086485,0.05685735902403438,0.05694143069109307
sub-RID0592,parsorbitalis,-0.00801714650462336,0.012034357716811085,-0.0583193359299434
sub-RID0576,parsorbitalis,0.014586375025327503,0.008332799232783543,-0.029804853473657144
sub-RID0675,parsorbitalis,-0.004223767095789175,0.04172329960150328,-0.017835275842901854
sub-RID0450,parsorbitalis,-0.02066789220747577,-0.005323562320847047,0.003473488755252335
sub-RID0512,parsorbitalis,-0.039732714526872624,0.07083463244096726,0.10737217966786085
sub-RID0415,parsorbitalis,0.033646980271074885,0.0618342295075042,0.06315743382163604
sub-RID0688,parsorbitalis,0.025354234047587007,0.03587388892566117,0.06824064090458655
sub-RID0785,parsorbitalis,-0.017389917132062532,-0.018649566319632965,-0.015597310724295361
sub-RID0666,parsorbitalis,-0.0006959252742757827,0.0319225024291524,-0.059807205225673385
sub-RID0585,parsorbitalis,-0.004528812987763126,0.0011914823863851708,-0.11005153912378257
sub-RID0662,parsorbitalis,-0.001858973137446384,-0.007671696703690316,-0.007435744784575513
sub-RID0668,parsorbitalis,0.04224860507489245,0.0065291044567587055,0.017456580491610207
sub-RID0454,parsorbitalis,-0.043416084797187164,-0.04169349035345771,-0.05739770894725945
sub-RID0429,parsorbitalis,0.01227010973309597,0.033999415724296406,0.05801416182802451
sub-RID0383,parsorbitalis,-0.00575268394376997,0.04127655412505439,0.0005427878183748999
sub-RID0408,parsorbitalis,0.03156290644167395,-0.005909840915291806,0.0036899714254185266
sub-RID0572,parsorbitalis,-0.002174516002653129,-0.013310647062360528,-0.012250071783076195
sub-RID0596,parsorbitalis,-0.003549371521790166,0.009293990350256687,0.016190317254690553
sub-RID0578,parsorbitalis,-0.019093933254234478,-0.034191189521089356,-0.020400721688435947
sub-RID0798,parsorbitalis,0.05131780260528174,-0.0303954461553331,0.031861426211761815
sub-RID0671,parsorbitalis,-0.0035359279708855108,-0.1722740345079811,-0.8293441223718315
sub-RID0860,parsorbitalis,-0.03615149853285214,-0.030697536342079775,-0.07286547593514324
sub-RID0440,parsorbitalis,-0.08419774864340993,-0.04976145360394938,-0.015289260367423962
sub-RID0341,parsorbitalis,0.01054235869610621,0.025596043398074034,-0.001555190135411868
sub-RID0925,parsorbitalis,0.028830185668510148,0.03618433857962203,0.2442170829139729
sub-RID0591,parsorbitalis,0.03731194312581978,0.016854540759841677,-0.09755913736647374
sub-RID0620,parsorbitalis,0.02364789061574028,0.009659750486369491,0.05013891330532831
sub-RID0904,parsorbitalis,0.005849884579110091,0.01221026374094836,-0.032013518194929015
sub-RID0665,parsorbitalis,0.01930508102160848,-0.0030716515261714344,0.05112552094975215
sub-RID0681,parsorbitalis,-0.007237099544486672,0.0014796027800222586,-0.02847555886498553
sub-RID0689,parsorbitalis,0.01173417590532908,0.03953243482398987,0.0137348243610903
sub-RID0784,parsorbitalis,-0.001230914257448771,-0.015588843747659243,-0.003790151896476208
sub-RID0448,parsorbitalis,0.01001227031282628,0.005386623398138827,0.03346992850126663
sub-RID0646,parsorbitalis,0.007299067281209899,0.00587432319097568,-0.012695833186135578
sub-RID0697,parsorbitalis,0.00023755995485497176,0.0071289581834641505,-0.024283457387218287
sub-RID0679,parsorbitalis,-0.0020736916579420046,0.02491600834292581,-0.025299345576209015
sub-RID0673,parsorbitalis,-0.04840662950352092,-0.019614343143249245,-0.025748014957682915
sub-RID0445,parsorbitalis,-0.05749081841453391,0.004332513811441205,-0.014272152600567961
sub-RID0660,parsorbitalis,-0.0013145662728407217,-0.021220732374958,0.004259808925504736
sub-RID0587,parsorbitalis,-0.004130116398973419,0.006986116872692424,0.041799102131951475
sub-RID0652,parsorbitalis,-0.007202986241042037,0.040927447568024175,0.017703656049957335
sub-RID0658,parsorbitalis,0.04395779953993246,-0.007427940143112758,-0.06372954273249218
sub-RID0365,parsorbitalis,0.01706180579715493,0.014828423522479777,-0.022460615976123397
sub-RID0656,parsorbitalis,-0.00206532848660862,0.020314143765476005,-0.03938037318060062
sub-RID0522,parsorbitalis,-0.016810237660427028,-0.028477031847728068,0.008329380096400807
sub-RID0680,parsorbitalis,0.009228902326765478,0.021807778746873705,-0.013629775481584915
sub-RID0619,parsorbitalis,0.012259902061237204,0.07342443198599248,0.07699977290746894
sub-RID0664,parsorbitalis,0.0019046008191499063,0.04050670358553575,-0.00775031273040276
sub-RID0583,parsorbitalis,-0.014826251905324555,-0.021807912675270366,-0.07333777176598733
sub-RID0396,parsorbitalis,0.027846461694663923,0.0021640986423700883,0.023514746848442614
sub-RID0372,parsorbitalis,0.012539603933065007,-0.020213056197463223,-0.029751963672168334
sub-RID0693,parsorbitalis,0.011379964629223704,0.03381481537490156,-0.0342183402319884
sub-RID0574,parsorbitalis,0.010765674408086142,0.017705610480879964,-0.04921353719493202
sub-RID0597,parsorbitalis,0.047828549338710696,0.008560492467467809,-0.0651830906826867
sub-RID0490,parsorbitalis,0.08461607271388152,0.06114044576590069,0.04596785055681542
sub-RID0670,parsorbitalis,-0.004990822479321885,-0.007275658033118062,0.058707824025885216
sub-RID0648,parsorbitalis,0.0016614008103630934,0.017009502049524464,-0.04141139672390816
sub-RID0663,parsorbitalis,-0.0020619027197801947,0.01913895907182362,-0.009142087005657658
sub-RID0455,parsorbitalis,0.005470884358054191,0.008856493656422928,0.024599338927665446
sub-RID0659,parstriangularis,0.03021243260513463,0.011146182644737048,0.024675781195828025
sub-RID0380,parstriangularis,0.02324752402480092,0.03887517766144321,-0.01924007566743521
sub-RID0420,parstriangularis,-0.013900307599181327,-0.049780275722188294,-0.03293446117360352
sub-RID0672,parstriangularis,0.019214923325483812,0.014503737597419896,0.014145542949936404
sub-RID0791,parstriangularis,0.03244486460094464,-0.015177532106531826,-0.03169943833843534
sub-RID0595,parstriangularis,-0.0213184071945125,0.009826834034775078,-0.006108329577524386
sub-RID0571,parstriangularis,0.008802491474260961,0.016440289992085206,-0.020191807246595136
sub-RID0433,parstriangularis,0.026522211553143517,-0.011239363305427819,0.08589577003753379
sub-RID0449,parstriangularis,0.016242755617331246,0.01183583614389787,-0.0013913667253186903
sub-RID0592,parstriangularis,0.012203136329804189,0.02243312963472528,-0.0015554261676320096
sub-RID0576,parstriangularis,-0.035985086225712594,-0.019158714470406287,-0.06123704179723532
sub-RID0675,parstriangularis,-0.024808639546742103,0.03892011757487237,-0.049842063458716925
sub-RID0450,parstriangularis,-0.009677020021261484,0.0056764766889478265,0.021299055232437376
sub-RID0512,parstriangularis,0.003222214776155818,0.08514863316568196,0.17356583933983763
sub-RID0415,parstriangularis,0.022435531919890932,-0.01621113454335237,-0.015879473178378685
sub-RID0688,parstriangularis,0.00604737924143823,-0.0005798195050904138,0.01742946420914794
sub-RID0785,parstriangularis,0.013792798316002412,0.014098431142076498,0.023702996529777687
sub-RID0666,parstriangularis,0.03274683239311909,0.008440971944039167,-0.0027096846189415776
sub-RID0585,parstriangularis,-0.006130364975288386,-0.015810318438416085,-0.12402664757496844
sub-RID0662,parstriangularis,-0.0010762600048859355,0.016527500231467873,-0.004583886429343646
sub-RID0668,parstriangularis,0.019665158544401793,-0.017650156323181777,-0.007812881805641771
sub-RID0454,parstriangularis,-0.01079518601374777,0.027463389483648706,0.011942233503414636
sub-RID0429,parstriangularis,0.01409225202392235,-0.00358170230108049,-0.048244572063473955
sub-RID0383,parstriangularis,-0.011829596327909224,-0.005303177217806813,-0.02868565953027065
sub-RID0408,parstriangularis,-0.018763071125843935,-0.02390364930508788,-0.03747220495853639
sub-RID0572,parstriangularis,0.04129681643015323,0.0066938565988474375,0.005050445245116805
sub-RID0596,parstriangularis,0.025093005935710726,-0.006638660041036144,0.04225792033062084
sub-RID0578,parstriangularis,0.0032872252273549486,0.001843983986438111,0.04106717762834209
sub-RID0798,parstriangularis,0.07432786394894754,-0.00011694528090472255,0.023226928772787387
sub-RID0671,parstriangularis,0.02380489897573233,-0.16215271963419087,-0.7239299907228837
sub-RID0860,parstriangularis,0.0244103022928048,0.03250844592401069,-0.046336637676140685
sub-RID0440,parstriangularis,-0.03274537201246152,-0.024031675730460177,-0.07813013364069758
sub-RID0341,parstriangularis,0.018971462041541928,0.03870490797456608,0.022647383106783645
sub-RID0925,parstriangularis,0.03723671841620807,0.017142406597702976,-0.26936111107860605
sub-RID0591,parstriangularis,-0.04229825290363532,-0.04532051737090709,-0.15116236076015524
sub-RID0620,parstriangularis,0.0007808339302174929,-0.019062843316258248,-0.1448253687739557
sub-RID0904,parstriangularis,-0.06790933072449817,-0.05868354260836996,-0.03571145214881491
sub-RID0665,parstriangularis,0.029483974254211377,0.025576891372844305,0.11056390366281167
sub-RID0681,parstriangularis,-0.0027727189569305257,-0.006949388388188247,-0.024717372269595007
sub-RID0689,parstriangularis,0.026116094321039916,0.023580484487354336,0.031721147630910856
sub-RID0784,parstriangularis,0.003916309658162154,-0.007899270702337244,-0.04188830506458051
sub-RID0448,parstriangularis,-0.0209547309807273,-0.041676350305821154,0.0009456589286581171
sub-RID0646,parstriangularis,0.015800495324525512,0.005539078319401355,0.029886834435432847
sub-RID0697,parstriangularis,0.03306368828935201,-0.003713681702614575,-0.009069006757952395
sub-RID0679,parstriangularis,-0.0035134887690751724,0.005071226063887827,0.024585545121933967
sub-RID0673,parstriangularis,-0.024537818743439275,-0.009444814623612548,-0.035631819596424606
sub-RID0445,parstriangularis,-0.027652628839167543,-0.02006502870279727,-0.12335845902823896
sub-RID0660,parstriangularis,0.012024120242460067,0.004899752429496038,0.011303214967373949
sub-RID0587,parstriangularis,0.02448389358156007,-0.010937075698208376,-0.04969117714626607
sub-RID0652,parstriangularis,0.009919504072849717,0.015830553028007722,0.01444221528035467
sub-RID0658,parstriangularis,-0.0047024849194516275,-0.0413917794331489,-0.04002332235427341
sub-RID0365,parstriangularis,0.0033476433187793636,-0.013167760647733978,-0.006801400539772177
sub-RID0656,parstriangularis,-0.010804959801580713,-0.0062748060313835554,-0.06279938934092297
sub-RID0522,parstriangularis,0.012510174574244966,-0.010360368937647654,0.03913113592248821
sub-RID0680,parstriangularis,0.03211996755769485,0.025236077249417767,0.046889528084356105
sub-RID0619,parstriangularis,-0.017530360988085854,0.012746056607688721,-0.010986983235698295
sub-RID0664,parstriangularis,0.006732432349494856,-0.004212909979606363,0.04668928663788796
sub-RID0583,parstriangularis,0.012411253378602948,0.02216844234764327,-0.051907713718999646
sub-RID0396,parstriangularis,-0.02196742738801535,-0.04775290402924649,-0.025741783429437146
sub-RID0372,parstriangularis,0.028136645808382092,0.01422427974244436,-0.019231572156462453
sub-RID0693,parstriangularis,0.009795984462975318,0.014358725488339063,0.016391699971434553
sub-RID0574,parstriangularis,0.03102822476168952,0.029975670918512123,0.043365309294540764
sub-RID0597,parstriangularis,0.030215350335467975,-0.013351486999814102,-0.03941188725534415
sub-RID0490,parstriangularis,0.024206139596543372,-0.011481488434063441,-0.00781105510974729
sub-RID0670,parstriangularis,0.042856168388261326,-0.011675341263306292,0.06265243478015792
sub-RID0648,parstriangularis,-0.02748311927931529,-0.014450383780207653,-0.03247109425002956
sub-RID0663,parstriangularis,-0.013485706297130124,0.011335930374237196,-0.015671568783098708
sub-RID0455,parstriangularis,0.025278809245162116,0.03902328365044624,0.00042191198259367425
sub-RID0659,pericalcarine,-7.550557243848738e-05,-0.018782615347045454,-0.023121367713584976
sub-RID0380,pericalcarine,0.0054661233826548234,-0.0028790969242393923,-0.13521714547146146
sub-RID0420,pericalcarine,0.003565699607412418,0.00981298992500964,-0.0028867773186545187
sub-RID0672,pericalcarine,0.004733555648629474,0.02711844636560474,-0.007445492466003846
sub-RID0791,pericalcarine,0.012923551894805792,-0.004422911215948497,-0.10944409542413737
sub-RID0595,pericalcarine,-0.007083188803054909,-0.02463776198465804,-0.10311013981450175
sub-RID0571,pericalcarine,-0.0072701777591628125,-0.003419606691860196,0.0014637855994617333
sub-RID0433,pericalcarine,-0.00393875302513375,-0.014100777395962171,-0.007489385291253986
sub-RID0449,pericalcarine,-0.04901302652623855,-0.0318583825877814,-0.01977404539179754
sub-RID0592,pericalcarine,-0.006964807139552193,0.01845021070237583,0.0617312829689993
sub-RID0576,pericalcarine,-0.003224561874611046,0.0016030262044959063,-0.02025169015675895
sub-RID0675,pericalcarine,-0.01484301728781334,-0.033670308328702,0.24947677596082493
sub-RID0450,pericalcarine,-0.03703507314064861,-0.02376687818481412,-0.022246781886682252
sub-RID0512,pericalcarine,0.0016332099476861046,-0.05310915765288291,-0.005576632842445851
sub-RID0415,pericalcarine,-0.007640871931290031,-0.05701038277379687,0.0799267258484999
sub-RID0688,pericalcarine,0.023349119647547465,0.01906173810988237,-0.019940558097018644
sub-RID0785,pericalcarine,-0.0019671938680368923,0.005161903770641283,-0.07456636533003742
sub-RID0666,pericalcarine,-0.0026086748766768714,-0.0255478566459589,-0.003600136708223707
sub-RID0585,pericalcarine,-0.0017993690106898016,-0.049383274707565684,-0.07951016359043817
sub-RID0662,pericalcarine,0.006377975118098484,-0.02555566043169043,-0.024844305993302337
sub-RID0668,pericalcarine,0.0021767210882152666,-0.005540765224326441,-0.042325008313754645
sub-RID0454,pericalcarine,-0.010858685632318472,-0.014411863726510172,-0.09094792105639299
sub-RID0429,pericalcarine,0.01337104388101641,0.0042563595435804276,-0.10972808987358754
sub-RID0383,pericalcarine,-0.0007269297839285077,0.0038152199517105475,-0.05060865459265955
sub-RID0408,pericalcarine,-0.03139922224105861,-0.025027991112548217,-0.04394796374819
sub-RID0572,pericalcarine,-0.0181106404395956,0.0012974284009359684,0.02813373001090221
sub-RID0596,pericalcarine,-0.010039898634167734,-0.03416607000407324,-0.06309776088551383
sub-RID0578,pericalcarine,-0.021009851509341152,-0.02876954925913906,-0.03586494320716218
sub-RID0798,pericalcarine,0.009489553058137675,-0.010208254713423673,-0.007823920171889626
sub-RID0671,pericalcarine,-0.00639531565303927,0.02622056400333955,-0.0634609835739511
sub-RID0860,pericalcarine,-0.012513868165805117,0.000672930013860207,-0.12730819049628683
sub-RID0440,pericalcarine,-0.046632169203166776,-0.02869593211127476,-0.14459523438340008
sub-RID0341,pericalcarine,-0.031407280632427065,-0.04750539234202452,-0.09384377270961991
sub-RID0925,pericalcarine,-0.011060240888287286,-0.028024686030662337,-0.0018410623561315427
sub-RID0591,pericalcarine,-0.0036231968575483066,0.02205302018498807,0.10406589312868614
sub-RID0620,pericalcarine,-0.014003832137784172,-0.012760552332103006,0.010452702843880625
sub-RID0904,pericalcarine,0.007299843831033995,-0.020109519841483677,-0.11168453074521315
sub-RID0665,pericalcarine,-0.04164105005281612,0.012698967235196224,0.07930992532490394
sub-RID0681,pericalcarine,-0.015513717776091491,-0.02634130914006174,-0.0837061107548457
sub-RID0689,pericalcarine,-0.003829769641316731,-0.014254887466001839,-0.07350856410052094
sub-RID0784,pericalcarine,0.022036381074912067,0.04661201861051977,0.007872580965381095
sub-RID0448,pericalcarine,-0.02139096990813972,-0.001271048411473465,-0.0036674655997039015
sub-RID0646,pericalcarine,-0.020579242501628604,-0.033362990308450524,-0.0052592300940178475
sub-RID0697,pericalcarine,-0.010587899944862837,-0.010561193160618999,0.014491595139717152
sub-RID0679,pericalcarine,-0.021530545614452855,0.014344600302108759,0.009813100830993212
sub-RID0673,pericalcarine,-0.04096551709276661,-0.014573532715316114,-0.15070756320786727
sub-RID0445,pericalcarine,-0.033268280573597125,-0.0020447876759126502,-0.03456256136953727
sub-RID0660,pericalcarine,-0.045244807564349634,-0.0511908337415618,-0.06826762237988834
sub-RID0587,pericalcarine,-0.00579284543861559,0.04061730594221668,-0.020014045565345157
sub-RID0652,pericalcarine,-0.0314551779192285,-0.03499744528442375,-0.04801087738879827
sub-RID0658,pericalcarine,0.041435674608459254,0.006004590065011014,-0.011162820919429984
sub-RID0365,pericalcarine,-0.021518215099821693,0.019723421707727232,0.030611183398439747
sub-RID0656,pericalcarine,-0.012695641562127897,-0.014402531690694215,0.017061995299987854
sub-RID0522,pericalcarine,-0.025181105435421708,-0.012693484688957818,0.022723703390493826
sub-RID0680,pericalcarine,-0.040405433766763775,0.007165470244258226,-0.02463600315331454
sub-RID0619,pericalcarine,5.042279759272004e-05,-0.0288043755999904,-0.010686639343317386
sub-RID0664,pericalcarine,-0.021717785331383216,-0.0021394399702183214,0.020713622647615573
sub-RID0583,pericalcarine,0.008393996627197626,-0.031246109624449576,0.09602189730639821
sub-RID0396,pericalcarine,-0.027249606668936083,-0.06389077596108254,-0.06953054634124568
sub-RID0372,pericalcarine,-0.020356114212454306,-0.007370628213697858,-0.05728961337229963
sub-RID0693,pericalcarine,0.014640804336005257,0.007391920551003576,0.03605800505996372
sub-RID0574,pericalcarine,-0.01241559203315827,-0.01839063608998208,-0.053481794776001276
sub-RID0597,pericalcarine,-0.04217573491823897,-0.022276083172468177,-0.07904085151953127
sub-RID0490,pericalcarine,-0.024150526988416403,0.0034859895296695553,0.018645317273754226
sub-RID0670,pericalcarine,0.014532033181029046,-0.007360421702538635,-0.02507202197846887
sub-RID0648,pericalcarine,-0.03696540302439205,-0.02405397947100596,-0.027527045462607484
sub-RID0663,pericalcarine,-0.0216483166127152,-0.04727045535253714,-0.056142660617967806
sub-RID0455,pericalcarine,-0.01042182155268722,-0.038876806329944856,0.049213586198365834
sub-RID0659,postcentral,-0.010734047792578224,-0.007885257157099593,0.030773086542020444
sub-RID0380,postcentral,-0.007969601502270445,0.004665907288865831,0.03270078870330582
sub-RID0420,postcentral,-0.038619993779376326,-0.025781494284163927,-0.017267651922904033
sub-RID0672,postcentral,-0.007529932773038536,-0.020731599846705535,-0.009607344737863163
sub-RID0791,postcentral,0.009254748354485287,0.010079474150433403,-0.04224720914575483
sub-RID0595,postcentral,-0.00991870730496528,0.004510202611080741,0.02024892465415823
sub-RID0571,postcentral,0.027811639493368994,0.011320539895864226,-0.03705239465598653
sub-RID0433,postcentral,-0.02561908867880977,-0.0013976838804264835,-0.01471305493721786
sub-RID0449,postcentral,-0.018052418772578807,0.008198060373422578,-0.047868228129926554
sub-RID0592,postcentral,0.033967277945900744,2.6397335379419763e-05,-0.003865702573624566
sub-RID0576,postcentral,-0.0026038645228842715,-0.004090803065235345,0.041836868620870646
sub-RID0675,postcentral,0.0222763605764935,0.08460888574685081,-0.02724887055678341
sub-RID0450,postcentral,-0.021466848006676635,-0.04698167465981538,-0.13196527430379648
sub-RID0512,postcentral,-0.014276865636621372,-0.031061776021036564,-0.0804974306026298
sub-RID0415,postcentral,0.03126438017090228,-0.009045490545340679,0.0011083436360676045
sub-RID0688,postcentral,0.01062581135222496,0.015552911970467634,-0.06484243555994637
sub-RID0785,postcentral,-0.01912085451519253,-0.020666518095485597,-0.025875788165399254
sub-RID0666,postcentral,-0.016120781040588793,0.005823173034884526,-0.004299938997874029
sub-RID0585,postcentral,0.006765606382572498,0.005164620554449688,0.01049220512351469
sub-RID0662,postcentral,0.022489443052398042,0.014411837478191648,-0.0017298143384065
sub-RID0668,postcentral,0.01185452161664083,0.0030855452508916663,0.012435718733018814
sub-RID0454,postcentral,0.017976286878595208,0.006280050926224873,0.0019983588877638494
sub-RID0429,postcentral,0.0074449117059256584,-0.022644304994499907,0.015553130057323705
sub-RID0383,postcentral,0.001294771345529443,0.017615039495488895,0.004212488546607128
sub-RID0408,postcentral,0.006283521028234514,-0.013832373921194394,-0.014251119410114525
sub-RID0572,postcentral,0.016046866462932373,-0.01096010508297277,0.03863645272275413
sub-RID0596,postcentral,0.01058357954582336,0.000641477036592779,0.02481632841500448
sub-RID0578,postcentral,-0.012466236364524878,-0.03282607557224314,-0.07357638525790668
sub-RID0798,postcentral,0.02848987981691804,-0.028276812298954436,-0.025161576998521208
sub-RID0671,postcentral,0.02181425564637684,-0.09899922792466688,-0.6574569289128998
sub-RID0860,postcentral,0.028125594206042916,0.0445679121721203,0.0023012030880846805
sub-RID0440,postcentral,-0.03929725956286072,-0.030589292182212596,-0.03347495029898089
sub-RID0341,postcentral,-0.016645631615928164,-0.03724830990156691,-0.07064012840383443
sub-RID0925,postcentral,-0.04572262089130255,-0.04259106398237033,0.03777860718385644
sub-RID0591,postcentral,0.011154330787189679,0.004928260713229476,0.0018999036448079036
sub-RID0620,postcentral,-0.0027961788911921226,-0.021466024515910617,-0.05288474284810879
sub-RID0904,postcentral,-0.07236362829066284,-0.07991124150631747,-0.0924704402753157
sub-RID0665,postcentral,-0.006543812321697129,-0.017002469282507867,0.0010414646507351795
sub-RID0681,postcentral,-0.023806004784728794,-0.04162369148982624,-0.06289646657524277
sub-RID0689,postcentral,-0.019460190045874536,-0.015497218085731608,-0.006028601023300426
sub-RID0784,postcentral,-0.011699701617735654,-0.022735769868787788,-0.0897609059383995
sub-RID0448,postcentral,0.002765577985158308,-0.03297064934885966,-0.05585010000171163
sub-RID0646,postcentral,-0.014032075912134222,-0.0309603936916121,-0.018163147142454948
sub-RID0697,postcentral,-0.016040282829045235,-0.013207318844996513,-0.0003763747416565873
sub-RID0679,postcentral,0.012903469075971688,-0.011977588590967337,0.008383603674806856
sub-RID0673,postcentral,-0.025796042301815005,0.0076220855602659445,-0.022064784514452065
sub-RID0445,postcentral,-0.03634934779422135,-0.050180709144957994,-0.11386185769097003
sub-RID0660,postcentral,-0.006168741201626117,-0.024440739703577852,-0.018477337490725776
sub-RID0587,postcentral,0.019671958860512134,-0.009205245964691213,-0.0941323689922581
sub-RID0652,postcentral,-0.018149703478847187,-0.03412971820590603,-0.024445927330847193
sub-RID0658,postcentral,0.022960201650539247,0.018773988768614847,-0.01663071907480064
sub-RID0365,postcentral,-0.0028079622522188662,-0.02735861160400876,-0.03998767813567282
sub-RID0656,postcentral,-0.02196768521255306,0.013956530823666043,-0.03902183161808412
sub-RID0522,postcentral,0.012007425092498053,-0.010572044942164193,0.007535812027990806
sub-RID0680,postcentral,0.04106174185230876,0.02409080375421957,-0.0164061406547096
sub-RID0619,postcentral,0.02739162326708283,-0.00021288835331489164,-0.026612517882532452
sub-RID0664,postcentral,-0.035629986796683735,-0.058397188016548036,0.014240029715697471
sub-RID0583,postcentral,-0.02220847558472908,-0.0056462993978945416,-0.02581034560670398
sub-RID0396,postcentral,-0.031419778413596,-0.0254185401272284,0.11089564633569704
sub-RID0372,postcentral,-0.0004536374493173306,-0.005022384662591624,-0.009747381574747868
sub-RID0693,postcentral,-0.024572444629516018,-0.026116653734693906,0.01403933033221563
sub-RID0574,postcentral,-0.021429541427400427,-0.025531581578236665,-0.049100700980673394
sub-RID0597,postcentral,0.011490314653058355,0.009736360850791693,0.015487959612001367
sub-RID0490,postcentral,-0.016082104947808578,-0.019856434913172964,-0.09339942947641822
sub-RID0670,postcentral,0.0015216693876604877,-0.02422404041752177,-0.05506819847660094
sub-RID0648,postcentral,-0.01792759200365404,-0.018061326962955437,-0.005795090272056048
sub-RID0663,postcentral,0.002984558556011427,-0.02046107016288136,-0.0063220607731333195
sub-RID0455,postcentral,0.01868212700788087,0.024800648322517316,0.019134766956050153
sub-RID0659,posteriorcingulate,0.0037668071694664787,-0.011440922212930058,0.01429884997115483
sub-RID0380,posteriorcingulate,-0.030053075001161337,-0.0081267962946584,-0.034490418832123816
sub-RID0420,posteriorcingulate,-0.0280609179477844,-0.004059067666468575,-0.030942549081522396
sub-RID0672,posteriorcingulate,-0.012655933714461633,-0.011924961863086439,-0.020677922365630295
sub-RID0791,posteriorcingulate,-0.013342286585039094,-0.023949273521630548,-0.0424001019221628
sub-RID0595,posteriorcingulate,0.01857481375127261,0.012792159942502948,0.003101291413505363
sub-RID0571,posteriorcingulate,-0.00952120940247271,-0.01681804919095512,-0.028780205076197038
sub-RID0433,posteriorcingulate,-0.012528014118764981,-0.041357204850601806,-0.0851217767441805
sub-RID0449,posteriorcingulate,-0.0010628454302848162,-0.00832029543030612,-0.009351648366655904
sub-RID0592,posteriorcingulate,0.03182261191869334,0.029240016042408574,0.033417608044524524
sub-RID0576,posteriorcingulate,-0.024448090104053556,-0.010230775672657823,-0.03201235154864061
sub-RID0675,posteriorcingulate,0.027917266521641178,-0.006066849849267642,-0.04616204073254064
sub-RID0450,posteriorcingulate,-0.01533332473729469,-0.0005628655115115654,-0.03125111024484565
sub-RID0512,posteriorcingulate,-0.019410337649718494,-0.02940183005046757,0.010123824096227193
sub-RID0415,posteriorcingulate,0.0002471632807761605,-0.009507533299872622,-0.00045957098000469834
sub-RID0688,posteriorcingulate,-0.004839978076157328,-0.0020609135401932367,-0.03186280670799472
sub-RID0785,posteriorcingulate,0.021680801233231257,0.005273272232576835,-0.04375184133342215
sub-RID0666,posteriorcingulate,-0.013825219709539788,-0.026729104581612612,0.007171422939969779
sub-RID0585,posteriorcingulate,-0.0020943330958775666,-0.019988996761435916,-0.027387696297569517
sub-RID0662,posteriorcingulate,-0.034516922667361775,-0.026874128544122272,-0.05020516201630522
sub-RID0668,posteriorcingulate,-0.009237125028686337,-0.010721421745956076,-0.03208825082359777
sub-RID0454,posteriorcingulate,0.0017302093254573695,-0.015671012247312755,-0.07875264736381837
sub-RID0429,posteriorcingulate,-0.0027104042785984902,0.00586205725146111,-0.07382785113949045
sub-RID0383,posteriorcingulate,-0.010507066835001981,-0.0010932571351510662,-0.05141103751952353
sub-RID0408,posteriorcingulate,-0.003962191013229592,-0.006655270203426228,-0.020550188070730467
sub-RID0572,posteriorcingulate,-0.00011137144681463126,0.007254324951550931,0.002435842732541961
sub-RID0596,posteriorcingulate,-0.002770091992448878,-0.00892426345356193,-0.03556564149586216
sub-RID0578,posteriorcingulate,0.0036748396851900844,-0.000670062944020406,0.012154130798410996
sub-RID0798,posteriorcingulate,0.029949091175581907,0.011369339446393059,-0.0393461021315119
sub-RID0671,posteriorcingulate,-0.012417583667456647,-0.018512829356617858,-0.34906105723210684
sub-RID0860,posteriorcingulate,-0.01706170112627429,0.009558382021841644,0.04604993048892417
sub-RID0440,posteriorcingulate,-0.07356418536990898,-0.10868568727595156,-0.22963037536517894
sub-RID0341,posteriorcingulate,0.0019380170946233627,0.00033951269426326687,-0.018713797072149402
sub-RID0925,posteriorcingulate,-0.005740693817156762,-0.009224651007812638,-0.09141385316142532
sub-RID0591,posteriorcingulate,0.026506852256268712,0.00595146725045624,0.015670181018171345
sub-RID0620,posteriorcingulate,-0.012674489090090996,-0.01341179956106584,-0.08758317764923583
sub-RID0904,posteriorcingulate,0.027098118006428647,-0.005598793633928487,0.0033066698391069353
sub-RID0665,posteriorcingulate,0.014811556469599708,-0.008101503533144783,0.01095987942002324
sub-RID0681,posteriorcingulate,-0.008515877485137952,-0.009658044662681194,-0.04744681985875372
sub-RID0689,posteriorcingulate,-0.010931230645167113,-0.013069353075330768,-0.023786198497264533
sub-RID0784,posteriorcingulate,0.02528714539247575,-0.022587356596583213,-0.058212173164183895
sub-RID0448,posteriorcingulate,0.004965775145978179,0.006660196093900498,-0.0017590310180488076
sub-RID0646,posteriorcingulate,-0.0206675442475843,-0.023929097245098084,-0.04567788210981791
sub-RID0697,posteriorcingulate,-0.029488146473039458,-0.010797065946607873,-0.027695261296881442
sub-RID0679,posteriorcingulate,0.011450622326578154,-0.013617418181968115,-0.018991668304936645
sub-RID0673,posteriorcingulate,-0.011187239372572768,-0.012870034356542345,-0.02702665774769032
sub-RID0445,posteriorcingulate,-0.019140539369251922,-0.009610304962562984,-0.017232940752253765
sub-RID0660,posteriorcingulate,0.014727784484334847,0.006728284891196238,-0.0018625950059578485
sub-RID0587,posteriorcingulate,0.024173648235076842,0.01039619775664153,-0.07004007680529187
sub-RID0652,posteriorcingulate,0.0016787264778681658,-0.006034837943048931,-0.015522675151498862
sub-RID0658,posteriorcingulate,-0.00898857116489065,0.010372124933267786,0.017587409736963166
sub-RID0365,posteriorcingulate,-0.0037001360373042076,-0.007892530005776891,0.0021000408598147815
sub-RID0656,posteriorcingulate,-0.0065526597909595545,-0.005768355302598503,-0.015831286967455206
sub-RID0522,posteriorcingulate,-0.0026726261660072813,-0.002949966154506729,0.01111670447261844
sub-RID0680,posteriorcingulate,0.030084025370247878,-0.005605869865272646,0.003026644168830786
sub-RID0619,posteriorcingulate,-0.007159835396379674,-0.009802513340031205,-0.021461650981580375
sub-RID0664,posteriorcingulate,0.016599609452620054,-0.005280548346724833,0.009089464842618895
sub-RID0583,posteriorcingulate,0.009082811388252541,-0.015004315938420406,-0.041173663325271274
sub-RID0396,posteriorcingulate,-0.0327925530690328,0.0005607126695231415,0.019567321254407667
sub-RID0372,posteriorcingulate,0.012599270996391234,0.0011894836822604407,-0.01297481960902482
sub-RID0693,posteriorcingulate,0.0077900327215190725,-0.005753828515124813,-0.008590687355578407
sub-RID0574,posteriorcingulate,-0.05007591994377023,-0.041243377785944446,-0.05162383840914364
sub-RID0597,posteriorcingulate,0.000429307454452344,-0.010179378561530995,-0.027241133486176756
sub-RID0490,posteriorcingulate,-0.0027928387378628426,-0.0008756150488671698,-0.0343111127806188
sub-RID0670,posteriorcingulate,0.0017697322618005122,0.012839482756986771,0.029872797187151863
sub-RID0648,posteriorcingulate,-0.02155565536012621,0.004755573013491309,-0.020451929714685513
sub-RID0663,posteriorcingulate,-0.002274357057114724,0.009002999086905853,-0.0061547189396899335
sub-RID0455,posteriorcingulate,0.010570351525260856,-0.017441763907378675,-0.022215670997010047
sub-RID0659,precentral,0.006010695010722721,0.021951226371983133,0.0390516407372463
sub-RID0380,precentral,-0.01786364331627188,0.004370470063686652,-0.04346005949249318
sub-RID0420,precentral,-0.01957820003214556,-0.002773276591261679,0.032212780521298286
sub-RID0672,precentral,-0.007849503443398463,-0.02076334022728201,-0.018095174318831182
sub-RID0791,precentral,0.019428202694371684,0.013448732071873307,-0.02119487268910859
sub-RID0595,precentral,-0.032434111247686644,-0.014379626847017336,-0.005364018417291079
sub-RID0571,precentral,0.031044012303834363,0.017869968373417495,-0.034961067746194674
sub-RID0433,precentral,-0.015533325042517376,0.013923903430221277,0.02593174647121123
sub-RID0449,precentral,-0.006960176994075096,0.018185449309251228,-0.038147670141300334
sub-RID0592,precentral,0.03746829340792107,0.008614614791200228,-0.001985441077509815
sub-RID0576,precentral,-0.005998255685078725,-0.007604282432652024,-0.022604027759627082
sub-RID0675,precentral,0.01112056011455464,0.09762239512990607,-0.06367331495283055
sub-RID0450,precentral,-0.012890215270968241,-0.03497134370648739,-0.05366989392381922
sub-RID0512,precentral,-0.013607951779413156,-0.013202213546203625,0.012274045042621716
sub-RID0415,precentral,0.021748795021385717,0.005024006725913802,-0.01023060344922598
sub-RID0688,precentral,-0.0004422138358985462,0.014769192450196608,-0.07996185457959845
sub-RID0785,precentral,0.0034597623219162267,0.007469772491668431,0.03720880455803502
sub-RID0666,precentral,-0.020532719858948344,-0.006073388088136065,-0.02901075641854405
sub-RID0585,precentral,0.01571253227526469,0.021455489820567233,-0.020467561482369195
sub-RID0662,precentral,0.0016893450822571912,0.008046672894187071,0.010236369278408746
sub-RID0668,precentral,0.01762100168907715,0.0023506710741757384,0.017904484001627308
sub-RID0454,precentral,0.00796151312907963,0.013033807950415059,0.011982130996297004
sub-RID0429,precentral,0.02091282314148967,0.002456737728101088,-0.08892547208380354
sub-RID0383,precentral,0.015746974119140396,0.032843957819415334,-0.0371598536378059
sub-RID0408,precentral,-0.0012153311742789238,-0.005591700923503258,-0.017048305930452708
sub-RID0572,precentral,0.03088796184338804,0.006075167261397218,-0.005964172261981161
sub-RID0596,precentral,0.0014512516411093147,-0.01499191953780304,-0.00299421616368308
sub-RID0578,precentral,0.008799578461256867,-0.02093690732272254,-0.056856583563554386
sub-RID0798,precentral,0.029965638454292533,-0.03644310819308687,-0.008116886967969937
sub-RID0671,precentral,0.008345705249444507,-0.099144259218179,-0.6496017951257189
sub-RID0860,precentral,-0.030475357940149203,-0.015757580882725566,-0.057303228679073934
sub-RID0440,precentral,-0.0068484392603949265,-0.010478799095426927,0.022294913022480923
sub-RID0341,precentral,-0.022208635155660995,-0.026967092440926665,-0.04174765752800103
sub-RID0925,precentral,-0.003928355828163184,0.0025949097214438854,0.05148465295157496
sub-RID0591,precentral,-0.013028820902225687,-0.014813176081781235,-0.07834975926033383
sub-RID0620,precentral,-0.024556760343553034,-0.04877768572780775,-0.08924136439637424
sub-RID0904,precentral,0.017877857395113998,0.008958740403820758,-0.015204046468471991
sub-RID0665,precentral,0.014699574258786083,2.5388918514836582e-05,0.03373058534080902
sub-RID0681,precentral,-0.009643811733460593,-0.016357954803614926,-0.021771564411419548
sub-RID0689,precentral,0.010235061561532888,0.010789029151010635,0.015192459811739433
sub-RID0784,precentral,-0.007055683650468044,-0.01225210496013195,-0.06475493516459574
sub-RID0448,precentral,0.01894777463102577,-0.004218676544854697,-0.03269009883168249
sub-RID0646,precentral,-0.01213251661795009,-0.012263880535935466,0.008290944620648432
sub-RID0697,precentral,-0.002603855403107724,-0.004722268704816614,-0.01129568245150059
sub-RID0679,precentral,0.03339279429684442,0.010190087529814035,-0.003025599040725016
sub-RID0673,precentral,-0.022321719518455935,-0.016103047529109186,-0.017831856623832326
sub-RID0445,precentral,-0.01803093892557588,-0.043952263695122604,-0.11857430908384015
sub-RID0660,precentral,0.011895088972577293,-0.01691403481142061,-0.018313929954470596
sub-RID0587,precentral,-0.006344519976767426,-0.009694272412650758,-0.05600823875683628
sub-RID0652,precentral,-0.02406752427347594,-0.02436307589603635,-0.03571948763884749
sub-RID0658,precentral,0.014813787082933785,0.011121629338014326,-0.028591541104351463
sub-RID0365,precentral,0.004919403785192537,-0.011252827562617211,-0.012155053563045845
sub-RID0656,precentral,-0.0184957603307185,0.007217239769716051,-0.04792428391871936
sub-RID0522,precentral,0.00944967310427695,-0.01562000988801427,0.014382837249294214
sub-RID0680,precentral,0.03659426410151842,0.02688896964768859,0.04205011565525359
sub-RID0619,precentral,0.0008800691449086979,-0.0190089571737139,-0.02854850270173235
sub-RID0664,precentral,0.04956578786715097,0.01638534516754756,0.06819891498870324
sub-RID0583,precentral,-0.01586228492916401,-0.013093552839966884,-0.08779049108223046
sub-RID0396,precentral,0.020323093525773044,0.043710298907302964,0.12432345782290662
sub-RID0372,precentral,-0.012624573613866414,-0.00882582980168645,-0.030701407710966667
sub-RID0693,precentral,0.03476409763568938,0.018290636033307477,0.015854205987249664
sub-RID0574,precentral,0.009935787685954678,-0.011202990790659261,-0.01535993151314511
sub-RID0597,precentral,0.015125910775971512,0.008588945319429086,-0.026637954325203366
sub-RID0490,precentral,-0.009158391626745054,-0.026723506451161335,-0.04722673982571234
sub-RID0670,precentral,0.020709250802827393,0.01216956329516657,-0.05268323852526498
sub-RID0648,precentral,-0.003756605639580311,0.008037334352446381,-0.013700561912764959
sub-RID0663,precentral,-0.0011912782877994638,-0.020922253364232334,-0.04682050180815837
sub-RID0455,precentral,-0.012248406943977896,-0.004351918740217552,-0.025697588024739672
sub-RID0659,precuneus,0.010042443874495816,0.00577876575240549,0.03107580970358615
sub-RID0380,precuneus,0.005295938563148611,0.0031184243186742995,0.01963281872291552
sub-RID0420,precuneus,0.0040442972729561365,-0.008969665537101379,0.004294583636184221
sub-RID0672,precuneus,0.006768103423740734,0.0081758382509132,-0.011727390103388524
sub-RID0791,precuneus,0.013769513966167374,-0.005332835241137128,-0.0156895836105269
sub-RID0595,precuneus,0.02224635122463461,0.012397490183919106,-0.013291447021879215
sub-RID0571,precuneus,0.0409697244706895,0.010335237860542714,0.024308918469881678
sub-RID0433,precuneus,0.0012427162401117747,-0.003351889792005362,0.0020826404516408317
sub-RID0449,precuneus,0.0012600295518160488,-0.005362270646510116,0.01734293984573015
sub-RID0592,precuneus,0.01623440248062926,0.030240372641122566,0.02549136221501272
sub-RID0576,precuneus,-0.0519735300604954,-0.007761943318888173,0.021289035708091715
sub-RID0675,precuneus,0.021187252990935032,-0.016573334951561734,-0.022725368000127345
sub-RID0450,precuneus,-0.018674625419912938,-0.004422197044419692,0.029332713440852275
sub-RID0512,precuneus,0.0009227386776896034,0.0006023742574727273,0.019580597952146027
sub-RID0415,precuneus,0.015288230415520113,-0.01529361040330425,0.058409638510005996
sub-RID0688,precuneus,0.020761306185363832,0.023596931782777532,-0.004631566313773968
sub-RID0785,precuneus,0.003018722529392465,-0.023815554458170796,-0.08948550314826724
sub-RID0666,precuneus,-0.009896271984250206,-0.010725623348882612,-0.01684482454397769
sub-RID0585,precuneus,0.008083469450460474,-0.013046256304174872,0.005825737665092256
sub-RID0662,precuneus,0.008524262386373842,0.0034752506540736542,0.027444800795793454
sub-RID0668,precuneus,0.007718632340611047,0.014500979245354406,0.007111019418805394
sub-RID0454,precuneus,0.0010102011308963045,-0.001527382804459851,-0.015440263317002144
sub-RID0429,precuneus,0.001168681646500263,0.0026712244187539888,-0.01709967767888791
sub-RID0383,precuneus,-0.012473435282700162,0.012394818153903414,0.0069002419909291405
sub-RID0408,precuneus,-0.0062284083505531485,-0.007426374618750916,-0.008271684211059447
sub-RID0572,precuneus,-0.00861450114458957,-0.014653549387323012,0.032951539280362686
sub-RID0596,precuneus,-0.007112662247643287,-0.008216927477150412,-0.016813619145488897
sub-RID0578,precuneus,-0.007168790252541448,-0.017175213876293987,-0.02012020934530422
sub-RID0798,precuneus,0.036818313860067946,-0.014302794419617753,0.02742489068537295
sub-RID0671,precuneus,-0.009308845637097243,0.02248515384822144,-0.011237926563706202
sub-RID0860,precuneus,0.017696713085236557,0.020946740527093576,-0.007450131671897456
sub-RID0440,precuneus,-0.04326758105762375,-0.048246299549010746,-0.07285011985591727
sub-RID0341,precuneus,-0.00849725234995725,0.003936733897138937,-0.018625186405908805
sub-RID0925,precuneus,0.002654583875115403,0.0031018921661875756,-0.0750702090815465
sub-RID0591,precuneus,0.0041816523529378535,-0.009110232828117506,0.057061947861296244
sub-RID0620,precuneus,-0.007286327379551075,0.015985529960332943,-0.025704216404308994
sub-RID0904,precuneus,-0.03632648056331035,-0.0342824702789165,-0.02580125714714072
sub-RID0665,precuneus,-0.0017149571596981488,-0.01382592881076013,0.008556878491216564
sub-RID0681,precuneus,-0.033955516320523606,-0.03304193437280745,-0.05569866178480966
sub-RID0689,precuneus,-0.004184196671670954,-0.0004262326912017482,-0.03107074583981501
sub-RID0784,precuneus,0.024021211925588305,0.012083954492695342,0.015825685826029303
sub-RID0448,precuneus,-0.028735328051648544,-0.026812706335300546,-0.02305221479189786
sub-RID0646,precuneus,-0.026518918856178113,-0.018024304052912613,0.020618395586831276
sub-RID0697,precuneus,-0.012113503972224032,-0.024484011148457704,0.0006131897879162497
sub-RID0679,precuneus,-0.02585587803092118,-0.01848136168411212,0.006399474748305944
sub-RID0673,precuneus,-0.0029685659850230417,0.0002986655711965461,0.01916122140757456
sub-RID0445,precuneus,-0.003808748971386927,0.016082989567185405,0.049120301902278535
sub-RID0660,precuneus,-0.008937940026056846,-0.005300827215035081,-0.018917167394034366
sub-RID0587,precuneus,0.028415343646717082,0.007752538451031435,-0.07761607653021625
sub-RID0652,precuneus,-0.015060073452722169,-0.0068459868422894015,-0.0002903842771764257
sub-RID0658,precuneus,0.0047478705621438345,0.004363744877338519,0.005570223740896033
sub-RID0365,precuneus,-0.014500832403975284,0.006653264848328774,0.017080033664394898
sub-RID0656,precuneus,-0.0028540239907550555,-0.022638049568257674,0.0026523050162553363
sub-RID0522,precuneus,0.0004978496300839543,0.006256920067536082,0.03156732909991407
sub-RID0680,precuneus,0.009092514696775534,0.01026276991128545,-0.006555846861424442
sub-RID0619,precuneus,-0.01124256705784909,-0.01571852678257469,0.0019268863078260078
sub-RID0664,precuneus,0.02515426824131721,0.012741728970545749,0.018403346327581935
sub-RID0583,precuneus,0.02369911883360989,0.02656302184510326,0.03259189618997908
sub-RID0396,precuneus,0.01231530982788846,-0.012345240390144386,0.10038164757970938
sub-RID0372,precuneus,0.03361515167574764,0.02224772363423453,-0.015844218945245743
sub-RID0693,precuneus,0.024160262369275886,-0.004328456365827809,-0.01956146936133512
sub-RID0574,precuneus,-0.03458248147304488,-0.018204637825457403,-0.05924342370255298
sub-RID0597,precuneus,0.006730784191914197,0.0010240905098471,-0.03081551496935982
sub-RID0490,precuneus,-0.004642865851883517,-0.002199062209562772,-0.018364649042599258
sub-RID0670,precuneus,0.00045350716084988383,-0.008076759039739442,0.0077304158239213504
sub-RID0648,precuneus,0.0010189236305788256,-0.0030725201157105683,0.008877691261812003
sub-RID0663,precuneus,0.006657768857259997,0.010608102359111736,0.07767289101260791
sub-RID0455,precuneus,0.007779393818575925,-0.009172616524730103,0.0031033200749012962
sub-RID0659,rostralanteriorcingulate,-0.02366286506558673,-0.0013699859660382318,0.05302365048814691
sub-RID0380,rostralanteriorcingulate,-0.011954840398169263,0.001876390644619771,-0.02412875788048972
sub-RID0420,rostralanteriorcingulate,0.02606055438924567,0.009309004148380007,0.0714473525032174
sub-RID0672,rostralanteriorcingulate,-0.05017772824866683,-0.004601584562826347,-0.013550109175929794
sub-RID0791,rostralanteriorcingulate,0.017714062201399303,0.01320112371349513,0.06398643761371364
sub-RID0595,rostralanteriorcingulate,-0.0278704844743208,0.010691475228138913,0.022056652543780263
sub-RID0571,rostralanteriorcingulate,0.019702982835184596,0.016719104216119017,0.08536063557660242
sub-RID0433,rostralanteriorcingulate,-0.010289887339015258,-0.030601786346939296,-0.028669318186924465
sub-RID0449,rostralanteriorcingulate,0.0005212121281219551,-0.009071450741839682,0.04223495151750636
sub-RID0592,rostralanteriorcingulate,-0.0465699956280135,-0.005122770005070544,-0.007490854214557964
sub-RID0576,rostralanteriorcingulate,-0.04486160480319727,0.00632373108638683,-0.027023959209798314
sub-RID0675,rostralanteriorcingulate,-0.030976687060559668,-0.01801306703651176,-0.038291183484317155
sub-RID0450,rostralanteriorcingulate,-0.004018891338034244,-0.007552470290276134,0.022058824424089938
sub-RID0512,rostralanteriorcingulate,0.48257230928277073,0.11293210225280043,-0.09585165907877578
sub-RID0415,rostralanteriorcingulate,-0.0062670739479396475,0.01461293054182064,-0.04690060222542227
sub-RID0688,rostralanteriorcingulate,-0.004091324675887187,0.016744530249326536,0.053537133827680716
sub-RID0785,rostralanteriorcingulate,0.007024963286465762,0.009155888042164408,0.061148685075013184
sub-RID0666,rostralanteriorcingulate,0.0392009691449816,-0.02796990242975856,0.041765655468659214
sub-RID0585,rostralanteriorcingulate,-0.001996363669555096,-0.008672648784756454,0.14055924213884624
sub-RID0662,rostralanteriorcingulate,0.016522356340670067,0.0029036276842274015,0.04976619878639179
sub-RID0668,rostralanteriorcingulate,0.006685440021374409,0.001364040819351516,0.02842764970034789
sub-RID0454,rostralanteriorcingulate,0.015163780192235679,0.014553591832293543,0.045147515045165766
sub-RID0429,rostralanteriorcingulate,0.0028396233564133185,-0.011068927444337132,-0.024335914291531854
sub-RID0383,rostralanteriorcingulate,-0.03025848710957728,-0.0005938301504331265,0.05474327323006408
sub-RID0408,rostralanteriorcingulate,-0.024513148700503553,-0.007752083941574572,0.010837077039201124
sub-RID0572,rostralanteriorcingulate,-0.027392637064786646,-0.01659672153637301,0.029252864347478123
sub-RID0596,rostralanteriorcingulate,0.005308876126040365,-0.011808573710605572,0.010902074881227493
sub-RID0578,rostralanteriorcingulate,-0.010017862573684642,-0.00042143948104602557,0.06551027369192383
sub-RID0798,rostralanteriorcingulate,0.025689975475699574,0.00836113580981592,0.013905620999117694
sub-RID0671,rostralanteriorcingulate,0.027878806102810596,-0.05827039203601766,-0.40258904832903947
sub-RID0860,rostralanteriorcingulate,0.012754121601183313,0.011711846565207752,0.06677905344568433
sub-RID0440,rostralanteriorcingulate,-0.10147056667191517,-0.13117385201923754,-0.13765057146591608
sub-RID0341,rostralanteriorcingulate,0.012838962537306972,-0.0024295828363581485,0.042019377438757666
sub-RID0925,rostralanteriorcingulate,-0.012101100148786922,-0.00807195124195342,0.020235960563103974
sub-RID0591,rostralanteriorcingulate,-0.018740247223478525,-0.01781767122037647,-0.002787989881895626
sub-RID0620,rostralanteriorcingulate,-0.011563130636127714,-0.006806284041183385,0.052156961726631625
sub-RID0904,rostralanteriorcingulate,0.00854369043901135,0.004592923705455753,0.011845053145527291
sub-RID0665,rostralanteriorcingulate,-0.024884516910642366,0.01902417454042567,0.0817973612050852
sub-RID0681,rostralanteriorcingulate,-0.01918320895462725,-0.01801932489912653,-0.00162063990851787
sub-RID0689,rostralanteriorcingulate,-0.024517056669747322,-0.006952455536520846,0.02491457402793481
sub-RID0784,rostralanteriorcingulate,0.0003487351955725206,0.016688271564942014,-0.030661204305929234
sub-RID0448,rostralanteriorcingulate,-0.002165478896937175,0.007659731017383235,0.041015304458408654
sub-RID0646,rostralanteriorcingulate,-0.01771803714212848,0.00029490478406857175,-0.030345524634486552
sub-RID0697,rostralanteriorcingulate,-0.0018520522214704126,-0.025395891429339536,-0.04224118278177369
sub-RID0679,rostralanteriorcingulate,-0.016016105987776495,-0.007195643482039674,0.06617024205026124
sub-RID0673,rostralanteriorcingulate,-0.04397767213200145,-0.020172462654536892,-0.006889782721944137
sub-RID0445,rostralanteriorcingulate,-0.029916138269501697,0.0008226712366343125,-0.013789328896086079
sub-RID0660,rostralanteriorcingulate,-0.01650471059188059,-0.030753647855064854,-0.07203468063359514
sub-RID0587,rostralanteriorcingulate,-0.02842109793236314,-0.06081021373887755,-0.08904212594194154
sub-RID0652,rostralanteriorcingulate,0.022878017003694916,0.013477800117160744,0.04845120935815018
sub-RID0658,rostralanteriorcingulate,-0.02003629402636435,0.018648843110439715,0.07769521712253699
sub-RID0365,rostralanteriorcingulate,-0.014157898706938548,-0.009188817104069722,0.004249046076924976
sub-RID0656,rostralanteriorcingulate,-0.010476154378190005,-0.0011914608825634547,-0.04250560186869606
sub-RID0522,rostralanteriorcingulate,-0.017102612400482022,-0.0003060384497482915,0.035369394294192606
sub-RID0680,rostralanteriorcingulate,-0.009125013072671408,-0.0019133092733946493,0.054164152375558945
sub-RID0619,rostralanteriorcingulate,-0.024864769917263396,0.027864737042131958,0.03334472321723046
sub-RID0664,rostralanteriorcingulate,-0.045580353286530616,-0.045908642250033764,-0.1375891775448391
sub-RID0583,rostralanteriorcingulate,0.000244405384657714,-0.037783760986736165,0.006125823288409564
sub-RID0396,rostralanteriorcingulate,0.05704513709512151,0.016290273448720468,0.13552828567050204
sub-RID0372,rostralanteriorcingulate,-0.016993304802012534,-0.019882822169423574,0.004911518025979739
sub-RID0693,rostralanteriorcingulate,0.025279005957018843,-0.0011749905662615059,0.015072861228560877
sub-RID0574,rostralanteriorcingulate,-0.03397503519933945,-0.015687667549492287,-0.0034517407161850948
sub-RID0597,rostralanteriorcingulate,-0.035554268764616405,-0.019628455910522008,0.015193261852285487
sub-RID0490,rostralanteriorcingulate,-0.007637076013800788,-0.005206526523193275,0.06769821601062077
sub-RID0670,rostralanteriorcingulate,0.013674541260922596,0.007489945649808778,0.058791929195689936
sub-RID0648,rostralanteriorcingulate,-0.0259200597879036,0.002711577763246406,-0.006741012915206822
sub-RID0663,rostralanteriorcingulate,-0.012616671115916356,0.004921884394298755,0.059970943094225376
sub-RID0455,rostralanteriorcingulate,-0.013714795606303865,-0.007892439128095459,0.048527528178391156
sub-RID0659,rostralmiddlefrontal,-0.001219679024929761,-0.0020222661359677206,0.01739153390043342
sub-RID0380,rostralmiddlefrontal,-0.0030336559071527836,0.022959278255545713,-0.002130931596621702
sub-RID0420,rostralmiddlefrontal,-0.008704829072476095,-0.03985815518144142,-0.013257300851288477
sub-RID0672,rostralmiddlefrontal,-0.02359781481518681,-0.007364369202295557,-0.015529336149835754
sub-RID0791,rostralmiddlefrontal,0.003961120945421249,-0.02062715700693078,-0.028272373531836405
sub-RID0595,rostralmiddlefrontal,0.00095316778430223,0.008156492022869116,0.037430215655889054
sub-RID0571,rostralmiddlefrontal,0.03158069988398587,0.04427665722186178,-0.00017856346351603306
sub-RID0433,rostralmiddlefrontal,-0.011786346691894234,-0.018483312638848105,-0.009617315414838314
sub-RID0449,rostralmiddlefrontal,-0.0003951205897331006,-0.0005330653457662109,-0.02347620120056417
sub-RID0592,rostralmiddlefrontal,0.01410955953853673,0.02225343859219501,-0.0018489296798566166
sub-RID0576,rostralmiddlefrontal,-0.03513969059024365,-0.0014250081439810887,-0.03559180120570353
sub-RID0675,rostralmiddlefrontal,-0.01347833087615852,0.11745279206462154,-0.02570790244900829
sub-RID0450,rostralmiddlefrontal,0.004934990648208297,0.007490108891021155,0.041901449538064045
sub-RID0512,rostralmiddlefrontal,0.08598881030034257,0.056758620072891966,0.1552131785353788
sub-RID0415,rostralmiddlefrontal,-0.017127120853504513,-0.040746584602109205,-0.016686873178307114
sub-RID0688,rostralmiddlefrontal,0.0005902808352456887,0.007643180441385116,0.038193597183830384
sub-RID0785,rostralmiddlefrontal,-0.0023045440438540653,0.012355031170992709,0.1025565897078204
sub-RID0666,rostralmiddlefrontal,-0.010484720358472397,-0.010171951926269249,0.011098822262224984
sub-RID0585,rostralmiddlefrontal,0.0019155603323738936,-0.006887722483289707,-0.025714390853303366
sub-RID0662,rostralmiddlefrontal,-0.020480717398334913,-0.0226117274941268,0.004619541308631537
sub-RID0668,rostralmiddlefrontal,0.018450948615064897,-0.02061808717529271,0.03085575207175562
sub-RID0454,rostralmiddlefrontal,-0.01981233805966158,-0.014520063286631203,-0.011778235778987406
sub-RID0429,rostralmiddlefrontal,-0.018994445253115458,-0.014861937711035172,-0.06060161996516246
sub-RID0383,rostralmiddlefrontal,-0.012096673605754945,0.033661192523291965,0.0010301775885448975
sub-RID0408,rostralmiddlefrontal,0.009832538502070694,0.01108695528428855,0.009820441330292246
sub-RID0572,rostralmiddlefrontal,-0.00956173781425064,-0.011469241944237556,-0.01711194431210878
sub-RID0596,rostralmiddlefrontal,0.005446725326591123,-0.025140937810591516,0.013226720798031048
sub-RID0578,rostralmiddlefrontal,-0.0006140556761752135,-0.021885061917955893,-0.002536763911345379
sub-RID0798,rostralmiddlefrontal,0.037254965545745346,-0.07744882424819932,0.04469007932898766
sub-RID0671,rostralmiddlefrontal,-0.03092513829947968,-0.19207054596664047,-0.6835198586039108
sub-RID0860,rostralmiddlefrontal,-0.01695629034792392,-0.011753808664967842,-0.08381416716481557
sub-RID0440,rostralmiddlefrontal,0.03277767497047672,0.005132798585180016,0.1047338392699159
sub-RID0341,rostralmiddlefrontal,-0.028480405748674414,-0.03268158561001385,-0.04690570986035953
sub-RID0925,rostralmiddlefrontal,0.00990292290402816,0.0063026092650144295,-0.29639951283445315
sub-RID0591,rostralmiddlefrontal,-0.01963736346215587,-0.03347646984287145,-0.06164451135965915
sub-RID0620,rostralmiddlefrontal,0.005175525134767406,-0.012078667432538399,-0.05718894089031143
sub-RID0904,rostralmiddlefrontal,-0.020278866886850752,-0.018926993826000507,-0.014496599174360036
sub-RID0665,rostralmiddlefrontal,-0.016901542991446913,-0.009833263061513851,0.07738912300891596
sub-RID0681,rostralmiddlefrontal,-0.011990318198706208,-0.005858696602655538,-0.03590863046647993
sub-RID0689,rostralmiddlefrontal,0.03928289649700645,0.027337001801844063,0.06457277176403274
sub-RID0784,rostralmiddlefrontal,-0.0027097383104879064,-0.01970931305179218,-0.05196494830069275
sub-RID0448,rostralmiddlefrontal,-0.03525347341162297,-0.043569827766840104,-0.025389337431298648
sub-RID0646,rostralmiddlefrontal,-0.01094904836460665,-0.021024244092864748,-0.02487695892428859
sub-RID0697,rostralmiddlefrontal,0.008652698904364304,0.010443971858244824,-0.05736557841268658
sub-RID0679,rostralmiddlefrontal,-0.020363694673019322,-0.007636292099444891,0.011104556115239455
sub-RID0673,rostralmiddlefrontal,-0.01682378844750152,-0.003922970338238356,-0.010330370817338896
sub-RID0445,rostralmiddlefrontal,-0.02334300701371159,-0.03648020372204387,-0.14933162942978276
sub-RID0660,rostralmiddlefrontal,-0.021193292692882355,-0.0159533187522737,0.00149710088539951
sub-RID0587,rostralmiddlefrontal,0.00403371831826328,-0.019847615429766114,-0.07944405412004527
sub-RID0652,rostralmiddlefrontal,0.004178000361481214,0.01165627564692566,-0.020935350017620088
sub-RID0658,rostralmiddlefrontal,0.029945001813892633,-0.00013511352599993484,-0.03478089687222815
sub-RID0365,rostralmiddlefrontal,-0.008991623932449932,-0.007825458239885284,-0.024820313636446937
sub-RID0656,rostralmiddlefrontal,-0.009929989394631035,8.919060601729913e-05,-0.041375152410750286
sub-RID0522,rostralmiddlefrontal,-0.010498432736387711,-0.01493662912403466,0.0009339408994651872
sub-RID0680,rostralmiddlefrontal,0.022203219242298216,0.034338982127577564,0.02937402558494566
sub-RID0619,rostralmiddlefrontal,-0.0158325920985844,-0.0194197602521654,-0.031914179184159175
sub-RID0664,rostralmiddlefrontal,0.06286062950479263,0.014058804412176513,0.12751878780136836
sub-RID0583,rostralmiddlefrontal,-0.010896751618321564,-0.011110558629839135,-0.05866945305993816
sub-RID0396,rostralmiddlefrontal,-0.024447945290307797,-0.0022787451440491897,0.09698230090294803
sub-RID0372,rostralmiddlefrontal,-0.0054184926004834984,0.004070149669684836,-0.04286226525340129
sub-RID0693,rostralmiddlefrontal,0.022216863555840863,0.06859151427114596,0.14625500362405974
sub-RID0574,rostralmiddlefrontal,-0.06997951696508736,-0.04820473832397398,-0.056277589915043905
sub-RID0597,rostralmiddlefrontal,-0.031164925594587518,-0.008493898968779189,-0.0162006408062096
sub-RID0490,rostralmiddlefrontal,0.004235895657079135,-0.021604124973369748,-0.018082549605884676
sub-RID0670,rostralmiddlefrontal,0.031068962777189242,0.0004097528135811077,0.0148420147092881
sub-RID0648,rostralmiddlefrontal,-0.017450627527756963,-0.02177122102156447,-0.020547287093887135
sub-RID0663,rostralmiddlefrontal,-0.036377789862965595,-0.024060695665124116,-0.04633964302453628
sub-RID0455,rostralmiddlefrontal,-0.002003780135035084,0.007525944964811961,-0.0189478549374459
sub-RID0659,superiorfrontal,0.003418199163249867,0.015917826024700137,0.0030097500936386895
sub-RID0380,superiorfrontal,-0.03122521821900094,-0.005082458860785976,-0.026273695474253022
sub-RID0420,superiorfrontal,-0.008098009216945886,-0.019539501919584385,-0.0025679887340581044
sub-RID0672,superiorfrontal,-0.004693879391205738,-0.0047180801007394154,-0.009850728510751743
sub-RID0791,superiorfrontal,-0.0077491141266104145,-0.004691163870941942,-0.0255934607675905
sub-RID0595,superiorfrontal,-0.01943973228559161,0.0014082324686772243,0.06421704889398734
sub-RID0571,superiorfrontal,-0.0029830691373953244,-0.010959471864506468,-0.05736490239193403
sub-RID0433,superiorfrontal,-0.004762953100775486,-0.013967382896174232,0.042122255859991804
sub-RID0449,superiorfrontal,-0.005852041341139191,-0.002603291058374288,0.0013444048048463263
sub-RID0592,superiorfrontal,0.003381920026067817,-0.002807427265841221,-0.019033884926941944
sub-RID0576,superiorfrontal,-0.052642365832549914,-0.016858606762231616,-0.044835638605914004
sub-RID0675,superiorfrontal,-0.0004577141605843092,0.03664409167288926,-0.04637562508555009
sub-RID0450,superiorfrontal,-0.007163062151875619,-0.012020133669216199,0.13186149038909514
sub-RID0512,superiorfrontal,0.042809324572167934,0.011194302429341744,0.03402114697468043
sub-RID0415,superiorfrontal,-0.02445611417297941,-0.007204926835452958,-0.010795196521185496
sub-RID0688,superiorfrontal,-0.012003799084393332,0.0018684159708736345,-0.015628192882978332
sub-RID0785,superiorfrontal,-0.0023627027778455227,-0.014204605403178205,0.02563586623562913
sub-RID0666,superiorfrontal,0.002541807670475057,-0.043529971520302115,-0.031894671366428325
sub-RID0585,superiorfrontal,0.013130580538302303,-0.003216344127925034,0.0377043667219328
sub-RID0662,superiorfrontal,-0.0026380055446528824,-0.013457069672550991,0.004900070171677664
sub-RID0668,superiorfrontal,0.01036483016904953,0.009882041279760246,0.03417675776045453
sub-RID0454,superiorfrontal,-0.01341709793381415,-0.01153326811864642,-0.0060639623468984084
sub-RID0429,superiorfrontal,-0.01226919287069302,0.005073723900159504,0.013564054797133636
sub-RID0383,superiorfrontal,-0.004387055283977037,0.002836012310699986,0.02912083514571879
sub-RID0408,superiorfrontal,-0.0028057859284610805,0.00799396916240874,-0.002564089280444593
sub-RID0572,superiorfrontal,-0.02562979813496538,-0.03926625762970719,-0.03859947415691705
sub-RID0596,superiorfrontal,-0.003320583856561626,-0.00976139374187795,0.019799713867578422
sub-RID0578,superiorfrontal,0.0037808314749053513,-0.007408499390815245,-0.027845290645295284
sub-RID0798,superiorfrontal,0.04453760597001996,-0.03102186211980181,0.054722358079070665
sub-RID0671,superiorfrontal,-0.014636916457364441,-0.11174167636771486,-0.5337231735324925
sub-RID0860,superiorfrontal,0.0032443152061768198,0.013332346873894582,-0.002002019534679033
sub-RID0440,superiorfrontal,-0.014900676606303913,-0.024055721227521653,-0.011043784144878077
sub-RID0341,superiorfrontal,0.002984066679436531,-0.012762478457939753,-0.04481659080724895
sub-RID0925,superiorfrontal,0.003585856048427024,0.008650911070700498,-0.08442323993309328
sub-RID0591,superiorfrontal,-0.02659458520174763,-0.01731279598634113,-0.05602531512166336
sub-RID0620,superiorfrontal,0.010945041341317732,-0.019835826954612855,-0.06196560607805539
sub-RID0904,superiorfrontal,-0.01971735056495758,-0.01684015744790411,-0.015018596011398518
sub-RID0665,superiorfrontal,-0.001770920029697805,-0.0010889462468255146,0.1007927489706744
sub-RID0681,superiorfrontal,-0.016769339411825977,-0.019270803215854438,-0.025264913322431803
sub-RID0689,superiorfrontal,-0.009055892283803282,-0.006393502747654444,-0.001640098722657827
sub-RID0784,superiorfrontal,0.011719628948277999,0.0006379622944851213,-0.02235268804382491
sub-RID0448,superiorfrontal,-0.012771503120852958,-0.021262171690268172,-0.024709015649891513
sub-RID0646,superiorfrontal,-0.011239422094922609,-0.006349871982342573,0.014349764415237398
sub-RID0697,superiorfrontal,0.02123725539225431,-0.012766072068532362,-0.009461720271369722
sub-RID0679,superiorfrontal,-0.012891947694766528,-0.010782705452699179,0.0107661858493358
sub-RID0673,superiorfrontal,-0.004109665808733921,-0.00648158643561214,0.007693151059609735
sub-RID0445,superiorfrontal,-0.014271770006614382,-0.03304102937470956,-0.13743355631352952
sub-RID0660,superiorfrontal,-0.010428473123870923,-0.016037955796412953,-0.01722312790595059
sub-RID0587,superiorfrontal,-0.005014300782918889,-0.042040308806024614,-0.0721012840366745
sub-RID0652,superiorfrontal,-0.024840525324708308,-0.04267366023743326,-0.015785648740993002
sub-RID0658,superiorfrontal,0.004819397363110193,0.0060521239739879966,0.0004454683139347148
sub-RID0365,superiorfrontal,-0.007321985077283145,-0.020048484993517204,-0.048422221798951344
sub-RID0656,superiorfrontal,-0.025454199307111253,-0.025133724459700062,-0.04407998119206077
sub-RID0522,superiorfrontal,-0.0038665323050110466,0.012480442819116413,0.04993612752163041
sub-RID0680,superiorfrontal,0.01568329898316023,0.011864449293287909,0.055075476853540875
sub-RID0619,superiorfrontal,-0.015399554557396819,-0.00926420746006182,-0.005644657857540511
sub-RID0664,superiorfrontal,0.016351327125487224,-0.01537098387745676,0.06297306535354341
sub-RID0583,superiorfrontal,-0.006828081088945711,-0.032789684231023325,-0.08154769724983497
sub-RID0396,superiorfrontal,-0.008181770269927158,-0.0302337441232065,0.05106350779481346
sub-RID0372,superiorfrontal,-0.00940081797650195,-0.013169467869059915,-0.042578627222997295
sub-RID0693,superiorfrontal,0.017465390897674127,0.015842582678935062,0.019235382472832782
sub-RID0574,superiorfrontal,-0.0416992432809994,-0.016100267984878878,-0.02228493873241236
sub-RID0597,superiorfrontal,-0.012052181135910807,-0.006903601122491117,-0.020962807483740926
sub-RID0490,superiorfrontal,-0.011747348608424095,-0.026803491726602405,-0.01703341329939258
sub-RID0670,superiorfrontal,0.004684969969669442,-0.001877854394819676,-0.00448303784486205
sub-RID0648,superiorfrontal,-0.01322675613517731,-0.0028342750687056764,-0.040271552779319056
sub-RID0663,superiorfrontal,-0.02336906583028428,-0.024516994808537612,-0.02591778946822655
sub-RID0455,superiorfrontal,-0.007477268908239942,-0.011597856365812152,-0.006306254202044295
sub-RID0659,superiorparietal,-0.008103149228076218,0.007545562121497037,0.028172171242225284
sub-RID0380,superiorparietal,0.005596211126675483,-0.009633171212478218,0.06757776388223849
sub-RID0420,superiorparietal,0.010133782567452723,-0.011986244336839301,0.051485758304008526
sub-RID0672,superiorparietal,-0.002922585258750692,0.010217248188087856,-0.010811768887118567
sub-RID0791,superiorparietal,-0.0028590601720245397,-0.025116725299601055,-0.020102889909101765
sub-RID0595,superiorparietal,0.044312635917447094,0.05142819844027598,0.15613956918670552
sub-RID0571,superiorparietal,0.008942430700449222,-0.02256114226533768,-0.05869286671876021
sub-RID0433,superiorparietal,0.006003617037347693,0.01855435280130936,0.09657689086809809
sub-RID0449,superiorparietal,-0.021171905857877114,-0.0041837124310969455,-0.020966664953313445
sub-RID0592,superiorparietal,-0.003085852824819509,0.00626162255613083,-0.000250068580091535
sub-RID0576,superiorparietal,-0.03030602485309269,-0.00233116094441904,-0.10095112884463306
sub-RID0675,superiorparietal,0.07275306205864576,0.051613452411288493,-0.0035673578746829217
sub-RID0450,superiorparietal,0.013873503059867577,-0.014278438067207721,0.057037912211370494
sub-RID0512,superiorparietal,-0.012284612374535242,0.0017205911673607395,0.06268241440444194
sub-RID0415,superiorparietal,0.010759361014057743,-0.026300946678038794,0.13666626848993413
sub-RID0688,superiorparietal,0.0011211830105081588,-0.034284658698626326,-0.13904155773567897
sub-RID0785,superiorparietal,0.0010167569661160667,0.005752024063688248,0.1399191808025657
sub-RID0666,superiorparietal,0.02999321128265178,0.012954119778443277,0.025190238551566466
sub-RID0585,superiorparietal,0.014533745035017183,-0.0014699652826599063,0.06382394886318511
sub-RID0662,superiorparietal,-0.004982396122731267,-0.02124022207570115,0.007966834793979425
sub-RID0668,superiorparietal,0.0032972190144882115,0.006462467701374455,0.043166863762781074
sub-RID0454,superiorparietal,0.008262334632870967,0.01800947812287088,0.020719890912066753
sub-RID0429,superiorparietal,0.0008891223967160539,0.01832247372284643,0.015615593303397953
sub-RID0383,superiorparietal,-0.00797557985995801,0.027946806674439332,0.1482519398187133
sub-RID0408,superiorparietal,0.005857203600660855,0.004244890677883221,-0.010561663322565121
sub-RID0572,superiorparietal,0.01944585584738717,0.02163604560999769,0.18943621752032175
sub-RID0596,superiorparietal,0.009109344793774017,0.00036557005807309344,0.061039506079865476
sub-RID0578,superiorparietal,0.01097359815685977,0.005576866064000002,-0.005034936427144787
sub-RID0798,superiorparietal,0.05200519762004905,0.006646224881201033,0.06893310083683181
sub-RID0671,superiorparietal,8.990404083126519e-05,-0.06716138984987798,-0.3538379604949265
sub-RID0860,superiorparietal,0.007281763303616174,0.03580806544400712,0.014281885089583592
sub-RID0440,superiorparietal,-0.03121753757620847,-0.033879176505405506,-0.0035536855464539385
sub-RID0341,superiorparietal,-0.017617537168907713,-0.01198381524097916,-0.010234058847406855
sub-RID0925,superiorparietal,-0.01953848511383014,-0.024930785332702272,-0.046121671053520635
sub-RID0591,superiorparietal,-4.8859356208178663e-05,-0.006679146481579712,0.10099318201789613
sub-RID0620,superiorparietal,-0.014341169935155705,0.006514501761563819,0.07203887807849196
sub-RID0904,superiorparietal,0.017077540567196417,0.03357986078344196,-0.022448232885091225
sub-RID0665,superiorparietal,0.03862809472905511,0.021271860139962653,0.07233755563384342
sub-RID0681,superiorparietal,-0.031918758998442424,-0.030378488803914822,-0.0835810082521591
sub-RID0689,superiorparietal,-0.0026377034360434517,0.013017610898669221,0.006857212754568728
sub-RID0784,superiorparietal,-0.0037430777755162576,-0.019408155682057778,-0.05690984725279792
sub-RID0448,superiorparietal,0.0496473578357962,0.036104729197322195,0.0409823000901334
sub-RID0646,superiorparietal,0.059576618532215894,0.0416335343311658,0.0909125675671874
sub-RID0697,superiorparietal,0.004069910439083029,-0.00958221293952727,0.04022950575188506
sub-RID0679,superiorparietal,0.030123985991029553,0.025461719213157367,0.048101856948113905
sub-RID0673,superiorparietal,-0.02174410648171167,-0.01600039967618383,-0.09063806330620801
sub-RID0445,superiorparietal,-0.014484220476256159,-0.016135096171301228,0.00020970223460206432
sub-RID0660,superiorparietal,-0.007914179125504095,-0.018914879180964864,-0.04026840252636241
sub-RID0587,superiorparietal,0.016692500554037943,0.019923370515999017,-0.012271193611858298
sub-RID0652,superiorparietal,0.006562397926104919,0.0027190508291385944,-0.001401774936680687
sub-RID0658,superiorparietal,0.025371334898201495,0.010779616411248697,0.02157317793130044
sub-RID0365,superiorparietal,0.005782239514102122,0.0049372312350942265,0.0045760686047984995
sub-RID0656,superiorparietal,-0.011982254963273986,-0.010378137235957726,0.024490741969429804
sub-RID0522,superiorparietal,-0.0018018252235313436,-0.007948486741177176,0.03563711875223196
sub-RID0680,superiorparietal,0.002430465425900881,-0.0004165269394987006,0.05936446905953442
sub-RID0619,superiorparietal,0.006492392636375095,-0.02812210003640088,0.02283014319435697
sub-RID0664,superiorparietal,-0.011273384023226302,-0.012006799937376746,-0.009222302347946994
sub-RID0583,superiorparietal,-0.03140507391409156,-0.03153821605417703,-0.09525550773306432
sub-RID0396,superiorparietal,0.016031274559056372,0.021838724114454467,0.004889512667642504
sub-RID0372,superiorparietal,0.0371394992393186,0.03494934802933057,0.07825294023263123
sub-RID0693,superiorparietal,0.035815070790387316,0.03224581221501965,0.058298031900106906
sub-RID0574,superiorparietal,0.010503425186847371,0.0039218194477635285,-0.03574001728731714
sub-RID0597,superiorparietal,0.004566937066780316,0.01154214330919799,-0.0020612151228735502
sub-RID0490,superiorparietal,0.02183283539858594,-0.005151156268307218,-0.0035920053022271696
sub-RID0670,superiorparietal,0.011377968058665276,0.00031634909632937986,0.03254256982829497
sub-RID0648,superiorparietal,-0.010746247115134474,0.013544831342299972,0.06602775247447823
sub-RID0663,superiorparietal,0.0068812053940018715,-0.01267608112395317,0.009427884858966703
sub-RID0455,superiorparietal,-0.012125011656246002,-0.002408055158525623,0.026051487886351546
sub-RID0659,superiortemporal,0.003553658855658364,-0.0016054238512408726,0.012961802056194476
sub-RID0380,superiortemporal,-0.02634288810497448,-0.004897957457663961,-0.07699905119209609
sub-RID0420,superiortemporal,-0.03201660078327322,-0.011174731430080092,-0.010595926394950127
sub-RID0672,superiortemporal,-0.017906141633362904,-0.009543232665698244,-0.06527526310844112
sub-RID0791,superiortemporal,0.01993216638917582,-0.018900654878225554,-0.06677397047347039
sub-RID0595,superiortemporal,-0.03138459367807792,-0.005049301382770133,-0.029846811614631888
sub-RID0571,superiortemporal,0.03521206220808275,-0.0018662172567781897,-0.02109819312876924
sub-RID0433,superiortemporal,-0.016970955334784116,0.007002882131006087,0.05381592120839312
sub-RID0449,superiortemporal,0.01781666875545195,0.016648420470164894,-0.014826992844464081
sub-RID0592,superiortemporal,0.0050701894752319746,-0.019587883918050306,-0.02804947443652405
sub-RID0576,superiortemporal,-0.02694104078665134,-0.00860022331460444,-0.010970422761979839
sub-RID0675,superiortemporal,0.005462086800775409,0.0977687514955646,-0.06023194691177768
sub-RID0450,superiortemporal,-0.014801717446067966,-0.02441801102304018,-0.03573407519925378
sub-RID0512,superiortemporal,0.003254059005501354,0.009542228702524,0.03170971713114394
sub-RID0415,superiortemporal,0.007673284668617263,-0.009978414857751283,-0.0010557447635602601
sub-RID0688,superiortemporal,-0.022483663944765114,-0.026193367662154427,-0.06213369012257488
sub-RID0785,superiortemporal,0.010901922678419823,0.007707010912317847,-0.013279542193913585
sub-RID0666,superiortemporal,0.015815724042878992,-0.000542380907462647,-0.0007733889308586743
sub-RID0585,superiortemporal,-0.02095034865244955,-0.008409142101317367,-0.06552701445660183
sub-RID0662,superiortemporal,0.009947346780671234,-0.0017522840754705749,-0.023360591520734515
sub-RID0668,superiortemporal,0.028348441736966278,-0.029810959801022822,-0.01008782829271186
sub-RID0454,superiortemporal,0.02285108732267216,0.0054622389758735655,-0.059918810601066234
sub-RID0429,superiortemporal,0.013994189330324227,-0.011804153708255844,-0.0012927628987905496
sub-RID0383,superiortemporal,0.014434470662095392,0.02975004934362371,-0.0037771851642299775
sub-RID0408,superiortemporal,0.006412578084191936,-0.016148665033105053,-0.02869940129125803
sub-RID0572,superiortemporal,0.08224647634947006,0.03280612740132472,0.058828169580859915
sub-RID0596,superiortemporal,-0.020240427156931425,-0.0059207707170493085,-0.00811353840174315
sub-RID0578,superiortemporal,0.010164998815979695,0.004441995487785478,0.01593873270629964
sub-RID0798,superiortemporal,0.07792852607188483,-0.03184958247122718,0.00846650956584619
sub-RID0671,superiortemporal,-0.020621350070324045,-0.1993436772430658,-0.9417152399611537
sub-RID0860,superiortemporal,0.030512819410604363,0.021020495742618207,0.016603830951380932
sub-RID0440,superiortemporal,-0.09827745620085394,-0.08800505936254306,-0.055912155679898684
sub-RID0341,superiortemporal,-0.017015713039621995,0.0056103098331290804,-0.06512775573703346
sub-RID0925,superiortemporal,-0.0090145881542468,-0.02874449576764871,0.07853239472604623
sub-RID0591,superiortemporal,-0.0017493092157436325,0.002833830254784542,0.024998853739813167
sub-RID0620,superiortemporal,-0.008102223375497992,0.0023681872974408236,0.016338544295823175
sub-RID0904,superiortemporal,-0.0051350213016043015,-0.0055420441044384495,-0.014693920678763017
sub-RID0665,superiortemporal,0.027784369436706927,0.012531733773384127,0.06823707681260564
sub-RID0681,superiortemporal,-0.04811802703124295,-0.02924141615327228,-0.10056749632731848
sub-RID0689,superiortemporal,-0.015782748760624566,-0.0011836484570086794,-0.013183958711835812
sub-RID0784,superiortemporal,-0.01101669149047053,0.007354877480817239,-0.06386027848891919
sub-RID0448,superiortemporal,-0.008520469615421694,0.03550526398176816,0.0392709980540559
sub-RID0646,superiortemporal,-0.005249217979599968,-0.018743013158347865,-0.040769942615419254
sub-RID0697,superiortemporal,0.0029340224231414014,-0.008231249889280106,-0.04738932710298425
sub-RID0679,superiortemporal,0.011077115423597132,-0.010562657130864588,-0.004340101172214602
sub-RID0673,superiortemporal,-0.0064171946301215975,-0.015325691010290708,0.004227665075570739
sub-RID0445,superiortemporal,-0.033980119492708696,-0.022377117951429604,-0.07090418077656016
sub-RID0660,superiortemporal,0.024985159115984163,-0.02253967241671517,-0.0273829633206231
sub-RID0587,superiortemporal,0.034979499777689486,-0.011662237041938457,0.04289677536058967
sub-RID0652,superiortemporal,0.003089740217667997,0.00010178131157527365,-0.005397289512030307
sub-RID0658,superiortemporal,0.0019209329192063059,-0.0023443759795339653,0.020543372754874462
sub-RID0365,superiortemporal,0.0006909353812006257,-0.01919073428473275,0.022484884105832673
sub-RID0656,superiortemporal,-0.008249325887860221,-0.009848955199021882,-0.05851445459591766
sub-RID0522,superiortemporal,0.016432112071238483,-0.011785451647444704,0.01025102063690124
sub-RID0680,superiortemporal,0.05988263550293204,0.02767125394118796,0.03751986777027696
sub-RID0619,superiortemporal,-0.014467894021568143,-0.005227934727249977,-0.026280710748495015
sub-RID0664,superiortemporal,0.0071920150432210825,-0.01665888244272228,-0.015280201366438192
sub-RID0583,superiortemporal,-0.029619436812888023,-0.01128313908691279,-0.057553417856372746
sub-RID0396,superiortemporal,-0.012372270010828326,-0.029597053688603464,0.023966130621964614
sub-RID0372,superiortemporal,0.0290085663819257,-0.023536155573354426,-0.04417020406302029
sub-RID0693,superiortemporal,0.013308069742058387,-0.017114189268255947,-0.05768649761019333
sub-RID0574,superiortemporal,-0.02882537879761685,-0.017298809444776065,-0.0068301553635906325
sub-RID0597,superiortemporal,0.0016933346335415902,-0.03734732386337395,-0.05736833247916156
sub-RID0490,superiortemporal,-0.049877313665596924,-0.010328093882211961,-0.00935303112776406
sub-RID0670,superiortemporal,0.03513238315348143,-0.01712675864869532,0.026580201241823264
sub-RID0648,superiortemporal,-0.053744248722720815,-0.014148915119864902,-0.040850446711272956
sub-RID0663,superiortemporal,-0.011977619992268205,-0.009394519342093883,-0.032207876026401384
sub-RID0455,superiortemporal,0.01358829734740346,-0.002528676349222585,0.010334674500171784
sub-RID0659,supramarginal,-0.0021497377653115963,0.0067631297732412025,0.017684462811748295
sub-RID0380,supramarginal,-0.010081387323166898,-0.004846191195288618,0.02952568445035529
sub-RID0420,supramarginal,-0.008042309812889361,-0.0068579220489743764,-0.004506920615737159
sub-RID0672,supramarginal,0.0008243962187319721,-0.015345517320364927,-0.005043613654747315
sub-RID0791,supramarginal,0.019838172766566214,-0.007081962456609432,-0.023435999688409256
sub-RID0595,supramarginal,-0.02976166266661553,-0.03903969714066015,0.060963026697767174
sub-RID0571,supramarginal,0.01659402148414906,-0.013092121668205926,-0.030756149339084594
sub-RID0433,supramarginal,-0.03735701608360323,-0.0003287974821341323,0.09464267252489429
sub-RID0449,supramarginal,-0.021573313245236994,0.01694763398873633,-0.007872114358713383
sub-RID0592,supramarginal,0.025700224916595855,0.002065337293308931,0.021409413251770787
sub-RID0576,supramarginal,-0.03178828569269865,0.0018033976673850107,0.017275403095144498
sub-RID0675,supramarginal,0.005596428151479324,0.05298951509783489,-0.0750153553197483
sub-RID0450,supramarginal,-0.004796769799425972,-0.012607333486181855,0.027341384959179357
sub-RID0512,supramarginal,0.011950625713346593,-0.018131221112143787,-0.058459066826416765
sub-RID0415,supramarginal,0.012840556340070515,-0.005676938217451626,-0.0062962202327862034
sub-RID0688,supramarginal,0.003971292956725399,-0.003201796446295218,-0.10556987243781349
sub-RID0785,supramarginal,-0.011400992950354034,-0.024881239191922425,-0.0606539260543156
sub-RID0666,supramarginal,-0.028093710026172593,-0.012630864109146496,-0.009853003277656097
sub-RID0585,supramarginal,0.010273436547643854,-0.002690794700597993,-0.006449708277828249
sub-RID0662,supramarginal,0.02044190345170262,-0.0007177128856604244,0.017713886362741037
sub-RID0668,supramarginal,0.013567658215108316,0.006606452434536765,0.00866400449006197
sub-RID0454,supramarginal,0.010201108179445598,-0.012144445107271716,0.02665042865448689
sub-RID0429,supramarginal,0.013515048993163204,-0.00707255962589659,0.034435300282075816
sub-RID0383,supramarginal,0.00493853825055836,0.021350974091264692,0.06616853470119648
sub-RID0408,supramarginal,-0.004491057193161989,-0.03981523762766113,-0.022745881867127442
sub-RID0572,supramarginal,0.021151874578842038,0.010409151483450828,0.05922822242168324
sub-RID0596,supramarginal,-0.0045368419628866695,-0.010287506936164842,-0.022072424381661782
sub-RID0578,supramarginal,-0.0003361078873573612,0.013469593062674862,0.036841228267468315
sub-RID0798,supramarginal,0.09311159765432112,-0.011930196782779328,0.020486818017884437
sub-RID0671,supramarginal,0.005399937694291111,-0.16721545340164914,-0.7567646060571364
sub-RID0860,supramarginal,0.0021539889358637844,0.018118094161183977,0.03825232595259207
sub-RID0440,supramarginal,-0.04850954540371811,-0.04008883284324446,0.02033684154345139
sub-RID0341,supramarginal,-0.018430891777288492,-0.022591350986583818,-0.025879648314744468
sub-RID0925,supramarginal,-0.11808472453533948,0.06554740345786014,-0.010550197744364132
sub-RID0591,supramarginal,-0.018734807453206274,0.0023897403798412284,0.05513073991659337
sub-RID0620,supramarginal,-0.015787442582520753,-0.02296583425297615,-0.129096597314737
sub-RID0904,supramarginal,0.01694558021863898,0.027681938143116966,0.0021163442129586416
sub-RID0665,supramarginal,0.018649909031474534,-0.0025322629020848968,-0.014815726600762002
sub-RID0681,supramarginal,-0.023912061451239815,-0.03054284039825034,-0.04716839197803991
sub-RID0689,supramarginal,0.006666476895473382,0.01341655491786193,0.007185895502775968
sub-RID0784,supramarginal,-0.006628756448277596,-0.014249876515786753,-0.012746042179309545
sub-RID0448,supramarginal,0.004827698389736078,-0.010374796326736227,-0.05598815518455836
sub-RID0646,supramarginal,0.0061483011484236415,-0.027569689900780948,0.012939859942014947
sub-RID0697,supramarginal,-0.0011163914708196205,-0.003988391336549345,0.05865960922769416
sub-RID0679,supramarginal,0.027686376272298252,0.009434699552079696,-0.006300969684233561
sub-RID0673,supramarginal,-0.019677130565834183,-0.04110162589734501,-0.08828638793477141
sub-RID0445,supramarginal,-0.033077128154171874,-0.062469915152792196,-0.1700460070865725
sub-RID0660,supramarginal,0.02946563647039225,0.006860039667567894,-0.015835287734425118
sub-RID0587,supramarginal,0.04302693437710995,-0.008644142694915464,0.022171548003209047
sub-RID0652,supramarginal,-0.017848849652149654,-0.019836240191060714,0.024564430719244613
sub-RID0658,supramarginal,0.018741707800051886,0.01896841593060218,0.03263528111353741
sub-RID0365,supramarginal,0.028899385224807204,0.02130443887206274,0.008439094363901702
sub-RID0656,supramarginal,-0.00388663141448994,0.00825071427434062,-0.04141874742046417
sub-RID0522,supramarginal,0.0003168741999552488,-0.02531463880609255,0.0072349790073588036
sub-RID0680,supramarginal,0.04366777617568676,0.007409352854228804,-0.0017831371120738757
sub-RID0619,supramarginal,0.007700464755236705,-0.01918964729336522,-0.029503254352576155
sub-RID0664,supramarginal,0.006345326936410945,-0.011515866457476775,0.0031722601631388424
sub-RID0583,supramarginal,-0.029080206017874175,-0.04528885764739559,-0.18108387050096947
sub-RID0396,supramarginal,-0.006396574156936843,-0.023062411035369438,0.13450897210993712
sub-RID0372,supramarginal,0.03784054843716466,-0.0019842372368248326,0.03831991362204419
sub-RID0693,supramarginal,0.019812506233112065,0.01389795778890092,0.003418918898253013
sub-RID0574,supramarginal,0.004937407979317007,0.009785761166776317,-0.025140319624563225
sub-RID0597,supramarginal,0.005903084030451556,-0.014290265500030394,-0.018885349888103017
sub-RID0490,supramarginal,-0.0013260783304688483,-0.005872174805053518,0.0212068783301978
sub-RID0670,supramarginal,0.01852741622134783,0.006046953631482299,0.03524230865480866
sub-RID0648,supramarginal,-0.03968279302328514,-0.055746814630686724,-0.019918573040614482
sub-RID0663,supramarginal,-0.019329881710210908,0.006122425985591878,-0.029515051610122054
sub-RID0455,supramarginal,0.009586761134628983,0.0038621905043652767,0.030515670290853735
sub-RID0659,transversetemporal,-0.009422166991696875,-0.026463693501840007,0.05770286514228538
sub-RID0380,transversetemporal,-0.019350454874004556,-0.010709724956561304,-0.06100156126372439
sub-RID0420,transversetemporal,-0.003376587214432899,-0.013915723830636594,0.0031811412524093293
sub-RID0672,transversetemporal,-0.01124452142608683,0.006901502703038037,-0.00812539111218354
sub-RID0791,transversetemporal,0.016610139258746298,-0.02279548361696828,-0.08311644024425843
sub-RID0595,transversetemporal,-0.01356630828148546,-0.005414296585978432,-0.020797419043402404
sub-RID0571,transversetemporal,0.0472310527516391,0.0027347516420277826,-0.0014759289296709813
sub-RID0433,transversetemporal,0.017376701437903028,0.017262555916571914,0.060512749383875006
sub-RID0449,transversetemporal,-0.01722421865773976,0.004728756835344831,0.04698806381511866
sub-RID0592,transversetemporal,0.02520469566444233,-0.010038259501562417,-0.05235163500065914
sub-RID0576,transversetemporal,-0.002339668134043115,-0.04173274475155188,0.0372779088350591
sub-RID0675,transversetemporal,0.022515273459531297,0.13492439985948057,-0.06327546031122744
sub-RID0450,transversetemporal,-0.0009481235791023839,-0.020205446575903983,-0.03787935983331041
sub-RID0512,transversetemporal,0.08118421322477036,0.016369955029844882,0.03374318919794557
sub-RID0415,transversetemporal,0.01872640946071018,0.011693502510294945,-0.039347771763175554
sub-RID0688,transversetemporal,-0.023005290784681474,-0.017284986302924375,0.0034615672561004716
sub-RID0785,transversetemporal,-0.02438535183041388,2.958445309188497e-05,-0.04871744237954127
sub-RID0666,transversetemporal,0.02971982303674858,0.04839709650869964,0.009475762804481558
sub-RID0585,transversetemporal,0.005128285123908104,-0.014192797607950712,-0.09953416615720691
sub-RID0662,transversetemporal,0.008820258359878309,-0.001429836226569149,0.003862772139044471
sub-RID0668,transversetemporal,0.019270802390691656,-0.03494939279362153,0.0167311284736643
sub-RID0454,transversetemporal,-0.005014444516125974,-0.01677139214825458,0.05276674658183261
sub-RID0429,transversetemporal,0.021142032371307885,-0.010203892386729772,0.03901278766243199
sub-RID0383,transversetemporal,0.050320790776075826,0.07638863641289435,0.018447664268431814
sub-RID0408,transversetemporal,0.05551030462233815,0.0037728355604688983,0.0029019832822472177
sub-RID0572,transversetemporal,0.0034116380591679984,-0.001194512867380515,-0.02071973560412131
sub-RID0596,transversetemporal,-0.009176255482333251,0.017623870149828164,0.05343293707979417
sub-RID0578,transversetemporal,-0.0015059038620451584,-0.014595522165505706,-0.009564799944881294
sub-RID0798,transversetemporal,0.08933873468746459,-0.014231334362708936,0.07398028003556661
sub-RID0671,transversetemporal,0.005781400221138356,-0.2395233211712461,-1.0107275492691108
sub-RID0860,transversetemporal,-0.03726466383593433,0.0029129828922122023,0.007056827617546699
sub-RID0440,transversetemporal,-0.05675666306949121,-0.06720736001532412,0.11132995624454554
sub-RID0341,transversetemporal,-0.02629966152312577,-0.010398075563233963,-0.09060834370229101
sub-RID0925,transversetemporal,0.012474205660428807,-0.01715888720898936,0.3138677083532529
sub-RID0591,transversetemporal,-0.03163699254807964,0.01288530115656875,0.05404850975973909
sub-RID0620,transversetemporal,-0.05832891152902359,-0.006768357483068616,-0.05027690883540391
sub-RID0904,transversetemporal,-0.07047892874947123,-0.019907461086259584,-0.005093170127919065
sub-RID0665,transversetemporal,0.0030071203263309027,0.017651194695187257,0.04844119718238634
sub-RID0681,transversetemporal,-0.015031082981596399,0.011436326555497608,-0.010123791052410326
sub-RID0689,transversetemporal,-0.014073759195706664,-0.0030867163014633835,0.025289085814198583
sub-RID0784,transversetemporal,-0.03324417396518327,-0.03858681801397796,-0.048589662762420924
sub-RID0448,transversetemporal,0.016323545716521927,0.017506647854553945,0.05275210528261824
sub-RID0646,transversetemporal,-0.02048358207965208,-0.02726093180326099,-0.03707092765747168
sub-RID0697,transversetemporal,0.021793120450172395,0.009415045334356458,0.0475569167206776
sub-RID0679,transversetemporal,0.061327703509050875,0.005068780442689537,0.0006446479857873833
sub-RID0673,transversetemporal,0.017990411838902785,-0.0025608196819988612,-0.05182520043068344
sub-RID0445,transversetemporal,-0.03594326367544614,-0.06117719886298727,-0.06629572584820705
sub-RID0660,transversetemporal,0.035737050497618196,0.0031495659987295426,0.014332600895707332
sub-RID0587,transversetemporal,-0.014234694966308224,0.017782293038358984,0.10812621729987017
sub-RID0652,transversetemporal,-0.033523936391110475,0.02107831498210027,0.008895489788982197
sub-RID0658,transversetemporal,-0.007570596568556614,-0.008353103818363124,-0.03388641553218172
sub-RID0365,transversetemporal,0.017684983460687382,0.02719586147395951,-0.002210015868237114
sub-RID0656,transversetemporal,0.003817899720110826,-0.00214283982147867,-0.09116438575486199
sub-RID0522,transversetemporal,0.0360234088578063,-0.03366161246513719,-0.0232834078578563
sub-RID0680,transversetemporal,0.026339719988138388,0.024884358944598364,0.016188260267649107
sub-RID0619,transversetemporal,-0.00036955777015606773,0.011174836050547147,0.05783734063217454
sub-RID0664,transversetemporal,-0.002250780049627013,-0.028678234794960726,-0.014106247178855336
sub-RID0583,transversetemporal,-0.015537837308828234,-0.018303218511958198,-0.02123055404359729
sub-RID0396,transversetemporal,-0.01247714867827873,-0.019657054917871526,-0.04766871965256863
sub-RID0372,transversetemporal,0.04061570518554352,0.02938634546158773,0.016964975601420663
sub-RID0693,transversetemporal,0.026279234829566823,-0.005660899832898735,-0.05510984173524341
sub-RID0574,transversetemporal,-0.024711080458026027,-0.018500720271460488,0.048199554749680865
sub-RID0597,transversetemporal,0.011436821214077861,-0.0011697408905399788,0.009329131873640399
sub-RID0490,transversetemporal,-0.02982153407652031,0.013390983629687893,0.036629004898773035
sub-RID0670,transversetemporal,-0.00297567035794864,0.021422664492230355,-0.007929340428467832
sub-RID0648,transversetemporal,-0.011611978633226893,0.007037005296356515,-0.03730484294700193
sub-RID0663,transversetemporal,0.006971213858109942,0.04326901000366766,0.008746025023846072
sub-RID0455,transversetemporal,0.009329602027869106,-0.018042061252148495,-0.023746400850498187
