Subject,Region,PET AI Original,PET AI Recon,ASL AI
sub-RID0365,Accumbens,0.014202208959494127,0.002691346938289409,-0.004824227767387482
sub-RID0592,Accumbens,0.0011263137896601163,-0.002805370581161923,0.09539895228045493
sub-RID0662,Accumbens,0.011945600616511292,-0.013256488103755197,-0.010719994674700103
sub-RID0522,Accumbens,0.015424389146466546,-0.018014760649804017,0.041470796887543876
sub-RID0587,Accumbens,0.039334367855946684,-0.007843774567215887,0.0015888776216330847
sub-RID0663,Accumbens,1.8788085351200822e-05,0.010476461025999148,-0.00778975915285101
sub-RID0648,Accumbens,-0.05441693837037555,0.010971161831752669,-0.015155363752775985
sub-RID0675,Accumbens,0.031752549046771994,0.0272163669973515,0.09066874080954475
sub-RID0372,Accumbens,0.009365229092551369,2.3629441464645595e-05,0.004767099240856641
sub-RID0585,Accumbens,0.02625459263677724,0.01551165336534886,0.09191935022421331
sub-RID0660,Accumbens,-0.01252340032302039,0.02743331679849773,0.02815185853546148
sub-RID0591,Accumbens,-0.05074936838474724,0.006496218813423961,0.041969445547850905
sub-RID0659,Accumbens,0.0016496878986820352,-0.015981032026259206,0.10164582121285003
sub-RID0597,Accumbens,0.06362355688527085,0.08000934495221142,0.07530722852159628
sub-RID0672,Accumbens,-0.008647186304833455,0.03012961147784584,-0.009971292597632065
sub-RID0449,Accumbens,0.010026594271971476,0.018291540635911752,0.02430520398127595
sub-RID0666,Accumbens,0.011655713755221255,-0.02209848235354431,0.002482175698111927
sub-RID0596,Accumbens,-0.04334041820918024,-0.00691922008820606,0.02051471526137596
sub-RID0658,Accumbens,0.06393789458248865,0.013537904572031722,0.06599583556947493
sub-RID0583,Accumbens,0.015339445274674953,0.009795950387302781,0.08937755857447206
sub-RID0448,Accumbens,0.009624965417077143,0.0049744811638389765,0.07929169263326553
sub-RID0415,Accumbens,-0.053615153770014724,-0.041142329081378555,-0.0643197066270139
sub-RID0673,Accumbens,0.0030420387257208592,-0.018259910749185662,0.005009043238655242
sub-RID0688,Accumbens,0.009010256989400575,-0.018311416430839816,0.0134312764039656
sub-RID0670,Accumbens,-0.00029293645920341573,0.0006313229983035287,0.028313909152192594
sub-RID0578,Accumbens,0.02238322953712666,0.05772100432451122,-0.014831042642180704
sub-RID0785,Accumbens,0.026972615867369962,0.04314526468448833,0.23779666261154575
sub-RID0595,Accumbens,0.032575888772898506,-0.016907871547293042,0.2635778159070128
sub-RID0665,Accumbens,-0.024889999320265685,0.04667516633961775,0.2523157465705937
sub-RID0429,Accumbens,-0.03931430099208018,-0.011821832054433786,0.023578311098752497
sub-RID0784,Accumbens,0.05823359557524473,0.034505578048117325,-0.06425187023222578
sub-RID0689,Accumbens,0.02203554366489797,0.02429071697198158,0.0244866409772484
sub-RID0671,Accumbens,-0.08511631905268861,-0.11662463544789779,-0.5240011503816006
sub-RID0860,Accumbens,0.07878384007420876,0.051367352773736795,0.01438088128464626
sub-RID0925,Accumbens,-0.02022879783285146,-0.018156505314471046,-0.06366041640686665
sub-RID0664,Accumbens,0.04815393754019473,0.05516406503654973,0.08497798273747227
sub-RID0791,Accumbens,0.0413137745631707,0.035165142468433976,-0.03811058141867344
sub-RID0668,Accumbens,0.01342198244179801,-0.034919164564860126,0.010555640466553348
sub-RID0656,Accumbens,0.008823805211718348,0.03781632026652922,0.07498951197703754
sub-RID0620,Accumbens,0.007293802182966639,-0.00457320774477314,-0.269389735333186
sub-RID0396,Accumbens,0.03880764624728901,-0.007300996700283492,0.061066636700582086
sub-RID0383,Accumbens,0.027875901018382675,0.058016731339166044,0.11678872721797443
sub-RID0574,Accumbens,-0.023226449864350317,-0.047672764602379715,-0.035179133012070894
sub-RID0380,Accumbens,-0.03674944879395069,-0.033123692605227205,-0.2471480840967267
sub-RID0445,Accumbens,-0.10019043526653673,-0.026938504298921678,-0.044389912486973916
sub-RID0576,Accumbens,-0.06332295366835548,-0.05048572962645831,-0.023981036652536328
sub-RID0450,Accumbens,-0.05863402447263562,-0.031677653871867224,0.10813758199330885
sub-RID0433,Accumbens,-0.02367952217433339,-0.014577072471507344,-0.03598020561975705
sub-RID0693,Accumbens,0.08539984591972366,0.03487731799008224,-0.08030627299873022
sub-RID0490,Accumbens,-0.008716659082158048,0.019526075487091146,-1.0429970830880264
sub-RID0798,Accumbens,0.03858413307198017,0.04608438008385569,0.1072569750477841
sub-RID0420,Accumbens,-0.006600304845662568,0.0009049202264032547,0.1372250976835126
sub-RID0646,Accumbens,-0.001110010955099193,-0.025012668857873947,-0.05176712956684871
sub-RID0341,Accumbens,0.026734618396267295,0.01210961548361097,-0.03427760277825002
sub-RID0680,Accumbens,0.007961787353234702,0.015266011654870659,0.14134705534492006
sub-RID0652,Accumbens,-0.03642302573966975,-0.06697047710412292,-0.01222319311464564
sub-RID0679,Accumbens,0.007306059210421057,-0.05257886495432457,-0.0439998248585076
sub-RID0681,Accumbens,-0.07591998801646505,-0.08057209725254837,0.09279680952330834
sub-RID0512,Accumbens,0.22659350304640857,0.15054295120420152,0.21728333210142842
sub-RID0571,Accumbens,-0.00140125392510547,-0.008807544189436764,0.011454121813527788
sub-RID0572,Accumbens,-0.03563616101663777,-0.022152262606033014,-0.0274916486705872
sub-RID0619,Accumbens,-0.004653371329327206,-0.01324661352545336,-0.008865602195378491
sub-RID0697,Accumbens,-0.0028746759534547433,-0.04264660467933457,-0.12127523304803026
sub-RID0454,Accumbens,0.02564121390153163,0.012239495788195632,-0.04013317427764852
sub-RID0440,Accumbens,-0.03192097394804434,-0.02823029645494255,0.023735742389303163
sub-RID0904,Accumbens,-0.0722820831970382,-0.03786280130829506,-0.0499232979034195
sub-RID0455,Accumbens,0.0055774075001631595,0.0018294703396113828,0.023101777249987947
sub-RID0408,Accumbens,0.017679679845474774,0.007999171285776291,0.07200353271655363
sub-RID0365,Amygdala,-0.001141828431504312,-0.0172416628496448,0.010289247220988638
sub-RID0592,Amygdala,0.007371147283477177,-0.0036470212784012815,-0.0025479618662374985
sub-RID0662,Amygdala,0.0054010865071188975,-0.007179851540829221,-0.01707333880922735
sub-RID0522,Amygdala,0.029424181816484873,-0.041990481958703266,-0.01547798076355468
sub-RID0587,Amygdala,-0.006186201461125044,-0.015119527903378211,-0.05466788603748914
sub-RID0663,Amygdala,-0.00792650021639868,-0.004139054884576098,0.043610491450941674
sub-RID0648,Amygdala,-0.024808659328889742,0.019978802771557162,0.026177516385749586
sub-RID0675,Amygdala,0.03313898702832868,0.004802869206207471,-0.14040246825748562
sub-RID0372,Amygdala,0.008542448704805113,-0.009582187166409885,0.057363803536578425
sub-RID0585,Amygdala,-0.013468677085903177,0.01212355476166574,0.011328367090327028
sub-RID0660,Amygdala,0.021952244604564113,-0.032256736320052895,-0.05860819236754847
sub-RID0591,Amygdala,0.002636500011784541,-0.02459737291888326,0.08553631256906892
sub-RID0659,Amygdala,-0.015258988323464092,-0.021219587136703768,0.09968194726767379
sub-RID0597,Amygdala,0.0033894973833879663,-0.013963995189141933,-0.03170729534274745
sub-RID0672,Amygdala,-0.012926924926985705,-0.005649632719073371,-0.04310406365153267
sub-RID0449,Amygdala,0.039706725958337456,0.037871355041987916,-0.00858969152431183
sub-RID0666,Amygdala,0.01987409878938657,0.011602799882584938,0.0009559330940070896
sub-RID0596,Amygdala,-0.006497079448164261,-0.013298081817628217,0.08355680701002581
sub-RID0658,Amygdala,0.029618561121613693,0.0316188106491519,0.06697805808015017
sub-RID0583,Amygdala,-0.013713063475894023,0.022781704903219673,-0.009018548956135786
sub-RID0448,Amygdala,0.032899532990750165,0.06961899722584862,0.0059753233512620406
sub-RID0415,Amygdala,-0.0024771402558214405,-0.05231572828458102,-0.027556280844771297
sub-RID0673,Amygdala,0.005589430691471214,-0.029414580949189115,-0.011591593791743121
sub-RID0688,Amygdala,0.0024520646599378226,0.004507584537607907,-0.037115260180862086
sub-RID0670,Amygdala,0.0017500262909803416,-0.012957994925826413,0.0038190183181587354
sub-RID0578,Amygdala,-0.010766537749647006,-0.004010717728603852,-0.003121097134904107
sub-RID0785,Amygdala,0.02346905496019343,0.019779343244670924,0.047817891191441246
sub-RID0595,Amygdala,-0.08823628623118693,0.01617229370074138,0.02466508948756838
sub-RID0665,Amygdala,0.017007182363187916,0.0652971407594879,0.24212667673113364
sub-RID0429,Amygdala,0.004021980033851472,-0.016671043587310655,-0.0649600246959876
sub-RID0784,Amygdala,0.011384281765019245,0.02763387644381976,-0.05204528036733688
sub-RID0689,Amygdala,-0.04674195914947286,-0.032111316564612774,-0.054961584807309324
sub-RID0671,Amygdala,-0.04456666121021337,-0.14325191934716283,-0.468040255916315
sub-RID0860,Amygdala,-0.02585537561170341,-0.05451109076496804,0.01677165948701102
sub-RID0925,Amygdala,0.008301838538091614,-0.016352566839248336,-0.0069715552226217465
sub-RID0664,Amygdala,0.025358128186005392,0.011611388769214314,-0.06096479334654788
sub-RID0791,Amygdala,0.019594507542715925,-0.029085512466856926,-0.014846230339316178
sub-RID0668,Amygdala,0.004546226238902494,0.024992424792517228,-0.004277406010137941
sub-RID0656,Amygdala,-0.03284116080011992,0.027524944439672187,-0.04825227603217147
sub-RID0620,Amygdala,0.0025473174444011638,0.007244338033268847,-0.0021746199148785493
sub-RID0396,Amygdala,0.006552373297382314,0.007713362275428874,-0.006652088544153316
sub-RID0383,Amygdala,-0.07235677595378404,-0.05713748300661258,-0.01510407956700905
sub-RID0574,Amygdala,-0.05400901334849988,-0.04407865297584127,-0.07892880392386559
sub-RID0380,Amygdala,-0.017337561493649338,-0.03092428156684421,-0.08108735247793572
sub-RID0445,Amygdala,-0.03941953399320775,-0.06632069996946961,-0.08547656618862182
sub-RID0576,Amygdala,-0.003704366238162425,0.007761025933774096,-0.048454874692503494
sub-RID0450,Amygdala,-0.04700017535876748,-0.054965634415345854,-0.007783766896101173
sub-RID0433,Amygdala,-0.01106048759231151,0.0031255355597651384,0.013553193919057377
sub-RID0693,Amygdala,0.003289135345953879,0.011248577202363589,-0.10704767955418383
sub-RID0490,Amygdala,0.016866363118285717,0.0407170180403311,0.04308860236027301
sub-RID0798,Amygdala,0.07698250221363002,0.03963722638588315,0.015905837854212866
sub-RID0420,Amygdala,-0.041406665299336204,-0.0025631526450998385,-0.015513999372095976
sub-RID0646,Amygdala,-0.015225510340686298,-0.006441986338303222,-0.0656989038698608
sub-RID0341,Amygdala,-0.01090459602908579,0.014590614701627357,0.03568777552891696
sub-RID0680,Amygdala,0.052997681083448975,0.0051078419837245785,-0.040393582478499085
sub-RID0652,Amygdala,0.013754630523062673,-0.004403194903355275,-0.020695657022749524
sub-RID0679,Amygdala,0.032814334109469344,0.027322226202961142,0.00031519741002561613
sub-RID0681,Amygdala,-0.02505301632588809,-0.0426237029179551,0.005797291022618394
sub-RID0512,Amygdala,0.3268422732901055,0.17844788423432867,0.03499030579040711
sub-RID0571,Amygdala,-0.008452984898691254,-0.012610475431054122,-0.029326781926898565
sub-RID0572,Amygdala,0.05329594603441817,-0.030453400406180164,-0.054149711890458425
sub-RID0619,Amygdala,-0.006661063783691576,0.0009513520456691962,0.025212866422774257
sub-RID0697,Amygdala,-0.018114051400804406,-0.05793488747297029,-0.007665614467203695
sub-RID0454,Amygdala,-0.007846290949817012,0.02200825818152458,-0.007636806481293618
sub-RID0440,Amygdala,0.030017270701952044,-0.024875474209698396,0.02792875467400626
sub-RID0904,Amygdala,0.01791682106442208,0.014420719589552685,0.01966111517512755
sub-RID0455,Amygdala,0.022702198941782152,-0.02263313978760284,0.0013502469745581486
sub-RID0408,Amygdala,-0.021397540093278634,-0.009961380801789103,-0.036405824738920636
sub-RID0365,AngularGyrus,-0.033877232896368244,-0.056318104773676936,-0.05064538978206316
sub-RID0592,AngularGyrus,-0.02774150001662934,-0.022274586824467684,-0.06836407001422927
sub-RID0662,AngularGyrus,-0.0325255770666892,-0.03590313395589959,-0.0006567420612354752
sub-RID0522,AngularGyrus,-0.009174283058881648,-0.01612349369980328,0.007583787165458573
sub-RID0587,AngularGyrus,0.027381196218382173,-0.01441624157640529,-0.05154435094703327
sub-RID0663,AngularGyrus,-0.056212759975616804,-0.011087169490413776,0.025251350757653078
sub-RID0648,AngularGyrus,-0.02084907675950758,-0.034055728099245564,-0.04565495282179549
sub-RID0675,AngularGyrus,-0.009948879172095205,0.018984474230224868,-0.03558564500813908
sub-RID0372,AngularGyrus,0.031179760600444955,-0.016217409193188693,0.05338526326993883
sub-RID0585,AngularGyrus,-0.03458403096341947,-0.04797558659685795,-0.0789488787943612
sub-RID0660,AngularGyrus,0.009440065554019337,-0.02295621790205971,-0.04732168190495245
sub-RID0591,AngularGyrus,-0.0013925701358728734,0.0023851058419022933,-0.008968392938983695
sub-RID0659,AngularGyrus,-0.04668261497108831,-0.033674366071926004,-0.01311564181787161
sub-RID0597,AngularGyrus,-0.009330915794867545,-0.031415568155506175,-0.045501587235446166
sub-RID0672,AngularGyrus,-0.005976747561551334,-0.014122491338981665,-0.049099069105411806
sub-RID0449,AngularGyrus,-0.03706778712828499,-0.0023587949055394034,-0.02085663737013482
sub-RID0666,AngularGyrus,-0.030023315859974576,-0.04606188489394455,-0.048524686549500665
sub-RID0596,AngularGyrus,-0.008215444885633246,-0.027013173176980994,-0.022394174413060842
sub-RID0658,AngularGyrus,0.03934798026879246,0.007903154473834132,0.03391438263381394
sub-RID0583,AngularGyrus,-0.05317413216288246,-0.06143053542377475,-0.15473941074721756
sub-RID0448,AngularGyrus,-0.0012360532860301032,-0.02724748854401202,-0.06659446278443086
sub-RID0415,AngularGyrus,0.021503483995765398,-0.01952883101129461,0.028938504158834377
sub-RID0673,AngularGyrus,0.02331564385655867,-0.00048176287446161266,-0.012011846746118018
sub-RID0688,AngularGyrus,0.0020218743553422126,-0.013025956727673434,-0.029765126448676085
sub-RID0670,AngularGyrus,0.01723129556021059,-0.010170063495547584,0.02159640592218413
sub-RID0578,AngularGyrus,-0.04869897301600737,-0.01704242748211514,-0.03150778261551368
sub-RID0785,AngularGyrus,-0.045214053980651744,-0.015416801885260121,-0.009397818060544497
sub-RID0595,AngularGyrus,-0.0454440801536312,-0.05064478465458766,0.048639623040961186
sub-RID0665,AngularGyrus,0.00402828148852636,-0.030221115587714655,-0.014517998046901104
sub-RID0429,AngularGyrus,-0.027739654999693945,-0.05057371066800468,-0.015341543213870509
sub-RID0784,AngularGyrus,0.0017808615575986074,-0.010250411316616054,-0.016068960951293995
sub-RID0689,AngularGyrus,-0.03246252774097112,-0.017734369375427345,-0.05893815447278353
sub-RID0671,AngularGyrus,-0.03543299826910997,-0.14584074249468512,-0.794554134410125
sub-RID0860,AngularGyrus,-0.007605808953142997,0.0013497797481320367,0.024762068661996588
sub-RID0925,AngularGyrus,-0.14421012404963843,-0.08806661364603405,-0.16056079855464708
sub-RID0664,AngularGyrus,-0.018749130425429028,-0.03573274448622477,-0.02069478641677332
sub-RID0791,AngularGyrus,0.012345632935004196,-0.01520393500476306,-0.034095565572653294
sub-RID0668,AngularGyrus,0.0045548188119887475,-0.019965364318444794,-0.04394263624602356
sub-RID0656,AngularGyrus,-0.005036025104373728,-0.025566493609066487,-0.03167840836351957
sub-RID0620,AngularGyrus,-0.017758200760894873,-0.008417416772942174,-0.04539008385785447
sub-RID0396,AngularGyrus,-0.0500061399187045,-0.06343354480220786,-0.03044911748016627
sub-RID0383,AngularGyrus,-0.012770038838711502,0.025953221647006953,0.1371913057013184
sub-RID0574,AngularGyrus,-0.018521924707812477,-0.03152401720055457,-0.0489489565716153
sub-RID0380,AngularGyrus,-0.014439904192372186,-0.009093927947744095,0.058175141489263636
sub-RID0445,AngularGyrus,-0.06164298559547893,-0.05695113070482871,-0.12917585785256527
sub-RID0576,AngularGyrus,-0.06578633260125055,-0.032126005296786955,-0.07272582504890718
sub-RID0450,AngularGyrus,-0.013068872350506988,-0.017549096608177342,-0.007939597875813772
sub-RID0433,AngularGyrus,-0.07843408905498973,-0.025500943201841954,-0.003121275352335453
sub-RID0693,AngularGyrus,-0.011637037864864603,-0.016846759743248074,-0.00965610485467796
sub-RID0490,AngularGyrus,-0.038035812505538266,-0.011723677350841795,-0.006265961437776233
sub-RID0798,AngularGyrus,0.05199497558035029,-0.03375112760908375,0.04559659372440453
sub-RID0420,AngularGyrus,-0.031668207833976204,-0.02480467871091559,-0.04422046423459458
sub-RID0646,AngularGyrus,-0.007362395501481923,-0.024721774077410406,-0.041273993299083725
sub-RID0341,AngularGyrus,-0.02956974057887026,-0.032621386396681,-0.030506405983798883
sub-RID0680,AngularGyrus,-0.07909836314107495,-0.030541643711463267,-0.0010420600966130906
sub-RID0652,AngularGyrus,0.002673819219919735,0.007734418188302024,0.04074157097916424
sub-RID0679,AngularGyrus,-0.023070291680099518,-0.02470051591979646,-0.03505465483910719
sub-RID0681,AngularGyrus,-0.050251738504065,-0.053043345481530946,-0.059442970413425486
sub-RID0512,AngularGyrus,-0.07220218244444984,-0.029901589411937844,-0.03316298617827721
sub-RID0571,AngularGyrus,0.016303890023138538,-0.02297276336470819,0.008137867009600999
sub-RID0572,AngularGyrus,-0.00780439992076775,-0.017650467076397395,0.020135961923109496
sub-RID0619,AngularGyrus,-0.037673868593157224,-0.028704823930920272,-0.11179074314348608
sub-RID0697,AngularGyrus,-0.03507500624677418,-0.0409593368944754,0.014553493123191626
sub-RID0454,AngularGyrus,-0.030990103448165204,-0.028015136000006487,-0.016342170795446056
sub-RID0440,AngularGyrus,-0.01917188224724777,-0.020882963537853863,-0.05812268656208471
sub-RID0904,AngularGyrus,-0.04913512642219993,-0.0730094239525833,-0.07045072216922982
sub-RID0455,AngularGyrus,-0.032362030542473705,-0.02795690987971133,-0.029908109119117808
sub-RID0408,AngularGyrus,-0.014172326916699852,-0.028974983088177433,-0.032547976603859566
sub-RID0365,Brain-Stem,0.007114023090730133,-0.00219851251993573,-0.02249292431429876
sub-RID0592,Brain-Stem,0.0025958852158084354,0.013146573049196284,-0.007166605534248804
sub-RID0662,Brain-Stem,-0.003472632049401263,-0.029892671856932677,-0.007291308661604124
sub-RID0522,Brain-Stem,-0.015965160659689257,-0.002877171972701423,0.0057382939434225035
sub-RID0587,Brain-Stem,0.0009982869951326897,0.00015134412732230155,0.03905378371327798
sub-RID0663,Brain-Stem,-0.009489346425475385,-0.017163584918875728,0.4983272938368674
sub-RID0648,Brain-Stem,-0.0077884109044707986,0.0005245539603276768,0.027515753770369352
sub-RID0675,Brain-Stem,-0.01329024569220065,0.0069186788461196806,0.06273585208893538
sub-RID0372,Brain-Stem,0.004737778614670827,0.0010253052322615947,-0.0416025017481285
sub-RID0585,Brain-Stem,-0.00732783182068065,0.006076940517777627,0.11737211114599672
sub-RID0660,Brain-Stem,-0.002901794314386932,-0.016015174085544676,-0.034945979208395914
sub-RID0591,Brain-Stem,0.01716459662776263,0.006893561522645385,0.050426941707838895
sub-RID0659,Brain-Stem,-8.759696829750738e-05,0.001419648527125865,0.12529097292539312
sub-RID0597,Brain-Stem,-0.0011671392550321583,0.007544373782746369,0.016931659156352447
sub-RID0672,Brain-Stem,0.0039609245754592196,0.01433705824744091,-0.03219069263032262
sub-RID0449,Brain-Stem,-0.007733765563642829,-0.011920816351283992,0.0011289900883387903
sub-RID0666,Brain-Stem,0.002123590219173732,-0.017694974314435192,-0.030449034605462638
sub-RID0596,Brain-Stem,0.00485180463321759,-0.005796920601191357,-0.022848540605075227
sub-RID0658,Brain-Stem,-0.02826593407501903,-0.006601110105274119,-0.013822916373498983
sub-RID0583,Brain-Stem,-0.011182859085103176,-0.02318078386691376,0.03344532997899122
sub-RID0448,Brain-Stem,-0.005100737516196918,-0.017381652222810493,0.014556960193503981
sub-RID0415,Brain-Stem,-0.019532132054044395,-0.010975945016920582,0.007532937245927473
sub-RID0673,Brain-Stem,0.0033929163630728857,0.00038043758832605743,0.011677775228006296
sub-RID0688,Brain-Stem,-0.010072804314366687,-0.012535644649718415,0.10878489237296748
sub-RID0670,Brain-Stem,-0.0004019270566426214,0.0035468934020952774,-0.012761834336757831
sub-RID0578,Brain-Stem,-0.006640613575082485,0.006289345027546328,-0.01609658034544952
sub-RID0785,Brain-Stem,-0.012655142299859276,-0.01419757498788344,-0.07265264776858749
sub-RID0595,Brain-Stem,-0.027614799495793697,-0.010733416904774163,-0.011695992501777625
sub-RID0665,Brain-Stem,0.0021760453801587427,-0.017230845451013874,-0.03710013453374255
sub-RID0429,Brain-Stem,0.002603385477848073,-0.002250896936085201,-0.0037581868617053297
sub-RID0784,Brain-Stem,0.0009851172027958393,-0.002125304550426162,0.03711644331639912
sub-RID0689,Brain-Stem,-0.005514398319468697,-0.0053314894561918924,-0.19911816823030679
sub-RID0671,Brain-Stem,0.002023424898370246,-0.0024388736174765693,-0.15885218163557493
sub-RID0860,Brain-Stem,-0.009927291399217705,0.002244414583159424,-0.015201026070716609
sub-RID0925,Brain-Stem,0.004858800622824654,0.0030732649509094072,0.3728553934365989
sub-RID0664,Brain-Stem,-0.0060667896929219615,-0.016926516856961223,-0.00038500549637116905
sub-RID0791,Brain-Stem,0.004512174307230163,-0.015710656379715277,-0.040393409242906214
sub-RID0668,Brain-Stem,-0.004915364736385869,-0.015998433819299142,-0.01840800222864797
sub-RID0656,Brain-Stem,0.007569113333442197,0.004937963409588158,0.023377353908237836
sub-RID0620,Brain-Stem,0.00948700978540982,-0.005097520277529611,-0.05248366770707347
sub-RID0396,Brain-Stem,-0.01156920102771961,-0.014016364723964482,-0.006451565736832743
sub-RID0383,Brain-Stem,0.0021288665232998736,0.009922122345286928,0.4330088631903699
sub-RID0574,Brain-Stem,0.0009116213340246947,-0.003907233520481381,0.0035877881255124123
sub-RID0380,Brain-Stem,-0.003234518548959608,-0.008156850093081919,-0.009236926370291753
sub-RID0445,Brain-Stem,0.0002593534101733367,-0.004294114407641886,0.002973698505365669
sub-RID0576,Brain-Stem,0.001959416171668444,-0.004186712182061572,-0.04233263109162827
sub-RID0450,Brain-Stem,0.0013868297633224276,-0.007170352117433373,-0.03073248478362136
sub-RID0433,Brain-Stem,0.0060897143835959245,-0.004746672911237853,-0.018553052378693924
sub-RID0693,Brain-Stem,-0.004803725515724093,-0.010342723857172775,-0.04425105799009226
sub-RID0490,Brain-Stem,-0.00949137589525117,0.0015630242135734743,-0.030011178267448854
sub-RID0798,Brain-Stem,-0.007021620464314602,0.0022085366283965493,0.0884194710717367
sub-RID0420,Brain-Stem,0.011414823345999199,-0.002917530754994512,-0.036063167541590016
sub-RID0646,Brain-Stem,-0.0010327439968070367,0.008815814257293528,-0.03350251630667681
sub-RID0341,Brain-Stem,0.007282494046517931,0.0014564179056809515,-0.019152016744453052
sub-RID0680,Brain-Stem,0.004727186328288059,0.0023794462519267385,-0.016859932955685504
sub-RID0652,Brain-Stem,-0.003911673367117846,-0.017686542234128664,-0.06774692573130023
sub-RID0679,Brain-Stem,-0.00422272216375693,-0.006909283728083043,-0.01829130554131875
sub-RID0681,Brain-Stem,-0.008677373442554166,0.0015065340439585492,-0.045226985436321095
sub-RID0512,Brain-Stem,-0.008679618189511133,-0.00782013629313802,0.04904957016062949
sub-RID0571,Brain-Stem,0.012085097658985432,0.007973477918575556,0.0257288749420112
sub-RID0572,Brain-Stem,0.0030151185256305254,-0.016818376509663065,0.003952649314915957
sub-RID0619,Brain-Stem,0.007667859311148274,-0.005604972437754664,-0.03763180281774003
sub-RID0697,Brain-Stem,0.006562765923526849,-0.0093542846923013,0.03683690617029784
sub-RID0454,Brain-Stem,0.003810112006089632,0.01278218385397151,0.009806191954803815
sub-RID0440,Brain-Stem,-0.012521772120149311,-0.011852971944213569,-0.011781328007065172
sub-RID0904,Brain-Stem,0.012625050517581497,-0.0033313547747543396,-0.05725872645888937
sub-RID0455,Brain-Stem,-0.005589204224268317,-0.0030911387275464816,-0.004084800550102406
sub-RID0408,Brain-Stem,0.005342665999003525,0.004027987751649361,-0.012147382479912292
sub-RID0365,Caudate,0.00814095571154543,0.044651130597292185,0.013876334179465783
sub-RID0592,Caudate,0.09826967427905188,0.09524094763514307,0.3204584766928046
sub-RID0662,Caudate,-0.01784384131963053,-0.011037119380121379,-0.04496767885008171
sub-RID0522,Caudate,-0.033741297008270395,-0.0051910404475511256,0.018152553631163894
sub-RID0587,Caudate,0.03461057595418024,0.01615448551545972,-0.0006731812086906468
sub-RID0663,Caudate,0.09599418089111955,0.07592401004586519,-0.06165821190096091
sub-RID0648,Caudate,-0.006837719126454583,-0.013226586355151938,-0.021078910828716928
sub-RID0675,Caudate,0.06465178918159921,0.0195610260492959,-0.08218330240019259
sub-RID0372,Caudate,0.07945657368487993,0.055072053652941814,-0.058197899299231415
sub-RID0585,Caudate,0.04198395878222177,0.07080009890209309,-0.012954206638087502
sub-RID0660,Caudate,-0.011645778615882542,-0.0036139561607245237,0.021868528897476848
sub-RID0591,Caudate,0.01093419430466861,0.008089342156997211,0.06026671687405058
sub-RID0659,Caudate,-0.04171349193147128,0.015105154085354509,-0.02554032468636357
sub-RID0597,Caudate,0.07010641858350622,0.05915433547968162,0.07756388557485931
sub-RID0672,Caudate,0.043199049495819354,0.05785701223466198,0.08683266563382366
sub-RID0449,Caudate,0.04873978586145819,0.05407627940460445,-0.00440404078346468
sub-RID0666,Caudate,0.0319152929461338,0.009261941866765598,0.006704301609901301
sub-RID0596,Caudate,-0.07519965326735102,-0.03295884301549764,0.06155857527299237
sub-RID0658,Caudate,-0.013433623422320464,-0.003624315188974441,0.04012311157766882
sub-RID0583,Caudate,0.060333514738700765,-0.003621877391059658,0.008756367456587866
sub-RID0448,Caudate,-0.021829274519575212,-0.029741374564390622,0.06190012718479688
sub-RID0415,Caudate,-0.020250787127288096,-0.05173194455403469,-0.06088280839060387
sub-RID0673,Caudate,-0.044238565491757795,-0.04629682986141306,-0.03162566845721208
sub-RID0688,Caudate,0.002705657937927109,0.014221695973748798,0.0022006290395382893
sub-RID0670,Caudate,0.024268021862844283,0.014192214961591428,0.0208823281858497
sub-RID0578,Caudate,-0.03753873522035517,0.002219407530049203,0.0013930373575663196
sub-RID0785,Caudate,0.01855654034946346,0.06223959987660032,0.12017971559656328
sub-RID0595,Caudate,-0.023601996641495288,-0.01823308047914999,0.033991057254385046
sub-RID0665,Caudate,0.03953670152736351,0.01846580259297508,0.12893617061423426
sub-RID0429,Caudate,-0.032666033697870835,-0.039598084706607195,-0.23046527925532784
sub-RID0784,Caudate,0.022918161660739393,0.03137336339230771,-0.08768495799474396
sub-RID0689,Caudate,0.02548789489310584,-0.01207673621455717,-0.031839458068034905
sub-RID0671,Caudate,-0.10464971035079396,-0.22725737850654787,-0.6299288958599752
sub-RID0860,Caudate,0.07616582398849513,0.05572017152531879,-0.15408803861447154
sub-RID0925,Caudate,-0.0025307299359034895,-0.019148370890155676,0.29759317303874944
sub-RID0664,Caudate,0.12985261273908638,0.08028850727530194,0.03095561043934642
sub-RID0791,Caudate,-0.007767973090416117,0.03032566709559389,-0.0032841361333805644
sub-RID0668,Caudate,0.009037668848799654,0.037243254582899295,0.02029073327279334
sub-RID0656,Caudate,0.04885646332047002,0.04682684621669511,0.014489994673228522
sub-RID0620,Caudate,0.03681392299363712,0.04983311947478073,-0.08751676865869706
sub-RID0396,Caudate,-0.00839566297339767,0.04033971533086746,0.022161772665115556
sub-RID0383,Caudate,0.11193422330448823,0.10843676682538592,0.35336437989005365
sub-RID0574,Caudate,-0.07974220513713076,-0.08183630233246546,-0.09536841415006751
sub-RID0380,Caudate,-0.014834551319004291,-0.011317443614188976,-0.0642557794153752
sub-RID0445,Caudate,-0.03446335524274249,-0.04515329337100967,0.07306164447933908
sub-RID0576,Caudate,-0.06909693870931316,-0.04970116979018373,-0.002086142901593298
sub-RID0450,Caudate,0.012828737060412463,-0.034984818137857934,-0.04181106009676026
sub-RID0433,Caudate,0.05537131238352229,0.02449064684192144,0.036202776727965756
sub-RID0693,Caudate,0.0605238120554422,0.08211649482041242,0.0018924572514055153
sub-RID0490,Caudate,-0.008997870535213656,-0.02032557229629701,-0.06134478944901157
sub-RID0798,Caudate,0.01604794106477866,0.05506800038732022,0.07497531145378694
sub-RID0420,Caudate,-0.03427661132699685,-0.03977910218519685,0.0790658736405226
sub-RID0646,Caudate,0.007226260789645744,0.005364908954556839,-0.014261954927079714
sub-RID0341,Caudate,0.005420346090393424,-0.012427814062992102,0.04862413501183555
sub-RID0680,Caudate,0.021903516465979756,-0.009319561823342199,-0.021871917581446187
sub-RID0652,Caudate,-0.04329554173657148,-0.09214713240081635,0.05961758299302347
sub-RID0679,Caudate,-0.09873230386391416,-0.0871247570535217,-0.047737613450954106
sub-RID0681,Caudate,0.011559116981602158,-0.033107934616639634,-0.049447985526812524
sub-RID0512,Caudate,0.25241910676855445,-0.17225563763423457,-0.12099988781970225
sub-RID0571,Caudate,0.06544138522436999,0.03758696222911408,-0.021512426470311964
sub-RID0572,Caudate,0.06628332409551235,0.027103157412127817,-0.0002676792681676621
sub-RID0619,Caudate,0.02094375871538863,0.02490226126800597,0.09090517963017612
sub-RID0697,Caudate,0.05038168532833939,-0.007712398820333019,0.004006354409784493
sub-RID0454,Caudate,-0.03186223866101061,-0.031666023848830036,0.012924872449402833
sub-RID0440,Caudate,-0.040967537154741565,-0.07230815028221434,-0.015088787590954661
sub-RID0904,Caudate,-0.0508480345912107,-0.07857962366749473,-0.052795276119950024
sub-RID0455,Caudate,-0.039657444558532956,-0.03940496899574658,-0.02091743966642531
sub-RID0408,Caudate,-0.013643008784711265,-0.008011361922710056,0.005971811797706265
sub-RID0365,CentralOpercularCortex,-0.007176891558459919,-0.019736919055301658,0.0013142952688888234
sub-RID0592,CentralOpercularCortex,0.0072132480175971835,-0.010675352532448387,-0.0111384137408521
sub-RID0662,CentralOpercularCortex,0.0032679528738797934,-0.009563844330945388,0.0068026166577353124
sub-RID0522,CentralOpercularCortex,-0.0036075917044581488,-0.038193025278580935,0.03869321584825727
sub-RID0587,CentralOpercularCortex,0.000657535209330275,0.006729845715839955,0.023446038952295186
sub-RID0663,CentralOpercularCortex,0.021934795589403464,-0.008667554735644869,-0.019298007079726124
sub-RID0648,CentralOpercularCortex,-0.031023159821367326,-0.03114901373641436,-0.019906907752803044
sub-RID0675,CentralOpercularCortex,-0.020378760202692917,0.14460352648924354,-0.06446779933816453
sub-RID0372,CentralOpercularCortex,0.024320854772609382,0.019643572414928222,-0.007194824320902321
sub-RID0585,CentralOpercularCortex,-0.0034299386311836544,-0.005418320636752877,-0.11293073321069232
sub-RID0660,CentralOpercularCortex,-0.00012871916213316276,-0.01863179620678929,-0.00610270243110482
sub-RID0591,CentralOpercularCortex,0.010891537189468939,0.02175888221157295,-0.05693526558445342
sub-RID0659,CentralOpercularCortex,-0.0032092665950438927,-0.020543879209627577,0.006478396310279804
sub-RID0597,CentralOpercularCortex,-0.0026950582960054417,-0.011706805227588477,-0.052852233740051546
sub-RID0672,CentralOpercularCortex,-0.02468554064442727,-0.019540204895123665,-0.03338661243703772
sub-RID0449,CentralOpercularCortex,-0.0320180941539772,-0.023578418648829196,-0.035678312685949023
sub-RID0666,CentralOpercularCortex,-0.005739838492433607,0.02125585308887326,0.016439240728206635
sub-RID0596,CentralOpercularCortex,-0.014547590579952727,-0.016807235728933924,0.02010985667854506
sub-RID0658,CentralOpercularCortex,-0.03108346392151509,-0.016864702489103156,0.022587132442478557
sub-RID0583,CentralOpercularCortex,0.009551239304855512,-0.012657223715298423,-0.005096799425792168
sub-RID0448,CentralOpercularCortex,-0.024765412492620605,-0.038352806595699986,0.0634410085229824
sub-RID0415,CentralOpercularCortex,0.017628357420807417,-0.007610590702357317,-0.058150037460909826
sub-RID0673,CentralOpercularCortex,-0.0034931363049064213,-0.008560872073990363,0.003265599827003397
sub-RID0688,CentralOpercularCortex,-0.01830030896455196,-0.010100079247963986,-0.012430810691405487
sub-RID0670,CentralOpercularCortex,0.023157347935403826,-0.007656156687954733,0.04447407416137999
sub-RID0578,CentralOpercularCortex,-0.008122162720809265,-0.03560430924246459,-0.0195505194702442
sub-RID0785,CentralOpercularCortex,-0.0052455845636649266,-0.0022212417707843726,-0.017141281740669312
sub-RID0595,CentralOpercularCortex,-0.036657688190259614,-0.0005416751942729117,-0.01250151090977176
sub-RID0665,CentralOpercularCortex,0.035887558236983315,0.01172421928772085,0.05227001615620121
sub-RID0429,CentralOpercularCortex,-0.009917357035161445,-0.006708261586879491,-0.025018081424176164
sub-RID0784,CentralOpercularCortex,0.020388098690563298,0.013836303293339158,-0.06615125489215858
sub-RID0689,CentralOpercularCortex,-0.04193038196222298,-0.016725976807580534,0.02428991318805431
sub-RID0671,CentralOpercularCortex,-0.026977128254609763,-0.19271005917240494,-0.7534595275779454
sub-RID0860,CentralOpercularCortex,0.012286362972763575,0.0054862083986868615,-0.006230544315430696
sub-RID0925,CentralOpercularCortex,-0.015588416091307625,-0.013679651595409643,0.033667512950717265
sub-RID0664,CentralOpercularCortex,0.00959236457345504,-0.013676713126737596,-0.0018741622813588234
sub-RID0791,CentralOpercularCortex,0.0064726049184616365,-0.029808427058373783,-0.09611335655139161
sub-RID0668,CentralOpercularCortex,0.01481892513579419,-0.026777994620433135,0.00290971373779653
sub-RID0656,CentralOpercularCortex,-0.038740203158830096,-0.038304742679632936,-0.05751458628771403
sub-RID0620,CentralOpercularCortex,-0.011594217701395102,-0.008264916495837714,-0.0370373026540704
sub-RID0396,CentralOpercularCortex,-0.02429818729494465,-0.015412892103703505,0.05008905789044728
sub-RID0383,CentralOpercularCortex,0.0093592617876378,0.02988471588688638,0.02636474772083187
sub-RID0574,CentralOpercularCortex,-0.008211006115222384,-0.016283503095116676,-0.0019247026099823903
sub-RID0380,CentralOpercularCortex,-0.035055490201803846,-0.014941610286729188,-0.05755839069405031
sub-RID0445,CentralOpercularCortex,-0.05144051781596978,-0.06469298602982146,-0.07959387297026103
sub-RID0576,CentralOpercularCortex,-0.029736501382006852,-0.036226338773638206,-0.03099427743867093
sub-RID0450,CentralOpercularCortex,-0.007533192057194117,-0.029540869412360293,-0.02420528684849857
sub-RID0433,CentralOpercularCortex,0.010700274863413984,0.01642654450450637,0.053804279962061455
sub-RID0693,CentralOpercularCortex,0.0014597388768823496,-0.0028841981119441915,-0.008508602354875373
sub-RID0490,CentralOpercularCortex,-0.02665766655701446,-0.008683498902113148,0.003400648631365746
sub-RID0798,CentralOpercularCortex,0.05365753206613172,0.0035856181946128467,0.008043438941855845
sub-RID0420,CentralOpercularCortex,-0.0033535527952573497,0.010047258960329476,0.05650978693471192
sub-RID0646,CentralOpercularCortex,-0.02398137443822876,-0.028316884327029786,-0.03002064545222844
sub-RID0341,CentralOpercularCortex,-0.004197829333565965,-0.004208493214658381,-0.030460554379823746
sub-RID0680,CentralOpercularCortex,0.00918407064961619,-0.021010742697227754,-0.049053923642243834
sub-RID0652,CentralOpercularCortex,-0.04049895287214146,-0.021558350481114416,0.013766944846056835
sub-RID0679,CentralOpercularCortex,0.028489400468830556,-0.002594406221430717,0.010165933126968908
sub-RID0681,CentralOpercularCortex,-0.01593282500151821,0.00027965565519244806,-0.028698768367507305
sub-RID0512,CentralOpercularCortex,0.0036885458962752082,0.010064718898756798,0.015310791446116965
sub-RID0571,CentralOpercularCortex,-0.033886536102179204,-0.01496025429233165,-0.0589615830844874
sub-RID0572,CentralOpercularCortex,0.05528603892163644,0.006964653755847718,-0.010164782048070828
sub-RID0619,CentralOpercularCortex,0.00044592633817477857,-0.016914092919349918,-0.03298139424440599
sub-RID0697,CentralOpercularCortex,0.015168488415516029,0.0011424704484402483,-0.03511313530525325
sub-RID0454,CentralOpercularCortex,-0.04979750842581456,-0.0804368803061147,0.07646427379249744
sub-RID0440,CentralOpercularCortex,-0.012133053226608922,-0.02538731126535677,-0.0238677169141492
sub-RID0904,CentralOpercularCortex,-0.03157972309149991,-0.022256786476080117,-0.07176877380408309
sub-RID0455,CentralOpercularCortex,-0.004090318246811081,-0.023430480163752564,0.00571374864645436
sub-RID0408,CentralOpercularCortex,0.01947837618175388,0.0013144959683925401,-0.0060855324166985345
sub-RID0365,CingulateGyrusanteriordivision,0.011045670751056419,0.01841845853360066,0.04163763172811341
sub-RID0592,CingulateGyrusanteriordivision,-0.0007708053621756162,0.02339211644805206,0.048423134598066284
sub-RID0662,CingulateGyrusanteriordivision,-0.030253380918063462,-0.014520590683637905,-0.006188233078419236
sub-RID0522,CingulateGyrusanteriordivision,-0.005874085694997801,0.016993161362434787,0.058107443076318696
sub-RID0587,CingulateGyrusanteriordivision,-0.0002222996450096268,-0.013725445117587155,-0.03153914982720533
sub-RID0663,CingulateGyrusanteriordivision,0.002502984444412422,0.013313201396613147,0.03798763977542245
sub-RID0648,CingulateGyrusanteriordivision,-0.020141860926902563,0.02726394649264931,0.014334676233596154
sub-RID0675,CingulateGyrusanteriordivision,-0.025216713308898554,0.015798069366464565,-0.07878758933788295
sub-RID0372,CingulateGyrusanteriordivision,-0.018615594327960342,-0.018856468597930727,-0.028843477371960934
sub-RID0585,CingulateGyrusanteriordivision,0.013949000511231506,-0.010317157967429061,0.032330242919737066
sub-RID0660,CingulateGyrusanteriordivision,-0.007896167339078294,-0.009977624401080949,0.0003878022453233849
sub-RID0591,CingulateGyrusanteriordivision,0.00932995301637742,0.009834866293217403,0.08304661374293432
sub-RID0659,CingulateGyrusanteriordivision,-0.036930012092438534,-0.0642736277980887,-0.03214881628136638
sub-RID0597,CingulateGyrusanteriordivision,-0.010899540941503371,-0.0032167386520817447,0.0018855113463029714
sub-RID0672,CingulateGyrusanteriordivision,-0.026442222400279724,-0.011152250504305228,-0.0038976343910685596
sub-RID0449,CingulateGyrusanteriordivision,0.0015713704982687616,-0.008743019466360417,-0.007790588197317432
sub-RID0666,CingulateGyrusanteriordivision,-0.03555501172807698,-0.03923287606303662,0.012029634514873355
sub-RID0596,CingulateGyrusanteriordivision,-0.007280865077742742,0.0062389326415633745,0.03984915034227565
sub-RID0658,CingulateGyrusanteriordivision,-0.012597228072912556,0.023169498542655875,0.08865630642823034
sub-RID0583,CingulateGyrusanteriordivision,0.021603519476377044,-0.03411213277440034,-0.004582505719785174
sub-RID0448,CingulateGyrusanteriordivision,0.008531955136692922,0.010413488438629897,0.04943091899739911
sub-RID0415,CingulateGyrusanteriordivision,0.027897251609071066,0.0407822993195169,0.06041918004014323
sub-RID0673,CingulateGyrusanteriordivision,-0.010540697279041479,-0.011956377183729005,-0.0010758440430680056
sub-RID0688,CingulateGyrusanteriordivision,-0.012075676602698766,-0.0003059094532221743,-0.0192152299439637
sub-RID0670,CingulateGyrusanteriordivision,0.012956615222314314,0.011597410623864386,0.02354313085562427
sub-RID0578,CingulateGyrusanteriordivision,0.021278605478174468,0.009976718435842639,0.056274743975020025
sub-RID0785,CingulateGyrusanteriordivision,0.0025233158275130996,0.005162273222902333,-0.03213524556358957
sub-RID0595,CingulateGyrusanteriordivision,0.0013097643185853128,0.010752746830848961,0.021770814350497117
sub-RID0665,CingulateGyrusanteriordivision,0.01696732389002356,0.03186141141165166,0.07655403177981263
sub-RID0429,CingulateGyrusanteriordivision,-0.0002453758052694474,0.010157539837370656,0.01889370431689751
sub-RID0784,CingulateGyrusanteriordivision,0.015277752588931734,0.003973655898436717,-0.03838150736600385
sub-RID0689,CingulateGyrusanteriordivision,0.0005508891042734776,0.008413039448926173,0.022283052034050337
sub-RID0671,CingulateGyrusanteriordivision,-0.007812942056404154,-0.006935448970655659,0.015628589622798762
sub-RID0860,CingulateGyrusanteriordivision,0.017192212635829335,0.004517551193695292,0.0011595517589211995
sub-RID0925,CingulateGyrusanteriordivision,0.008582699295864573,-0.00810019096784391,-0.051372405347451376
sub-RID0664,CingulateGyrusanteriordivision,0.0047458761894400405,-0.03529400032552231,-0.05018305437592677
sub-RID0791,CingulateGyrusanteriordivision,-0.02381762219559169,-0.01830692781567076,-0.02406260433598029
sub-RID0668,CingulateGyrusanteriordivision,0.012081491457370206,0.0015674689280854616,0.0014250551329696487
sub-RID0656,CingulateGyrusanteriordivision,-0.014547448277871808,-0.0029080014197078604,-0.007886863066209228
sub-RID0620,CingulateGyrusanteriordivision,0.020107708442636627,-0.004912322788613949,-0.03427191789426888
sub-RID0396,CingulateGyrusanteriordivision,0.05756376117041062,0.055223530042659785,0.09684334203075619
sub-RID0383,CingulateGyrusanteriordivision,-0.0009845686416392438,-0.00019868665535652746,-0.0004789426853847688
sub-RID0574,CingulateGyrusanteriordivision,-0.01136859243468528,-0.017280903374476162,0.012503095554492877
sub-RID0380,CingulateGyrusanteriordivision,-0.0030888023774826136,0.0037579330130658776,0.03451175350450063
sub-RID0445,CingulateGyrusanteriordivision,-0.01657671648190235,-0.002935834483685818,-0.001888835046781153
sub-RID0576,CingulateGyrusanteriordivision,-0.04954232653720181,-0.0004378560488606812,-0.0016643441652868247
sub-RID0450,CingulateGyrusanteriordivision,0.002875450751145445,0.004957626950866216,0.0007372755786377292
sub-RID0433,CingulateGyrusanteriordivision,0.0002885260031375467,-0.0328744625751987,-0.03797443144113034
sub-RID0693,CingulateGyrusanteriordivision,0.032078466706894494,0.016928110598235086,0.010192670966975431
sub-RID0490,CingulateGyrusanteriordivision,-0.011614456743537548,-0.008194307869106444,0.03136356116536256
sub-RID0798,CingulateGyrusanteriordivision,-0.02011718282442796,-0.006800547704285991,-0.011841857194695568
sub-RID0420,CingulateGyrusanteriordivision,-0.0039591417102317,-0.007335513902770767,-0.005324364227783937
sub-RID0646,CingulateGyrusanteriordivision,-0.010354713544040339,-0.009723722609113717,-0.029600274442556095
sub-RID0341,CingulateGyrusanteriordivision,0.005915672508675724,-0.017482385879114354,0.011645699369179344
sub-RID0680,CingulateGyrusanteriordivision,0.020486800824868777,0.004725803861829779,0.017262110659647542
sub-RID0652,CingulateGyrusanteriordivision,0.028464513081330817,0.01816857315866034,0.053604592988163245
sub-RID0679,CingulateGyrusanteriordivision,-0.0062792892984861685,-0.004296921447345261,0.0005334510054107143
sub-RID0681,CingulateGyrusanteriordivision,0.004025728786053892,0.008315231099311409,0.01706900286778529
sub-RID0512,CingulateGyrusanteriordivision,-0.003831379695756764,0.0031963491078220423,0.13812335308662246
sub-RID0571,CingulateGyrusanteriordivision,0.025975969622621962,-0.0028302829211016216,0.008329594459671116
sub-RID0572,CingulateGyrusanteriordivision,-0.011215240172519072,-0.013921239030628496,-0.0018096283764200078
sub-RID0619,CingulateGyrusanteriordivision,-0.01635758966992796,0.0020350632979299495,0.01944695531560983
sub-RID0697,CingulateGyrusanteriordivision,-0.013356579498332638,-0.009724568474928457,-0.01960326562197758
sub-RID0454,CingulateGyrusanteriordivision,0.005283245314221002,0.006067711304716824,0.03497610634626306
sub-RID0440,CingulateGyrusanteriordivision,-0.01719791149354252,-0.012718367645802132,-0.03457422087625487
sub-RID0904,CingulateGyrusanteriordivision,0.0013717821753738671,0.009179415621511845,0.0450613036824827
sub-RID0455,CingulateGyrusanteriordivision,0.008432467803382197,-0.007337373718991568,0.03846403723916947
sub-RID0408,CingulateGyrusanteriordivision,0.0010003631521917741,0.006431865954225686,0.0007269329804112377
sub-RID0365,CingulateGyrusposteriordivision,-0.003247858433383825,0.00020777222730124274,0.017752909171336387
sub-RID0592,CingulateGyrusposteriordivision,0.010899381200524237,0.029536051498362626,0.011619039591476392
sub-RID0662,CingulateGyrusposteriordivision,-0.004126648139121511,-0.010107751675212934,-0.00830698819970218
sub-RID0522,CingulateGyrusposteriordivision,-0.0014794793692586416,0.015151729256918437,0.031337052886573485
sub-RID0587,CingulateGyrusposteriordivision,0.030742950125408938,0.014640922389183152,-0.05458776365386298
sub-RID0663,CingulateGyrusposteriordivision,0.00830530836802258,0.022873822735393477,0.013051743218047883
sub-RID0648,CingulateGyrusposteriordivision,-0.009993210354519574,0.0060523037875840485,-0.009871239844110419
sub-RID0675,CingulateGyrusposteriordivision,0.04311658332552133,-0.0052781348081752605,-0.030034127096124574
sub-RID0372,CingulateGyrusposteriordivision,-0.002451358420489333,0.022914254751427904,-0.027165398257569383
sub-RID0585,CingulateGyrusposteriordivision,0.02073862599629892,0.0014245800977897996,0.016947936339716984
sub-RID0660,CingulateGyrusposteriordivision,0.019421329712022588,0.012733210292221674,-0.027474403133835798
sub-RID0591,CingulateGyrusposteriordivision,0.028647310698217677,0.007726317299577996,0.03251298497165437
sub-RID0659,CingulateGyrusposteriordivision,-0.048434961119639144,-0.07641003412703064,-0.04890240882649811
sub-RID0597,CingulateGyrusposteriordivision,0.014954599887418367,-0.0001635787882081669,-0.002508614067152986
sub-RID0672,CingulateGyrusposteriordivision,0.0029223403784610236,0.01664883977040092,0.004455121554963186
sub-RID0449,CingulateGyrusposteriordivision,0.002338046032780351,-0.010659486516474817,0.004495525722799543
sub-RID0666,CingulateGyrusposteriordivision,0.010734389770410316,-0.021895751246134024,-0.00839005605527217
sub-RID0596,CingulateGyrusposteriordivision,-0.0010234644074571802,-0.002938732724682146,-0.020386096226498597
sub-RID0658,CingulateGyrusposteriordivision,0.01658429589981835,0.024682519447693903,0.04065755043408517
sub-RID0583,CingulateGyrusposteriordivision,0.0101541022634319,-0.009014152198324075,0.00745974175982019
sub-RID0448,CingulateGyrusposteriordivision,0.007221573775759334,0.005923050296440147,0.020024303772195825
sub-RID0415,CingulateGyrusposteriordivision,-0.00343831991032475,-0.006087831612622136,0.012431227322388893
sub-RID0673,CingulateGyrusposteriordivision,0.004218797311122991,-0.005890831272952136,-0.04449930850037084
sub-RID0688,CingulateGyrusposteriordivision,0.014334129088184669,-0.004166143496242741,-0.030335482639121662
sub-RID0670,CingulateGyrusposteriordivision,0.015610614971582329,0.007560282469789909,0.009516899459240016
sub-RID0578,CingulateGyrusposteriordivision,-0.004389798338484143,-0.009042774614646571,0.02025144849978664
sub-RID0785,CingulateGyrusposteriordivision,-0.0005752840646511493,-0.007149219144735784,-0.05336211835748909
sub-RID0595,CingulateGyrusposteriordivision,0.010516760161504882,0.005618061186406551,-0.026786023623476932
sub-RID0665,CingulateGyrusposteriordivision,0.021663501181416998,0.00223453236885221,0.01815580770167444
sub-RID0429,CingulateGyrusposteriordivision,-0.005302449267151915,0.009896877949703039,-0.02661841095709111
sub-RID0784,CingulateGyrusposteriordivision,0.019706326592833712,0.0017158021043575135,0.007335645980792321
sub-RID0689,CingulateGyrusposteriordivision,-0.0007641417545344501,-0.0006638668944162133,-0.03896609050661384
sub-RID0671,CingulateGyrusposteriordivision,0.01709223932239031,0.023707036296167987,0.02516387351295841
sub-RID0860,CingulateGyrusposteriordivision,-0.006204713069572978,0.01925831983218209,0.06632920637870705
sub-RID0925,CingulateGyrusposteriordivision,0.012134715765585856,0.004941416879014699,-0.09920792644839452
sub-RID0664,CingulateGyrusposteriordivision,0.025375939547186414,0.00330554220193512,0.0008823047895197961
sub-RID0791,CingulateGyrusposteriordivision,0.02147604374813008,0.0008122292793756832,-0.007171556990138716
sub-RID0668,CingulateGyrusposteriordivision,0.004852692765545934,-0.0020137773958728614,-0.006820083023644938
sub-RID0656,CingulateGyrusposteriordivision,0.005017051226597363,-0.0033591099954954494,0.0014202222314958605
sub-RID0620,CingulateGyrusposteriordivision,0.016328276174480252,0.006495190181268415,-0.014725373915883563
sub-RID0396,CingulateGyrusposteriordivision,0.014521534101393048,0.022515972419026187,0.040036784137837615
sub-RID0383,CingulateGyrusposteriordivision,-0.017731370973283093,0.0033968147055921205,-0.06677946855382381
sub-RID0574,CingulateGyrusposteriordivision,-0.024992647457556725,-0.02290962933008416,-0.017538189164998642
sub-RID0380,CingulateGyrusposteriordivision,-0.0030995790328658375,0.007528142648724267,0.008275678994173261
sub-RID0445,CingulateGyrusposteriordivision,0.003705460047204911,0.0007456760375881666,0.002284235701841654
sub-RID0576,CingulateGyrusposteriordivision,-0.0261508990566194,0.013367984292404664,0.0040449934585700875
sub-RID0450,CingulateGyrusposteriordivision,0.006898551857736991,0.007524806402292606,0.007659683362557479
sub-RID0433,CingulateGyrusposteriordivision,-0.021115820178639246,-0.03421340640515684,-0.08131952262976735
sub-RID0693,CingulateGyrusposteriordivision,0.015039292162618801,0.003264296510620645,-0.01851564721973888
sub-RID0490,CingulateGyrusposteriordivision,0.004647824635973575,0.005234346889198355,0.007333938622724004
sub-RID0798,CingulateGyrusposteriordivision,0.034522408697030445,0.015790784500952573,-0.0500084844554816
sub-RID0420,CingulateGyrusposteriordivision,-0.003696050533661092,-0.01306544448556937,-0.02849298122898859
sub-RID0646,CingulateGyrusposteriordivision,-0.020115539223377846,-0.015322611411211757,-0.027809910503708495
sub-RID0341,CingulateGyrusposteriordivision,0.006575677452470286,0.005051678624998847,0.00690815401461215
sub-RID0680,CingulateGyrusposteriordivision,0.02057056981870488,0.0041681836354288205,-0.010756798846497178
sub-RID0652,CingulateGyrusposteriordivision,-0.004939991487491149,-0.004498972819388663,-0.028168978316743917
sub-RID0679,CingulateGyrusposteriordivision,-0.00891177170216544,-0.020409851570114497,-0.019772232129747887
sub-RID0681,CingulateGyrusposteriordivision,-0.008763756204056321,0.013235056076840437,-0.01095823221803749
sub-RID0512,CingulateGyrusposteriordivision,0.03008997914443202,0.013922940024369277,0.025782292819821143
sub-RID0571,CingulateGyrusposteriordivision,0.03985570558706168,0.015230185814830679,0.024057304302195666
sub-RID0572,CingulateGyrusposteriordivision,-0.0038439855279606572,0.008808138756365335,0.014577307539242763
sub-RID0619,CingulateGyrusposteriordivision,-0.006570723053381218,-0.0091983430046836,-0.013048969750052175
sub-RID0697,CingulateGyrusposteriordivision,-0.007932089810112201,-0.013570892407961008,-0.03451026839305625
sub-RID0454,CingulateGyrusposteriordivision,0.02041944342231051,0.017754346747140763,0.008342901104876694
sub-RID0440,CingulateGyrusposteriordivision,0.02086467012013837,0.011733032552314478,0.05875424089330665
sub-RID0904,CingulateGyrusposteriordivision,0.06762651961757213,0.03340730121327484,0.06805015986212229
sub-RID0455,CingulateGyrusposteriordivision,0.018808094282109104,0.0003094198146852245,0.020591536272334225
sub-RID0408,CingulateGyrusposteriordivision,0.007133424057803052,-0.00040388520063380177,0.0015817111129758843
sub-RID0365,CunealCortex,-0.02014513005580218,-0.009602287618282851,-0.11944083606139705
sub-RID0592,CunealCortex,0.003997787425592535,9.251697236883495e-05,0.013072936403932336
sub-RID0662,CunealCortex,-0.036163461362415945,-0.02708652161367734,0.036132406666655
sub-RID0522,CunealCortex,0.012222748624476797,0.01710322472255061,0.023582706386211717
sub-RID0587,CunealCortex,0.0032906779572545526,0.01270702783954051,0.02961895249215061
sub-RID0663,CunealCortex,-0.015665482205760112,-0.009029897958609274,-0.00019485045153369321
sub-RID0648,CunealCortex,-0.0033137764795295463,-0.010973992048132746,0.012212329392293409
sub-RID0675,CunealCortex,0.005091687306524293,-0.025663196179874174,0.15852610730250385
sub-RID0372,CunealCortex,-0.0010575259475964814,0.005722951060347168,-0.050436061852019154
sub-RID0585,CunealCortex,-0.05703954829568669,-0.034611775559261905,0.012303256193033567
sub-RID0660,CunealCortex,-0.014459284268233626,-0.02219711499079636,-0.030466334103745038
sub-RID0591,CunealCortex,-0.006536614395635573,0.013860899939028467,0.0974893642505405
sub-RID0659,CunealCortex,0.012339350567221477,0.009564051394408883,0.028630158015204736
sub-RID0597,CunealCortex,-0.008203877604562938,0.026975094031788025,-0.004555411304898821
sub-RID0672,CunealCortex,-0.07470069287706262,-0.030862657336941907,-0.017589859440359082
sub-RID0449,CunealCortex,-0.025932091629948,-0.035967062467385576,-0.040039802637774576
sub-RID0666,CunealCortex,-0.012826061675890565,-0.013335604786756952,-0.04920605029885381
sub-RID0596,CunealCortex,-0.012277214808092915,-0.004401299425823002,-0.026615897167229164
sub-RID0658,CunealCortex,0.01671663670886684,-0.004516741775543639,-0.008187096250794472
sub-RID0583,CunealCortex,-0.005159346007828757,0.02272941883025656,0.14742893146306638
sub-RID0448,CunealCortex,-0.026469173635024733,-0.027948894985921336,-0.07320669852482942
sub-RID0415,CunealCortex,0.009034932997283307,-0.03209723001860863,0.0682697968507861
sub-RID0673,CunealCortex,-0.0024115351478440905,0.012148363308085592,-0.08723731900530834
sub-RID0688,CunealCortex,-0.0180736778115806,-0.005754670610379604,0.028268665377522685
sub-RID0670,CunealCortex,0.031007112179015524,0.01895123389856548,0.05168927724701715
sub-RID0578,CunealCortex,-0.04800230237284007,-0.013555698236223011,-0.009657840463617359
sub-RID0785,CunealCortex,-0.012355917729310283,-0.022790873257423714,-0.00807640659448038
sub-RID0595,CunealCortex,0.006285988160328659,0.00457681645399963,0.02683564163960392
sub-RID0665,CunealCortex,0.0009442715960012851,0.013565745794392618,-0.00351745952208813
sub-RID0429,CunealCortex,-0.002639077817316466,0.009656686992628852,-0.013764700475517191
sub-RID0784,CunealCortex,-0.023466329725537322,-0.025264697118462853,-0.01188431637141091
sub-RID0689,CunealCortex,-0.01492342058800702,0.0030022964945889004,-0.05265224519104052
sub-RID0671,CunealCortex,-0.04644672827966348,-0.011662291049716627,0.003852408034069512
sub-RID0860,CunealCortex,-0.027433041440437053,0.011488640034435654,-0.05821813323710739
sub-RID0925,CunealCortex,-0.019003456356433794,-0.012606911018627065,-0.1158666465937805
sub-RID0664,CunealCortex,0.06356100474219388,0.00657161390888519,0.03176643402712791
sub-RID0791,CunealCortex,-0.019115402458682398,-0.008225696849493175,0.023662459493356477
sub-RID0668,CunealCortex,0.003433920604286516,0.0021485819761533982,0.0032776433755857004
sub-RID0656,CunealCortex,-0.0027916053013746834,-0.012814024112511074,0.002033050709682417
sub-RID0620,CunealCortex,-0.008726598442380716,0.016858442328659146,0.15723275977046522
sub-RID0396,CunealCortex,0.019957362068695413,-0.04179234677316495,0.0289381006984373
sub-RID0383,CunealCortex,0.008291062899574847,0.002581570816939079,-0.07073250303639865
sub-RID0574,CunealCortex,-0.003379801239598825,0.0013869752869192212,-0.016037364574790863
sub-RID0380,CunealCortex,-0.017638127669295445,-0.010084858655590667,0.018950913938042956
sub-RID0445,CunealCortex,-0.008366367246067605,-0.00035471500106738676,0.0410484501950104
sub-RID0576,CunealCortex,-0.017588551757815846,-0.02743989838460193,-0.10620228602713119
sub-RID0450,CunealCortex,4.17705643750592e-05,0.016163073880572056,0.05527261844021874
sub-RID0433,CunealCortex,0.017712236127716923,0.016149158229209672,0.0905420775711729
sub-RID0693,CunealCortex,0.03043565358910857,0.007901784364490466,0.0700342929472936
sub-RID0490,CunealCortex,-0.02165816558776612,0.0007330964765312236,-0.017513071519668317
sub-RID0798,CunealCortex,-0.025316659793210704,0.00358814716461158,0.0019199426319516137
sub-RID0420,CunealCortex,0.01726562000472056,-0.017332733211707457,0.0277554220853869
sub-RID0646,CunealCortex,-0.05856561194550676,-0.018263362825249,0.053933766235968614
sub-RID0341,CunealCortex,0.0009052912718468513,-0.007141159491312579,0.010527381435492686
sub-RID0680,CunealCortex,0.0026315313402207343,0.0219613921353154,0.04911933616921005
sub-RID0652,CunealCortex,-0.051273943798745863,-0.003175034645431485,-0.007243769084015219
sub-RID0679,CunealCortex,-0.06300620374315427,-0.018270348413509524,0.02936174939161778
sub-RID0681,CunealCortex,0.0002369923721364206,0.0007403428511687058,-0.04103456281796583
sub-RID0512,CunealCortex,-0.012974836847629595,-0.03748161801704546,0.09497764917588448
sub-RID0571,CunealCortex,0.057768894321972734,-0.016860381630596607,0.03455257703975313
sub-RID0572,CunealCortex,-0.016785655823326282,-0.031607162841565575,0.07983191369861796
sub-RID0619,CunealCortex,-0.05896148851473958,-0.03598935291012939,-0.06821853808894927
sub-RID0697,CunealCortex,-0.042254358510015445,-0.017624551644309188,0.024175360243257428
sub-RID0454,CunealCortex,-0.011739383371208757,-0.004976045420824526,0.029555637164693015
sub-RID0440,CunealCortex,-0.007500459347195691,-0.022723229191384097,-0.028359430309734906
sub-RID0904,CunealCortex,-0.07102954590965388,-0.0679772066192653,-0.08749087659555037
sub-RID0455,CunealCortex,-0.042800271630083486,-0.015493520938687761,-0.010891508533902666
sub-RID0408,CunealCortex,-0.06146692363789031,-0.013470094130461439,-0.0342390316936145
sub-RID0365,FrontalMedialCortex,0.0018042986951665805,7.971945424573834e-05,0.06016015867316379
sub-RID0592,FrontalMedialCortex,0.00826148610206229,0.013752866953688884,0.026782150054021493
sub-RID0662,FrontalMedialCortex,0.0031987103431790455,-0.010013683584177875,0.032848303144997905
sub-RID0522,FrontalMedialCortex,-0.010303064761187457,-0.02034645589987591,0.058273372167051765
sub-RID0587,FrontalMedialCortex,-0.004616575319889794,-0.0318132777769052,-0.012370915481292469
sub-RID0663,FrontalMedialCortex,-0.007789766157112379,0.001482581240849773,0.012242027034238044
sub-RID0648,FrontalMedialCortex,-0.018947179853405723,0.0035317144089627977,0.055191700003265336
sub-RID0675,FrontalMedialCortex,-0.016858651078555463,-0.013202560914475303,0.06312395397934974
sub-RID0372,FrontalMedialCortex,0.010151927250856736,0.004410575291450125,0.014798328037601387
sub-RID0585,FrontalMedialCortex,0.0016981875502513908,0.009463425551719898,0.08430571381489733
sub-RID0660,FrontalMedialCortex,-0.001868482921271548,-0.007840545518406638,-0.004863238810865093
sub-RID0591,FrontalMedialCortex,0.007041381867958887,-0.004040831002476914,0.08830059529213236
sub-RID0659,FrontalMedialCortex,-0.0004506953057851057,-0.013467480076718746,0.026069220849739182
sub-RID0597,FrontalMedialCortex,-0.007585974973403441,-0.012501771951530804,-0.0036746597844484787
sub-RID0672,FrontalMedialCortex,-0.004932906236732999,-0.00322625794649777,-0.013147443106093311
sub-RID0449,FrontalMedialCortex,0.014967590483735317,-0.004748309913972994,0.02094834521579506
sub-RID0666,FrontalMedialCortex,0.024083718603686004,-0.009285399562894982,0.03933588824228214
sub-RID0596,FrontalMedialCortex,-0.009839348067392732,-0.011763059323494822,0.017597114844568496
sub-RID0658,FrontalMedialCortex,-0.0013975781698462259,-0.005621877660517449,0.03283608589812753
sub-RID0583,FrontalMedialCortex,0.02096629364210014,-0.014605321019651629,0.01944758649362442
sub-RID0448,FrontalMedialCortex,0.016550859249596952,-0.0022568420924484684,0.008621999383077622
sub-RID0415,FrontalMedialCortex,0.0063638084850651325,0.03276421805060378,0.03388773870738806
sub-RID0673,FrontalMedialCortex,-0.024318445086065146,-0.025526704465664893,0.022220465130256866
sub-RID0688,FrontalMedialCortex,-0.02557731272354365,-0.01898725103382211,-0.07207246654873184
sub-RID0670,FrontalMedialCortex,0.022252007464590468,-0.0184454981236789,0.0937295038085469
sub-RID0578,FrontalMedialCortex,-0.016756626114500732,-0.009505409555541756,0.032832940303169966
sub-RID0785,FrontalMedialCortex,-0.004511463203192356,0.009176278493830597,0.07853927294378708
sub-RID0595,FrontalMedialCortex,0.014433701822485961,0.020538591029827993,0.1661483472616588
sub-RID0665,FrontalMedialCortex,0.015767290747609672,0.048547216117368126,0.0916423681260083
sub-RID0429,FrontalMedialCortex,-0.01764471044958602,0.009880946676457388,0.057315918904735724
sub-RID0784,FrontalMedialCortex,0.0045274626546483706,0.005446157763906968,-0.02764027453220511
sub-RID0689,FrontalMedialCortex,-0.007350661033351886,0.0049116618179701485,0.10834125913101392
sub-RID0671,FrontalMedialCortex,0.0018345024107692491,-0.031870183044430976,-0.031728136058023014
sub-RID0860,FrontalMedialCortex,0.008335571003326278,0.01524979075758345,-0.009422210597579986
sub-RID0925,FrontalMedialCortex,0.0005537677928141511,0.02106630968435152,-0.055218479394772015
sub-RID0664,FrontalMedialCortex,0.03129294944257762,0.022115637995737625,0.08213948373519837
sub-RID0791,FrontalMedialCortex,0.01081876918900312,0.007826111331467683,-0.03678748771508614
sub-RID0668,FrontalMedialCortex,0.013132617456597159,-0.012387093759655113,0.005607931367016428
sub-RID0656,FrontalMedialCortex,-0.017116411977634933,0.0112366309960057,-0.003047701095014673
sub-RID0620,FrontalMedialCortex,-0.013524783853088737,-0.0015799352691612681,-0.004626757855519599
sub-RID0396,FrontalMedialCortex,0.0019161526489399683,-0.0014131157725358094,0.0663571972497362
sub-RID0383,FrontalMedialCortex,-0.012075221000796405,-0.015790367258432737,-0.023273046497223452
sub-RID0574,FrontalMedialCortex,0.0011057916460153507,-0.022342343429834727,0.05279802102535778
sub-RID0380,FrontalMedialCortex,-0.008921597405758975,0.007396027811813318,0.06260787317254059
sub-RID0445,FrontalMedialCortex,-0.005116193525063168,0.017840931710992033,0.031552411640369135
sub-RID0576,FrontalMedialCortex,-0.02995657419944209,-0.013798655111756243,-0.010713218259791301
sub-RID0450,FrontalMedialCortex,-0.00505078229468957,-0.008584824824754781,0.04727309843934786
sub-RID0433,FrontalMedialCortex,-0.00033028069856202557,-0.01843664888153045,0.02018494426889397
sub-RID0693,FrontalMedialCortex,0.003383688227688511,-0.018377525164096027,-0.05381475579528541
sub-RID0490,FrontalMedialCortex,-0.01599579105693649,-0.0013751010943944164,0.021777836604968258
sub-RID0798,FrontalMedialCortex,0.02487462420235518,0.046784989460852626,0.0836488145183451
sub-RID0420,FrontalMedialCortex,0.006710816159583264,-0.011695739554638662,0.06141415476654403
sub-RID0646,FrontalMedialCortex,-0.026079859162187354,-0.019388797575129162,0.02132496728564448
sub-RID0341,FrontalMedialCortex,0.00518615305585087,0.016217558085639183,0.02252849487049023
sub-RID0680,FrontalMedialCortex,0.016588427214534258,-0.00836538301871923,0.047975015046935125
sub-RID0652,FrontalMedialCortex,-0.005712594032080557,0.00396097361862844,0.03256903357555464
sub-RID0679,FrontalMedialCortex,-0.00025252881805950893,-0.008571953319505696,0.05923339655663529
sub-RID0681,FrontalMedialCortex,-0.006521121705938605,0.0027507060410191706,0.01892212111112356
sub-RID0512,FrontalMedialCortex,0.056015175618408165,0.1701548027234435,0.30073337662110705
sub-RID0571,FrontalMedialCortex,0.009487469556262042,0.013122292613711574,0.05912732083204143
sub-RID0572,FrontalMedialCortex,-0.0033378160674314484,-0.014770635247979107,0.06602512600287591
sub-RID0619,FrontalMedialCortex,-0.02145047882621371,0.004259194000785001,-0.0157723713446161
sub-RID0697,FrontalMedialCortex,0.009331476433035541,-0.019399277910900164,0.07332735280393185
sub-RID0454,FrontalMedialCortex,-0.01943177517186161,0.0043970014168157575,0.01891238082476692
sub-RID0440,FrontalMedialCortex,-0.0021153921646342856,-0.004138403683871189,-0.012528581847353748
sub-RID0904,FrontalMedialCortex,0.019688333507601772,0.01588469781245265,0.04798231491581216
sub-RID0455,FrontalMedialCortex,-0.025279122715538543,-0.018729075962899838,0.020284492125434914
sub-RID0408,FrontalMedialCortex,-0.022550718891759674,0.00014795800650528793,-0.005478372590150284
sub-RID0365,FrontalOperculumCortex,0.035913792776443125,0.009211090344596027,0.07035980020777735
sub-RID0592,FrontalOperculumCortex,0.035058273240783214,0.018533157199158993,0.022738116401630284
sub-RID0662,FrontalOperculumCortex,-0.05069024877750685,-0.04069685445309358,-0.052522500215144506
sub-RID0522,FrontalOperculumCortex,0.011502994553087016,0.006114697320425293,0.042324667285925856
sub-RID0587,FrontalOperculumCortex,0.013087481005192319,0.007678215299883631,0.0013158404877243032
sub-RID0663,FrontalOperculumCortex,-0.047954587502916916,-0.003308331872619019,-0.04083262077321386
sub-RID0648,FrontalOperculumCortex,-0.0020579754102610227,0.03556322874667537,-0.07705302824552099
sub-RID0675,FrontalOperculumCortex,-0.016845563432056596,0.02727174124780575,-0.06239089937558745
sub-RID0372,FrontalOperculumCortex,0.01557506101336035,0.03619548949199689,-0.02187645359971054
sub-RID0585,FrontalOperculumCortex,-0.04087742804573994,-0.021582954737045676,-0.1543881015785383
sub-RID0660,FrontalOperculumCortex,-0.0073287478930142095,-0.04768735718306263,-0.000749568872320668
sub-RID0591,FrontalOperculumCortex,-0.03017482192205995,-0.005086213272521922,-0.05437022001382799
sub-RID0659,FrontalOperculumCortex,0.023735804132673295,0.04151252636036604,0.07395450396804257
sub-RID0597,FrontalOperculumCortex,-0.02845550210809578,-0.05155956476367252,-0.09013236301014232
sub-RID0672,FrontalOperculumCortex,0.03648856699983007,0.024814916387585775,-0.034840641506333224
sub-RID0449,FrontalOperculumCortex,0.045540359312684145,0.012796928489711491,-0.017666768347313424
sub-RID0666,FrontalOperculumCortex,-0.027227493731996646,-0.014097828866330446,-0.04944258301829908
sub-RID0596,FrontalOperculumCortex,0.030234320522261375,-0.004951919595777735,-0.009831166389706205
sub-RID0658,FrontalOperculumCortex,-0.00962026822933173,-0.003540571112836909,-0.015569144240268151
sub-RID0583,FrontalOperculumCortex,0.012165366943006014,0.03684888642524803,-0.059059609275063915
sub-RID0448,FrontalOperculumCortex,-0.021304083923913773,-0.040732786421425374,-0.013155979044496065
sub-RID0415,FrontalOperculumCortex,0.031887131583611165,-0.004618055846225799,-0.022568405505688758
sub-RID0673,FrontalOperculumCortex,-0.02955381289952791,-0.0025156156087194994,-0.04885379052818885
sub-RID0688,FrontalOperculumCortex,-0.01658911534611212,-0.012135610762240625,0.0361494312346605
sub-RID0670,FrontalOperculumCortex,0.01320965040012639,-0.021995722777747487,0.025680989238866754
sub-RID0578,FrontalOperculumCortex,-0.0654227724840844,-0.06297597789109523,-0.015172693218534586
sub-RID0785,FrontalOperculumCortex,-0.05359246470921713,-0.017865233305672086,0.02619988447571085
sub-RID0595,FrontalOperculumCortex,-0.0447201641682147,0.007401084138582984,-0.07211237625123837
sub-RID0665,FrontalOperculumCortex,0.014864519331466071,0.0004250710288854569,0.13794676260265806
sub-RID0429,FrontalOperculumCortex,0.02302990365561978,0.014588240117388556,-0.011521884831264734
sub-RID0784,FrontalOperculumCortex,-0.0037754194931760667,-0.014635204787033779,-0.044552183378389884
sub-RID0689,FrontalOperculumCortex,0.01696414057229452,0.035333023294546635,-0.09078183201873075
sub-RID0671,FrontalOperculumCortex,0.013172212449558657,-0.2470663679816562,-0.8416410199961037
sub-RID0860,FrontalOperculumCortex,-0.008755528522280625,-0.010428412981835907,-0.0695808488666819
sub-RID0925,FrontalOperculumCortex,0.006828520590114846,0.0016783036275089176,-0.06698870274073436
sub-RID0664,FrontalOperculumCortex,0.019103503624485884,0.023418656999805682,0.022558601265902516
sub-RID0791,FrontalOperculumCortex,0.02626202535732098,-0.004447406283430731,-0.08656308656962475
sub-RID0668,FrontalOperculumCortex,0.01380618278538634,-0.0072163041746993424,-0.045253574009742545
sub-RID0656,FrontalOperculumCortex,-0.017543491670689595,-0.005621402851228727,-0.04166794328055201
sub-RID0620,FrontalOperculumCortex,-0.09998722773150902,-0.014930805392398615,-0.13436132541546186
sub-RID0396,FrontalOperculumCortex,-0.034410463855696585,-0.05613927066950357,-0.12313007682551193
sub-RID0383,FrontalOperculumCortex,-0.049873096443695066,-0.003680299262307848,-0.03661237238221904
sub-RID0574,FrontalOperculumCortex,-0.02515512727063303,-0.015262238004617902,-0.0855853630856927
sub-RID0380,FrontalOperculumCortex,-0.012558074415469028,-0.018649500371084825,-0.06760784093415707
sub-RID0445,FrontalOperculumCortex,-0.011341774700871136,-0.025185893362015155,-0.08970786751982922
sub-RID0576,FrontalOperculumCortex,-0.06294181794552965,-0.02264079318197518,-0.12079713088020708
sub-RID0450,FrontalOperculumCortex,0.02913749674253298,0.033291740084655644,-0.018298889199893992
sub-RID0433,FrontalOperculumCortex,0.011583082831583817,-0.02685239906723035,-0.010074916539614181
sub-RID0693,FrontalOperculumCortex,-0.0008548424608652078,-0.007943221479372565,0.011944146375054554
sub-RID0490,FrontalOperculumCortex,-0.0008743083803480015,0.00668677393132803,-0.04816836173701258
sub-RID0798,FrontalOperculumCortex,0.056948918773638404,0.0393448959872523,0.028135952400148326
sub-RID0420,FrontalOperculumCortex,-0.002370172352282922,-0.01709723467054326,-0.014904500315504329
sub-RID0646,FrontalOperculumCortex,0.012037034069069981,-0.0175491462142897,-0.07574335632180337
sub-RID0341,FrontalOperculumCortex,-0.0238507243681648,0.0005257733956924761,-0.018416353919330514
sub-RID0680,FrontalOperculumCortex,0.009927469742814166,-0.02347088280944492,-0.05938435142898407
sub-RID0652,FrontalOperculumCortex,-0.042146973108247526,-0.031241721625290226,-0.03306179932775418
sub-RID0679,FrontalOperculumCortex,0.006496922890905484,-0.002693600965402648,0.044614047002625425
sub-RID0681,FrontalOperculumCortex,0.007776682672677215,-0.018884376086984785,-0.04147555578002898
sub-RID0512,FrontalOperculumCortex,0.13847950663813824,0.2911464460250044,0.32340493829166206
sub-RID0571,FrontalOperculumCortex,0.02734064594602687,0.04110889004351493,-0.000895821157062383
sub-RID0572,FrontalOperculumCortex,0.09079889849991911,0.017888777419487085,0.0005016836650204956
sub-RID0619,FrontalOperculumCortex,-0.011411025630511324,-0.00782481867536311,-0.05146395078743933
sub-RID0697,FrontalOperculumCortex,0.0620454618391547,0.026107661149968944,-0.00665733157197867
sub-RID0454,FrontalOperculumCortex,-0.020134079187113182,-0.020544417764021067,-0.03764072011099681
sub-RID0440,FrontalOperculumCortex,0.03413063005064374,-0.01849669135808313,-0.0007883450067358648
sub-RID0904,FrontalOperculumCortex,0.022318078813295707,-0.0022393944872605865,-0.010093159205164026
sub-RID0455,FrontalOperculumCortex,0.012229890260570708,0.004789703706584,-0.007372879364508332
sub-RID0408,FrontalOperculumCortex,-0.011673067756827504,-0.03280302711906813,-0.02658729684872941
sub-RID0365,FrontalOrbitalCortex,0.005485789901069272,-0.02981011798650385,-0.03755090372099803
sub-RID0592,FrontalOrbitalCortex,-0.10837932209969935,-0.06651067838461944,-0.11557643187609767
sub-RID0662,FrontalOrbitalCortex,0.006513781783509552,-0.0162726252486725,-0.006004867602225603
sub-RID0522,FrontalOrbitalCortex,0.0008890109095031232,-0.0022466509913972414,0.03360610923449748
sub-RID0587,FrontalOrbitalCortex,0.015724155179076254,-0.018547099481949495,0.03992229934322785
sub-RID0663,FrontalOrbitalCortex,-0.03543860883357971,-0.01687453360356121,-0.024893732897355508
sub-RID0648,FrontalOrbitalCortex,-0.027068470478844673,-0.008257996761085054,-0.05771631591106042
sub-RID0675,FrontalOrbitalCortex,-0.03339711942150615,-0.04048561973643399,-0.04817086397162139
sub-RID0372,FrontalOrbitalCortex,-0.033223975913762,-0.023741357567224244,-0.013108031319628748
sub-RID0585,FrontalOrbitalCortex,-0.025809589512249324,-0.020903014931032166,-0.02394077437427085
sub-RID0660,FrontalOrbitalCortex,-0.008504911988693131,-0.031933555533954015,-0.025496143390346025
sub-RID0591,FrontalOrbitalCortex,-0.00819994216530172,-0.02065537368661655,-0.06873891927514708
sub-RID0659,FrontalOrbitalCortex,-0.018300062657664828,0.0008735418646867593,0.012379346190332466
sub-RID0597,FrontalOrbitalCortex,0.0027780659699388325,-0.0203032409614908,-0.01106217572855769
sub-RID0672,FrontalOrbitalCortex,-0.07649541008645638,-0.02498824056918778,-0.03844675112816692
sub-RID0449,FrontalOrbitalCortex,-0.021722090745213782,-0.03282265849395849,0.03873273919834561
sub-RID0666,FrontalOrbitalCortex,-0.007997814600780188,-0.021418438404014434,0.0021188929678463923
sub-RID0596,FrontalOrbitalCortex,-0.005998853408251948,-0.010879099438457947,0.02171604981293559
sub-RID0658,FrontalOrbitalCortex,-0.02686950104599447,-0.03660773018974614,-0.047571006804297336
sub-RID0583,FrontalOrbitalCortex,-0.03505632722093368,-0.027338940105824928,-0.06326563378600854
sub-RID0448,FrontalOrbitalCortex,-0.009496401162039782,0.0028345338817359986,0.025264675328385715
sub-RID0415,FrontalOrbitalCortex,-0.01576974538804225,-0.012760380738713398,-0.016542111383112568
sub-RID0673,FrontalOrbitalCortex,-0.011940466407974852,-0.022317188970166928,0.038571052482724404
sub-RID0688,FrontalOrbitalCortex,-0.0352173102807719,-0.021455002025506365,0.009850926377875907
sub-RID0670,FrontalOrbitalCortex,-0.0011432354548625543,-0.031260546171413967,0.03896107659017449
sub-RID0578,FrontalOrbitalCortex,-0.015387365629647144,-0.025000047224133022,-0.0020194536399960722
sub-RID0785,FrontalOrbitalCortex,-0.008981331408623353,-0.02381458984155622,-0.00600071137800266
sub-RID0595,FrontalOrbitalCortex,-0.04245271687113343,-0.01205856495601379,-0.05020848745718209
sub-RID0665,FrontalOrbitalCortex,-0.01328088041588157,0.00844872482769594,0.15416306115166878
sub-RID0429,FrontalOrbitalCortex,-0.002206406112454902,-0.009202309395751188,0.025658619352920426
sub-RID0784,FrontalOrbitalCortex,-0.005750167768156093,-0.014306274337815185,-0.04585107758555092
sub-RID0689,FrontalOrbitalCortex,-0.01048644716338675,-0.0016738008238051186,-0.0264574074996661
sub-RID0671,FrontalOrbitalCortex,-0.051923080951913884,-0.15583888002084234,-0.6836751434287685
sub-RID0860,FrontalOrbitalCortex,-0.02481656417548581,-0.027505754699837123,-0.024984763878377732
sub-RID0925,FrontalOrbitalCortex,-0.006629227197065435,-0.036838363881617486,-0.08365415210577183
sub-RID0664,FrontalOrbitalCortex,-0.01897496349376956,-0.007586035406816718,-0.017338180505457084
sub-RID0791,FrontalOrbitalCortex,-0.00455767997486665,-0.03540388472832587,-0.02192607359672283
sub-RID0668,FrontalOrbitalCortex,-0.0008707929524743392,-0.03586651732104068,-0.0004512235204603032
sub-RID0656,FrontalOrbitalCortex,-0.05969958455607545,-0.04100481574080828,-0.07676213154602218
sub-RID0620,FrontalOrbitalCortex,-0.019064262314343598,-0.039342221278286356,0.010563111611764035
sub-RID0396,FrontalOrbitalCortex,-0.005873589474585168,-0.04318013619015644,0.013708498014074508
sub-RID0383,FrontalOrbitalCortex,-0.02390488971532434,-0.020227064446741314,-0.03270122898681726
sub-RID0574,FrontalOrbitalCortex,-0.05911650205677572,-0.04162400426419551,-0.04339512038316277
sub-RID0380,FrontalOrbitalCortex,-0.030294214258128865,-0.034625247357138615,-0.10097734610465381
sub-RID0445,FrontalOrbitalCortex,-0.046730877698719,-0.04319058551934097,-0.05289666651409279
sub-RID0576,FrontalOrbitalCortex,-0.02477200436668255,-0.012635038163853226,-0.008355357224667539
sub-RID0450,FrontalOrbitalCortex,-0.02952547564904909,-0.024033172527227687,0.005703778584030004
sub-RID0433,FrontalOrbitalCortex,-0.020517269813249358,-0.03066938893020585,0.03645390795905449
sub-RID0693,FrontalOrbitalCortex,0.014395252686225313,-0.0045746094352065786,-0.04041457241413081
sub-RID0490,FrontalOrbitalCortex,-0.026006891792355446,-0.01705755593530575,-0.07936780058308691
sub-RID0798,FrontalOrbitalCortex,0.05613930122779782,-0.007368147802809708,0.052884628588943786
sub-RID0420,FrontalOrbitalCortex,-0.0036492203660288595,-0.02136624997335578,-0.03273948081091481
sub-RID0646,FrontalOrbitalCortex,-0.032651954195007465,-0.0412128952494669,0.013157523041176894
sub-RID0341,FrontalOrbitalCortex,-0.022900912360077644,-0.032349980930668404,-0.06093427287052459
sub-RID0680,FrontalOrbitalCortex,0.02273595448131317,-0.009755097418372818,-0.022883470472946043
sub-RID0652,FrontalOrbitalCortex,-0.0028749950975675903,-0.011463087743846453,-0.01677992327587909
sub-RID0679,FrontalOrbitalCortex,-0.006884404833090933,-0.02475244090667533,-0.04992846587059746
sub-RID0681,FrontalOrbitalCortex,-0.02716682902600206,-0.03240485809751571,-0.058037903227592426
sub-RID0512,FrontalOrbitalCortex,0.31762442211175396,0.3261317179679112,0.1927963987159291
sub-RID0571,FrontalOrbitalCortex,0.002175349465003759,0.010617720286253782,0.027061547382949885
sub-RID0572,FrontalOrbitalCortex,0.0110925801241278,-0.03414549759266058,-0.027371104172548504
sub-RID0619,FrontalOrbitalCortex,-0.02570081623861462,0.0057597158536973145,0.021091344036755336
sub-RID0697,FrontalOrbitalCortex,-0.008851812272253732,-0.007467769841313218,0.022838519082219785
sub-RID0454,FrontalOrbitalCortex,-0.014398014550030997,-0.017910163154366207,0.024496037968280194
sub-RID0440,FrontalOrbitalCortex,0.005401854188090159,-0.027229669911707246,0.06502857923354155
sub-RID0904,FrontalOrbitalCortex,-0.004849099802807341,-0.017036064902722883,-0.041504708991098836
sub-RID0455,FrontalOrbitalCortex,0.0005958142838000903,-0.01178987935809183,-0.019788624237212296
sub-RID0408,FrontalOrbitalCortex,-0.005212580814948287,-0.022104770662741895,0.011865229737347854
sub-RID0365,FrontalPole,-0.03881533426570508,-0.04793259675611371,-0.044090379923355086
sub-RID0592,FrontalPole,-0.04896462415949751,-0.03198023611427617,-0.013112377820053122
sub-RID0662,FrontalPole,-0.04489262013199923,-0.03723239580073918,-0.011120283037538049
sub-RID0522,FrontalPole,-0.04929386290295181,-0.03785867352741826,0.01013543700450754
sub-RID0587,FrontalPole,-0.03165271621202233,-0.05530442899113062,-0.05252999335772542
sub-RID0663,FrontalPole,-0.055444282314447806,-0.051336815833028696,-0.041803182896646716
sub-RID0648,FrontalPole,-0.03529454753979801,-0.042495479696005596,-0.04940887218748962
sub-RID0675,FrontalPole,-0.046988592993651844,0.0066801651464682,-0.05411000526374883
sub-RID0372,FrontalPole,-0.045356597499019956,-0.04059998597569904,-0.05855742942245755
sub-RID0585,FrontalPole,-0.028418683813736034,-0.03498649432044599,-0.03265295102236714
sub-RID0660,FrontalPole,-0.048356776062451375,-0.05815338732006084,-0.04124784013980488
sub-RID0591,FrontalPole,-0.05481885562641433,-0.05294709123083994,-0.036343780964660004
sub-RID0659,FrontalPole,-0.03103486738380778,-0.029288005801362246,-0.024811321281828762
sub-RID0597,FrontalPole,-0.05588365343772351,-0.04508537144071959,-0.04872330261342697
sub-RID0672,FrontalPole,-0.043962396919550305,-0.036357362718365205,-0.045044540954148254
sub-RID0449,FrontalPole,-0.04110613014860686,-0.038467849245354666,-0.029548021024690688
sub-RID0666,FrontalPole,-0.036888685062049335,-0.052481794476182224,-0.04289019780303208
sub-RID0596,FrontalPole,-0.028727907382972304,-0.0372766326395585,0.012890637202248595
sub-RID0658,FrontalPole,-0.032530694123589554,-0.04764035712218507,-0.05614758935323332
sub-RID0583,FrontalPole,-0.04790496524243406,-0.05711729457694511,-0.09468356377851062
sub-RID0448,FrontalPole,-0.05877909642842884,-0.04474576464410856,-0.030912909057767723
sub-RID0415,FrontalPole,-0.053984688073418705,-0.04964724572768393,-0.03651489912428951
sub-RID0673,FrontalPole,-0.05287245694297503,-0.041776051434777015,-0.023502307628577242
sub-RID0688,FrontalPole,-0.051469936329286446,-0.03580913064749162,-0.007977288743165313
sub-RID0670,FrontalPole,-0.03178448438173825,-0.04920585069123955,-0.015331329734230662
sub-RID0578,FrontalPole,-0.04482943380144033,-0.04747220397944545,-0.027503109960414173
sub-RID0785,FrontalPole,-0.04339700528478952,-0.03282272670061437,0.022298472200590492
sub-RID0595,FrontalPole,-0.05029426418637782,-0.039540835234032914,0.002725076823507456
sub-RID0665,FrontalPole,-0.049827631935919374,-0.026331779182032153,0.03303929907772539
sub-RID0429,FrontalPole,-0.03902606547866072,-0.0328945665453267,-0.029817967908907676
sub-RID0784,FrontalPole,-0.025470907197066447,-0.036681842694822296,-0.03664406953363745
sub-RID0689,FrontalPole,-0.03830930381214205,-0.04109954666931317,-0.034656470682607465
sub-RID0671,FrontalPole,-0.050628105597071885,-0.17487508692144577,-0.5411979487236492
sub-RID0860,FrontalPole,-0.044803260827014406,-0.029477734997599498,-0.049704383594234854
sub-RID0925,FrontalPole,-0.033862359042477516,-0.04862797236497549,-0.23449186622869536
sub-RID0664,FrontalPole,0.13214349248312257,0.11204357141379416,0.27430115511910586
sub-RID0791,FrontalPole,-0.0271044822344063,-0.032210225444379854,-0.03386959731673241
sub-RID0668,FrontalPole,-0.020295834276692834,-0.04575247144672185,-0.011609517404516571
sub-RID0656,FrontalPole,-0.04256590168304425,-0.04635949124841918,-0.040680897588439485
sub-RID0620,FrontalPole,-0.02200708698525801,-0.04898211128975632,-0.025416808810090393
sub-RID0396,FrontalPole,-0.01935826101670785,-0.033076213561563345,0.014287551413997979
sub-RID0383,FrontalPole,-0.03861156640419855,-0.011926221751291502,0.005584915596420783
sub-RID0574,FrontalPole,-0.07423807750037546,-0.054840151159358815,-0.06693536777784369
sub-RID0380,FrontalPole,-0.04687268594384191,-0.030782117580469684,-0.0564122595126621
sub-RID0445,FrontalPole,-0.06513294396546954,-0.05521355679148681,-0.10239598831493531
sub-RID0576,FrontalPole,-0.07047288383295096,-0.04246857241306973,-0.03528899111691503
sub-RID0450,FrontalPole,-0.05159163050424335,-0.031243676932112257,0.04247917710331423
sub-RID0433,FrontalPole,-0.029551161034838947,-0.04722982638034185,0.008779652544978854
sub-RID0693,FrontalPole,-0.011606536901848279,-0.002230590375746768,0.07183588054229612
sub-RID0490,FrontalPole,-0.024598955920068145,-0.040567512174927545,-0.015283519553492452
sub-RID0798,FrontalPole,0.009058718372353254,-0.056220213920002975,0.021372110351083905
sub-RID0420,FrontalPole,-0.033015938985742774,-0.056599194089011234,-0.019503836235324853
sub-RID0646,FrontalPole,-0.046350904442022334,-0.032519290299318444,-0.038808068802816016
sub-RID0341,FrontalPole,-0.036785132655742285,-0.04013973026303835,-0.03574241926250216
sub-RID0680,FrontalPole,-0.04741637722028057,-0.03575475796321387,-0.02829524384816808
sub-RID0652,FrontalPole,-0.03551348934170661,-0.04334009678832444,-0.03185269781183578
sub-RID0679,FrontalPole,-0.051173013259855044,-0.042695686653728186,-0.032754333296350045
sub-RID0681,FrontalPole,-0.052843256028608725,-0.049684323958639254,-0.06715287267700254
sub-RID0512,FrontalPole,0.06464161856230613,0.08216066388724108,0.14410871651001575
sub-RID0571,FrontalPole,-0.021626121271387983,-0.01912224091082727,-0.03347696779928254
sub-RID0572,FrontalPole,-0.03680690484933394,-0.05800889832805079,-0.05161768300860152
sub-RID0619,FrontalPole,-0.05594488187298292,-0.03861903552670912,-0.03006746885473663
sub-RID0697,FrontalPole,-0.036756074661395674,-0.04830312147667791,-0.07282041598291557
sub-RID0454,FrontalPole,-0.04397186776653555,-0.04594478790236352,-0.013506038297649273
sub-RID0440,FrontalPole,-0.0441232832933161,-0.05250797957406162,-0.009405084272095698
sub-RID0904,FrontalPole,-0.05977333371967945,-0.04454680309219095,-0.04580281151516369
sub-RID0455,FrontalPole,-0.031628146247343315,-0.035524187063832084,-0.01954074869728996
sub-RID0408,FrontalPole,-0.051138699518003,-0.05145044910392424,-0.0479975801868944
sub-RID0365,HeschlsGyrus,0.02277919020738346,0.035338224084609696,-0.04565318282013146
sub-RID0592,HeschlsGyrus,0.03828930413167131,0.0028346195130929085,-0.05133365784292576
sub-RID0662,HeschlsGyrus,0.018620761512508802,0.0006003027606140985,-0.006733511605345867
sub-RID0522,HeschlsGyrus,0.05739393924942545,-0.01150989996552865,-0.021047788703480824
sub-RID0587,HeschlsGyrus,0.018479105881741734,0.016878445575461264,0.1503353767509747
sub-RID0663,HeschlsGyrus,0.008705172255821826,0.005049553860991612,-0.017266298188194747
sub-RID0648,HeschlsGyrus,-0.01332277628745801,-0.01544751664105732,-0.045670757704678065
sub-RID0675,HeschlsGyrus,0.015805955986816285,0.12765944344117078,-0.06906508969662167
sub-RID0372,HeschlsGyrus,0.029734693643972094,0.004422007221536279,0.015149569053498927
sub-RID0585,HeschlsGyrus,-0.02669202017011703,-0.034185379629069736,-0.10781132599721371
sub-RID0660,HeschlsGyrus,0.020230890320566564,-0.0005886738728157521,0.04650111051813496
sub-RID0591,HeschlsGyrus,-0.0026369880896997713,0.03030375453000042,0.061111929981106705
sub-RID0659,HeschlsGyrus,-0.01752873945505145,-0.024198475414217782,0.057630358536086314
sub-RID0597,HeschlsGyrus,0.060810525222583685,0.016434177699069203,0.030987450232565435
sub-RID0672,HeschlsGyrus,0.030426816675720107,0.028185465067607367,-0.013480740367775825
sub-RID0449,HeschlsGyrus,-0.013547395706790697,0.011592062949496476,0.04177031415865701
sub-RID0666,HeschlsGyrus,-0.0222180507234545,0.024398774378443407,0.02990769043493209
sub-RID0596,HeschlsGyrus,-0.005837153230034147,0.022576724021189994,0.04199115414109326
sub-RID0658,HeschlsGyrus,0.009152076865863308,0.009529448925729753,-0.012173988171552753
sub-RID0583,HeschlsGyrus,-0.02538945119739751,-0.005470398165236068,-0.04652846545560227
sub-RID0448,HeschlsGyrus,0.021651300820281598,0.017492810204023497,0.033932326799439846
sub-RID0415,HeschlsGyrus,0.03264137640433882,0.0005828416525451862,-0.032877502049745384
sub-RID0673,HeschlsGyrus,-0.02080196332095741,-0.008910892551069784,-0.004226472705452448
sub-RID0688,HeschlsGyrus,0.017942419278696775,-0.0034111892992956354,-0.020459650982170702
sub-RID0670,HeschlsGyrus,0.003985836145770641,0.018962822917328644,0.04260688890744138
sub-RID0578,HeschlsGyrus,-0.016342168863785148,-0.014774596587939766,-0.02959078202630691
sub-RID0785,HeschlsGyrus,-0.023498531584428124,-0.00605066682106533,-0.043411353276311945
sub-RID0595,HeschlsGyrus,-0.023742064709500802,-0.01616830620857983,-0.057934593745654926
sub-RID0665,HeschlsGyrus,-0.0274057420395231,0.008791075985499086,0.05889036109547901
sub-RID0429,HeschlsGyrus,0.029261726571538946,-0.0038735211735497536,-0.02838627555105515
sub-RID0784,HeschlsGyrus,-0.01707948058277479,-0.029546473230917872,-0.08076957169936361
sub-RID0689,HeschlsGyrus,-0.005110130848129884,0.011376386894667412,0.037182404090487786
sub-RID0671,HeschlsGyrus,0.018829074655287402,-0.2533807648258863,-0.9093637293140674
sub-RID0860,HeschlsGyrus,-0.03570726179204503,0.0013202466391568945,-0.050567871132356036
sub-RID0925,HeschlsGyrus,0.007131023301413695,-0.025312868896528933,0.27651509739636054
sub-RID0664,HeschlsGyrus,0.02749536947853521,-0.02114766193141132,-0.024326589522208182
sub-RID0791,HeschlsGyrus,0.02117056892549752,-0.016344238134226773,-0.07924359212107766
sub-RID0668,HeschlsGyrus,0.015797092966471558,-0.04189129831873514,0.015776195811884493
sub-RID0656,HeschlsGyrus,0.03896324728865932,0.02874218755344029,-0.11979551154919846
sub-RID0620,HeschlsGyrus,-0.04655161708830862,-0.008594774974246228,-0.026502842669014835
sub-RID0396,HeschlsGyrus,-0.024880086606621936,-0.026198641082744133,-0.02478736570580728
sub-RID0383,HeschlsGyrus,0.051787317709547594,0.005558349002116401,0.03126624919106185
sub-RID0574,HeschlsGyrus,-0.01828696601133078,-0.013752407044837182,0.040762275718591104
sub-RID0380,HeschlsGyrus,-0.02524158049516094,0.01242691682143127,-0.11880554117734998
sub-RID0445,HeschlsGyrus,-0.07900166940544558,-0.075470655226573,-0.07988224044591459
sub-RID0576,HeschlsGyrus,0.004016118400939288,-0.03609004403024206,0.03900974793134582
sub-RID0450,HeschlsGyrus,0.0005140284947890824,-0.006623855956183464,-0.015426351771923266
sub-RID0433,HeschlsGyrus,-0.02389160779607906,0.00806631440851443,0.08057905777314202
sub-RID0693,HeschlsGyrus,0.011572448225856452,-0.009942046742890582,-0.0018424416972064306
sub-RID0490,HeschlsGyrus,-0.014979118029014993,0.038292636329200935,0.03357353802905274
sub-RID0798,HeschlsGyrus,0.08571107145446064,-0.0058480540237858996,0.06695132361212329
sub-RID0420,HeschlsGyrus,-0.022117721662093314,-0.04207051429132766,0.0675298259563572
sub-RID0646,HeschlsGyrus,-0.03442448767340707,-0.04792047677763129,-0.04223872917165385
sub-RID0341,HeschlsGyrus,-0.01589731283312847,-0.012802247111006646,-0.08469631080308941
sub-RID0680,HeschlsGyrus,-0.013881279645871653,-0.011716288168446474,-0.008816975280319815
sub-RID0652,HeschlsGyrus,-0.051312766552145395,0.012756530031159733,0.00708242473195166
sub-RID0679,HeschlsGyrus,-0.0022180821541930187,-0.018027197810676302,0.0075562080212428625
sub-RID0681,HeschlsGyrus,-0.028650002198185316,-0.00755810118737548,-0.022442556786671623
sub-RID0512,HeschlsGyrus,0.14020769502897137,0.04002596495352266,0.016781208579664603
sub-RID0571,HeschlsGyrus,0.07660011974609861,0.017331283363574822,-0.035029729267693245
sub-RID0572,HeschlsGyrus,0.07409988868455654,0.00980855453874243,-0.015139214799069128
sub-RID0619,HeschlsGyrus,-0.0064618495260576085,0.002157018006100421,0.04191142875853653
sub-RID0697,HeschlsGyrus,0.03431822716538972,0.024049119988742977,0.028589652940597746
sub-RID0454,HeschlsGyrus,0.005977693257326401,-0.02119322551817703,-0.11946875481096306
sub-RID0440,HeschlsGyrus,0.04552812025809067,0.0011977083446875422,0.03982747257865024
sub-RID0904,HeschlsGyrus,-0.09324732764578361,-0.005486996649538251,-0.0565400727890744
sub-RID0455,HeschlsGyrus,0.055890247578293334,0.010254757057874861,-0.052811271865611284
sub-RID0408,HeschlsGyrus,0.044564564804927716,-0.0023379239332307596,0.012038165054308322
sub-RID0365,Hippocampus,0.02935420407276193,-0.0234354756731261,-0.024553117397457542
sub-RID0592,Hippocampus,0.07014250402377649,0.014800603340908795,0.017479949725260614
sub-RID0662,Hippocampus,0.027577853748805076,0.023758075842636187,0.007981849896900343
sub-RID0522,Hippocampus,0.05196286671146336,-0.02135837837222558,-0.022346669222992128
sub-RID0587,Hippocampus,0.02630557946609604,0.011809152468445622,0.012186063050996447
sub-RID0663,Hippocampus,0.0015044849035255668,0.028114188827480492,0.13234230668730737
sub-RID0648,Hippocampus,0.0003284032762519076,0.02475538190356094,-0.054629484145538386
sub-RID0675,Hippocampus,0.05284074171444242,0.022308672205964615,-0.08410466820421912
sub-RID0372,Hippocampus,0.0668228635932588,0.02656536772512428,-0.013414167526466835
sub-RID0585,Hippocampus,0.013446860040620946,0.049700710718885564,-0.035594963415199105
sub-RID0660,Hippocampus,0.023349903955845856,-0.0013310680688816139,-0.17325674258999602
sub-RID0591,Hippocampus,0.02886405550373351,0.006402263339529992,0.04499010950467858
sub-RID0659,Hippocampus,-0.04567856350091586,-0.012942418509337297,0.036461395422174823
sub-RID0597,Hippocampus,0.014086750550762701,-0.011055247622108456,-0.029397255194979332
sub-RID0672,Hippocampus,-0.025287433991534825,0.011523295679877069,0.0026602800295538096
sub-RID0449,Hippocampus,0.06266682775116458,0.07197228698377973,0.023605002584363356
sub-RID0666,Hippocampus,0.012657108587709501,-0.0015665218604855372,0.015578533709459885
sub-RID0596,Hippocampus,-0.0031619157850889734,-0.007576438396944985,0.06071356950087212
sub-RID0658,Hippocampus,0.03953074536443646,0.027089488374260222,0.04828893984985718
sub-RID0583,Hippocampus,0.010336129013196707,0.012348008816082352,-0.001009052445009255
sub-RID0448,Hippocampus,0.02661679585189448,0.058973671271558795,-0.024739012938895872
sub-RID0415,Hippocampus,0.024980746720612037,-0.039532509161982886,-0.022062711756889855
sub-RID0673,Hippocampus,0.007658993473333245,-0.014894694085930379,-0.022690216862652553
sub-RID0688,Hippocampus,0.019831395949405792,0.024717125380737382,-0.027778326814328628
sub-RID0670,Hippocampus,0.03822551812998511,-0.003825399517265294,0.006074384298833116
sub-RID0578,Hippocampus,0.02183484655142614,0.024607530812554106,0.010588060862882146
sub-RID0785,Hippocampus,0.04065922282223188,0.024938188670497685,0.03163323982434436
sub-RID0595,Hippocampus,-0.06959321795298382,0.02713117622495896,0.014356137200145181
sub-RID0665,Hippocampus,0.10867561124369797,0.06412174801237384,0.09568585770574585
sub-RID0429,Hippocampus,0.0017327006783853897,0.003416286781212456,0.023380494656277586
sub-RID0784,Hippocampus,0.0054205839544024985,0.02195631663925897,-0.030322287554309144
sub-RID0689,Hippocampus,-0.052067549950144294,-0.027315583325770765,-0.04145300363914732
sub-RID0671,Hippocampus,-0.07571519839879533,-0.0735586615964628,-0.17059037702265953
sub-RID0860,Hippocampus,-0.011745659501085222,-0.03138257261275948,-0.02850533967162549
sub-RID0925,Hippocampus,0.018727327862532995,-0.016739527429722123,0.11973032831704619
sub-RID0664,Hippocampus,0.027070335880573684,0.019288172932003248,0.011050791475791601
sub-RID0791,Hippocampus,0.02938773526695479,0.008600825529395055,-0.01921141077288484
sub-RID0668,Hippocampus,0.020544644638728866,0.0784473019251235,0.10240304296698038
sub-RID0656,Hippocampus,-0.023161114136828857,0.02530257923766344,-0.006458996705100929
sub-RID0620,Hippocampus,0.01857078989762404,0.02463133112233839,0.010678473715377846
sub-RID0396,Hippocampus,0.008267232265956045,0.002942283334261819,0.0025618389330602414
sub-RID0383,Hippocampus,-0.049335920710557084,-0.04677676503688407,-0.04953834313470673
sub-RID0574,Hippocampus,-0.05942346994791456,-0.015273308401659007,-0.01213738188814117
sub-RID0380,Hippocampus,-0.01489658977698476,-0.03126979405716184,-0.04900006728557688
sub-RID0445,Hippocampus,-0.05348686250559723,-0.08072143714720362,-0.0731961251972461
sub-RID0576,Hippocampus,0.012001354684212992,0.014600893712224679,0.015585088253676571
sub-RID0450,Hippocampus,-0.03748366595445512,-0.07199059464689037,-0.02000990853617694
sub-RID0433,Hippocampus,-0.005576518036010808,-0.02132533330984573,0.034409976054460924
sub-RID0693,Hippocampus,0.05194318159300046,0.0510913042419406,0.023470699942871657
sub-RID0490,Hippocampus,-0.029823000917470355,-0.008700801390977656,0.024333014494533498
sub-RID0798,Hippocampus,0.11506700388224439,0.01502948733601393,0.04812407124165745
sub-RID0420,Hippocampus,-0.024592435144329627,0.010725829101696113,0.03557423237127568
sub-RID0646,Hippocampus,0.003404510340900309,-0.006420919348761796,-0.026943986766360364
sub-RID0341,Hippocampus,-0.007838053393993925,0.0002994332960798566,0.0169498449421231
sub-RID0680,Hippocampus,0.1043258402004696,0.01172637286203043,0.004336279790438959
sub-RID0652,Hippocampus,0.04954786863035659,0.0348984623925043,-0.016225421648465573
sub-RID0679,Hippocampus,0.05774236807101792,0.026398894511714528,0.06095549054034806
sub-RID0681,Hippocampus,-0.03967238580743671,-0.017968403761008354,-0.03588172847856185
sub-RID0512,Hippocampus,0.2596288726623094,0.11858836588922157,-0.0009211854450490807
sub-RID0571,Hippocampus,0.027645151134952573,0.01274039666626944,-0.026852875904257265
sub-RID0572,Hippocampus,0.05088951112115108,0.013083238703127126,0.04898171292072369
sub-RID0619,Hippocampus,0.042157238817744525,-0.004807954203229448,0.030315132967715777
sub-RID0697,Hippocampus,0.007310589667297468,-0.00845426288334091,0.04091075396821176
sub-RID0454,Hippocampus,-0.021393991224133727,-0.0709444470140286,-0.11037771825662436
sub-RID0440,Hippocampus,0.01688146371819172,0.020470306002228402,0.02922085613433945
sub-RID0904,Hippocampus,0.016622843762741143,0.014232399038180153,-0.02821369220175241
sub-RID0455,Hippocampus,0.02146258479491767,0.006510819658831628,-0.02008541765898884
sub-RID0408,Hippocampus,0.0245103954729776,-0.006148181539232476,-0.013162669483295548
sub-RID0365,InferiorFrontalGyrusparsopercularis,-0.06004606523954633,-0.0910772728723583,-0.08966090221828162
sub-RID0592,InferiorFrontalGyrusparsopercularis,-0.050186507866182256,-0.0752514592304754,-0.07984653767431218
sub-RID0662,InferiorFrontalGyrusparsopercularis,-0.06538129532857141,-0.04119639744758801,-0.048452832783431106
sub-RID0522,InferiorFrontalGyrusparsopercularis,-0.05827141727207176,-0.07492324086731283,-0.01139833026753069
sub-RID0587,InferiorFrontalGyrusparsopercularis,-0.04249679137849239,-0.019999969772310788,-0.09506240856142147
sub-RID0663,InferiorFrontalGyrusparsopercularis,-0.09990419921294871,-0.06611717969586775,-0.10057543310840512
sub-RID0648,InferiorFrontalGyrusparsopercularis,-0.061530900754732554,-0.05611698078341405,-0.1147593145015959
sub-RID0675,InferiorFrontalGyrusparsopercularis,-0.06457801417911607,0.06426994044250417,-0.13351926015824225
sub-RID0372,InferiorFrontalGyrusparsopercularis,-0.08348759091830145,-0.0575155517534962,-0.10606960805956168
sub-RID0585,InferiorFrontalGyrusparsopercularis,-0.055546366291726684,-0.034742016762220176,-0.10169842487531117
sub-RID0660,InferiorFrontalGyrusparsopercularis,-0.050403193633841915,-0.07712045986472328,-0.052212083343910455
sub-RID0591,InferiorFrontalGyrusparsopercularis,-0.08794796706996469,-0.08279614291684503,-0.07829626114454274
sub-RID0659,InferiorFrontalGyrusparsopercularis,-0.05212108652968559,-0.07905880729912047,-0.04572142563501989
sub-RID0597,InferiorFrontalGyrusparsopercularis,-0.04822140511912671,-0.0552622303251926,-0.06493526801477169
sub-RID0672,InferiorFrontalGyrusparsopercularis,-0.06967890879419898,-0.06225938375604219,-0.021823734387412978
sub-RID0449,InferiorFrontalGyrusparsopercularis,-0.05780001692589869,-0.04076465934317984,-0.062141104478543645
sub-RID0666,InferiorFrontalGyrusparsopercularis,-0.07710325108722425,-0.0661153938529891,-0.06975041024706094
sub-RID0596,InferiorFrontalGyrusparsopercularis,-0.05188452238267067,-0.05946771287840088,-0.04206230017399955
sub-RID0658,InferiorFrontalGyrusparsopercularis,-0.04652871854813383,-0.05876705667450145,-0.06349110589222394
sub-RID0583,InferiorFrontalGyrusparsopercularis,-0.08111406713272801,-0.07611660308106442,-0.10540173006040206
sub-RID0448,InferiorFrontalGyrusparsopercularis,-0.07420674140835566,-0.07061244620677859,-0.05254028389861027
sub-RID0415,InferiorFrontalGyrusparsopercularis,-0.054900822109865036,-0.06423253337462839,-0.08496606498060018
sub-RID0673,InferiorFrontalGyrusparsopercularis,-0.056822994817394265,-0.04691174248343073,-0.01379781728432134
sub-RID0688,InferiorFrontalGyrusparsopercularis,-0.10143202164171052,-0.07058417254924203,-0.03418294116097131
sub-RID0670,InferiorFrontalGyrusparsopercularis,-0.0451215037625951,-0.03634820782404119,-0.0031568894198876533
sub-RID0578,InferiorFrontalGyrusparsopercularis,-0.054718610458617103,-0.06806376953543171,-0.0029590122395314095
sub-RID0785,InferiorFrontalGyrusparsopercularis,-0.05436524070031614,-0.03907595928556552,-0.006136440983451596
sub-RID0595,InferiorFrontalGyrusparsopercularis,-0.06818278803541084,-0.040437493427754184,-0.032038698186143744
sub-RID0665,InferiorFrontalGyrusparsopercularis,-0.029066384184712794,-0.03171937073494123,0.012636568859462748
sub-RID0429,InferiorFrontalGyrusparsopercularis,-0.04431480066626817,-0.06293454293367329,-0.140009412463789
sub-RID0784,InferiorFrontalGyrusparsopercularis,-0.022625531889212302,-0.028212597636901295,-0.07243952350545169
sub-RID0689,InferiorFrontalGyrusparsopercularis,-0.03879440054108739,-0.0351086238587793,-0.05987552754064923
sub-RID0671,InferiorFrontalGyrusparsopercularis,-0.04186716904108048,-0.1678782288446405,-0.695809586731798
sub-RID0860,InferiorFrontalGyrusparsopercularis,-0.06885200802688705,-0.05845727308509652,-0.06681490219002445
sub-RID0925,InferiorFrontalGyrusparsopercularis,-0.045064075054771745,-0.041547911988109705,-0.06213274654192279
sub-RID0664,InferiorFrontalGyrusparsopercularis,-0.07444757770261845,-0.07361376820673951,-0.03622156925562502
sub-RID0791,InferiorFrontalGyrusparsopercularis,-0.03926687607289632,-0.05296768957957572,-0.06911924990667609
sub-RID0668,InferiorFrontalGyrusparsopercularis,0.004929703270712834,-0.06322209653632552,-0.03401097842627724
sub-RID0656,InferiorFrontalGyrusparsopercularis,-0.07200696474944586,-0.047000095628217796,-0.03909575893071153
sub-RID0620,InferiorFrontalGyrusparsopercularis,-0.047253972145933874,-0.05857729145446395,-0.08323453353288278
sub-RID0396,InferiorFrontalGyrusparsopercularis,-0.08164297085542983,-0.04211153005647112,-0.027091387610830856
sub-RID0383,InferiorFrontalGyrusparsopercularis,-0.05436275303045722,-0.01616780699079315,-0.08051766100369995
sub-RID0574,InferiorFrontalGyrusparsopercularis,-0.04681373779434534,-0.07670206791722599,-0.10744787800117234
sub-RID0380,InferiorFrontalGyrusparsopercularis,-0.021051054062845288,-0.0034710911054928696,-0.06560629129790817
sub-RID0445,InferiorFrontalGyrusparsopercularis,-0.11195412387192653,-0.1501796683936215,-0.17864277396186493
sub-RID0576,InferiorFrontalGyrusparsopercularis,-0.09295281952648211,-0.07299249114001617,-0.1128301426429753
sub-RID0450,InferiorFrontalGyrusparsopercularis,-0.047540042681369216,-0.04729255687219897,-0.02168445770054695
sub-RID0433,InferiorFrontalGyrusparsopercularis,-0.05524334399637882,-0.0747036481044556,0.018336567475781575
sub-RID0693,InferiorFrontalGyrusparsopercularis,-0.04616939033675972,-0.06775788426532753,-0.07280609335788686
sub-RID0490,InferiorFrontalGyrusparsopercularis,-0.0670944969153887,-0.0740319781684451,-0.08204071942220244
sub-RID0798,InferiorFrontalGyrusparsopercularis,-0.007513498108115467,-0.05365368847800733,0.020951352351673575
sub-RID0420,InferiorFrontalGyrusparsopercularis,-0.05244061994746416,-0.026621958977375623,-0.01648505066435329
sub-RID0646,InferiorFrontalGyrusparsopercularis,-0.08221661683030611,-0.06645677923771313,-0.06852236268651084
sub-RID0341,InferiorFrontalGyrusparsopercularis,-0.0616563772675357,-0.02803301782984591,-0.03551289784861943
sub-RID0680,InferiorFrontalGyrusparsopercularis,-0.019928007692890343,-0.03314486598961678,-0.03355350613872241
sub-RID0652,InferiorFrontalGyrusparsopercularis,-0.04258581600513171,-0.04962897758289159,-0.06608571989345438
sub-RID0679,InferiorFrontalGyrusparsopercularis,-0.08663196383041033,-0.07478839062759142,-0.10986667664585063
sub-RID0681,InferiorFrontalGyrusparsopercularis,-0.07894585766606857,-0.08174344853878733,-0.0788748866178652
sub-RID0512,InferiorFrontalGyrusparsopercularis,-0.06676631851590999,0.03296441547611841,0.017693794692341894
sub-RID0571,InferiorFrontalGyrusparsopercularis,-0.010828652454717971,-0.02814147220823734,-0.046360325131790905
sub-RID0572,InferiorFrontalGyrusparsopercularis,-0.054353527077612096,-0.07165919988460243,-0.06073093821023114
sub-RID0619,InferiorFrontalGyrusparsopercularis,-0.056233687701538804,-0.06012440523987548,-0.09092859993454559
sub-RID0697,InferiorFrontalGyrusparsopercularis,-0.012224574255694287,-0.036862242938643146,-0.025450129192898404
sub-RID0454,InferiorFrontalGyrusparsopercularis,-0.06985826391835649,-0.06307325045907146,-0.054907252444995266
sub-RID0440,InferiorFrontalGyrusparsopercularis,-0.0765452254625038,-0.05031589415154758,-0.048106028649910516
sub-RID0904,InferiorFrontalGyrusparsopercularis,-0.03841685450874971,-0.010189414871297623,-0.0416563551556606
sub-RID0455,InferiorFrontalGyrusparsopercularis,-0.059464610275595235,-0.04436654707355081,-0.04880169631489582
sub-RID0408,InferiorFrontalGyrusparsopercularis,-0.056323784294757095,-0.06408372531716412,-0.06636476046509136
sub-RID0365,InferiorFrontalGyrusparstriangularis,-0.00972847983093146,-0.032696815993758226,-0.056930761335743825
sub-RID0592,InferiorFrontalGyrusparstriangularis,-0.044326720429774494,-0.03170206273767402,-0.051577514314983315
sub-RID0662,InferiorFrontalGyrusparstriangularis,-0.03290989578362591,-0.009352228196128427,-0.0002388205650264902
sub-RID0522,InferiorFrontalGyrusparstriangularis,-0.01771534414174714,-0.06375118046808012,0.01628113819124054
sub-RID0587,InferiorFrontalGyrusparstriangularis,-0.025778092159446087,-0.010243184917964228,0.004935010615865759
sub-RID0663,InferiorFrontalGyrusparstriangularis,-0.0587093781430276,-0.03463017172017596,-0.050764076190267925
sub-RID0648,InferiorFrontalGyrusparstriangularis,-0.040598201271039275,-0.02361490178634903,-0.0584849560066971
sub-RID0675,InferiorFrontalGyrusparstriangularis,-0.045232350598143185,0.012907201581272919,-0.09498297751477193
sub-RID0372,InferiorFrontalGyrusparstriangularis,-0.006266926340142086,-0.028052493856237724,-0.04459421635864654
sub-RID0585,InferiorFrontalGyrusparstriangularis,-0.03687897242188636,-0.04897299690376687,-0.11649943295766194
sub-RID0660,InferiorFrontalGyrusparstriangularis,-0.04095692439281078,-0.05281980709306732,-0.053947036605461934
sub-RID0591,InferiorFrontalGyrusparstriangularis,-0.03676511649230691,-0.06229744309178913,-0.12272042201707088
sub-RID0659,InferiorFrontalGyrusparstriangularis,-0.03766328595435394,-0.0526918521976656,-0.010162082545487637
sub-RID0597,InferiorFrontalGyrusparstriangularis,-0.029746736234513068,-0.04644289039928063,-0.0725889190069181
sub-RID0672,InferiorFrontalGyrusparstriangularis,-0.05077630458020956,-0.05470386544792237,-0.03730549135292199
sub-RID0449,InferiorFrontalGyrusparstriangularis,-0.007198687742499595,-0.011914811046758058,-0.06953313948744329
sub-RID0666,InferiorFrontalGyrusparstriangularis,-0.009112797677950984,-0.04045638090618889,-0.04015250884600109
sub-RID0596,InferiorFrontalGyrusparstriangularis,-0.035721384742241555,-0.04594948779592545,0.01018291437716288
sub-RID0658,InferiorFrontalGyrusparstriangularis,-0.018070060410360987,-0.054718481081985286,-0.054626344757745776
sub-RID0583,InferiorFrontalGyrusparstriangularis,-0.06701689235016953,-0.05506289420985587,-0.07800930767560775
sub-RID0448,InferiorFrontalGyrusparstriangularis,-0.06397394301857572,-0.06889698472909984,-0.030229176876856657
sub-RID0415,InferiorFrontalGyrusparstriangularis,-0.034995899174547235,-0.014686614772269825,-0.03228519662306195
sub-RID0673,InferiorFrontalGyrusparstriangularis,-0.07973191653170099,-0.04662062181564318,-0.03222629606152055
sub-RID0688,InferiorFrontalGyrusparstriangularis,-0.025014894992459038,-0.022552819806001313,0.011748774335414762
sub-RID0670,InferiorFrontalGyrusparstriangularis,0.0022145907326073097,-0.03289598303893607,0.021560544004669637
sub-RID0578,InferiorFrontalGyrusparstriangularis,-0.04103783019075656,-0.04225874213723474,-0.011355602643262633
sub-RID0785,InferiorFrontalGyrusparstriangularis,-0.04147611648560843,-0.02546063531574904,-0.033090102415247485
sub-RID0595,InferiorFrontalGyrusparstriangularis,-0.06179245259935166,-0.037225424359601175,-0.015467087361879002
sub-RID0665,InferiorFrontalGyrusparstriangularis,-0.012957142549237658,0.003997626563816713,0.0749640487452198
sub-RID0429,InferiorFrontalGyrusparstriangularis,-0.03658654689321903,-0.04324201391199578,-0.06324166567193111
sub-RID0784,InferiorFrontalGyrusparstriangularis,-0.042617641080905155,-0.021942498048722787,-0.08565166212716757
sub-RID0689,InferiorFrontalGyrusparstriangularis,-0.022555229273313687,-0.013370556736259323,-0.010804408819230003
sub-RID0671,InferiorFrontalGyrusparstriangularis,-0.04145736804482237,-0.16789324353972188,-0.6628392231620303
sub-RID0860,InferiorFrontalGyrusparstriangularis,-0.0286657605912254,-0.005214160983495822,-0.028729171844748033
sub-RID0925,InferiorFrontalGyrusparstriangularis,-0.04976120533668296,-0.028291984449325985,-0.2861548492667144
sub-RID0664,InferiorFrontalGyrusparstriangularis,-0.005251219127983267,-0.004770517933251641,-0.00908478554764362
sub-RID0791,InferiorFrontalGyrusparstriangularis,-0.05031425134235228,-0.044487855529363636,-0.04273366538780797
sub-RID0668,InferiorFrontalGyrusparstriangularis,0.014443967446516963,-0.033274533049047365,-0.027514125774133577
sub-RID0656,InferiorFrontalGyrusparstriangularis,-0.04490495095178795,-0.03806146106542584,-0.06066165750644393
sub-RID0620,InferiorFrontalGyrusparstriangularis,0.0007711372293818724,-0.02308119997081143,-0.1370760736220647
sub-RID0396,InferiorFrontalGyrusparstriangularis,-0.05248287655250204,-0.02672129075653715,-0.020178632190709415
sub-RID0383,InferiorFrontalGyrusparstriangularis,-0.013152773611758505,0.00730892908849085,-0.018261111232773974
sub-RID0574,InferiorFrontalGyrusparstriangularis,-0.01235502102216756,-0.047938796126932644,-0.021637926274707887
sub-RID0380,InferiorFrontalGyrusparstriangularis,-0.03285866534330182,-0.01421626082315883,-0.03565302532691811
sub-RID0445,InferiorFrontalGyrusparstriangularis,-0.07521132748118593,-0.0614934805051635,-0.15260961187652666
sub-RID0576,InferiorFrontalGyrusparstriangularis,-0.046190510826207565,-0.04059614377839682,-0.07253965826418225
sub-RID0450,InferiorFrontalGyrusparstriangularis,-0.050052324408308924,-0.029166947802534326,-0.024152573372821572
sub-RID0433,InferiorFrontalGyrusparstriangularis,-0.006601235851878377,-0.040362654819518784,0.04024101476530296
sub-RID0693,InferiorFrontalGyrusparstriangularis,-0.02346377104699608,-0.030918832142806527,-0.06791584896258986
sub-RID0490,InferiorFrontalGyrusparstriangularis,0.001671621138117686,-0.03760174240502191,-0.02286666519308252
sub-RID0798,InferiorFrontalGyrusparstriangularis,0.0038262042568965125,-0.04744198178574446,-0.016153670883878597
sub-RID0420,InferiorFrontalGyrusparstriangularis,-0.029221527889261776,-0.06550416409863177,-0.02758878185253343
sub-RID0646,InferiorFrontalGyrusparstriangularis,-0.03037901890729873,-0.021509481986251938,-0.03186359841143444
sub-RID0341,InferiorFrontalGyrusparstriangularis,-0.025776651479367505,-0.017541110696069027,-0.0029655989606970057
sub-RID0680,InferiorFrontalGyrusparstriangularis,0.008325578010740972,0.006333907346685445,0.012421531462325284
sub-RID0652,InferiorFrontalGyrusparstriangularis,-0.03460588737222882,-0.02680591371437437,-0.018680550888855
sub-RID0679,InferiorFrontalGyrusparstriangularis,-0.04261705760604428,-0.03498718797136996,-0.017193939349572432
sub-RID0681,InferiorFrontalGyrusparstriangularis,-0.060108366655959485,-0.042733041169493065,-0.06042709953002051
sub-RID0512,InferiorFrontalGyrusparstriangularis,0.1312295210923862,0.17563755445410648,0.26063827110091614
sub-RID0571,InferiorFrontalGyrusparstriangularis,0.019099380394969608,0.02001935271027366,-0.01952832359301377
sub-RID0572,InferiorFrontalGyrusparstriangularis,-0.01039169047998811,-0.0239977084904643,-0.059187232036730236
sub-RID0619,InferiorFrontalGyrusparstriangularis,-0.048317730696097155,-0.00787423543519999,-0.031230208027695598
sub-RID0697,InferiorFrontalGyrusparstriangularis,0.017686241968753416,-0.04910087491982732,-0.07716946652788308
sub-RID0454,InferiorFrontalGyrusparstriangularis,-0.04491037282292276,-0.04219941195312507,-0.036592456600174225
sub-RID0440,InferiorFrontalGyrusparstriangularis,-0.037582744401831,-0.04212502371872715,0.03920246564193093
sub-RID0904,InferiorFrontalGyrusparstriangularis,-0.07833757219464066,-0.05246995288713769,-0.06324754820971698
sub-RID0455,InferiorFrontalGyrusparstriangularis,-0.019237288052322013,-0.013623764512915252,-0.014549142124176328
sub-RID0408,InferiorFrontalGyrusparstriangularis,-0.02120230929734045,-0.04137343240356374,-0.04236332779414656
sub-RID0365,InferiorTemporalGyrusanteriordivision,-0.026108466931190275,-0.04766814425548335,-0.04929011539837397
sub-RID0592,InferiorTemporalGyrusanteriordivision,-0.007745666832040657,-0.0294281799277086,-0.008555633258014405
sub-RID0662,InferiorTemporalGyrusanteriordivision,0.014238330848091119,-0.023109041334325262,0.016914776391986484
sub-RID0522,InferiorTemporalGyrusanteriordivision,-0.00012260557019289474,-0.06738127382503672,-0.04966642843319157
sub-RID0587,InferiorTemporalGyrusanteriordivision,-0.01809366793355092,-0.03626406873581028,-0.018598331267483253
sub-RID0663,InferiorTemporalGyrusanteriordivision,-0.06745396907056699,-0.07638901067299542,-0.06762260064963214
sub-RID0648,InferiorTemporalGyrusanteriordivision,-0.14199120742250756,-0.06597997596503796,-0.07041362902760358
sub-RID0675,InferiorTemporalGyrusanteriordivision,0.0008836626708992805,-0.0049921973452595565,-0.1146285727059716
sub-RID0372,InferiorTemporalGyrusanteriordivision,-0.010451281322049649,-0.028830166276527933,-0.06320693170741873
sub-RID0585,InferiorTemporalGyrusanteriordivision,-0.04353448346689509,-0.049748298018564584,-0.11392577122632049
sub-RID0660,InferiorTemporalGyrusanteriordivision,-0.008797873786586908,-0.05136507885010057,-0.13465508657992478
sub-RID0591,InferiorTemporalGyrusanteriordivision,-0.009757286678315527,0.0034330143900375134,0.01059354960180544
sub-RID0659,InferiorTemporalGyrusanteriordivision,0.007563360469109137,0.013375600094274038,0.043066351751590716
sub-RID0597,InferiorTemporalGyrusanteriordivision,-0.025800607568995302,-0.05176332832239309,-0.10035907874058182
sub-RID0672,InferiorTemporalGyrusanteriordivision,-0.06361747670062075,-0.030350135099802285,-0.06002057773378825
sub-RID0449,InferiorTemporalGyrusanteriordivision,-0.00787771950265188,-0.021331270961698554,0.04490476165238068
sub-RID0666,InferiorTemporalGyrusanteriordivision,-0.006217124240803288,-0.030561824751521135,-0.013916691860622537
sub-RID0596,InferiorTemporalGyrusanteriordivision,-0.058928441346099925,-0.03288054314192951,-0.0836699077725397
sub-RID0658,InferiorTemporalGyrusanteriordivision,-0.027021658671183606,-0.00010798210230051745,0.015568401197075442
sub-RID0583,InferiorTemporalGyrusanteriordivision,-0.05984611368837973,-0.04434926334079328,0.04093537234485636
sub-RID0448,InferiorTemporalGyrusanteriordivision,-0.1440437663575682,-0.0460141639018556,-0.12487068789224844
sub-RID0415,InferiorTemporalGyrusanteriordivision,-0.039032016575160866,-0.04558654713142149,-0.0009414375600750659
sub-RID0673,InferiorTemporalGyrusanteriordivision,0.016736391288786453,-0.033881331678592475,-0.037449171973249436
sub-RID0688,InferiorTemporalGyrusanteriordivision,-0.0029006359751281635,-0.0333925742241448,-0.014133850105139725
sub-RID0670,InferiorTemporalGyrusanteriordivision,0.04095214713220881,-0.049433063477648156,-0.006311196800299796
sub-RID0578,InferiorTemporalGyrusanteriordivision,-0.026461660346598612,-0.043647812597073406,-0.061939847139870136
sub-RID0785,InferiorTemporalGyrusanteriordivision,-0.06321289957687733,-0.012080202539281578,-0.019063056773829523
sub-RID0595,InferiorTemporalGyrusanteriordivision,-0.08700581656812799,-0.056532919999632815,-0.08616074679768806
sub-RID0665,InferiorTemporalGyrusanteriordivision,-0.010512491179456285,-0.0017893913965501263,0.14847925279379745
sub-RID0429,InferiorTemporalGyrusanteriordivision,-0.017069537423521262,-0.03794434285777076,-0.03734848784428253
sub-RID0784,InferiorTemporalGyrusanteriordivision,-0.028055751740520444,0.006900897658161108,-0.008885937278187187
sub-RID0689,InferiorTemporalGyrusanteriordivision,-0.05384218780792744,-0.026694033042920652,-0.03689714828832809
sub-RID0671,InferiorTemporalGyrusanteriordivision,-0.10907630754766791,-0.11691407107857935,-0.3327530415247646
sub-RID0860,InferiorTemporalGyrusanteriordivision,-0.03228361711036744,-0.06325824673650898,0.03537893304599275
sub-RID0925,InferiorTemporalGyrusanteriordivision,-0.014289629233052438,-0.03698911148658333,0.09130843768445258
sub-RID0664,InferiorTemporalGyrusanteriordivision,-0.016328486311793733,-0.012296911842269869,0.02743228209954044
sub-RID0791,InferiorTemporalGyrusanteriordivision,-0.016106473367779494,-0.035148530813633255,-0.07015161182639609
sub-RID0668,InferiorTemporalGyrusanteriordivision,-0.0015227534157713771,-0.052799784280714225,-0.019081911170096583
sub-RID0656,InferiorTemporalGyrusanteriordivision,-0.03280871375662638,-0.046856091393791724,-0.1094579764384347
sub-RID0620,InferiorTemporalGyrusanteriordivision,-0.027639672373272445,-0.03572176545003127,-0.03165331533935804
sub-RID0396,InferiorTemporalGyrusanteriordivision,-0.01564740042211777,-0.013357444403532339,-0.11977445101290776
sub-RID0383,InferiorTemporalGyrusanteriordivision,-0.04694335991244516,-0.023377461105336762,-0.07654225132329844
sub-RID0574,InferiorTemporalGyrusanteriordivision,-0.04355850125105124,-0.03757205031563235,-0.1305484920741425
sub-RID0380,InferiorTemporalGyrusanteriordivision,-0.053946142300993496,-0.07307374845375117,-0.07262236559549715
sub-RID0445,InferiorTemporalGyrusanteriordivision,-0.08065869592224534,-0.03313156042942567,-0.02352372480579115
sub-RID0576,InferiorTemporalGyrusanteriordivision,-0.06579886205158506,-0.021404731915362612,-0.027067554166182978
sub-RID0450,InferiorTemporalGyrusanteriordivision,-0.03222786405490393,-0.06108925479626546,-0.03154360554978106
sub-RID0433,InferiorTemporalGyrusanteriordivision,-0.032515273534113036,-0.05420647081596753,-0.009003231562197355
sub-RID0693,InferiorTemporalGyrusanteriordivision,-0.021734431170396088,-0.0157091803035136,0.11858875814409672
sub-RID0490,InferiorTemporalGyrusanteriordivision,-0.03610927644030742,-0.0031160282664609964,-0.012084857695607975
sub-RID0798,InferiorTemporalGyrusanteriordivision,0.0958838869994688,-0.021715237555053526,0.120563897128219
sub-RID0420,InferiorTemporalGyrusanteriordivision,-0.04436377473135845,0.005262180499297771,-0.04244892832269022
sub-RID0646,InferiorTemporalGyrusanteriordivision,-0.052791953873136094,-0.044248990004979984,-0.08739820058319779
sub-RID0341,InferiorTemporalGyrusanteriordivision,-0.04779334923716826,-0.024275436284900236,-0.02475741316195445
sub-RID0680,InferiorTemporalGyrusanteriordivision,-0.013495591229738896,-0.03333166233774115,-0.005766166454058584
sub-RID0652,InferiorTemporalGyrusanteriordivision,-0.01320402626397227,-0.030496800432161228,-0.09297641737708012
sub-RID0679,InferiorTemporalGyrusanteriordivision,-0.02193015445073331,-0.036711500927586745,-0.060552799748600415
sub-RID0681,InferiorTemporalGyrusanteriordivision,-0.09296216345506672,-0.06864878423844145,-0.11049573013205422
sub-RID0512,InferiorTemporalGyrusanteriordivision,0.04898293196936379,0.35902354529384833,0.14040436503300435
sub-RID0571,InferiorTemporalGyrusanteriordivision,0.008108337715154658,-0.03731207210939947,-0.06787973927046108
sub-RID0572,InferiorTemporalGyrusanteriordivision,0.06804717207537564,-0.026319628564473754,0.10511782382281996
sub-RID0619,InferiorTemporalGyrusanteriordivision,-0.027203598492370615,-0.06860811695883215,0.0031187486488483216
sub-RID0697,InferiorTemporalGyrusanteriordivision,-0.030289222848350252,-0.06066355873385884,-0.01898815740459458
sub-RID0454,InferiorTemporalGyrusanteriordivision,-0.21596818117988037,-0.2702943366338785,-0.5233034254593159
sub-RID0440,InferiorTemporalGyrusanteriordivision,-0.02907349449256615,-0.04117056395639356,-0.04882738355220455
sub-RID0904,InferiorTemporalGyrusanteriordivision,-0.05216877709448318,-0.04592964685483516,-0.14353474393389798
sub-RID0455,InferiorTemporalGyrusanteriordivision,-0.0007929401356816985,-0.014775078460466882,-0.02049757607044798
sub-RID0408,InferiorTemporalGyrusanteriordivision,-0.058606177092155265,-0.06081831314395463,-0.0696076334417898
sub-RID0365,InferiorTemporalGyrusposteriordivision,0.028623189466842575,0.013264728199684479,0.03879684111776031
sub-RID0592,InferiorTemporalGyrusposteriordivision,0.022936221757527065,0.02300614061146708,0.03586655738068892
sub-RID0662,InferiorTemporalGyrusposteriordivision,0.02330307884543557,-0.003905888053356897,0.014032567339327
sub-RID0522,InferiorTemporalGyrusposteriordivision,0.026481274957142347,0.008839878107116455,0.07583256681226706
sub-RID0587,InferiorTemporalGyrusposteriordivision,0.05899484833828486,0.0010011613411489363,0.1119151363553892
sub-RID0663,InferiorTemporalGyrusposteriordivision,-0.022947553260802254,-0.01682458832653037,0.04798807237252129
sub-RID0648,InferiorTemporalGyrusposteriordivision,-0.060230328541097646,-0.015075583469478473,-0.08058419612528193
sub-RID0675,InferiorTemporalGyrusposteriordivision,0.029176970567989253,0.03461766816219263,0.051599601882369214
sub-RID0372,InferiorTemporalGyrusposteriordivision,0.059547274297800476,0.016524696004054117,0.06744961065934053
sub-RID0585,InferiorTemporalGyrusposteriordivision,-0.010606729953748258,-0.005805726820942522,0.05787151175225358
sub-RID0660,InferiorTemporalGyrusposteriordivision,0.05570021599778055,0.008417535608100548,-0.017079577273648814
sub-RID0591,InferiorTemporalGyrusposteriordivision,0.01927908226060457,0.05310882676464094,0.011682829600915193
sub-RID0659,InferiorTemporalGyrusposteriordivision,0.012789786257023173,0.022275514251665764,0.03699802272237316
sub-RID0597,InferiorTemporalGyrusposteriordivision,-0.007212463379045177,0.00298133823403386,0.012338134858830391
sub-RID0672,InferiorTemporalGyrusposteriordivision,0.04326790049743933,0.010499230053394842,0.03531178106400111
sub-RID0449,InferiorTemporalGyrusposteriordivision,-0.002291677835067259,0.014320916325517111,0.08190130331288663
sub-RID0666,InferiorTemporalGyrusposteriordivision,0.040527310238558684,0.01012251323455961,-0.027828736360939885
sub-RID0596,InferiorTemporalGyrusposteriordivision,0.009694936865436744,0.003972089326552703,0.05050597667268411
sub-RID0658,InferiorTemporalGyrusposteriordivision,-0.014011032757915022,0.005290953284549178,0.051739320670654995
sub-RID0583,InferiorTemporalGyrusposteriordivision,-0.03155122135380627,0.0038752751732144125,0.014938278199815441
sub-RID0448,InferiorTemporalGyrusposteriordivision,-0.014744340132375994,-0.00023201009798241168,0.029643526176489028
sub-RID0415,InferiorTemporalGyrusposteriordivision,-0.013022625550196032,-0.011607013324685929,-0.0089349210531356
sub-RID0673,InferiorTemporalGyrusposteriordivision,0.03001035990994837,0.006162189190868515,0.014929210475270965
sub-RID0688,InferiorTemporalGyrusposteriordivision,-0.014194918207497019,0.0077237006914478564,0.002875384043606288
sub-RID0670,InferiorTemporalGyrusposteriordivision,0.05418659310774924,0.017785886899051834,0.08303596955719979
sub-RID0578,InferiorTemporalGyrusposteriordivision,0.005863189124827273,0.018160786566325002,0.05680267040276502
sub-RID0785,InferiorTemporalGyrusposteriordivision,0.010859912897126681,0.014267613560117983,-0.04899440497933815
sub-RID0595,InferiorTemporalGyrusposteriordivision,-0.04197430113070362,0.028868315454523376,0.08737440884524537
sub-RID0665,InferiorTemporalGyrusposteriordivision,0.04465159494192993,0.011814684151833406,-0.06421270941860911
sub-RID0429,InferiorTemporalGyrusposteriordivision,0.02052119845968084,-0.0031949629348052267,-0.018314266639848777
sub-RID0784,InferiorTemporalGyrusposteriordivision,0.012203434831763378,0.02750932794676844,0.06116263622704474
sub-RID0689,InferiorTemporalGyrusposteriordivision,-0.001412389851198286,0.011273127734901717,-0.017751203501407974
sub-RID0671,InferiorTemporalGyrusposteriordivision,-0.008647598272405911,-0.08505895685358618,-0.45875678202400477
sub-RID0860,InferiorTemporalGyrusposteriordivision,0.05712913288892973,0.02270947697667682,0.07987403269846881
sub-RID0925,InferiorTemporalGyrusposteriordivision,0.023392112116566482,0.01225939561742611,0.13990687438176364
sub-RID0664,InferiorTemporalGyrusposteriordivision,0.03744661983724331,0.04039166020596941,0.09260690126216503
sub-RID0791,InferiorTemporalGyrusposteriordivision,0.01770708740961379,0.03310363871317616,-0.0031688416015119413
sub-RID0668,InferiorTemporalGyrusposteriordivision,0.028908871061593087,-0.0027474916732903717,0.06299428187242624
sub-RID0656,InferiorTemporalGyrusposteriordivision,0.006456058084190027,0.011907466313081799,0.04745763102455052
sub-RID0620,InferiorTemporalGyrusposteriordivision,-0.024167556818635715,-0.007393824669638072,-0.025213916505406338
sub-RID0396,InferiorTemporalGyrusposteriordivision,0.02095431281066926,0.019879557626481862,0.09432424857716373
sub-RID0383,InferiorTemporalGyrusposteriordivision,0.011638402381433988,0.02363392344032633,0.12590746902973227
sub-RID0574,InferiorTemporalGyrusposteriordivision,-0.026797344329617816,0.017810769035187208,0.005270392311515517
sub-RID0380,InferiorTemporalGyrusposteriordivision,-0.02310394169091834,-0.002268668512508352,0.04344838448154812
sub-RID0445,InferiorTemporalGyrusposteriordivision,-0.008637387236838575,0.025524025136672464,0.10599261742876857
sub-RID0576,InferiorTemporalGyrusposteriordivision,-0.027121841629901285,0.01189025846857451,-0.029026362248589073
sub-RID0450,InferiorTemporalGyrusposteriordivision,0.005227020128637721,0.015255801570874286,0.03165494258128222
sub-RID0433,InferiorTemporalGyrusposteriordivision,0.0037463812551158018,0.011263688158615563,-0.050405370879476934
sub-RID0693,InferiorTemporalGyrusposteriordivision,0.026095704064605083,0.021354459343954395,-0.05569955713630214
sub-RID0490,InferiorTemporalGyrusposteriordivision,0.03168060022629187,0.02379399960477252,0.07516423618013085
sub-RID0798,InferiorTemporalGyrusposteriordivision,0.11078659861250864,0.01665985113927895,0.07347456001102727
sub-RID0420,InferiorTemporalGyrusposteriordivision,-0.023934084951645285,0.011469167437970018,-0.04460307628271606
sub-RID0646,InferiorTemporalGyrusposteriordivision,-0.002682607225254183,-0.019419687884098934,-0.026188271021516687
sub-RID0341,InferiorTemporalGyrusposteriordivision,0.00977937897294931,0.04496048162345908,0.0345460845587727
sub-RID0680,InferiorTemporalGyrusposteriordivision,0.013222465460652066,-0.030099171716701546,0.014336561825471071
sub-RID0652,InferiorTemporalGyrusposteriordivision,-0.005366390464824848,0.023719927755084216,-0.019385226763030197
sub-RID0679,InferiorTemporalGyrusposteriordivision,0.050722595013959475,0.03299178908385434,0.03393262041435473
sub-RID0681,InferiorTemporalGyrusposteriordivision,-0.04090847476172231,0.005651312730846656,0.01043071004773966
sub-RID0512,InferiorTemporalGyrusposteriordivision,0.049756702219882605,0.09203863955789282,0.11146237857477577
sub-RID0571,InferiorTemporalGyrusposteriordivision,0.05571139960329135,0.026504192256358243,0.04724819590115139
sub-RID0572,InferiorTemporalGyrusposteriordivision,0.07600714416352351,0.037834106714028225,0.05806808755655049
sub-RID0619,InferiorTemporalGyrusposteriordivision,-0.006662461475440833,0.026449277582999395,0.10078162539603759
sub-RID0697,InferiorTemporalGyrusposteriordivision,0.03367599022652563,0.02679013201162699,0.021570034309939427
sub-RID0454,InferiorTemporalGyrusposteriordivision,-0.04947042717848811,-0.0679952299188448,-0.06506812756559507
sub-RID0440,InferiorTemporalGyrusposteriordivision,0.019107732368641328,0.005094182603569702,-0.002277865478961215
sub-RID0904,InferiorTemporalGyrusposteriordivision,-0.0010871831417559419,0.00024778090776869844,-0.033193653766628334
sub-RID0455,InferiorTemporalGyrusposteriordivision,0.014383456450161024,0.008742557377539283,0.024170372856934855
sub-RID0408,InferiorTemporalGyrusposteriordivision,0.0025345490892904553,-0.014803653113006614,0.0184997987068523
sub-RID0365,InferiorTemporalGyrustemporooccipitalpart,-0.01458753893060986,-0.03137121136617536,-0.03812229490732148
sub-RID0592,InferiorTemporalGyrustemporooccipitalpart,-0.014106856985649473,0.010986793994132441,0.014541685352233333
sub-RID0662,InferiorTemporalGyrustemporooccipitalpart,0.003091941293378937,-0.002968226039069426,0.009646158747721085
sub-RID0522,InferiorTemporalGyrustemporooccipitalpart,0.01755128752587791,0.002161149047583301,0.08149907514110562
sub-RID0587,InferiorTemporalGyrustemporooccipitalpart,0.034751872059009155,-0.028897392297973105,-0.051578971096417216
sub-RID0663,InferiorTemporalGyrustemporooccipitalpart,-0.014589034324674581,-0.008594642977263898,0.056433303382716876
sub-RID0648,InferiorTemporalGyrustemporooccipitalpart,-0.07672653059812005,-0.031145339396675922,-0.07484271624651516
sub-RID0675,InferiorTemporalGyrustemporooccipitalpart,0.020566376169058258,0.049240283155256394,-0.1218199121817344
sub-RID0372,InferiorTemporalGyrustemporooccipitalpart,0.015528418855151327,-0.04204509841488568,-0.01445982154282443
sub-RID0585,InferiorTemporalGyrustemporooccipitalpart,-0.00315710425259351,-0.03320080348192361,0.0007995734255220458
sub-RID0660,InferiorTemporalGyrustemporooccipitalpart,0.013250577929743773,-0.003814059090584199,-0.004132815915239182
sub-RID0591,InferiorTemporalGyrustemporooccipitalpart,-0.04631451570808125,-0.007834039723377414,0.03916718290164679
sub-RID0659,InferiorTemporalGyrustemporooccipitalpart,-0.0004927928959196718,0.0058127646492204,0.02677556843528769
sub-RID0597,InferiorTemporalGyrustemporooccipitalpart,-0.011302392389276661,-0.04829869233587025,-0.07794346328753783
sub-RID0672,InferiorTemporalGyrustemporooccipitalpart,0.018052563598110315,-0.0168889866755046,-0.00028679665550257726
sub-RID0449,InferiorTemporalGyrustemporooccipitalpart,0.020372800976857744,0.013242822076431814,-0.044400695624085544
sub-RID0666,InferiorTemporalGyrustemporooccipitalpart,0.009781687814948306,-0.01289622221130478,0.01594497036848281
sub-RID0596,InferiorTemporalGyrustemporooccipitalpart,-0.04408673325799337,-0.004890174582005739,0.04672199485772889
sub-RID0658,InferiorTemporalGyrustemporooccipitalpart,0.006139063369061582,-0.015441052350925433,0.012666477060957852
sub-RID0583,InferiorTemporalGyrustemporooccipitalpart,-0.03745323242330981,-0.028357570626436207,-0.020509404530802904
sub-RID0448,InferiorTemporalGyrustemporooccipitalpart,0.009577993829208879,-0.001397853449768047,0.025228204597582175
sub-RID0415,InferiorTemporalGyrustemporooccipitalpart,0.0157688679174389,-0.0418092764207617,-0.010008472890988383
sub-RID0673,InferiorTemporalGyrustemporooccipitalpart,0.0013116322473942258,-0.03492011904021115,-0.037269222763227895
sub-RID0688,InferiorTemporalGyrustemporooccipitalpart,-0.0036302667242492457,-0.022823483183650545,0.011436053192576493
sub-RID0670,InferiorTemporalGyrustemporooccipitalpart,0.05935527161650634,0.004252501749072377,0.08077195822814222
sub-RID0578,InferiorTemporalGyrustemporooccipitalpart,-0.017037452154616932,-0.021124475339488833,-0.028481301195366293
sub-RID0785,InferiorTemporalGyrustemporooccipitalpart,-0.008261416341386631,-0.03561369183287467,-0.08526168397573522
sub-RID0595,InferiorTemporalGyrustemporooccipitalpart,-0.046203381455655196,0.009242444488359794,-0.036142673637996545
sub-RID0665,InferiorTemporalGyrustemporooccipitalpart,0.009090683273816298,-0.034473679096719625,0.011466760088357036
sub-RID0429,InferiorTemporalGyrustemporooccipitalpart,0.0061519040150547905,-0.04234528835150058,-0.048250203199277364
sub-RID0784,InferiorTemporalGyrustemporooccipitalpart,-0.020713561936509844,-0.0036573813957473432,0.026522212922717846
sub-RID0689,InferiorTemporalGyrustemporooccipitalpart,0.02751645891086302,0.015359112986823423,-0.04767255554925671
sub-RID0671,InferiorTemporalGyrustemporooccipitalpart,-0.00584902940177993,-0.06024635733579098,-0.32567495349279474
sub-RID0860,InferiorTemporalGyrustemporooccipitalpart,-0.0004459670740509717,-0.0033868371637933397,0.11684657385545902
sub-RID0925,InferiorTemporalGyrustemporooccipitalpart,-0.008071413543273306,-0.02787386965546603,0.11830462657462633
sub-RID0664,InferiorTemporalGyrustemporooccipitalpart,0.007276025011550917,-0.021255356739976108,0.0025914839292028057
sub-RID0791,InferiorTemporalGyrustemporooccipitalpart,-0.006396711001375825,0.0003534043000473749,-0.0009815822794420313
sub-RID0668,InferiorTemporalGyrustemporooccipitalpart,0.011321250298164621,-0.01842752559967296,0.05059972071674504
sub-RID0656,InferiorTemporalGyrustemporooccipitalpart,0.00012456702246557125,0.018217361959804165,-0.029848744535260232
sub-RID0620,InferiorTemporalGyrustemporooccipitalpart,-0.02993129902560707,0.005517840408614558,-0.001525520607747353
sub-RID0396,InferiorTemporalGyrustemporooccipitalpart,0.0025323364612329837,-0.0585865172304684,-0.03531248228484205
sub-RID0383,InferiorTemporalGyrustemporooccipitalpart,-0.01057746036187188,-0.004637274603734781,-0.06653171893310379
sub-RID0574,InferiorTemporalGyrustemporooccipitalpart,-0.005377945941514838,-0.018270613131275832,-0.07414260836487789
sub-RID0380,InferiorTemporalGyrustemporooccipitalpart,-0.02715737051500341,-0.020158877589640842,0.022159226703182648
sub-RID0445,InferiorTemporalGyrustemporooccipitalpart,0.018006833842540246,0.01836008443708846,0.07109529055219843
sub-RID0576,InferiorTemporalGyrustemporooccipitalpart,-0.05155227262735155,-0.03814231555016537,-0.0948962866114458
sub-RID0450,InferiorTemporalGyrustemporooccipitalpart,-0.01960673188689311,-0.012043735762093796,-0.01047520975155271
sub-RID0433,InferiorTemporalGyrustemporooccipitalpart,0.004346064290649541,0.0020168422431726873,0.09499082548683838
sub-RID0693,InferiorTemporalGyrustemporooccipitalpart,-0.008795747075989744,-0.021116690712335837,0.01866282442113267
sub-RID0490,InferiorTemporalGyrustemporooccipitalpart,0.03161241843616916,0.00428113418928639,0.04407753616163937
sub-RID0798,InferiorTemporalGyrustemporooccipitalpart,0.109166510357235,0.01026581370926631,-0.024809727032622606
sub-RID0420,InferiorTemporalGyrustemporooccipitalpart,-0.04203724190573236,-0.021358989824279518,-0.05960954520881141
sub-RID0646,InferiorTemporalGyrustemporooccipitalpart,-0.009047992843360208,-0.03972816293298173,-0.016303359647132417
sub-RID0341,InferiorTemporalGyrustemporooccipitalpart,-0.030338194894238262,-0.008332310801854327,-0.05442167687192783
sub-RID0680,InferiorTemporalGyrustemporooccipitalpart,0.0014707615439106812,-0.04322148615824615,-0.06495118315243063
sub-RID0652,InferiorTemporalGyrustemporooccipitalpart,-0.027932992096112833,-0.015422135986432177,-0.023814564452688623
sub-RID0679,InferiorTemporalGyrustemporooccipitalpart,-0.012723422132676934,-0.01678804648521931,-0.032379291151670125
sub-RID0681,InferiorTemporalGyrustemporooccipitalpart,-0.07109239713810041,-0.034556382108928495,-0.13685396789183593
sub-RID0512,InferiorTemporalGyrustemporooccipitalpart,-0.006666487539806433,0.030578744354813607,0.19201873902148467
sub-RID0571,InferiorTemporalGyrustemporooccipitalpart,0.004970461087494913,-0.014299178615976758,-0.04868379382284589
sub-RID0572,InferiorTemporalGyrustemporooccipitalpart,0.04672154843621015,0.0224978631884459,0.015416241291544801
sub-RID0619,InferiorTemporalGyrustemporooccipitalpart,0.008147684335520614,0.0027054452086335825,-0.024833888511489172
sub-RID0697,InferiorTemporalGyrustemporooccipitalpart,-0.008395608604169618,-0.002883247689888972,-0.03472328061808598
sub-RID0454,InferiorTemporalGyrustemporooccipitalpart,-0.008870319359716909,-0.02695510403341305,-0.027004150600044876
sub-RID0440,InferiorTemporalGyrustemporooccipitalpart,-0.01639590730863082,-0.020575498862754883,0.08654337739468808
sub-RID0904,InferiorTemporalGyrustemporooccipitalpart,0.0037843259309428257,-0.030918594040030938,-0.05087899461461952
sub-RID0455,InferiorTemporalGyrustemporooccipitalpart,-0.004453387980198096,-0.02715053684393605,0.007763244066971891
sub-RID0408,InferiorTemporalGyrustemporooccipitalpart,-0.017438538461458205,-0.021239697582672395,-0.02638496056186183
sub-RID0365,InsularCortex,-0.013285032716896362,-0.02864932520114478,0.07590143440269131
sub-RID0592,InsularCortex,-0.0066426204086329115,-0.0030128098902447954,-0.010024342248454249
sub-RID0662,InsularCortex,0.019481373922157277,-0.01961164195148472,-0.03403601047703848
sub-RID0522,InsularCortex,0.013021994181744163,-0.007163061769799047,0.017357470683200423
sub-RID0587,InsularCortex,0.009759080879434952,0.011925724002918288,0.07312854348208765
sub-RID0663,InsularCortex,-0.011090108907838958,-0.014784328642402644,-0.02448078874001733
sub-RID0648,InsularCortex,-0.061098503385383175,-0.004566481893514044,-0.02941882450424238
sub-RID0675,InsularCortex,0.0020646750372918265,0.08245824892660865,-0.0653769407153348
sub-RID0372,InsularCortex,0.014800566503170269,0.016631100961036666,-0.055982340968219454
sub-RID0585,InsularCortex,-0.014920452008779313,-0.02716001399693703,-0.0763109316207251
sub-RID0660,InsularCortex,0.003913662201242829,-0.032942905243276865,0.017665691222678685
sub-RID0591,InsularCortex,-0.022334245102177554,0.00011861890531813825,-0.08278913425715385
sub-RID0659,InsularCortex,-0.003920597958572963,0.0021232899087160694,-0.020002422538080284
sub-RID0597,InsularCortex,-0.01004372668069552,-0.024917124612068974,-0.011448154456464988
sub-RID0672,InsularCortex,-0.03054382027249091,-0.034531745734572704,-0.08127573725496423
sub-RID0449,InsularCortex,0.013004547441141007,-0.0028332192338172604,0.012235796896164886
sub-RID0666,InsularCortex,0.010747528492171733,0.008946514806577583,0.029785387523024662
sub-RID0596,InsularCortex,-0.01489878628064248,-8.458236864697602e-05,-0.000968155209630037
sub-RID0658,InsularCortex,0.0003841114987391302,-0.0016558577853135303,-0.04101973747490167
sub-RID0583,InsularCortex,-0.03486741282415587,-0.019770375530702527,-0.06557146005380791
sub-RID0448,InsularCortex,-0.005647303527176477,-0.009858870505365444,-0.0013384555229166162
sub-RID0415,InsularCortex,-0.01901790385652723,-0.0417765375185793,-0.062140497126590706
sub-RID0673,InsularCortex,-0.014303416782686958,-0.0018687589854392522,-0.04226251461592703
sub-RID0688,InsularCortex,-0.03156931143518052,-0.026821932775317334,0.007865636674741246
sub-RID0670,InsularCortex,0.0026877870185739576,-0.01596002146088069,0.0035243951027156073
sub-RID0578,InsularCortex,0.009083670821723433,0.0026202278437135896,-0.03414114171484114
sub-RID0785,InsularCortex,-0.001852575394268394,-0.02988716018959453,-0.042550124960338956
sub-RID0595,InsularCortex,-0.02814239579348449,-0.01492617987498819,-0.04538098439177028
sub-RID0665,InsularCortex,0.019359429610634835,0.036999529437386186,0.1328033145212037
sub-RID0429,InsularCortex,-0.010796061193165965,-0.020503351336710513,-0.015603522948752242
sub-RID0784,InsularCortex,0.0021529364734826383,0.00367623099859678,-0.05128586579890875
sub-RID0689,InsularCortex,-0.0002727189887270426,0.0016506130341648894,-0.004999791872958064
sub-RID0671,InsularCortex,-0.03651694497275345,-0.21528460070913472,-0.7733473802724443
sub-RID0860,InsularCortex,0.000811070377427417,-0.011874616267684397,-0.03852243290077592
sub-RID0925,InsularCortex,-0.00968923705565835,-0.024247032446664735,0.04684509742421965
sub-RID0664,InsularCortex,-0.006870102183856319,0.0067342875118150715,0.014117672831120453
sub-RID0791,InsularCortex,0.01821722106751908,-0.014690437010425373,-0.04577983115181345
sub-RID0668,InsularCortex,-0.013640818288415181,-0.0438078391677362,-0.012268933940582417
sub-RID0656,InsularCortex,-0.03526568195193514,-0.004491332413141321,-0.06567476075840784
sub-RID0620,InsularCortex,0.007306061365648912,0.02421855366522412,0.06935002586894809
sub-RID0396,InsularCortex,-0.0023012213029223886,-0.016164069660291706,-0.048361619565424965
sub-RID0383,InsularCortex,0.02457119516385706,0.0017854074131696048,0.01465373619469445
sub-RID0574,InsularCortex,-0.02342917770369419,-0.019593470596542036,-0.07791333502207701
sub-RID0380,InsularCortex,0.0020705454728989843,-0.03271924621066118,-0.09310741050631445
sub-RID0445,InsularCortex,-0.08355918171207655,-0.0629883365416173,-0.06945944849681149
sub-RID0576,InsularCortex,-0.041531792390342735,-0.02910580677730419,-0.06789475584130736
sub-RID0450,InsularCortex,-0.07029526481362694,-0.07904887468695282,-0.11063012314342748
sub-RID0433,InsularCortex,-0.005166489486314247,0.0092052869212547,0.07270198556829884
sub-RID0693,InsularCortex,-0.015065806139406137,-0.03811743340848372,-0.047613525433269875
sub-RID0490,InsularCortex,-0.035389585481704185,0.0007212560961902035,-0.013589863090403463
sub-RID0798,InsularCortex,0.05870726382649368,-0.009829625441144837,0.052211366291591475
sub-RID0420,InsularCortex,-0.027161884265322112,-0.021178149819790743,-0.05078512233247594
sub-RID0646,InsularCortex,-0.02111903595372014,-0.03381417251592187,-0.0316978183265165
sub-RID0341,InsularCortex,-0.0294024384991104,-0.022010653053266577,-0.061484556664358925
sub-RID0680,InsularCortex,0.02616110871678879,-0.005288598259098911,-0.09597896073130276
sub-RID0652,InsularCortex,-0.029929460083492464,-0.02702921894496463,-0.01654120917665968
sub-RID0679,InsularCortex,-0.015211555718331176,-0.017200708836924424,-0.021638701265619526
sub-RID0681,InsularCortex,-0.0265769802748956,-0.03979555138979583,-0.07347376487820613
sub-RID0512,InsularCortex,0.13525170601170391,0.11857512875310398,0.11382016751456503
sub-RID0571,InsularCortex,0.04994554296709369,0.011458844418988262,-0.022316604820303978
sub-RID0572,InsularCortex,0.04724166576380323,-0.0029530130961886512,0.0005921856211395815
sub-RID0619,InsularCortex,-0.017444322860402022,-0.00842425816415893,-0.01836139274788131
sub-RID0697,InsularCortex,-0.0026308634489515936,-0.007654589313041571,0.024213729251073186
sub-RID0454,InsularCortex,0.005798423343978037,-0.013324373848529287,-0.07255848385415739
sub-RID0440,InsularCortex,-0.009589931522003702,-0.04308613010189818,-0.00800062349633338
sub-RID0904,InsularCortex,-0.038083660639907486,-0.05008447030391939,-0.07238962384621134
sub-RID0455,InsularCortex,0.007601175981060871,-0.02323002250133439,-0.0380888001947182
sub-RID0408,InsularCortex,0.00586257685805186,-0.013883440477755138,-0.008895211516869561
sub-RID0365,IntracalcarineCortex,-0.05074017758069918,-0.03656487361700828,-0.08934407969664315
sub-RID0592,IntracalcarineCortex,-0.022345240661875446,-0.015375863800910368,-0.0009571439631861455
sub-RID0662,IntracalcarineCortex,0.043516949428303184,0.005981731555283418,0.0022139125751832567
sub-RID0522,IntracalcarineCortex,-0.004983647177962662,0.027885418260613266,0.07492170900197656
sub-RID0587,IntracalcarineCortex,0.0748554354293878,0.07318821650820627,0.00929776562451867
sub-RID0663,IntracalcarineCortex,0.00021811482020379685,-0.006787319418480719,-0.014774322923202623
sub-RID0648,IntracalcarineCortex,0.001991979278794323,0.006103332330600846,0.023575226059328862
sub-RID0675,IntracalcarineCortex,0.08003900366820431,-0.012849866974923014,0.2836159157823846
sub-RID0372,IntracalcarineCortex,0.030212375798692088,0.026219636144799656,0.0033194269562665172
sub-RID0585,IntracalcarineCortex,-0.010651153025562193,-0.03570732573968825,-0.06829790718499125
sub-RID0660,IntracalcarineCortex,0.01770050532487291,-0.0013194508133222173,0.03294301983453189
sub-RID0591,IntracalcarineCortex,0.0377545697514702,0.012054787316365024,-0.010977299894214004
sub-RID0659,IntracalcarineCortex,-0.15739672870233895,-0.14208758283787845,-0.13925912072528787
sub-RID0597,IntracalcarineCortex,0.09009407067884283,0.03889959898911676,0.03524797486005949
sub-RID0672,IntracalcarineCortex,0.017554812539344967,0.017757102703400446,-0.0004373004458969511
sub-RID0449,IntracalcarineCortex,0.010895014646342838,0.02264549726596925,0.0362618675952363
sub-RID0666,IntracalcarineCortex,-0.020373376615270774,-0.021322506272717402,-0.013768157516591571
sub-RID0596,IntracalcarineCortex,-0.004995853439892539,-0.014005039957059425,-0.03689324028656887
sub-RID0658,IntracalcarineCortex,0.04395582693383038,0.023389046087430414,0.008511263067017319
sub-RID0583,IntracalcarineCortex,-0.010301505220019415,-0.01867527086330372,0.14944408114269522
sub-RID0448,IntracalcarineCortex,-0.015431418199269827,0.005577418005337689,-0.004443789290089108
sub-RID0415,IntracalcarineCortex,-0.028630169426309537,-0.0428582890436284,0.10150009870206111
sub-RID0673,IntracalcarineCortex,0.03729619738194737,0.04049130307350801,0.04521141033318654
sub-RID0688,IntracalcarineCortex,-0.0019616867087381955,-0.006661187028581204,-0.05982135902721241
sub-RID0670,IntracalcarineCortex,0.07218350493505324,0.058750571370832096,0.09676764685836999
sub-RID0578,IntracalcarineCortex,0.002293308997321018,-0.006164606632508885,0.016484849990527385
sub-RID0785,IntracalcarineCortex,0.04376816291804084,0.022827924959732612,0.02105349042883248
sub-RID0595,IntracalcarineCortex,0.008544949855666848,-0.013406072407245093,-0.05021194971253777
sub-RID0665,IntracalcarineCortex,-0.02425495924360501,-0.007426086693584604,0.003368220644691243
sub-RID0429,IntracalcarineCortex,-0.047147252097962854,-0.0015035831497569468,-0.03540405532308277
sub-RID0784,IntracalcarineCortex,0.011892542200990635,0.022725247226994,0.05797836004615864
sub-RID0689,IntracalcarineCortex,0.049381975150404225,0.0415448345142044,-0.03762995495512721
sub-RID0671,IntracalcarineCortex,0.013758706093922761,0.028139918204045444,0.016246160227817292
sub-RID0860,IntracalcarineCortex,0.0009608401520112492,0.02790352316965261,-0.08252367992698942
sub-RID0925,IntracalcarineCortex,0.00854833123550157,-0.006793697384741082,0.015391786461378882
sub-RID0664,IntracalcarineCortex,0.03375990477901166,0.03767124127514138,0.09150976312392327
sub-RID0791,IntracalcarineCortex,0.014293185495399782,0.024301452674721828,-0.020644460499421403
sub-RID0668,IntracalcarineCortex,0.01184806511117549,0.017790656280071045,0.002028641516969706
sub-RID0656,IntracalcarineCortex,0.022687724396483484,0.010951601506026198,0.025170551939436576
sub-RID0620,IntracalcarineCortex,-0.015319283992225896,-0.004570040190376353,0.0061940647378247865
sub-RID0396,IntracalcarineCortex,0.032757680684138174,0.006781077431551017,0.022461631893498642
sub-RID0383,IntracalcarineCortex,0.10052278184748453,0.06973156700133958,0.036114436440201195
sub-RID0574,IntracalcarineCortex,0.018665005008533186,0.019027009853248122,0.02888856182892709
sub-RID0380,IntracalcarineCortex,0.0017813395295553447,-0.007621488485857227,-0.07650026095368521
sub-RID0445,IntracalcarineCortex,-0.04517567785736872,-0.029927469836446792,-0.06001197289124829
sub-RID0576,IntracalcarineCortex,-0.07080759856662805,-0.024449952419211655,-0.11223279439331699
sub-RID0450,IntracalcarineCortex,0.010542788539214948,0.01568949344865829,0.03780526191532066
sub-RID0433,IntracalcarineCortex,-0.0017463485006277211,-0.013431232871586651,-0.04902551559580184
sub-RID0693,IntracalcarineCortex,0.028067823678750606,0.012411393285281196,0.06567488613388732
sub-RID0490,IntracalcarineCortex,-0.0009995874565391673,-0.002104706621535825,0.012125462265325074
sub-RID0798,IntracalcarineCortex,0.03131350471161447,-0.01732423701158111,-0.015250074902596476
sub-RID0420,IntracalcarineCortex,-0.008959137426248827,0.007294376530483963,0.03518641224870669
sub-RID0646,IntracalcarineCortex,0.008628391141773236,-0.007179149784593447,-0.02317072610990244
sub-RID0341,IntracalcarineCortex,0.008743657871845126,-0.009483647596098231,-0.027476277118187724
sub-RID0680,IntracalcarineCortex,-0.023649100349180815,-0.0004670239094796816,-0.03196023139884135
sub-RID0652,IntracalcarineCortex,-0.03743454526188888,-0.05670028536147035,-0.09628730467374434
sub-RID0679,IntracalcarineCortex,-0.04271739286553663,-0.0016535987161702655,-0.0018586177500398255
sub-RID0681,IntracalcarineCortex,-0.010264955268191931,0.005166026775431202,-0.032038249932481985
sub-RID0512,IntracalcarineCortex,0.004900541092412825,-0.0008736870503716394,-0.03186290791439018
sub-RID0571,IntracalcarineCortex,0.03297572412850501,-0.00037837971483399395,0.04338148312886034
sub-RID0572,IntracalcarineCortex,0.042557265095252456,0.0033108848325721306,0.08208918228042865
sub-RID0619,IntracalcarineCortex,0.005572553074190093,-0.006591190136110735,0.02491808744472402
sub-RID0697,IntracalcarineCortex,0.049153230046406274,0.03980093423360767,0.06904344046837096
sub-RID0454,IntracalcarineCortex,0.03235313292709024,0.023852296900300295,0.017628377143430667
sub-RID0440,IntracalcarineCortex,0.011783788872731597,0.009800958858960566,0.030390634669526864
sub-RID0904,IntracalcarineCortex,0.031244765340131708,-0.050126924128923805,-0.11310234386400761
sub-RID0455,IntracalcarineCortex,0.01825773106886795,-0.0035629322862727277,0.024588272937849286
sub-RID0408,IntracalcarineCortex,-0.006831289791510769,0.011521211662068022,0.002854378537884146
sub-RID0365,JuxtapositionalLobuleCortex,0.03743232535257347,0.010733207121712803,0.02887242662976362
sub-RID0592,JuxtapositionalLobuleCortex,0.02301859904357042,0.013105607831776625,0.013129817355748388
sub-RID0662,JuxtapositionalLobuleCortex,-0.012963260330639999,-0.00777947138074629,-0.01158613948953699
sub-RID0522,JuxtapositionalLobuleCortex,-0.010835197408022412,0.005966977531035645,0.059483204061908594
sub-RID0587,JuxtapositionalLobuleCortex,-0.027837762782233856,-0.001718816903902567,-0.01611761356895788
sub-RID0663,JuxtapositionalLobuleCortex,0.02593882057981327,0.020528068492728816,0.07790266609664549
sub-RID0648,JuxtapositionalLobuleCortex,-0.0029817168700807793,0.005274107305170975,0.014339564870310732
sub-RID0675,JuxtapositionalLobuleCortex,0.012665000149882004,0.04218403301082758,-0.04640347254848845
sub-RID0372,JuxtapositionalLobuleCortex,-0.007138048210773433,0.002681366883891098,-0.02301167817267744
sub-RID0585,JuxtapositionalLobuleCortex,0.03127754695741455,0.004731910280241266,0.04934201977552164
sub-RID0660,JuxtapositionalLobuleCortex,0.001080948302004268,0.007659432637732093,0.04298068450368176
sub-RID0591,JuxtapositionalLobuleCortex,-0.03454697727996887,0.01463148660187581,0.0558771979753284
sub-RID0659,JuxtapositionalLobuleCortex,-0.013673222749359204,0.005333235105081187,0.012522602516685206
sub-RID0597,JuxtapositionalLobuleCortex,0.038287572002228404,0.004428655409289847,-0.02000331079964441
sub-RID0672,JuxtapositionalLobuleCortex,-0.023439928915801902,-0.007698083704617001,-0.018922657189177027
sub-RID0449,JuxtapositionalLobuleCortex,0.025068667848078333,-0.0006824331575330862,-0.02864174334176065
sub-RID0666,JuxtapositionalLobuleCortex,0.013602778518746257,0.0010434711849886692,-0.0025660915905870367
sub-RID0596,JuxtapositionalLobuleCortex,-0.007899895711566898,0.006785713725551938,-0.021220140998814654
sub-RID0658,JuxtapositionalLobuleCortex,0.008340805304315317,0.026613792958254,0.04437636255953782
sub-RID0583,JuxtapositionalLobuleCortex,0.026335602021793456,0.011858627644012892,-0.016866097868100942
sub-RID0448,JuxtapositionalLobuleCortex,0.03387593763657808,0.009738696827699025,0.03479360440576768
sub-RID0415,JuxtapositionalLobuleCortex,0.030031391225410188,0.01740921414939945,0.006355381851976591
sub-RID0673,JuxtapositionalLobuleCortex,0.008020612128637725,0.010684316824834136,-0.0073551107649537486
sub-RID0688,JuxtapositionalLobuleCortex,0.02386074210943424,0.037426326750554524,-0.008057156084930272
sub-RID0670,JuxtapositionalLobuleCortex,0.0002730810923780819,0.01854668131203956,0.006530800260120389
sub-RID0578,JuxtapositionalLobuleCortex,0.04974332694007191,0.011157952081309978,0.043868043862442474
sub-RID0785,JuxtapositionalLobuleCortex,0.03065347062545318,0.023444984657277606,0.007741073127489481
sub-RID0595,JuxtapositionalLobuleCortex,0.010701368784539627,0.007469133157019235,0.014163211613536002
sub-RID0665,JuxtapositionalLobuleCortex,0.0487772138439438,0.003542610547101673,0.03741322572014037
sub-RID0429,JuxtapositionalLobuleCortex,0.0032252847265840847,0.0054831375252931925,-0.014033377727090873
sub-RID0784,JuxtapositionalLobuleCortex,0.008409960129167691,-0.011264501784638125,-0.07240259400527929
sub-RID0689,JuxtapositionalLobuleCortex,0.015491431162767282,-0.002070634493080673,0.007832512853762135
sub-RID0671,JuxtapositionalLobuleCortex,0.03875847263948942,0.01317863058797724,-0.07747615370642384
sub-RID0860,JuxtapositionalLobuleCortex,-0.01134015019351034,0.005653482354090613,0.05746573284290848
sub-RID0925,JuxtapositionalLobuleCortex,0.020310022172409358,0.02697663643342376,0.08546676725726435
sub-RID0664,JuxtapositionalLobuleCortex,0.03267537273185535,0.004975594406982635,0.019773978035666002
sub-RID0791,JuxtapositionalLobuleCortex,0.011642963535274877,0.015803981635222508,-0.00035901262560525805
sub-RID0668,JuxtapositionalLobuleCortex,-0.002584982906832497,-0.0018746232387753263,-0.0010345848569194647
sub-RID0656,JuxtapositionalLobuleCortex,-0.005885670989193519,0.0017817853834399926,-0.010425394500823207
sub-RID0620,JuxtapositionalLobuleCortex,0.0051404502112457895,0.024538960799012025,0.08695055987370835
sub-RID0396,JuxtapositionalLobuleCortex,0.03162749602480412,0.026490464028589695,0.21802585821740084
sub-RID0383,JuxtapositionalLobuleCortex,-0.008543047731582825,-0.008005365630040777,-0.02155836386565308
sub-RID0574,JuxtapositionalLobuleCortex,-0.027705535194129053,-0.0006074326134494916,-0.021353634315403797
sub-RID0380,JuxtapositionalLobuleCortex,-0.017233847894217974,0.0090247490309192,-0.008105929761448277
sub-RID0445,JuxtapositionalLobuleCortex,0.015494839574435038,0.015285804351006323,0.011148893767502938
sub-RID0576,JuxtapositionalLobuleCortex,-0.013064247803357874,0.023389851777276174,0.079436247348215
sub-RID0450,JuxtapositionalLobuleCortex,-0.00476780566847787,-0.003092173144842447,-0.06683922293918358
sub-RID0433,JuxtapositionalLobuleCortex,-0.014956615831150826,0.005104442889067346,-0.02236610335901338
sub-RID0693,JuxtapositionalLobuleCortex,0.02769427770272337,0.03708016860687003,0.04814312348861598
sub-RID0490,JuxtapositionalLobuleCortex,-0.013543164451850095,-3.939473204451831e-05,0.00018672852707668866
sub-RID0798,JuxtapositionalLobuleCortex,0.008943911298728634,0.019478539060519492,-0.013030621846484432
sub-RID0420,JuxtapositionalLobuleCortex,-0.02105768912117791,-0.0132833274682071,-0.025794581292131843
sub-RID0646,JuxtapositionalLobuleCortex,0.022650508724847408,0.0001889849500371311,-0.0019845110193551915
sub-RID0341,JuxtapositionalLobuleCortex,0.018606431557165022,0.0035951376348279888,0.027522409618939658
sub-RID0680,JuxtapositionalLobuleCortex,0.02517195352214412,0.022935708469839916,0.03765022913504951
sub-RID0652,JuxtapositionalLobuleCortex,0.005848265914376107,0.005892283878457128,0.046656228312713204
sub-RID0679,JuxtapositionalLobuleCortex,0.005571027655927717,0.011169378790961663,0.0019022694251264647
sub-RID0681,JuxtapositionalLobuleCortex,0.016327809630809993,0.010974671556702075,0.01769009659797442
sub-RID0512,JuxtapositionalLobuleCortex,-0.05683174308067689,-0.0497155850591491,0.045840667880181436
sub-RID0571,JuxtapositionalLobuleCortex,-0.025041958820131653,-0.02291090266061485,-0.0625962306218519
sub-RID0572,JuxtapositionalLobuleCortex,-0.012654361724175738,-0.015308013083812818,-0.016152491434552826
sub-RID0619,JuxtapositionalLobuleCortex,-0.011563655583609375,-0.015512133745564514,-0.014075070031912211
sub-RID0697,JuxtapositionalLobuleCortex,-0.0033522836730542484,-0.016423752122921638,-0.069371087370378
sub-RID0454,JuxtapositionalLobuleCortex,-0.0057446841107862846,0.004301474188121239,0.030277484566676508
sub-RID0440,JuxtapositionalLobuleCortex,-0.033413551918250926,-0.002359558734465734,-0.032242994784958796
sub-RID0904,JuxtapositionalLobuleCortex,0.0016478930946635562,0.014723009596827971,0.030105191441835186
sub-RID0455,JuxtapositionalLobuleCortex,0.002223057730145312,-0.004818619310000796,-0.01428872555587453
sub-RID0408,JuxtapositionalLobuleCortex,-0.0024188643309918686,0.019874185589934472,-0.007732841056018141
sub-RID0365,LateralOccipitalCortexinferiordivision,-0.06849534282246088,-0.03614283112429443,-0.06621957090019646
sub-RID0592,LateralOccipitalCortexinferiordivision,-0.05818570560591849,-0.03871400392829113,-0.0655111489621946
sub-RID0662,LateralOccipitalCortexinferiordivision,-0.032824872416443426,-0.058413689373166496,-0.002392257967820728
sub-RID0522,LateralOccipitalCortexinferiordivision,-0.04839522957471204,-0.0412458107491658,-0.025061012886138642
sub-RID0587,LateralOccipitalCortexinferiordivision,-0.024393558691362664,-0.04424476925760554,-0.012949765178044716
sub-RID0663,LateralOccipitalCortexinferiordivision,-0.0638390877971315,-0.03464523952964788,-0.025813691074395136
sub-RID0648,LateralOccipitalCortexinferiordivision,-0.0550453727572844,-0.040121945891363586,-0.06707148299883844
sub-RID0675,LateralOccipitalCortexinferiordivision,-0.005955532738857342,-0.0629411744852989,-0.05273178637985986
sub-RID0372,LateralOccipitalCortexinferiordivision,-0.010577036204810583,-0.04151694497040626,-0.007184744306100237
sub-RID0585,LateralOccipitalCortexinferiordivision,-0.05040938319011626,-0.06605597505139171,-0.019608501644148856
sub-RID0660,LateralOccipitalCortexinferiordivision,-0.028697229437506258,-0.04534862016905652,-0.04251322067575272
sub-RID0591,LateralOccipitalCortexinferiordivision,-0.027656652343494036,-0.02232319726094968,0.04711065514948395
sub-RID0659,LateralOccipitalCortexinferiordivision,-0.04480542206411712,-0.03955052956284562,0.014879914145478004
sub-RID0597,LateralOccipitalCortexinferiordivision,-0.06077448449483324,-0.08129606305958147,-0.05064820240468813
sub-RID0672,LateralOccipitalCortexinferiordivision,-0.057553582011531636,-0.03909467503595029,-0.051164593224746244
sub-RID0449,LateralOccipitalCortexinferiordivision,-0.037707093074671336,-0.018081817346866366,-0.04205548892190185
sub-RID0666,LateralOccipitalCortexinferiordivision,-0.04436399491240198,-0.02725892358717897,-0.07532980391173132
sub-RID0596,LateralOccipitalCortexinferiordivision,-0.05322160887685822,-0.044312154079229345,-0.002062399326825754
sub-RID0658,LateralOccipitalCortexinferiordivision,-0.022896971804780387,-0.028381051210670284,-0.02056819020029969
sub-RID0583,LateralOccipitalCortexinferiordivision,-0.05943274146382285,-0.044232000560074335,-0.045572432390887534
sub-RID0448,LateralOccipitalCortexinferiordivision,-0.045854968043082166,-0.04263706586170267,-0.016603706833067174
sub-RID0415,LateralOccipitalCortexinferiordivision,-0.037433135854512994,-0.048438521852668066,0.03421140904900894
sub-RID0673,LateralOccipitalCortexinferiordivision,-0.07136891537342738,-0.051835863626727076,-0.08604411901535525
sub-RID0688,LateralOccipitalCortexinferiordivision,-0.055597739028246315,-0.03648328396733365,-0.07244371638635146
sub-RID0670,LateralOccipitalCortexinferiordivision,-0.017237891309792096,-0.029431343026561498,-0.03432799168298937
sub-RID0578,LateralOccipitalCortexinferiordivision,-0.04512577635062402,-0.020641171913965563,-0.029774719975297584
sub-RID0785,LateralOccipitalCortexinferiordivision,-0.037232936100066345,-0.027170138733422413,-0.020346624010907918
sub-RID0595,LateralOccipitalCortexinferiordivision,-0.02825538351130004,-0.035395954977489597,-0.036694236641834785
sub-RID0665,LateralOccipitalCortexinferiordivision,-0.03078627257284845,-0.01276252083108325,0.016213393985405604
sub-RID0429,LateralOccipitalCortexinferiordivision,-0.05158140556525336,-0.061343004858204625,0.026825177240118864
sub-RID0784,LateralOccipitalCortexinferiordivision,-0.05144691465512609,-0.03216227440749307,-0.020704836154054093
sub-RID0689,LateralOccipitalCortexinferiordivision,-0.02697141433707633,-0.030814254496341523,-0.049134889065970265
sub-RID0671,LateralOccipitalCortexinferiordivision,-0.04698886200687739,-0.10792024148833768,-0.47394769261504055
sub-RID0860,LateralOccipitalCortexinferiordivision,-0.02222088303541403,-0.03376143769730784,0.04619547326728882
sub-RID0925,LateralOccipitalCortexinferiordivision,-0.060071045650284136,-0.07130511721126208,0.10638012767716008
sub-RID0664,LateralOccipitalCortexinferiordivision,-0.027304354265616056,-0.05762991589048083,-0.08462785021092643
sub-RID0791,LateralOccipitalCortexinferiordivision,-0.05816215716851621,-0.05386364276065751,-0.08710539013460604
sub-RID0668,LateralOccipitalCortexinferiordivision,-0.01885793915611726,-0.03516742444013199,0.002509214821028595
sub-RID0656,LateralOccipitalCortexinferiordivision,-0.02771154066198429,-0.028626402016760213,5.571705665494215e-05
sub-RID0620,LateralOccipitalCortexinferiordivision,-0.05363361281420825,-0.017867599947363415,0.10400724503769058
sub-RID0396,LateralOccipitalCortexinferiordivision,-0.024229770636114534,-0.06323346628553728,-0.026738716132769257
sub-RID0383,LateralOccipitalCortexinferiordivision,-0.023255556376269755,-0.03512694829681126,-0.03791594304244529
sub-RID0574,LateralOccipitalCortexinferiordivision,-0.03459671603445498,-0.03312550665586731,-0.07315981922809249
sub-RID0380,LateralOccipitalCortexinferiordivision,-0.02615518278414169,-0.02064473486374295,-0.015896655291243362
sub-RID0445,LateralOccipitalCortexinferiordivision,-0.04170268122051628,-0.024419736931949,-0.02450813994834888
sub-RID0576,LateralOccipitalCortexinferiordivision,-0.07812329678819975,-0.058866881517983985,-0.12552523952348135
sub-RID0450,LateralOccipitalCortexinferiordivision,-0.018959820522634074,-0.03523032212569581,0.0051847843184099655
sub-RID0433,LateralOccipitalCortexinferiordivision,-0.013189444027109984,-0.02923883634933845,0.01614232303419126
sub-RID0693,LateralOccipitalCortexinferiordivision,-0.022790532533898903,-0.042491059983371174,-0.018670930201067533
sub-RID0490,LateralOccipitalCortexinferiordivision,-0.045380729105343263,-0.0443398854492755,-0.03157280930395436
sub-RID0798,LateralOccipitalCortexinferiordivision,0.008059374147179256,-0.01137136728184216,0.04002632553415317
sub-RID0420,LateralOccipitalCortexinferiordivision,-0.04383729249927754,-0.051820475639586215,-0.05725447344220227
sub-RID0646,LateralOccipitalCortexinferiordivision,-0.05111633997944293,-0.04711521352302819,-0.04442362400958226
sub-RID0341,LateralOccipitalCortexinferiordivision,-0.05586043666090315,-0.057499369608390985,-0.09067565646402426
sub-RID0680,LateralOccipitalCortexinferiordivision,-0.04518065913454398,-0.022177171707848862,0.02288212057781054
sub-RID0652,LateralOccipitalCortexinferiordivision,-0.04069446491850636,-0.05233186223627404,-0.05969851407609559
sub-RID0679,LateralOccipitalCortexinferiordivision,-0.032899849870962006,-0.009345721148259194,-0.010210818766852486
sub-RID0681,LateralOccipitalCortexinferiordivision,-0.06399494016078715,-0.05713464927486581,-0.11054735554633238
sub-RID0512,LateralOccipitalCortexinferiordivision,-0.06653639912902864,-0.02844996615453387,-0.04674515938560423
sub-RID0571,LateralOccipitalCortexinferiordivision,-0.023195101930138694,-0.03458333572195091,-0.05977955841082536
sub-RID0572,LateralOccipitalCortexinferiordivision,-0.01553302374906622,-0.03047480486822228,-0.0047101993215949165
sub-RID0619,LateralOccipitalCortexinferiordivision,-0.03619609459657777,-0.024195989338002936,-0.04114642060135221
sub-RID0697,LateralOccipitalCortexinferiordivision,-0.04570173434845962,-0.03727276385857861,0.026018669421785264
sub-RID0454,LateralOccipitalCortexinferiordivision,-0.05680129282768861,-0.0541216174755436,-0.12804312762616338
sub-RID0440,LateralOccipitalCortexinferiordivision,-0.039180441661034154,-0.05027542931634197,-0.04528736932894776
sub-RID0904,LateralOccipitalCortexinferiordivision,-0.05937186491544757,-0.04213746429192324,-0.06866544875526585
sub-RID0455,LateralOccipitalCortexinferiordivision,-0.013379782520446413,-0.0306235178092591,-0.05516496374174404
sub-RID0408,LateralOccipitalCortexinferiordivision,-0.07114714901828882,-0.05460122148729344,-0.07301172832630869
sub-RID0365,LateralOccipitalCortexsuperiordivision,-0.024966705897905853,-0.012543991874329953,-0.046161627195835914
sub-RID0592,LateralOccipitalCortexsuperiordivision,-0.019778231431450403,-0.005537615888760448,0.02449316521587887
sub-RID0662,LateralOccipitalCortexsuperiordivision,-0.010265288900147263,-0.02981245469419094,0.01677034473453546
sub-RID0522,LateralOccipitalCortexsuperiordivision,-0.025540307231321283,-0.028357709155791926,0.03552531471985596
sub-RID0587,LateralOccipitalCortexsuperiordivision,0.012393369824496705,-0.0026508101846394265,-0.057229220041591505
sub-RID0663,LateralOccipitalCortexsuperiordivision,-0.02257432554325229,-0.011952995236581271,-0.005042946463722921
sub-RID0648,LateralOccipitalCortexsuperiordivision,-0.022504034900690324,-0.009994748321225008,0.03421294266920706
sub-RID0675,LateralOccipitalCortexsuperiordivision,0.0033994813362078044,-0.022160754253846848,-0.010320128014529986
sub-RID0372,LateralOccipitalCortexsuperiordivision,0.008981803255423448,-0.007308413583250146,0.05897057807124617
sub-RID0585,LateralOccipitalCortexsuperiordivision,-0.013415008438644052,-0.028360572912850594,0.0797185525182159
sub-RID0660,LateralOccipitalCortexsuperiordivision,-0.03368273908498459,-0.04268418447121996,-0.01879278447096593
sub-RID0591,LateralOccipitalCortexsuperiordivision,0.0013761559992299124,-0.011329213662624392,0.10569619380838306
sub-RID0659,LateralOccipitalCortexsuperiordivision,-0.028034552677458954,-0.008954629317319149,0.02813012464497578
sub-RID0597,LateralOccipitalCortexsuperiordivision,-0.0376114178163929,-0.026347227342294645,-0.06644634843421238
sub-RID0672,LateralOccipitalCortexsuperiordivision,-0.015331806444217387,-0.008667391867866968,-0.02215022185272389
sub-RID0449,LateralOccipitalCortexsuperiordivision,-0.014005455638677954,-0.016670309565201713,-0.006242038836776165
sub-RID0666,LateralOccipitalCortexsuperiordivision,-0.013397037545701424,-0.005706210900439455,-0.008609194538498245
sub-RID0596,LateralOccipitalCortexsuperiordivision,-0.01374938580779805,-0.035829014840746784,0.039092167663393705
sub-RID0658,LateralOccipitalCortexsuperiordivision,0.0018240555427669937,-0.012717375867899911,0.003994943237118966
sub-RID0583,LateralOccipitalCortexsuperiordivision,-0.040341795286550075,-0.024183654011534522,-0.05356662573326872
sub-RID0448,LateralOccipitalCortexsuperiordivision,-0.03608186900348815,-0.028922516341311984,0.028990308409318495
sub-RID0415,LateralOccipitalCortexsuperiordivision,-0.01621732544067396,-0.032543585817143277,0.10067236504924265
sub-RID0673,LateralOccipitalCortexsuperiordivision,-0.019680208207779434,-0.020325062326360745,-0.014556484181505566
sub-RID0688,LateralOccipitalCortexsuperiordivision,-0.02345624850410007,-0.024506312235122573,-0.012949084067069266
sub-RID0670,LateralOccipitalCortexsuperiordivision,0.0043374645094725805,-0.009119451691652106,0.013006819451485328
sub-RID0578,LateralOccipitalCortexsuperiordivision,-0.010414112661979745,-0.015738896329879695,-0.026207946957050463
sub-RID0785,LateralOccipitalCortexsuperiordivision,-0.02119286518527954,-0.014480886516272232,0.04520946005015608
sub-RID0595,LateralOccipitalCortexsuperiordivision,-0.019751591900344895,-0.015525149805406868,0.023771661546094766
sub-RID0665,LateralOccipitalCortexsuperiordivision,-0.011505134739060664,-0.007343546875282541,0.006190222778842228
sub-RID0429,LateralOccipitalCortexsuperiordivision,-0.029185842049373474,-0.0293875092941834,0.017838496898696734
sub-RID0784,LateralOccipitalCortexsuperiordivision,-0.0173863259895189,-0.015237643807727647,-0.03425079666584883
sub-RID0689,LateralOccipitalCortexsuperiordivision,-0.0252771213405478,-0.01931520143988213,-0.015861368520275573
sub-RID0671,LateralOccipitalCortexsuperiordivision,-0.022306253775346587,-0.06104899249761487,-0.2626686128695769
sub-RID0860,LateralOccipitalCortexsuperiordivision,-0.004306218651697845,0.019997653048183392,0.037755063892801095
sub-RID0925,LateralOccipitalCortexsuperiordivision,-0.038405227086584635,-0.04406365882193572,0.042139769056053086
sub-RID0664,LateralOccipitalCortexsuperiordivision,-0.0003265778655877208,-0.02593074406213832,0.002357928549724613
sub-RID0791,LateralOccipitalCortexsuperiordivision,-0.008025449181043106,-0.013415889590620393,-0.013013323944118103
sub-RID0668,LateralOccipitalCortexsuperiordivision,0.004845247216108302,-0.0171207581977634,0.03726630073796997
sub-RID0656,LateralOccipitalCortexsuperiordivision,-0.016451032411824086,-0.028218511914214307,0.0059339591428350345
sub-RID0620,LateralOccipitalCortexsuperiordivision,-0.03572946956988211,-0.025765451978250666,-0.044173226901493945
sub-RID0396,LateralOccipitalCortexsuperiordivision,-0.0074190442277491326,-0.02912027514833568,-0.040684136734535845
sub-RID0383,LateralOccipitalCortexsuperiordivision,-0.015726345750275653,0.02128150221623241,0.11137438436636526
sub-RID0574,LateralOccipitalCortexsuperiordivision,-0.02240680054876554,-0.029495365989670265,-0.026335079086394427
sub-RID0380,LateralOccipitalCortexsuperiordivision,-0.0029169899538947813,-0.021229901510470085,0.027899860055226527
sub-RID0445,LateralOccipitalCortexsuperiordivision,-0.04272438545953907,-0.023977760641813166,-0.03881584837372888
sub-RID0576,LateralOccipitalCortexsuperiordivision,-0.041915238759519365,-0.026763313455984768,-0.11143075873575894
sub-RID0450,LateralOccipitalCortexsuperiordivision,-0.01936148225876677,-0.02737881113839592,0.019076826996168667
sub-RID0433,LateralOccipitalCortexsuperiordivision,-0.03022579753212109,-0.008418362865241998,0.06950506540777664
sub-RID0693,LateralOccipitalCortexsuperiordivision,0.012728331690098243,-0.011599038301570006,0.011967618715208492
sub-RID0490,LateralOccipitalCortexsuperiordivision,-0.01282093763901953,-0.0111970522335592,-0.011156406022667533
sub-RID0798,LateralOccipitalCortexsuperiordivision,0.019690618980707102,-0.021901960434437553,0.04596013289971165
sub-RID0420,LateralOccipitalCortexsuperiordivision,-0.002779524260940853,-0.020339637551208715,0.025013332304360668
sub-RID0646,LateralOccipitalCortexsuperiordivision,-0.017180226045939852,-0.018587369811203673,0.012328226010025242
sub-RID0341,LateralOccipitalCortexsuperiordivision,-0.030499687758759275,-0.024751247978126896,-0.014849712091604846
sub-RID0680,LateralOccipitalCortexsuperiordivision,0.004223154564869662,0.004286317547818168,0.05780055582429312
sub-RID0652,LateralOccipitalCortexsuperiordivision,-0.013582214971228865,-0.029405454873363927,-0.006133697427577492
sub-RID0679,LateralOccipitalCortexsuperiordivision,-0.02033828024304511,-0.001416019324744459,-0.0016406564966090589
sub-RID0681,LateralOccipitalCortexsuperiordivision,-0.06192295238962569,-0.05832779768252486,-0.08589230441608937
sub-RID0512,LateralOccipitalCortexsuperiordivision,-0.041618693893689544,-0.01481158916199687,0.04831185599902295
sub-RID0571,LateralOccipitalCortexsuperiordivision,-0.01857544389949267,-0.03886581932949653,-0.058242615145893184
sub-RID0572,LateralOccipitalCortexsuperiordivision,-0.0030118194566673426,-0.015658595148880645,0.08343982385346288
sub-RID0619,LateralOccipitalCortexsuperiordivision,-0.01769770924968077,-0.02138155050778328,0.028802294568708565
sub-RID0697,LateralOccipitalCortexsuperiordivision,-0.019034817013646944,-0.03241226316507904,0.02568289224277419
sub-RID0454,LateralOccipitalCortexsuperiordivision,-0.022345722925526144,-0.020800080686788004,-0.04394605430196312
sub-RID0440,LateralOccipitalCortexsuperiordivision,-0.019375687104022574,-0.03052920272664382,0.0010821692032497701
sub-RID0904,LateralOccipitalCortexsuperiordivision,-0.009468526611415501,-0.029800686856114672,-0.04208820055417332
sub-RID0455,LateralOccipitalCortexsuperiordivision,-0.02465176456933111,-0.016397032088968543,0.00555234270501276
sub-RID0408,LateralOccipitalCortexsuperiordivision,-0.027309855921021666,-0.028972366738651428,-0.030142054740966043
sub-RID0365,LingualGyrus,0.010990704005701001,-0.015230764988766273,-0.04580514042846508
sub-RID0592,LingualGyrus,-0.02061700990514261,-0.0013901645515647907,-0.029092788543479676
sub-RID0662,LingualGyrus,0.01172736775202702,0.0007004977342503496,0.027732873451597997
sub-RID0522,LingualGyrus,0.005931854608398349,-0.00474786015751208,0.024075489366860645
sub-RID0587,LingualGyrus,0.007619782258002627,0.027472000050462592,0.04727601191116683
sub-RID0663,LingualGyrus,-0.005522377386928556,0.004709086750758956,0.047670797785753456
sub-RID0648,LingualGyrus,-0.0072740627029656045,0.0011060593177685655,-0.004805718591406199
sub-RID0675,LingualGyrus,0.025518621143624114,0.009281197924812624,0.18140205432894196
sub-RID0372,LingualGyrus,0.030395090849417494,0.029271772600986935,0.05417346588308829
sub-RID0585,LingualGyrus,0.014330776714072405,0.005250292772924608,-0.029549592952575934
sub-RID0660,LingualGyrus,0.0015109346324376635,-0.012204719672071557,-0.03403110699291887
sub-RID0591,LingualGyrus,0.041264018469088073,0.03070981063454734,0.03260564616242348
sub-RID0659,LingualGyrus,-0.05772231399131555,-0.07045520826799638,-0.1399988382389455
sub-RID0597,LingualGyrus,0.014109706950863093,-0.005644679502630906,0.008100466361877053
sub-RID0672,LingualGyrus,0.0450871093152883,0.015339053715525124,0.019252766765833037
sub-RID0449,LingualGyrus,-0.0038674192812241464,0.005960255917305173,0.04524063378404635
sub-RID0666,LingualGyrus,0.04785875098846474,-0.004440137068053507,-0.023397614870497414
sub-RID0596,LingualGyrus,-0.024890636838111126,-0.0076024187135158286,-0.018118179712216128
sub-RID0658,LingualGyrus,0.003329954671377431,0.000716935627213532,0.005217481914332676
sub-RID0583,LingualGyrus,-0.012506286387285587,-0.033632812611029635,0.0320874930924173
sub-RID0448,LingualGyrus,0.011904071711049367,0.0034404437292853795,0.011341760932404795
sub-RID0415,LingualGyrus,0.03786230380042814,-0.010970984967039004,0.08320269530149436
sub-RID0673,LingualGyrus,-0.0029988152807614056,0.003534149495089716,-0.009183997659935337
sub-RID0688,LingualGyrus,0.023736146709460997,0.008338506802460347,-0.04914571892531621
sub-RID0670,LingualGyrus,-0.005835990378737765,-0.015559552885899471,0.037413789698989376
sub-RID0578,LingualGyrus,0.0013381690351974961,0.0007352859830940653,0.017617747826834604
sub-RID0785,LingualGyrus,0.02196231158473382,0.002669494204132752,-0.0037481802347531464
sub-RID0595,LingualGyrus,0.013258948688063621,0.025543419728834314,-0.021563907437249223
sub-RID0665,LingualGyrus,0.03405570680115759,0.006532629929260683,-0.03419653318180053
sub-RID0429,LingualGyrus,0.023574906325879344,0.004949818221819354,-0.006181516775774967
sub-RID0784,LingualGyrus,0.0038186876594997524,-0.0032465842056185077,0.02708711317735913
sub-RID0689,LingualGyrus,0.01308228653744765,0.009273031727151786,0.0026795135543311163
sub-RID0671,LingualGyrus,-0.013433559261407595,-0.01643979044361579,-0.0827306846133044
sub-RID0860,LingualGyrus,0.007841722095625158,0.013013668120160223,-0.08956479784521185
sub-RID0925,LingualGyrus,-0.0038084350817298653,-0.007820638164244756,-0.007990422757764109
sub-RID0664,LingualGyrus,-0.032646838626416555,-0.01902531692558944,0.010624784915907936
sub-RID0791,LingualGyrus,0.050912937041016924,0.03400335969882954,0.015502394676018959
sub-RID0668,LingualGyrus,0.010822963966098227,0.006219752632154721,0.009929980711813056
sub-RID0656,LingualGyrus,0.012366739457839377,0.025672203219070964,0.01930312901856408
sub-RID0620,LingualGyrus,0.016340014549439254,0.01263863548059567,0.029027322174334798
sub-RID0396,LingualGyrus,0.012537200105901352,-0.011657336621740155,0.08095024004604266
sub-RID0383,LingualGyrus,0.05205968729687216,0.044923764191036115,0.003008186390514703
sub-RID0574,LingualGyrus,-0.022929411645402444,-0.03071247673071481,0.03196775132357247
sub-RID0380,LingualGyrus,-0.014321787760984252,-0.0007507925682105636,-0.08075997924581683
sub-RID0445,LingualGyrus,0.02308326626435896,-0.03021349584976729,-0.0688807114866996
sub-RID0576,LingualGyrus,-0.05006436517910625,-0.02614435499074533,-0.032530118249839
sub-RID0450,LingualGyrus,-0.009676241415458992,-0.0100988053127002,0.03588567028253823
sub-RID0433,LingualGyrus,0.03312403744563703,0.009962383801375629,0.0018745570667152128
sub-RID0693,LingualGyrus,0.026871189284825014,-0.0011148732873701014,0.032032963419839466
sub-RID0490,LingualGyrus,0.005759590230351035,0.007292425435274012,-0.004683923943992059
sub-RID0798,LingualGyrus,0.0823829808205076,0.0007620948002530676,-0.0036214732982783114
sub-RID0420,LingualGyrus,0.035576008548144376,-0.0033018999466339805,-0.014567706901970066
sub-RID0646,LingualGyrus,-0.015258068673206301,0.007799842475407794,0.008812248964239582
sub-RID0341,LingualGyrus,-0.039960464723173814,-0.01728094788871355,-0.01392519667641598
sub-RID0680,LingualGyrus,-0.007551285264232759,0.0007360570703187912,-0.06264469393164437
sub-RID0652,LingualGyrus,0.04664848205206446,0.030623146099366037,-0.03610578810178238
sub-RID0679,LingualGyrus,0.03906209833119007,0.0188814695517595,0.011144147331193495
sub-RID0681,LingualGyrus,0.009721688429368954,0.014638604753255293,-0.038526366959594556
sub-RID0512,LingualGyrus,-0.004005596057370587,0.0005467042779758685,-0.026387562357097376
sub-RID0571,LingualGyrus,0.022511058642260582,-0.013100139901002677,0.00027377985562729046
sub-RID0572,LingualGyrus,0.03030906999071802,-0.0031009998967503807,0.05388954337718332
sub-RID0619,LingualGyrus,0.007949948764855922,-0.0036916188144060155,0.025699626793979767
sub-RID0697,LingualGyrus,0.011375399654504126,-0.02570079590878012,0.06884033611478596
sub-RID0454,LingualGyrus,-0.012367650679075434,-0.020891605267871382,-0.011603517960829432
sub-RID0440,LingualGyrus,0.021821602645983765,0.001535345684215891,0.014126040654570893
sub-RID0904,LingualGyrus,0.006413508529942376,-0.010035230124683608,-0.06846813249343975
sub-RID0455,LingualGyrus,0.013122710277738073,-0.010931244477471708,-0.003565276473814251
sub-RID0408,LingualGyrus,-0.02453152853402709,-0.029875050952036873,-0.006245886354990985
sub-RID0365,MiddleFrontalGyrus,-0.006483586415814635,-0.01121159794390458,0.02340875437364739
sub-RID0592,MiddleFrontalGyrus,0.0008196262222921525,-0.019582559904200263,-0.005524867997316776
sub-RID0662,MiddleFrontalGyrus,-0.02242420723578393,-0.020077571858481323,-0.009942011601813691
sub-RID0522,MiddleFrontalGyrus,-0.017194948577606152,-0.02667998051586148,0.007586258818811758
sub-RID0587,MiddleFrontalGyrus,-0.025562101969471993,-0.020583926215999866,-0.06795450851759803
sub-RID0663,MiddleFrontalGyrus,-0.05110584325890279,-0.04413832711377538,-0.05125539741630655
sub-RID0648,MiddleFrontalGyrus,-0.024588094130347276,-0.0314466234008653,-0.0362334048111946
sub-RID0675,MiddleFrontalGyrus,-0.026095733053835224,0.08718409463695355,-0.08594845050035549
sub-RID0372,MiddleFrontalGyrus,-0.026702851739032373,-0.00395206114741865,-0.0489809896354037
sub-RID0585,MiddleFrontalGyrus,-0.009585219278219013,-0.0083630446852408,-0.002214412398384471
sub-RID0660,MiddleFrontalGyrus,-0.030782929600667027,-0.042289797123433254,-0.018762968040618104
sub-RID0591,MiddleFrontalGyrus,-0.005728615359419159,-0.028199591020798317,0.017514549711687106
sub-RID0659,MiddleFrontalGyrus,-0.016856329998281665,-0.00817299986710814,-0.0019286249315508294
sub-RID0597,MiddleFrontalGyrus,-0.029853886518629087,-0.01731183083195986,-0.002548377160395674
sub-RID0672,MiddleFrontalGyrus,-0.020605340990168655,-0.017392003839110916,-0.03799258270432419
sub-RID0449,MiddleFrontalGyrus,-0.024167386450679666,-0.007688643968671315,-0.03474899283799107
sub-RID0666,MiddleFrontalGyrus,-0.028986328032043356,-0.026932944578938127,-0.024974894175872425
sub-RID0596,MiddleFrontalGyrus,-0.015432148208200139,-0.04046606881571142,-0.0020144415090510162
sub-RID0658,MiddleFrontalGyrus,0.016373534990465087,-0.01780702319809381,-0.03918418050910809
sub-RID0583,MiddleFrontalGyrus,-0.03986917055134377,-0.034362804712430306,-0.05307833741839774
sub-RID0448,MiddleFrontalGyrus,-0.019821161944851968,-0.03655355203658153,-0.035159087163226285
sub-RID0415,MiddleFrontalGyrus,-0.003440932946742449,-0.038056580396781246,-0.019205954012592348
sub-RID0673,MiddleFrontalGyrus,-0.037085787736947255,-0.015097171394597418,-0.009176383882029161
sub-RID0688,MiddleFrontalGyrus,-0.039289429130043727,-0.023402912785713385,-0.0007075592369406507
sub-RID0670,MiddleFrontalGyrus,-0.0062252923587226405,-0.017921318059448656,-0.018052809863071766
sub-RID0578,MiddleFrontalGyrus,-0.028003552536403208,-0.032771028748139995,-0.02800883799657138
sub-RID0785,MiddleFrontalGyrus,-0.011194794562357238,-0.004265098835002765,0.05117534369511887
sub-RID0595,MiddleFrontalGyrus,-0.029987377283770916,-0.013568614719338408,0.027206461742553582
sub-RID0665,MiddleFrontalGyrus,-0.013790161420455003,-0.021180700399320306,0.042286857582858176
sub-RID0429,MiddleFrontalGyrus,-0.00823271717885133,0.00044471180372708145,0.01067843593183597
sub-RID0784,MiddleFrontalGyrus,-0.013177869149235608,-0.036187337239173695,-0.04708108825170436
sub-RID0689,MiddleFrontalGyrus,-0.006043152864290684,-0.01688039226207846,-0.02122663270729407
sub-RID0671,MiddleFrontalGyrus,-0.04769839423619306,-0.1241545472105764,-0.6404907353008729
sub-RID0860,MiddleFrontalGyrus,-0.01891518486124496,-0.01680796401044858,-0.04028514132039233
sub-RID0925,MiddleFrontalGyrus,-0.009243603594392257,-0.010256452021376424,-0.16551910565498115
sub-RID0664,MiddleFrontalGyrus,-0.007546883525691978,-0.022850633123291254,0.030904704797027536
sub-RID0791,MiddleFrontalGyrus,0.010740788218401659,-0.006802581659536902,-0.015823476755003365
sub-RID0668,MiddleFrontalGyrus,0.008569728680769492,-0.029868978355300464,-0.002465874761630731
sub-RID0656,MiddleFrontalGyrus,-0.040584263475688456,-0.034965763430907695,-0.04630375130837132
sub-RID0620,MiddleFrontalGyrus,-0.024794644740419886,-0.02134701389852151,0.005209593789533593
sub-RID0396,MiddleFrontalGyrus,0.002892491881766938,0.02483270454909323,0.03581141835875586
sub-RID0383,MiddleFrontalGyrus,-0.01956238762128063,0.0036440126471426757,-0.022980315157012505
sub-RID0574,MiddleFrontalGyrus,-0.050207394897048854,-0.04543286891504426,-0.046231493052050744
sub-RID0380,MiddleFrontalGyrus,-0.028067095196368512,-0.008105519775435194,-0.026740286183504255
sub-RID0445,MiddleFrontalGyrus,0.009197318045780759,-0.03196217199221713,-0.12778174073843557
sub-RID0576,MiddleFrontalGyrus,-0.06463705400623862,-0.0312757986120411,-0.06228472681257029
sub-RID0450,MiddleFrontalGyrus,-0.021020776347645962,-0.020310023165474676,-0.013290661512609882
sub-RID0433,MiddleFrontalGyrus,-0.04475688627704858,-0.01797655497969003,-0.00850126751040153
sub-RID0693,MiddleFrontalGyrus,0.01747943246396943,0.007237747862145858,0.01230039695060833
sub-RID0490,MiddleFrontalGyrus,0.0013210375833143215,-0.025969333670278552,-0.0031509688331904156
sub-RID0798,MiddleFrontalGyrus,0.03295576200839694,-0.029081535031259133,0.04869855777149049
sub-RID0420,MiddleFrontalGyrus,-0.020769589361999612,-0.02606871026780393,0.003781556359551541
sub-RID0646,MiddleFrontalGyrus,-0.02958273727180036,-0.03454411273640794,0.009367698636072537
sub-RID0341,MiddleFrontalGyrus,-0.003817689012331802,-0.007433744631037847,-0.03273826646770428
sub-RID0680,MiddleFrontalGyrus,-0.011363195262034533,-0.007137014794396646,0.01565680444110049
sub-RID0652,MiddleFrontalGyrus,-0.024955719970285017,-0.03215505177770959,-0.04783427359910978
sub-RID0679,MiddleFrontalGyrus,-0.031173725910305948,-0.02818313330100918,-0.020751980415292585
sub-RID0681,MiddleFrontalGyrus,-0.029221567969157886,-0.023364678199905686,-0.06618928002202215
sub-RID0512,MiddleFrontalGyrus,0.047207302006774456,0.03709007688093804,0.06478279921870776
sub-RID0571,MiddleFrontalGyrus,0.013423600119450669,0.031592752876830804,0.008682967919881185
sub-RID0572,MiddleFrontalGyrus,-0.013844269590885432,-0.012264047437446208,-0.029457254799199754
sub-RID0619,MiddleFrontalGyrus,-0.00988814161240324,-0.02673131644200678,-0.05340442232917679
sub-RID0697,MiddleFrontalGyrus,-0.019760208830828175,-0.027657380129239573,-0.02730265427976523
sub-RID0454,MiddleFrontalGyrus,-0.02935267404672559,-0.039333299166356396,-0.04798711273177821
sub-RID0440,MiddleFrontalGyrus,-0.03938536493772512,-0.03689475015893563,-0.02530935627389308
sub-RID0904,MiddleFrontalGyrus,-0.05012010945722224,-0.03987315266843832,-0.04036392118362139
sub-RID0455,MiddleFrontalGyrus,-0.00981001009478115,-0.012307126769134749,-0.028939936527157886
sub-RID0408,MiddleFrontalGyrus,-0.02495658895337755,-0.020384188532982548,-0.022337369061436962
sub-RID0365,MiddleTemporalGyrusanteriordivision,0.014033061778068207,-0.025607180734097304,-0.028773379345379987
sub-RID0592,MiddleTemporalGyrusanteriordivision,0.05422851260411373,0.0411968119924774,-0.01731866351588799
sub-RID0662,MiddleTemporalGyrusanteriordivision,0.01647820465243073,0.028436160031406758,-0.014125750921930517
sub-RID0522,MiddleTemporalGyrusanteriordivision,0.028436689766210672,-0.007386579686110428,0.011757220595050384
sub-RID0587,MiddleTemporalGyrusanteriordivision,0.05375393697595867,0.01869326793237478,0.025514919076387414
sub-RID0663,MiddleTemporalGyrusanteriordivision,-0.027115622906133396,-0.03938922867175226,-0.0678698486028355
sub-RID0648,MiddleTemporalGyrusanteriordivision,-0.058113729416274594,-0.019982246429771106,-0.058103609683493374
sub-RID0675,MiddleTemporalGyrusanteriordivision,0.03573301425361417,0.09350348766887456,0.0307024263019799
sub-RID0372,MiddleTemporalGyrusanteriordivision,0.04527604595424272,-0.00922014011522763,-0.0766278586516919
sub-RID0585,MiddleTemporalGyrusanteriordivision,-0.006170754751370825,0.003919939728330884,-0.07146313133972644
sub-RID0660,MiddleTemporalGyrusanteriordivision,0.05675316131153437,-0.013102956730927866,-0.0029221111358566846
sub-RID0591,MiddleTemporalGyrusanteriordivision,0.054652563130467215,0.04278723795073743,0.035677141321116504
sub-RID0659,MiddleTemporalGyrusanteriordivision,0.03058443642161288,0.02731782885538701,0.022615240155962522
sub-RID0597,MiddleTemporalGyrusanteriordivision,0.0777358620449583,-0.006705395899564893,-0.0408179158156981
sub-RID0672,MiddleTemporalGyrusanteriordivision,-0.017679616699769828,0.011065409188508337,-0.019385851051505733
sub-RID0449,MiddleTemporalGyrusanteriordivision,0.04154502509541079,0.013542417701717201,0.020530546109840356
sub-RID0666,MiddleTemporalGyrusanteriordivision,0.0387398609935826,0.024988078065865397,0.030748151863365797
sub-RID0596,MiddleTemporalGyrusanteriordivision,-0.010266842921426276,-0.0033090198537645086,-0.005105451853348247
sub-RID0658,MiddleTemporalGyrusanteriordivision,-0.029609013310130793,-0.007104148164977047,-0.006787126021981571
sub-RID0583,MiddleTemporalGyrusanteriordivision,-0.007844213443557034,-0.013260695881014603,0.041609695087225354
sub-RID0448,MiddleTemporalGyrusanteriordivision,-0.08549899047029502,0.021313254335499156,0.0005019984390917209
sub-RID0415,MiddleTemporalGyrusanteriordivision,0.018701104478103713,-0.01608078109029401,0.02132959820915109
sub-RID0673,MiddleTemporalGyrusanteriordivision,-0.005264882710323752,-0.008039681430093223,-0.06703465104887471
sub-RID0688,MiddleTemporalGyrusanteriordivision,0.04040924528932274,0.009006354950725215,-0.06280470166220446
sub-RID0670,MiddleTemporalGyrusanteriordivision,0.06923507970213855,-0.0019025135219185713,0.06187432348363225
sub-RID0578,MiddleTemporalGyrusanteriordivision,-0.004820561620217775,0.03565045207149582,0.0019054687063148237
sub-RID0785,MiddleTemporalGyrusanteriordivision,-0.0056160817992262965,0.032898447519862976,0.025912554542064575
sub-RID0595,MiddleTemporalGyrusanteriordivision,-0.05338801850751218,-0.011076276942123113,-0.05014095371315589
sub-RID0665,MiddleTemporalGyrusanteriordivision,0.08582203683127859,0.04466780285023867,-0.058168759286420346
sub-RID0429,MiddleTemporalGyrusanteriordivision,0.019571602243775226,0.004979822264009741,0.03572133858000798
sub-RID0784,MiddleTemporalGyrusanteriordivision,0.017827046948733844,0.010475021873980589,-0.03545746265198795
sub-RID0689,MiddleTemporalGyrusanteriordivision,-0.00930701575736749,-0.0023538054563046265,-0.06137271564655197
sub-RID0671,MiddleTemporalGyrusanteriordivision,-0.048084791841770606,-0.16950916185731998,-0.8801898050110444
sub-RID0860,MiddleTemporalGyrusanteriordivision,0.046211709532961644,0.028267658664614552,0.08527774557228185
sub-RID0925,MiddleTemporalGyrusanteriordivision,0.04059846497067059,0.008182142997119654,0.0974649775707508
sub-RID0664,MiddleTemporalGyrusanteriordivision,0.037767605845366044,-0.010847218612904178,0.038528346138181735
sub-RID0791,MiddleTemporalGyrusanteriordivision,0.04524435624319571,0.02573420121151012,0.005433619574865862
sub-RID0668,MiddleTemporalGyrusanteriordivision,0.0660304811821545,-0.005197775567325714,0.042257237735107755
sub-RID0656,MiddleTemporalGyrusanteriordivision,0.06046542418865638,-0.006579083877995081,0.00850377656097579
sub-RID0620,MiddleTemporalGyrusanteriordivision,0.008304818458367185,-0.0141444093151045,-0.054010703059656856
sub-RID0396,MiddleTemporalGyrusanteriordivision,-0.011558725183592567,7.844309267914244e-05,0.045774808427442235
sub-RID0383,MiddleTemporalGyrusanteriordivision,0.02272284700751185,0.03277749037903053,-0.055438114422976706
sub-RID0574,MiddleTemporalGyrusanteriordivision,0.014087232334648347,0.020278708468927292,-0.026384621400187908
sub-RID0380,MiddleTemporalGyrusanteriordivision,-0.023691976501629804,0.010549412378850377,-0.00036519725155947783
sub-RID0445,MiddleTemporalGyrusanteriordivision,-0.11644591113679789,-0.042991243762836626,-0.10946275529323957
sub-RID0576,MiddleTemporalGyrusanteriordivision,0.009664479017286856,0.036596719526529375,0.023319581179550353
sub-RID0450,MiddleTemporalGyrusanteriordivision,0.00031891042719681855,-0.0023402205776406485,-0.018870511997245997
sub-RID0433,MiddleTemporalGyrusanteriordivision,0.0008915630473149171,0.021326034208612427,0.06621067239660453
sub-RID0693,MiddleTemporalGyrusanteriordivision,0.030145691287625516,0.0040392668443159484,-0.0020576622659851406
sub-RID0490,MiddleTemporalGyrusanteriordivision,-0.0301215092652442,-0.007313605125137442,0.012413161953925271
sub-RID0798,MiddleTemporalGyrusanteriordivision,0.13267423345532017,0.02288290171496529,0.0386869801441219
sub-RID0420,MiddleTemporalGyrusanteriordivision,0.01019322098306605,0.0158726035553985,0.023271040533001868
sub-RID0646,MiddleTemporalGyrusanteriordivision,-0.09514388310779184,-0.008952884837873588,-0.002525229142191539
sub-RID0341,MiddleTemporalGyrusanteriordivision,-0.023958593359898972,0.05598008635555826,0.016105285799192483
sub-RID0680,MiddleTemporalGyrusanteriordivision,0.018063796330829596,-0.005948713808733403,-0.007875488093742413
sub-RID0652,MiddleTemporalGyrusanteriordivision,0.02989980537152336,0.005492809840822061,-0.007032605509178513
sub-RID0679,MiddleTemporalGyrusanteriordivision,-0.01966170423953953,0.016293612633072118,-0.0036718806294039493
sub-RID0681,MiddleTemporalGyrusanteriordivision,-0.06529953851257822,-0.019350622575051844,-0.11922412655677483
sub-RID0512,MiddleTemporalGyrusanteriordivision,0.16151705647895698,0.38503579282907097,0.04254700869943872
sub-RID0571,MiddleTemporalGyrusanteriordivision,0.06656242134930151,0.028423414270829794,0.006180306917030468
sub-RID0572,MiddleTemporalGyrusanteriordivision,0.11428175364057268,0.0406371613353067,0.07200283414125082
sub-RID0619,MiddleTemporalGyrusanteriordivision,-0.015091536782799989,-0.000866313827991632,0.034146930429506575
sub-RID0697,MiddleTemporalGyrusanteriordivision,0.02525777650671765,0.0007879603573872348,-0.003926146923103568
sub-RID0454,MiddleTemporalGyrusanteriordivision,-0.052722141363130665,-0.11669262622357088,-0.25214655736244007
sub-RID0440,MiddleTemporalGyrusanteriordivision,0.010520622585471944,0.01597347248138128,0.09961049142019905
sub-RID0904,MiddleTemporalGyrusanteriordivision,-0.05983662601045168,-0.007583321105076967,-0.06160961496299787
sub-RID0455,MiddleTemporalGyrusanteriordivision,0.04994149018492168,0.04786331772272413,0.035044960171261186
sub-RID0408,MiddleTemporalGyrusanteriordivision,-0.02629660370337081,-0.02547226651513138,0.0009012464450470746
sub-RID0365,MiddleTemporalGyrusposteriordivision,-0.017342445226322067,-0.10361623006728055,-0.08149191055661041
sub-RID0592,MiddleTemporalGyrusposteriordivision,-0.02945634749457246,-0.05034663841504461,-0.06880894901213482
sub-RID0662,MiddleTemporalGyrusposteriordivision,-0.03692013053569965,-0.03956664497913501,-0.03258501118636588
sub-RID0522,MiddleTemporalGyrusposteriordivision,-0.032838314366793964,-0.04932372864663066,0.006605962358043461
sub-RID0587,MiddleTemporalGyrusposteriordivision,0.010242254595565206,-0.059313628555798734,0.004990768832933936
sub-RID0663,MiddleTemporalGyrusposteriordivision,-0.07989944558085228,-0.07182223868652672,-0.08122556895799218
sub-RID0648,MiddleTemporalGyrusposteriordivision,-0.10871940617493485,-0.07050693417793734,-0.09205160406362127
sub-RID0675,MiddleTemporalGyrusposteriordivision,-0.04512291493575577,0.08939476778286605,-0.06441573391034607
sub-RID0372,MiddleTemporalGyrusposteriordivision,-0.015097111295098269,-0.05699915239817069,-0.05934435720495324
sub-RID0585,MiddleTemporalGyrusposteriordivision,-0.06365206439769504,-0.06683994131476652,-0.11005302969807873
sub-RID0660,MiddleTemporalGyrusposteriordivision,-0.00047110024280743503,-0.068896906472018,-0.07284165949239399
sub-RID0591,MiddleTemporalGyrusposteriordivision,-0.03908202832622719,-0.05977576704105263,-0.06279567075816947
sub-RID0659,MiddleTemporalGyrusposteriordivision,-0.05097277171780317,-0.05974774032902418,-0.015871508880249404
sub-RID0597,MiddleTemporalGyrusposteriordivision,-0.03137072918042891,-0.08087617261577085,-0.056399946742616516
sub-RID0672,MiddleTemporalGyrusposteriordivision,-0.013364236081876186,-0.02796822083051661,-0.06221861162357097
sub-RID0449,MiddleTemporalGyrusposteriordivision,-0.03349375837316274,-0.048765009222268944,-0.05946187614660525
sub-RID0666,MiddleTemporalGyrusposteriordivision,-0.059181289324889856,-0.04047629688182877,-0.06877137042383552
sub-RID0596,MiddleTemporalGyrusposteriordivision,-0.04604529024327859,-0.03560516728503418,-0.023257032841287124
sub-RID0658,MiddleTemporalGyrusposteriordivision,-0.03159928699317354,-0.04852654265513637,-0.08582726461880824
sub-RID0583,MiddleTemporalGyrusposteriordivision,-0.07689360086383064,-0.05402031227089849,-0.05376479738205698
sub-RID0448,MiddleTemporalGyrusposteriordivision,-0.08056068853745221,-0.01933807238158383,-0.008259314327982136
sub-RID0415,MiddleTemporalGyrusposteriordivision,-0.07474414367655399,-0.07237236321004852,-0.04000474864526391
sub-RID0673,MiddleTemporalGyrusposteriordivision,-0.03681440975727286,-0.04240117844911422,0.005351960049311125
sub-RID0688,MiddleTemporalGyrusposteriordivision,-0.0314327565058442,-0.02461438119588554,-0.09238184113152241
sub-RID0670,MiddleTemporalGyrusposteriordivision,-0.007714791402907306,-0.04177676781215938,0.04684047687255392
sub-RID0578,MiddleTemporalGyrusposteriordivision,-0.03251992934687068,-0.0310425802903159,-0.06740716136860612
sub-RID0785,MiddleTemporalGyrusposteriordivision,-0.03959563488581655,-0.04817458163968558,-0.0689586045332383
sub-RID0595,MiddleTemporalGyrusposteriordivision,-0.12515637888162,-0.06337051996881957,-0.08947041692043756
sub-RID0665,MiddleTemporalGyrusposteriordivision,0.0227853233595002,-0.027654143204124026,-0.03003800884369724
sub-RID0429,MiddleTemporalGyrusposteriordivision,-0.04580571648817516,-0.0531642750303264,-0.027403065114068856
sub-RID0784,MiddleTemporalGyrusposteriordivision,-0.06962260122864579,-0.038840681722939564,-0.06117192298932388
sub-RID0689,MiddleTemporalGyrusposteriordivision,-0.03937251378520077,-0.0469213928276492,-0.07223088116894905
sub-RID0671,MiddleTemporalGyrusposteriordivision,-0.05119810710324893,-0.18350989076541682,-0.7642226695736549
sub-RID0860,MiddleTemporalGyrusposteriordivision,-0.017738275107667904,-0.027873941597350425,0.022626083103416707
sub-RID0925,MiddleTemporalGyrusposteriordivision,-0.05379469207340803,-0.04712246960676535,0.058918054028489555
sub-RID0664,MiddleTemporalGyrusposteriordivision,-0.06314814895824811,-0.06958582684739527,-0.0850730599662283
sub-RID0791,MiddleTemporalGyrusposteriordivision,-0.04936626034738963,-0.061565475615613686,-0.08209376493554109
sub-RID0668,MiddleTemporalGyrusposteriordivision,-0.00020982049887204225,-0.07405502661851553,-0.03460824168488275
sub-RID0656,MiddleTemporalGyrusposteriordivision,-0.044886529432300606,-0.05825886691114225,-0.036250306383086545
sub-RID0620,MiddleTemporalGyrusposteriordivision,-0.04749695823021241,-0.0527927372087767,-0.11515738844802383
sub-RID0396,MiddleTemporalGyrusposteriordivision,-0.06647421578986705,-0.12168374512814446,-0.04904877424469114
sub-RID0383,MiddleTemporalGyrusposteriordivision,-0.03778595538260033,-0.022271188954018577,-0.020066926449084626
sub-RID0574,MiddleTemporalGyrusposteriordivision,-0.06695501749416694,-0.04876578191366948,-0.08390039936315503
sub-RID0380,MiddleTemporalGyrusposteriordivision,-0.08662793364954186,-0.07584520030202105,-0.0928774795927072
sub-RID0445,MiddleTemporalGyrusposteriordivision,-0.10116618720733958,-0.061142797837194014,-0.1520501941064505
sub-RID0576,MiddleTemporalGyrusposteriordivision,-0.07811292371820117,-0.03315080094519463,-0.03496506898849873
sub-RID0450,MiddleTemporalGyrusposteriordivision,-0.05121773355160337,-0.06457465631167157,0.004088336084485438
sub-RID0433,MiddleTemporalGyrusposteriordivision,-0.05242857085755629,-0.052880069231278186,-0.020911127884790704
sub-RID0693,MiddleTemporalGyrusposteriordivision,-0.027021277857444938,-0.061895178274032465,-0.05994474440691142
sub-RID0490,MiddleTemporalGyrusposteriordivision,-0.027216029783697863,-0.021360848848273085,-0.05111221687648625
sub-RID0798,MiddleTemporalGyrusposteriordivision,0.06907554767086961,-0.04273067324689053,-0.026357693371018023
sub-RID0420,MiddleTemporalGyrusposteriordivision,-0.09245225544814996,-0.058945029462861856,-0.015536160112461745
sub-RID0646,MiddleTemporalGyrusposteriordivision,-0.09495152544419858,-0.07694255695778095,-0.05455150777289158
sub-RID0341,MiddleTemporalGyrusposteriordivision,-0.06661618262333949,-0.04858392228591703,-0.04728889513967933
sub-RID0680,MiddleTemporalGyrusposteriordivision,-0.028147669373668274,-0.05063512443689691,-0.04172110530623452
sub-RID0652,MiddleTemporalGyrusposteriordivision,-0.03521996112793293,-0.04776421042433222,-0.07219995111012986
sub-RID0679,MiddleTemporalGyrusposteriordivision,-0.034480752458531785,-0.061649425629750454,-0.05413284871572108
sub-RID0681,MiddleTemporalGyrusposteriordivision,-0.10303445724720979,-0.05537449118390056,-0.1463390517589752
sub-RID0512,MiddleTemporalGyrusposteriordivision,-8.234769298306515e-05,0.01572609620241997,-0.001602774113073138
sub-RID0571,MiddleTemporalGyrusposteriordivision,0.023825343158884054,-0.023526320870760554,-0.05798933486787651
sub-RID0572,MiddleTemporalGyrusposteriordivision,0.03313724792860853,-0.028809231001023342,-0.024611313376412633
sub-RID0619,MiddleTemporalGyrusposteriordivision,-0.04744259660376274,-0.034259518737294006,-0.06637960613666115
sub-RID0697,MiddleTemporalGyrusposteriordivision,-0.07065381120881102,-0.05540767355511239,-0.1096186187102009
sub-RID0454,MiddleTemporalGyrusposteriordivision,-0.03972226488039672,-0.055780376829931574,-0.15833389625257144
sub-RID0440,MiddleTemporalGyrusposteriordivision,-0.059616848686388856,-0.06170554062130395,0.006764808345501045
sub-RID0904,MiddleTemporalGyrusposteriordivision,-0.05585258285184277,-0.03145461551513897,-0.07858688772505043
sub-RID0455,MiddleTemporalGyrusposteriordivision,-0.038964736138464365,-0.047931325165898514,-0.017052530865707634
sub-RID0408,MiddleTemporalGyrusposteriordivision,-0.05192681206117905,-0.0744171453798962,-0.06780731026640356
sub-RID0365,MiddleTemporalGyrustemporooccipitalpart,-0.025574137666282137,-0.07366075926786592,-0.05864217789848648
sub-RID0592,MiddleTemporalGyrustemporooccipitalpart,-0.04742237977788375,-0.02306987314176169,-0.045782250492587176
sub-RID0662,MiddleTemporalGyrustemporooccipitalpart,-0.00579693780042325,-0.030937261879319573,-0.021632798542512127
sub-RID0522,MiddleTemporalGyrustemporooccipitalpart,-0.03702381981636811,-0.03819543816817441,0.004135147616582148
sub-RID0587,MiddleTemporalGyrustemporooccipitalpart,-0.013015555101841063,-0.07501183933601413,-0.06662015130709235
sub-RID0663,MiddleTemporalGyrustemporooccipitalpart,-0.062487740639097955,-0.0342330106503867,0.0005771015748748312
sub-RID0648,MiddleTemporalGyrustemporooccipitalpart,-0.06801304058035758,-0.04795086913778112,-0.09032481060030124
sub-RID0675,MiddleTemporalGyrustemporooccipitalpart,-0.035955011069701066,0.044391927743838336,-0.09921535806574297
sub-RID0372,MiddleTemporalGyrustemporooccipitalpart,0.0032349933732914037,-0.03916001182819194,0.005698719189579914
sub-RID0585,MiddleTemporalGyrustemporooccipitalpart,-0.030137591128830302,-0.054121618758756866,-0.004378965973485725
sub-RID0660,MiddleTemporalGyrustemporooccipitalpart,-0.03392645864618668,-0.048279841545000896,-0.024541673239460878
sub-RID0591,MiddleTemporalGyrustemporooccipitalpart,-0.05699183122707886,-0.04740695731211283,-0.05421552094884464
sub-RID0659,MiddleTemporalGyrustemporooccipitalpart,-0.07140530689694283,-0.03706420172149844,0.011585052684470703
sub-RID0597,MiddleTemporalGyrustemporooccipitalpart,-0.07570588386620046,-0.0697996805801769,-0.039315587529764585
sub-RID0672,MiddleTemporalGyrustemporooccipitalpart,-0.02997403018081727,-0.04239254682832074,-0.05491967116731436
sub-RID0449,MiddleTemporalGyrustemporooccipitalpart,-0.053679760353836196,-0.031159783174074626,-0.031327042238032336
sub-RID0666,MiddleTemporalGyrustemporooccipitalpart,-0.05244166496020576,-0.054988347896926824,-0.0518991448866254
sub-RID0596,MiddleTemporalGyrustemporooccipitalpart,-0.03341988033138101,-0.03348443762475366,0.022052905296138636
sub-RID0658,MiddleTemporalGyrustemporooccipitalpart,-0.037406412318449704,-0.05213854584552815,-0.057241925989673315
sub-RID0583,MiddleTemporalGyrustemporooccipitalpart,-0.09222424074049425,-0.07664932727259624,-0.1504022751281145
sub-RID0448,MiddleTemporalGyrustemporooccipitalpart,-0.03775510859856746,-0.0639419071037194,-0.0591180348125907
sub-RID0415,MiddleTemporalGyrustemporooccipitalpart,-0.033462344248518475,-0.05749051988958234,-0.00395077726060682
sub-RID0673,MiddleTemporalGyrustemporooccipitalpart,-0.018550762284286107,-0.045695542528643614,-0.05540386700921346
sub-RID0688,MiddleTemporalGyrustemporooccipitalpart,-0.024302225366727024,-0.04184042962750893,-0.13681993765297626
sub-RID0670,MiddleTemporalGyrustemporooccipitalpart,-0.004815029124093746,-0.033333931260091175,0.011225938617772243
sub-RID0578,MiddleTemporalGyrustemporooccipitalpart,-0.061906094302437986,-0.06398722461401671,-0.04543149292756405
sub-RID0785,MiddleTemporalGyrustemporooccipitalpart,-0.026271659563467064,-0.02973218064525986,-0.055103356082861744
sub-RID0595,MiddleTemporalGyrustemporooccipitalpart,-0.09595228946671162,-0.0446047853522429,-0.07426085042431468
sub-RID0665,MiddleTemporalGyrustemporooccipitalpart,0.033362713337484244,-0.048676544994315736,-0.011839434630489117
sub-RID0429,MiddleTemporalGyrustemporooccipitalpart,-0.009198481856782582,-0.07085345981493811,-0.0727537692033397
sub-RID0784,MiddleTemporalGyrustemporooccipitalpart,-0.048006854026048894,-0.02696707656652816,-0.07654628277365605
sub-RID0689,MiddleTemporalGyrustemporooccipitalpart,-0.054395975255399055,-0.03760141763790209,-0.06741516376630577
sub-RID0671,MiddleTemporalGyrustemporooccipitalpart,-0.02591657448119962,-0.1681337810276037,-0.7784314585254871
sub-RID0860,MiddleTemporalGyrustemporooccipitalpart,-0.019926314940830584,-0.021944564751245472,0.04821205574826995
sub-RID0925,MiddleTemporalGyrustemporooccipitalpart,-0.05573537400618494,-0.07856217799123273,0.05140605259169575
sub-RID0664,MiddleTemporalGyrustemporooccipitalpart,-0.0322273816163827,-0.04899459178084183,-0.007940573965590508
sub-RID0791,MiddleTemporalGyrustemporooccipitalpart,-0.04442450719330298,-0.03863809001800075,-0.04464603401584871
sub-RID0668,MiddleTemporalGyrustemporooccipitalpart,-0.01432240190991619,-0.055499798729318005,-0.029651235276886897
sub-RID0656,MiddleTemporalGyrustemporooccipitalpart,-0.06654870843919676,-0.06304939744957691,-0.012151327844611565
sub-RID0620,MiddleTemporalGyrustemporooccipitalpart,-0.04176801019584934,-0.03824539124971995,-0.036051369704237175
sub-RID0396,MiddleTemporalGyrustemporooccipitalpart,-0.06684914821777672,-0.11420794365397421,-0.05975774514164613
sub-RID0383,MiddleTemporalGyrustemporooccipitalpart,-0.03745046297221882,-0.04554465277233826,-0.05414630484724578
sub-RID0574,MiddleTemporalGyrustemporooccipitalpart,-0.06337424361492071,-0.051419399340012405,-0.05377686365384087
sub-RID0380,MiddleTemporalGyrustemporooccipitalpart,-0.04676314863959903,-0.04879787167649838,-0.08658023878157595
sub-RID0445,MiddleTemporalGyrustemporooccipitalpart,-0.055251698634314006,-0.05557461774885119,-0.13651628319867115
sub-RID0576,MiddleTemporalGyrustemporooccipitalpart,-0.05634507967069222,-0.05065288710626116,-0.11397053872379302
sub-RID0450,MiddleTemporalGyrustemporooccipitalpart,-0.06304790365266713,-0.056475296461425524,-0.0171049598242686
sub-RID0433,MiddleTemporalGyrustemporooccipitalpart,-0.042085854612459214,-0.06042496023378118,-0.00539500182494357
sub-RID0693,MiddleTemporalGyrustemporooccipitalpart,-0.014460890598620445,-0.023899825610926337,-0.02704485755086213
sub-RID0490,MiddleTemporalGyrustemporooccipitalpart,-0.07794117392543123,-0.06116481339337274,-0.06645208202205924
sub-RID0798,MiddleTemporalGyrustemporooccipitalpart,0.03349467360346542,-0.021019679571926873,0.031105106697356513
sub-RID0420,MiddleTemporalGyrustemporooccipitalpart,-0.09872680024554097,-0.07171369334234719,-0.06856325212690771
sub-RID0646,MiddleTemporalGyrustemporooccipitalpart,-0.042452047757572726,-0.06843197435124818,-0.035497717839371154
sub-RID0341,MiddleTemporalGyrustemporooccipitalpart,-0.07924121982534296,-0.042865222777950844,-0.07872484600676725
sub-RID0680,MiddleTemporalGyrustemporooccipitalpart,-0.02477145258014294,-0.055244347598280834,-0.08693528460540619
sub-RID0652,MiddleTemporalGyrustemporooccipitalpart,-0.029997463333998352,-0.022295798872109106,-0.036582573595468786
sub-RID0679,MiddleTemporalGyrustemporooccipitalpart,-0.004647706677223909,-0.03478183876073779,-0.028166885645269476
sub-RID0681,MiddleTemporalGyrustemporooccipitalpart,-0.10004909823916942,-0.0692142330360765,-0.15056406029125965
sub-RID0512,MiddleTemporalGyrustemporooccipitalpart,-0.07194997464564223,-0.027805536208076194,-0.061023553187407084
sub-RID0571,MiddleTemporalGyrustemporooccipitalpart,0.004078721920374853,-0.04374426728486415,-0.06385549157718252
sub-RID0572,MiddleTemporalGyrustemporooccipitalpart,0.03024438660010535,-0.04134509693040322,-0.07228684922594496
sub-RID0619,MiddleTemporalGyrustemporooccipitalpart,-0.03018496433103179,-0.027616738922546156,-0.03609683737436693
sub-RID0697,MiddleTemporalGyrustemporooccipitalpart,-0.02488483243924164,-0.033434270831674495,0.07114542981881111
sub-RID0454,MiddleTemporalGyrustemporooccipitalpart,-0.039402161589578294,-0.048536538604018166,-0.05357824411631361
sub-RID0440,MiddleTemporalGyrustemporooccipitalpart,-0.050973744636604916,-0.04073846956268383,-0.024528753602883292
sub-RID0904,MiddleTemporalGyrustemporooccipitalpart,-0.037148812246123,-0.05813312019453306,-0.06927459176360108
sub-RID0455,MiddleTemporalGyrustemporooccipitalpart,-0.009057169676070377,-0.03993716786602151,-0.06192059130671972
sub-RID0408,MiddleTemporalGyrustemporooccipitalpart,-0.07330729888286423,-0.06957537018932974,-0.06524552259743857
sub-RID0365,OccipitalFusiformGyrus,-0.03566480136982997,-0.007776820438199385,-0.0017159042330028324
sub-RID0592,OccipitalFusiformGyrus,-0.024121005714566948,0.003958743305415888,0.018831571855939214
sub-RID0662,OccipitalFusiformGyrus,0.005907480805687939,-0.021837928026439364,0.029450398306095655
sub-RID0522,OccipitalFusiformGyrus,0.005134394387690313,0.003281302420747049,0.008861017159812766
sub-RID0587,OccipitalFusiformGyrus,-0.010226935436998083,0.020870715997860296,0.09441973565483203
sub-RID0663,OccipitalFusiformGyrus,-0.0039231619390517865,-0.019022938910762337,-0.016350837931659742
sub-RID0648,OccipitalFusiformGyrus,-0.005385859553168289,0.0026713479935044303,-0.03667143160911651
sub-RID0675,OccipitalFusiformGyrus,-0.0004923758954505475,-0.03574518627533412,0.021331304526083467
sub-RID0372,OccipitalFusiformGyrus,0.036105034970078956,0.0022255884063894964,0.029499724605565693
sub-RID0585,OccipitalFusiformGyrus,-0.023553767689321846,-0.045885200689308146,-0.03119513643301148
sub-RID0660,OccipitalFusiformGyrus,-0.00868018676600332,-0.030900633221131207,-0.010675581678333454
sub-RID0591,OccipitalFusiformGyrus,0.003309692778254451,-0.011243694895124922,0.1374117898509677
sub-RID0659,OccipitalFusiformGyrus,-0.02628455806261281,-0.07081241005800092,-0.18394683786816005
sub-RID0597,OccipitalFusiformGyrus,-0.04786708967175338,-0.02440485760104438,0.05201320486464237
sub-RID0672,OccipitalFusiformGyrus,0.024915825520592454,0.024225337826633265,0.05143974004382046
sub-RID0449,OccipitalFusiformGyrus,-0.009065307964883942,-0.007397814256549384,-0.005384368531644808
sub-RID0666,OccipitalFusiformGyrus,-0.026525103697196645,-0.013400022582917243,-0.054184903175545404
sub-RID0596,OccipitalFusiformGyrus,-0.029392645056731535,-0.02116457163498369,-0.03881875804091328
sub-RID0658,OccipitalFusiformGyrus,0.006597591567751148,-0.009699819310060738,0.025556648011473605
sub-RID0583,OccipitalFusiformGyrus,-0.013434831958826752,-0.01569189102057282,0.050765860021061884
sub-RID0448,OccipitalFusiformGyrus,-0.03186932492808877,-0.024637613073890795,-0.02012416913761529
sub-RID0415,OccipitalFusiformGyrus,0.0158002315042291,-0.04444809340065196,0.012150629306966946
sub-RID0673,OccipitalFusiformGyrus,-0.03866364877104074,-0.008811964592575333,0.1431848708432151
sub-RID0688,OccipitalFusiformGyrus,0.004106669911524607,-0.011025146297404172,-0.05404791260126291
sub-RID0670,OccipitalFusiformGyrus,0.030168763509741153,-0.004861307206636748,0.0899170034237288
sub-RID0578,OccipitalFusiformGyrus,0.023268336449924733,0.02312407493890757,0.04412405397247261
sub-RID0785,OccipitalFusiformGyrus,0.07347916656414989,0.03491131428641763,-0.0317822634438795
sub-RID0595,OccipitalFusiformGyrus,-0.02039917123863528,-0.03274305545387005,0.02495326627308747
sub-RID0665,OccipitalFusiformGyrus,0.018085425347277764,0.017980070170240354,0.02248436928541976
sub-RID0429,OccipitalFusiformGyrus,-0.056542533628549455,-0.04293313514360494,0.03512336057151678
sub-RID0784,OccipitalFusiformGyrus,-0.021573161570020725,-0.020995840432272084,-0.0037493280151717576
sub-RID0689,OccipitalFusiformGyrus,-0.0008485543847765448,-0.005203438041174978,0.026761188023243523
sub-RID0671,OccipitalFusiformGyrus,0.012931627732303263,-0.04538111921141272,-0.23526887752711656
sub-RID0860,OccipitalFusiformGyrus,-3.843518068629998e-05,0.012567820024036693,0.09564653532783755
sub-RID0925,OccipitalFusiformGyrus,0.037754221915540204,-0.015244007450613804,0.16101990952127174
sub-RID0664,OccipitalFusiformGyrus,-0.039958468232113006,-0.03599447043214533,0.03776030954864062
sub-RID0791,OccipitalFusiformGyrus,0.015759370012636966,0.06120852703897204,0.1668968892918824
sub-RID0668,OccipitalFusiformGyrus,0.007904304180433834,-0.01729836044808658,0.033476384944800666
sub-RID0656,OccipitalFusiformGyrus,-0.011821681668145897,-0.005836207879666788,-0.1022968104771208
sub-RID0620,OccipitalFusiformGyrus,-0.0037133365023970365,-0.013479713516246347,-0.17421644654993765
sub-RID0396,OccipitalFusiformGyrus,-0.00648427204926599,-0.005257036587107548,0.04134922332190905
sub-RID0383,OccipitalFusiformGyrus,-0.003413314929844105,0.0018519790656143357,0.17151011345100764
sub-RID0574,OccipitalFusiformGyrus,-0.023969997644880024,-0.00975533143166453,0.01265181862341062
sub-RID0380,OccipitalFusiformGyrus,-0.005449012000568349,0.002501497191091608,-0.0008529525583918509
sub-RID0445,OccipitalFusiformGyrus,-0.03706376310482458,-0.02896294488671692,-0.06316064677123306
sub-RID0576,OccipitalFusiformGyrus,-0.0971529364228126,-0.050446183658228116,0.06784649096612182
sub-RID0450,OccipitalFusiformGyrus,0.019199753193109688,-0.010566759931582199,0.04152042587257222
sub-RID0433,OccipitalFusiformGyrus,0.0035850987233874113,-0.027241011368426465,0.11589804888633184
sub-RID0693,OccipitalFusiformGyrus,-0.002247159266225523,-0.04598215274548669,0.030796878686310026
sub-RID0490,OccipitalFusiformGyrus,-0.04372028176837431,-0.02362954087187447,0.019035304704210183
sub-RID0798,OccipitalFusiformGyrus,0.020115913315533036,-0.03293878713093873,-0.04650607962545335
sub-RID0420,OccipitalFusiformGyrus,-0.010736232737941748,-0.02062726483380243,0.01604720057308288
sub-RID0646,OccipitalFusiformGyrus,-0.02502858219145817,-0.027398372652578558,0.017310446462808063
sub-RID0341,OccipitalFusiformGyrus,0.0034891849160233585,-0.03782404952389425,-0.013024472313045644
sub-RID0680,OccipitalFusiformGyrus,-0.020563667797889217,-0.019006214355802756,-0.04960875908665108
sub-RID0652,OccipitalFusiformGyrus,-0.01442648316512316,-0.017501012573756303,0.00775847520152872
sub-RID0679,OccipitalFusiformGyrus,-0.027321790437205944,0.018203157085501263,-0.0009114509535820234
sub-RID0681,OccipitalFusiformGyrus,-0.020330751579774868,-0.03340312311287609,-0.032149798971278336
sub-RID0512,OccipitalFusiformGyrus,0.0022355045577291976,-0.008013434875206766,0.16299197747351318
sub-RID0571,OccipitalFusiformGyrus,-0.04721589571112643,-0.01906099740306862,0.002492024733309616
sub-RID0572,OccipitalFusiformGyrus,0.003024054627411287,-0.011341186263524605,0.06265012528350164
sub-RID0619,OccipitalFusiformGyrus,0.007577127336328322,-0.01445538733205062,-0.007072787254297416
sub-RID0697,OccipitalFusiformGyrus,-0.03651639083443452,-0.018467363727896036,0.14235536234308332
sub-RID0454,OccipitalFusiformGyrus,-0.005933330393314372,-0.034306622571604384,0.0094177127970131
sub-RID0440,OccipitalFusiformGyrus,0.0012504592875401603,-0.009549531293632372,0.012296208168561662
sub-RID0904,OccipitalFusiformGyrus,-0.030429877484644152,-0.02904047832848944,-0.12349881587411721
sub-RID0455,OccipitalFusiformGyrus,0.0006351762756613751,-0.029066984251727192,0.04526624406363759
sub-RID0408,OccipitalFusiformGyrus,-0.028830482774923647,-0.025081934666525516,0.04496004825087195
sub-RID0365,OccipitalPole,0.009648191514878546,0.011175431665800453,-0.014752786366416052
sub-RID0592,OccipitalPole,0.01660965858657345,0.024025523888475567,0.014314598169178011
sub-RID0662,OccipitalPole,0.03035947352625236,0.016390538834520782,0.06436502125314551
sub-RID0522,OccipitalPole,0.031968044303456095,-0.010973835259706737,-0.02400846282503986
sub-RID0587,OccipitalPole,-0.01412636288076357,0.014659572219234748,0.03833401544032046
sub-RID0663,OccipitalPole,-0.02978139808059063,-0.0055091618653493836,-0.027974991695343114
sub-RID0648,OccipitalPole,-0.003021231983549091,0.02579363546460889,0.030818009144184137
sub-RID0675,OccipitalPole,0.002820476134097781,-0.0037705189736960535,0.05009860822491659
sub-RID0372,OccipitalPole,-0.028893260471325736,-0.00043317339626423,-0.002498258085887102
sub-RID0585,OccipitalPole,-0.020214394504696993,0.0008648228897203089,-0.0175752284377722
sub-RID0660,OccipitalPole,0.014192325936890807,-0.015767146062688243,-0.010500948437302633
sub-RID0591,OccipitalPole,0.05422420981745777,0.022958750763440956,0.04519279468099287
sub-RID0659,OccipitalPole,-0.016760578483907766,-0.004769253443593519,0.03269634465270374
sub-RID0597,OccipitalPole,-0.04077868690697425,-0.0429211397638749,-0.014523642118245937
sub-RID0672,OccipitalPole,0.025329934384506925,0.0009543865709392584,-0.01559239190414796
sub-RID0449,OccipitalPole,0.002081779939310666,7.175187546416495e-05,0.012487025933687444
sub-RID0666,OccipitalPole,-0.015915396788921708,0.01933420239837913,0.0016293221813103022
sub-RID0596,OccipitalPole,0.04822131646234873,0.02233003536238733,0.011611191599101558
sub-RID0658,OccipitalPole,-0.0008731807833786833,0.014770478458317875,-0.003464346889785067
sub-RID0583,OccipitalPole,0.0046917828300999265,0.02341552121230463,0.08162455053410579
sub-RID0448,OccipitalPole,-4.2972946077687865e-05,-0.02054158213472115,0.03799901504173347
sub-RID0415,OccipitalPole,-0.007094623319165115,-0.024410173965396974,0.01178740197017231
sub-RID0673,OccipitalPole,-0.043984157143468885,-0.026435967276688233,0.04529420083914291
sub-RID0688,OccipitalPole,0.006209190804325717,0.02267603074112856,0.000178636673656419
sub-RID0670,OccipitalPole,-0.03892171766475782,-0.03392648640279503,0.034319852317744697
sub-RID0578,OccipitalPole,0.018372571758497287,0.011527782135266007,-0.0012465295739176121
sub-RID0785,OccipitalPole,0.02301030794990803,0.01668243365812851,-0.014818878053717986
sub-RID0595,OccipitalPole,0.04532329823792509,0.01686883728208648,-0.010075304914035245
sub-RID0665,OccipitalPole,0.01031550186686606,0.02726177446831798,-0.0035236068709516137
sub-RID0429,OccipitalPole,0.0048969428776968965,-0.0008090164665762865,-0.08341737546301005
sub-RID0784,OccipitalPole,-0.017063163171504466,0.023722699143050526,-0.031604456141831126
sub-RID0689,OccipitalPole,-0.020584720203859302,-0.035773819336924265,0.004643427301513701
sub-RID0671,OccipitalPole,0.012165611148389311,0.023385576529995764,-0.143651392575419
sub-RID0860,OccipitalPole,0.003060182414201855,-0.02125591165812214,-0.06646352672375341
sub-RID0925,OccipitalPole,-0.026389681387656544,-0.002255290689721505,0.01151777826003711
sub-RID0664,OccipitalPole,0.027088366603566002,-0.017110914127299426,0.0038793157943879334
sub-RID0791,OccipitalPole,-0.039123198358315237,0.0014056955098132801,-0.01432386469952211
sub-RID0668,OccipitalPole,-0.0009509202689170225,0.011099523696529232,-0.04360521190790218
sub-RID0656,OccipitalPole,0.014513510324287462,0.02916896255504054,0.004371942159396624
sub-RID0620,OccipitalPole,0.0131254094908717,0.023494555291574123,0.04018362690026056
sub-RID0396,OccipitalPole,0.014011071240828038,-0.018923518657520566,0.005377245076080763
sub-RID0383,OccipitalPole,-0.024543711269724617,-0.030018159870310052,-0.042035558887973466
sub-RID0574,OccipitalPole,0.02802613135589735,0.01033629401529671,-0.013444492765012556
sub-RID0380,OccipitalPole,0.001648381327590937,0.02227999085600816,0.009942493878477718
sub-RID0445,OccipitalPole,0.012433645914165715,-0.005563368450583326,-0.010494989706735016
sub-RID0576,OccipitalPole,-0.012849392072836925,0.0012229576853822097,-0.04447850090032408
sub-RID0450,OccipitalPole,-0.013325382239356417,0.0012737034517874756,0.010120830202246843
sub-RID0433,OccipitalPole,0.014480177395194508,0.003198752966926037,0.08600268279991445
sub-RID0693,OccipitalPole,0.024526733530590532,-0.011624852887193745,0.008651721223280043
sub-RID0490,OccipitalPole,0.013720674993792367,0.008978080814405296,0.009559683929035454
sub-RID0798,OccipitalPole,0.06137820313798732,0.012615297152946067,0.05566358348610976
sub-RID0420,OccipitalPole,-0.033690305239886906,-0.00598065843686709,0.002116072510438163
sub-RID0646,OccipitalPole,0.011120310951107609,0.011196420925560032,0.06723707866545618
sub-RID0341,OccipitalPole,-0.0017476646193942467,0.03592529226958794,-0.03329869584195441
sub-RID0680,OccipitalPole,0.014744255448487233,0.025248886525316247,0.05862720279712382
sub-RID0652,OccipitalPole,0.00687979375972117,0.015016262183298457,0.015704012280278
sub-RID0679,OccipitalPole,0.015128885574048866,0.02015565597656916,0.030128557934864963
sub-RID0681,OccipitalPole,-0.01876693362708983,-0.0267776191733332,-0.052141785115499655
sub-RID0512,OccipitalPole,0.026460868885968394,0.0033026106107230486,0.09427422248466448
sub-RID0571,OccipitalPole,-0.000594694243503627,-0.002747767348176727,-0.007187462804237379
sub-RID0572,OccipitalPole,-0.019001655907068656,-0.003810360011884102,0.033846438824710355
sub-RID0619,OccipitalPole,0.02617372158015771,0.010414637167981284,-0.0006654779750588306
sub-RID0697,OccipitalPole,-0.0024836823935029924,-0.025778705458932342,0.011130077073214185
sub-RID0454,OccipitalPole,-0.003891503212908517,-0.0032996455901495546,-0.0483030510735725
sub-RID0440,OccipitalPole,0.0024051648783489136,0.02762916140233213,-0.0012412991639253151
sub-RID0904,OccipitalPole,0.000859239899111828,-0.005961569806702786,-0.05354910895512035
sub-RID0455,OccipitalPole,-0.0012197828396935738,0.004386083334917266,0.03894560469217286
sub-RID0408,OccipitalPole,-0.006180863503321241,0.0030763869986684877,0.010640658118273543
sub-RID0365,Pallidum,-0.03428295341222172,-0.044210149561172744,0.06118425909807689
sub-RID0592,Pallidum,-0.017298927694422598,-0.018981301977089776,0.12386088018549836
sub-RID0662,Pallidum,-0.05750083996868043,-0.03199009860515595,-0.057375724864549484
sub-RID0522,Pallidum,-0.07445126011153251,-0.09425503373424346,0.007747323448505899
sub-RID0587,Pallidum,-0.015529740652634001,-0.04779591590903791,-0.034147305580195256
sub-RID0663,Pallidum,0.02525684223025875,-0.01987982050517354,-0.0014646554567094513
sub-RID0648,Pallidum,-0.10802065866350556,-0.08200317194036363,-0.03971190997022636
sub-RID0675,Pallidum,0.05525458875524184,0.021208231841298324,-0.09783321241005109
sub-RID0372,Pallidum,-0.01528354258777086,-0.015958171662619598,-0.033433913343096734
sub-RID0585,Pallidum,0.011845683739019707,0.010269478586298874,0.017511380020362125
sub-RID0660,Pallidum,-0.014521184372575527,-0.04042251846440769,0.02636208426851781
sub-RID0591,Pallidum,-0.04154377590568054,-0.04330345328084051,0.006035222765117327
sub-RID0659,Pallidum,-0.011579218604303424,0.01654366238683382,-0.05117100097165632
sub-RID0597,Pallidum,0.024536281439510373,0.001907613458154572,-0.019252937652062985
sub-RID0672,Pallidum,-0.09117991294523706,-0.07220427252707909,0.023597225920077097
sub-RID0449,Pallidum,0.014045837586412426,0.015460204432975421,0.0318810583123344
sub-RID0666,Pallidum,-0.011772628897552925,-0.012782866676058015,0.03690154387447745
sub-RID0596,Pallidum,-0.04705232015588259,-0.032058234198966876,0.012105048848807367
sub-RID0658,Pallidum,0.05693816593250767,-0.0010554746275123026,-0.044557123943760685
sub-RID0583,Pallidum,0.011474441213582067,-0.024614097294893188,-0.07141348765562121
sub-RID0448,Pallidum,-0.01876485558977617,-0.046319290635343464,-0.006872279114207086
sub-RID0415,Pallidum,-0.11027162559071714,-0.09042004666743263,-0.043719009622716846
sub-RID0673,Pallidum,-0.05363658831392635,-0.033527804905205974,-0.018111413198033083
sub-RID0688,Pallidum,-0.020385136245996024,-0.0291800187514471,-0.012670008494878432
sub-RID0670,Pallidum,-0.06167795370873071,-0.039472175054281466,0.010915810749020352
sub-RID0578,Pallidum,-0.02542477167853074,0.016045197656054656,-0.0008829818842207962
sub-RID0785,Pallidum,0.027383771620299275,0.007691874004780359,0.062633235489331
sub-RID0595,Pallidum,-0.019181948119103308,-0.0242824763477293,0.055589992199714736
sub-RID0665,Pallidum,-0.06143794668311087,0.0388708254366066,0.16259762112891987
sub-RID0429,Pallidum,-0.04497956127910254,-0.06275243834802792,-0.06003734894640198
sub-RID0784,Pallidum,-0.03376932610938114,-0.0034712702770758946,-0.05522163808714419
sub-RID0689,Pallidum,-0.010893629920856799,0.0036335797264158308,0.04912611922719812
sub-RID0671,Pallidum,-0.08050128882934919,-0.11733762103154591,-0.3114735578188475
sub-RID0860,Pallidum,0.031275912367727886,0.00897591445166522,-0.16302490915677786
sub-RID0925,Pallidum,-0.03195093389112523,-0.06786437021285162,0.14951646811947197
sub-RID0664,Pallidum,0.019183599200952604,0.023579190658798276,-0.011740770465230033
sub-RID0791,Pallidum,-0.0754246478338716,-0.08624838796748918,0.008175278524421065
sub-RID0668,Pallidum,-0.022301216469713586,-0.04442812962510349,-0.02982749359373836
sub-RID0656,Pallidum,0.004221899048590366,0.03908948065448676,0.016868127605978687
sub-RID0620,Pallidum,-0.038079074211388446,-0.004683735975120951,0.01378857533029683
sub-RID0396,Pallidum,0.03794787845416982,0.025205393319027776,-0.17468062665868284
sub-RID0383,Pallidum,-0.009569807867298528,0.007709973797852286,-0.04279022336073242
sub-RID0574,Pallidum,-0.07183668586497985,-0.0658462108776786,-0.1405708076751819
sub-RID0380,Pallidum,-0.06624588788077815,-0.04545401335866846,0.004726848176279174
sub-RID0445,Pallidum,-0.11798489248382683,-0.03839763885313987,-0.03667424177116664
sub-RID0576,Pallidum,-0.12012356033570692,-0.14501477853156236,-0.11942397560533004
sub-RID0450,Pallidum,-0.0984204187719634,-0.08002196073581008,0.013819872545543292
sub-RID0433,Pallidum,-0.018151886739244952,-0.0366431751542287,-0.003086188525088284
sub-RID0693,Pallidum,0.010286390840320325,-0.03357516142805607,-0.05935047914435033
sub-RID0490,Pallidum,-0.09005814720061958,-0.0737805199552067,-0.12437210087771229
sub-RID0798,Pallidum,-0.004347404949592291,0.04121621941976986,0.0320755548759511
sub-RID0420,Pallidum,-0.06546552627804968,-0.09274461174120867,0.01487629806874608
sub-RID0646,Pallidum,-0.07560017813344315,-0.009188220934580268,0.024571534806589038
sub-RID0341,Pallidum,-0.03267014632060968,-0.05125166764522025,-0.08236023658867798
sub-RID0680,Pallidum,-0.059301704478405486,-0.039752927097276194,0.03243496544598613
sub-RID0652,Pallidum,-0.0836484691200391,-0.08586025940228763,-0.03616457564788197
sub-RID0679,Pallidum,-0.031982458309719256,-0.06290333836458196,-0.05510514592532347
sub-RID0681,Pallidum,-0.04303278426633104,-0.06640606922067886,-0.009487394964883688
sub-RID0512,Pallidum,0.17144570450381735,0.11622987674635968,0.080995435453255
sub-RID0571,Pallidum,-0.08553552673572175,-0.0308563029681895,-0.02935939299763805
sub-RID0572,Pallidum,-0.028824247163949976,-0.053220186852665455,-0.08349817590122219
sub-RID0619,Pallidum,-0.0679012505386548,-0.04694008729700351,0.0411640148563041
sub-RID0697,Pallidum,-0.024094153866686886,0.006845530339698407,0.0483389444922044
sub-RID0454,Pallidum,-0.04529745233825812,-0.02856007931120658,0.01681947871766515
sub-RID0440,Pallidum,-0.04066866328474357,-0.038181309504106954,0.026146618446876633
sub-RID0904,Pallidum,-0.12127420832186103,-0.024100819370178547,0.025919803403849386
sub-RID0455,Pallidum,-0.05259751404362779,-0.07255908265260583,-0.050096221626160516
sub-RID0408,Pallidum,-0.00639141593917729,-0.008606113340099832,-0.03533654340679717
sub-RID0365,ParacingulateGyrus,0.026473189329377818,0.02234387913416213,0.07544245916128303
sub-RID0592,ParacingulateGyrus,0.002489220247974584,0.028996000882203325,0.04465370373721474
sub-RID0662,ParacingulateGyrus,-0.0011551888774422258,0.005762737805600408,0.018811302436913403
sub-RID0522,ParacingulateGyrus,-0.005112578103679946,0.0031212873681201376,0.07423578539983729
sub-RID0587,ParacingulateGyrus,0.006395703360881932,-0.02349374459381021,-0.031020354571017053
sub-RID0663,ParacingulateGyrus,0.006319163834075666,0.008785502025313164,0.036552691287521186
sub-RID0648,ParacingulateGyrus,-0.013621692971466261,0.010800097117147247,0.013373429887298591
sub-RID0675,ParacingulateGyrus,-0.015716680049395842,0.018972923182849485,-0.03237510218106487
sub-RID0372,ParacingulateGyrus,-0.01396964588519945,-0.013142157890044878,-0.02226578395749693
sub-RID0585,ParacingulateGyrus,-0.028027483200351387,-0.022335027053057777,0.04314062377149992
sub-RID0660,ParacingulateGyrus,-0.02668824087552073,-0.025842272996854564,-0.053553954865855014
sub-RID0591,ParacingulateGyrus,0.00600540946411591,0.02739225730450464,0.05433082403877386
sub-RID0659,ParacingulateGyrus,-0.009016893203783691,0.004833930192680709,0.027638305507190573
sub-RID0597,ParacingulateGyrus,-0.012013329695741863,-0.002530152151964547,-0.007694449055997103
sub-RID0672,ParacingulateGyrus,0.007890232068263187,0.010838955360708292,-0.011330397734672882
sub-RID0449,ParacingulateGyrus,-0.0012217571144174765,-0.007868496063721144,0.004729609200635678
sub-RID0666,ParacingulateGyrus,0.0594779220609287,0.015912350634149555,0.09752722383677398
sub-RID0596,ParacingulateGyrus,0.006844160881253707,0.001347767486119607,0.039237520516880134
sub-RID0658,ParacingulateGyrus,-0.00488639378940595,0.023569161483725683,0.09783170229071482
sub-RID0583,ParacingulateGyrus,0.015122122862844924,-0.04099587515745271,-0.016443712341918014
sub-RID0448,ParacingulateGyrus,0.03668662425475497,0.016792700446254714,0.046444309292301804
sub-RID0415,ParacingulateGyrus,0.03931554864308926,0.06403479509102433,0.021807043579532958
sub-RID0673,ParacingulateGyrus,0.0038960418012651855,0.0013667151235855339,0.010659932080501497
sub-RID0688,ParacingulateGyrus,-0.013544241326087851,0.003668484956401145,-0.03702569149028996
sub-RID0670,ParacingulateGyrus,0.005786366248151009,0.015451573432848632,0.03999889736405857
sub-RID0578,ParacingulateGyrus,-0.004095685505973208,0.015409214620791138,0.07768738228687898
sub-RID0785,ParacingulateGyrus,-0.008673242043673004,0.01927626150102636,-0.0067592139604361395
sub-RID0595,ParacingulateGyrus,-0.028494482788017365,-0.0019297103393628215,0.017255041139656046
sub-RID0665,ParacingulateGyrus,0.033567846569664835,0.035495200209130044,0.14645928402056135
sub-RID0429,ParacingulateGyrus,-0.008804596975089212,0.014053728694360623,0.0015629336469093135
sub-RID0784,ParacingulateGyrus,0.014146576189238626,0.016820093885974118,-0.0015334251435748618
sub-RID0689,ParacingulateGyrus,-0.0037588613391581352,-0.0038213377245564064,0.023439043812664116
sub-RID0671,ParacingulateGyrus,0.031073768807443912,-0.005779730674059397,-0.03182414655510678
sub-RID0860,ParacingulateGyrus,-0.021620277279118305,-0.00682656499721793,0.00728351512943539
sub-RID0925,ParacingulateGyrus,0.0025768812679364604,0.001957586568458165,0.02050726178260051
sub-RID0664,ParacingulateGyrus,0.055320007825705377,-0.008096521544832974,-0.04649964862666884
sub-RID0791,ParacingulateGyrus,0.014614960376070562,0.006292268091885627,-0.009280166586324027
sub-RID0668,ParacingulateGyrus,0.0011171280946591776,0.006108704267637219,0.01860597221626365
sub-RID0656,ParacingulateGyrus,0.008212828281642997,0.005025161521078155,0.011342938308404155
sub-RID0620,ParacingulateGyrus,-0.011572995483161786,0.0008634943620540897,0.020370532875908367
sub-RID0396,ParacingulateGyrus,0.11278179134854907,0.0772872640757526,0.17746883185990053
sub-RID0383,ParacingulateGyrus,-0.0019185725281471095,0.00735895338976555,0.02211425673822808
sub-RID0574,ParacingulateGyrus,0.015637158282813514,0.006639387105750676,0.030163756204455695
sub-RID0380,ParacingulateGyrus,-0.0040818067084125225,0.0157763463202919,0.07873359580543865
sub-RID0445,ParacingulateGyrus,0.009006915228374948,-0.011229908817020457,-0.017890785419729775
sub-RID0576,ParacingulateGyrus,-0.04132584815433269,0.01125493227192209,-0.00514438942707379
sub-RID0450,ParacingulateGyrus,0.010419423918691044,-0.008209840927434854,-0.010988853477289586
sub-RID0433,ParacingulateGyrus,-0.0005001319319561711,-0.015717903700202727,-0.027776818623862026
sub-RID0693,ParacingulateGyrus,0.029170487585471475,0.021155672229266557,0.01862214714982971
sub-RID0490,ParacingulateGyrus,-0.012428737951584662,0.0028998137936316524,0.06355583791579664
sub-RID0798,ParacingulateGyrus,0.03836291349203913,0.016190025673082333,0.058583558183950515
sub-RID0420,ParacingulateGyrus,-0.025784728507988366,-0.01755198243231296,-0.008952520419018041
sub-RID0646,ParacingulateGyrus,0.014181309117530875,0.003020193625818553,-0.016532609402980878
sub-RID0341,ParacingulateGyrus,0.00808830100509085,-0.007627795134677612,0.01606868720921858
sub-RID0680,ParacingulateGyrus,0.014529738139391088,-0.002502122028582374,0.003273491796135843
sub-RID0652,ParacingulateGyrus,0.030299438144415856,0.022351922606351587,0.06047675812900198
sub-RID0679,ParacingulateGyrus,-0.024664541661362473,-0.016976233035706653,0.003476284097387574
sub-RID0681,ParacingulateGyrus,-0.0026641969674373114,0.004657815000794376,0.006222262020705028
sub-RID0512,ParacingulateGyrus,0.06786545841785183,0.04810915850277529,0.15109039072564476
sub-RID0571,ParacingulateGyrus,0.05887173082921303,0.03423941386673968,0.021719144365120846
sub-RID0572,ParacingulateGyrus,-0.007034429683617679,-0.008730236271517344,0.03186247955772456
sub-RID0619,ParacingulateGyrus,-0.002826540102582497,0.01053989356995685,0.007794071282116619
sub-RID0697,ParacingulateGyrus,-0.007275975438392667,-0.02082915869159038,-0.02269449941898401
sub-RID0454,ParacingulateGyrus,0.019322118102653024,0.040117347528364836,0.08911118209669174
sub-RID0440,ParacingulateGyrus,0.00033615776758024916,0.0026478320099459058,0.0014260429110105688
sub-RID0904,ParacingulateGyrus,0.03799514386320967,0.03311809823468349,0.04214441429822767
sub-RID0455,ParacingulateGyrus,-0.009593566695172482,-0.014983662773770381,0.020142335152744797
sub-RID0408,ParacingulateGyrus,-0.018850538774508797,0.00039627330215627883,0.0011111667138847736
sub-RID0365,ParahippocampalGyrusanteriordivision,0.04947409186495677,0.045589380186594794,0.03919035340111245
sub-RID0592,ParahippocampalGyrusanteriordivision,0.053095107875302555,0.043555300849020484,0.07205506873487505
sub-RID0662,ParahippocampalGyrusanteriordivision,0.06899258596622232,0.05101411705756295,0.05962960353698463
sub-RID0522,ParahippocampalGyrusanteriordivision,0.07874209801587227,0.014269227196591126,0.05346548117297384
sub-RID0587,ParahippocampalGyrusanteriordivision,0.07100848556610287,0.0397812032842765,0.05804136164112892
sub-RID0663,ParahippocampalGyrusanteriordivision,0.02672129539134887,0.00882724575684815,0.07904582184530523
sub-RID0648,ParahippocampalGyrusanteriordivision,0.0044270175652456655,0.036167193908383154,0.030254143257372416
sub-RID0675,ParahippocampalGyrusanteriordivision,0.055118486774437536,0.028551508862624163,-0.043988718582624736
sub-RID0372,ParahippocampalGyrusanteriordivision,0.05832133632958092,0.03632299974627713,0.038419543154680165
sub-RID0585,ParahippocampalGyrusanteriordivision,0.01917645046382395,0.030195776828432563,-0.008983897953919533
sub-RID0660,ParahippocampalGyrusanteriordivision,0.025306525275027886,0.03650789944923052,-0.012244607399314532
sub-RID0591,ParahippocampalGyrusanteriordivision,0.031206790117271073,0.030478604891871267,0.06975572269878846
sub-RID0659,ParahippocampalGyrusanteriordivision,0.04143972207172334,0.028415665542063512,0.02591124910662667
sub-RID0597,ParahippocampalGyrusanteriordivision,0.058786365216192925,0.04370167037871828,-0.03762069533284526
sub-RID0672,ParahippocampalGyrusanteriordivision,0.05469024124744779,0.04118412684306646,-0.033672280934077745
sub-RID0449,ParahippocampalGyrusanteriordivision,0.05999293082458731,0.03141592645354314,0.09188421925894624
sub-RID0666,ParahippocampalGyrusanteriordivision,0.02495737292311202,0.0272247376864741,0.008536284849743482
sub-RID0596,ParahippocampalGyrusanteriordivision,0.00721798530999243,0.03674071297931561,0.015256647867366012
sub-RID0658,ParahippocampalGyrusanteriordivision,0.07775875273971453,0.06815951215479589,0.11495362485694827
sub-RID0583,ParahippocampalGyrusanteriordivision,0.01944709742125483,0.01023288570208526,-0.06950796330075874
sub-RID0448,ParahippocampalGyrusanteriordivision,0.03409745909475564,0.05285464549676982,0.04085639510268575
sub-RID0415,ParahippocampalGyrusanteriordivision,0.04884247329466097,0.009369743584475943,0.01704230636728256
sub-RID0673,ParahippocampalGyrusanteriordivision,0.06493457896334306,0.041488671605054886,-0.01247808313569452
sub-RID0688,ParahippocampalGyrusanteriordivision,0.0327475668589937,0.05326087493898525,0.045527339908485974
sub-RID0670,ParahippocampalGyrusanteriordivision,0.06128773864800807,0.035719936833267345,-0.007223480501184973
sub-RID0578,ParahippocampalGyrusanteriordivision,0.045198093213518434,0.05082594759294053,0.03365243389015712
sub-RID0785,ParahippocampalGyrusanteriordivision,0.03451240859266161,0.034776875247458136,0.041360888054323905
sub-RID0595,ParahippocampalGyrusanteriordivision,0.04034883997515739,0.059919203397356825,0.020532636614073892
sub-RID0665,ParahippocampalGyrusanteriordivision,0.05411170261882264,0.06609737334968892,0.13032327653848902
sub-RID0429,ParahippocampalGyrusanteriordivision,0.036573936841965464,0.03664507050273568,0.12514720693988796
sub-RID0784,ParahippocampalGyrusanteriordivision,0.00845334569325534,0.011832114237799325,-0.006667538823555112
sub-RID0689,ParahippocampalGyrusanteriordivision,0.03046076941939915,0.04932301014723374,0.007198045532760814
sub-RID0671,ParahippocampalGyrusanteriordivision,0.004751288365383162,-0.029506288877025867,-0.0744009454757002
sub-RID0860,ParahippocampalGyrusanteriordivision,0.00386842193725337,-0.023078873686085764,-0.08931080662044229
sub-RID0925,ParahippocampalGyrusanteriordivision,0.04644282997739732,0.02481728760662143,0.056114535285825086
sub-RID0664,ParahippocampalGyrusanteriordivision,0.06764686682655682,0.03280178845052669,0.02979568733633417
sub-RID0791,ParahippocampalGyrusanteriordivision,0.06139881089911152,0.0393979989495347,0.033573008670369095
sub-RID0668,ParahippocampalGyrusanteriordivision,0.013468904323246425,0.04787412569769216,0.058787421165754625
sub-RID0656,ParahippocampalGyrusanteriordivision,0.030029319045959433,0.04798712987124029,0.03914334396692112
sub-RID0620,ParahippocampalGyrusanteriordivision,0.02736798805067379,0.027646219500062172,0.0814667760589625
sub-RID0396,ParahippocampalGyrusanteriordivision,0.03517851927511223,0.040519911652801964,0.07000079850745869
sub-RID0383,ParahippocampalGyrusanteriordivision,-0.0158367807863738,0.04092735591467223,0.03624319169266463
sub-RID0574,ParahippocampalGyrusanteriordivision,0.03405251976821641,0.03209576634152122,0.05402325697227236
sub-RID0380,ParahippocampalGyrusanteriordivision,0.026287701730382213,-0.002175770554922381,-0.011218735193703644
sub-RID0445,ParahippocampalGyrusanteriordivision,-0.00207015343849011,0.002198505969039224,0.014694931568145867
sub-RID0576,ParahippocampalGyrusanteriordivision,0.039706059676068696,0.053945299977848145,0.02777920821768818
sub-RID0450,ParahippocampalGyrusanteriordivision,-0.023602779150954663,-0.008623775051943087,-0.04684258355303395
sub-RID0433,ParahippocampalGyrusanteriordivision,0.015718691097696812,0.028582466427191224,0.05444072630249968
sub-RID0693,ParahippocampalGyrusanteriordivision,0.05419229350000444,0.05040051294908873,0.05074560097529423
sub-RID0490,ParahippocampalGyrusanteriordivision,0.04472475091804028,0.0362728357045181,0.03455370626521984
sub-RID0798,ParahippocampalGyrusanteriordivision,0.1119790299378244,0.04264021507617412,0.07881018770472721
sub-RID0420,ParahippocampalGyrusanteriordivision,0.035140945874439264,0.051708721474523545,0.08173867191179181
sub-RID0646,ParahippocampalGyrusanteriordivision,0.042181464724013705,0.020046799387808067,-0.00876122042522533
sub-RID0341,ParahippocampalGyrusanteriordivision,0.028112632844793557,0.0434319315024305,0.05096881958534103
sub-RID0680,ParahippocampalGyrusanteriordivision,0.06713433867032226,0.024966680938701715,0.019373298786472506
sub-RID0652,ParahippocampalGyrusanteriordivision,0.054654562108788066,0.07227520288285225,0.03437748580486524
sub-RID0679,ParahippocampalGyrusanteriordivision,0.03731057780737939,0.03527057989170788,0.07702083021554348
sub-RID0681,ParahippocampalGyrusanteriordivision,0.0144409208733626,0.02442137013413045,0.02421661543718691
sub-RID0512,ParahippocampalGyrusanteriordivision,0.24472056565574601,0.21330876476203647,0.09876454708381331
sub-RID0571,ParahippocampalGyrusanteriordivision,0.05766638502713507,0.028526859596091348,0.010886822466013217
sub-RID0572,ParahippocampalGyrusanteriordivision,0.10076561556019419,0.04597555469463202,0.012309728147837326
sub-RID0619,ParahippocampalGyrusanteriordivision,0.036056742565141534,0.025393552095650966,0.044380824138249564
sub-RID0697,ParahippocampalGyrusanteriordivision,0.040478012486067715,0.024333447805799983,0.036986587299207146
sub-RID0454,ParahippocampalGyrusanteriordivision,-0.028013888068850606,-0.1093699969354177,-0.14609676891502582
sub-RID0440,ParahippocampalGyrusanteriordivision,0.02479879567626093,0.01986317608077696,0.03041405432550823
sub-RID0904,ParahippocampalGyrusanteriordivision,0.06075231289664097,0.04740421460830383,-0.006500693536198312
sub-RID0455,ParahippocampalGyrusanteriordivision,0.05663944489700282,0.05563320027619711,0.09156438851271932
sub-RID0408,ParahippocampalGyrusanteriordivision,0.07309893929818172,0.03551575475167719,-0.010201778455723134
sub-RID0365,ParahippocampalGyrusposteriordivision,0.0033718590798258426,-0.03638976125488561,-0.04949573199614641
sub-RID0592,ParahippocampalGyrusposteriordivision,-2.09929453496861e-05,-0.0029601843315643036,0.017999347841197055
sub-RID0662,ParahippocampalGyrusposteriordivision,0.037227682974036606,0.004549731124565034,-0.019556288144683853
sub-RID0522,ParahippocampalGyrusposteriordivision,0.02928827367911491,-0.003482519765634903,0.011159624792797036
sub-RID0587,ParahippocampalGyrusposteriordivision,0.029614483235697556,-0.014352194959765042,0.01727007617182515
sub-RID0663,ParahippocampalGyrusposteriordivision,-0.03615073165073626,-0.03476883001081503,0.14480203479173648
sub-RID0648,ParahippocampalGyrusposteriordivision,-0.05758765136288118,-0.008805570398953752,5.26362803072835e-05
sub-RID0675,ParahippocampalGyrusposteriordivision,0.008381991408216584,-0.014084715056951363,0.009859679769539288
sub-RID0372,ParahippocampalGyrusposteriordivision,0.012595469284953864,-0.026516961362979437,-0.03236872831521944
sub-RID0585,ParahippocampalGyrusposteriordivision,-0.030021975277445483,-0.024201743258186276,-0.006156425334855425
sub-RID0660,ParahippocampalGyrusposteriordivision,0.03357440421783629,-0.02838406272060886,-0.1030661991794834
sub-RID0591,ParahippocampalGyrusposteriordivision,-0.09565877359668101,-0.05502867754173593,0.0752944229616315
sub-RID0659,ParahippocampalGyrusposteriordivision,-0.026817501834016898,-0.014271243861543029,-0.00143913999671339
sub-RID0597,ParahippocampalGyrusposteriordivision,0.025339585404729453,0.011701135365019441,-0.06798078736293363
sub-RID0672,ParahippocampalGyrusposteriordivision,0.01205925439620357,-0.01542791274726418,0.0427686700568258
sub-RID0449,ParahippocampalGyrusposteriordivision,0.004064890538611533,-0.004504093295206067,0.037932161746273826
sub-RID0666,ParahippocampalGyrusposteriordivision,0.00764671171513403,0.015906513850601954,0.017295129630782804
sub-RID0596,ParahippocampalGyrusposteriordivision,-0.027941366237868893,-0.027716792940392955,0.005356852791610426
sub-RID0658,ParahippocampalGyrusposteriordivision,0.0005232024110937917,-0.010801974951371878,0.0056016693985726255
sub-RID0583,ParahippocampalGyrusposteriordivision,-0.02389751326075427,-0.02618342853161171,-0.15954300005428707
sub-RID0448,ParahippocampalGyrusposteriordivision,-0.040222442227756915,-0.0037524723166876724,-0.040458485324375605
sub-RID0415,ParahippocampalGyrusposteriordivision,-0.031583335672902106,-0.05172226675486066,-0.014404417307113233
sub-RID0673,ParahippocampalGyrusposteriordivision,0.008596371538071714,-0.01882876432693815,-0.06129440046905506
sub-RID0688,ParahippocampalGyrusposteriordivision,-0.011707897436137154,0.011798986581323804,0.1056210263851158
sub-RID0670,ParahippocampalGyrusposteriordivision,0.033467095051599303,-0.015408839846044747,0.008793424403482793
sub-RID0578,ParahippocampalGyrusposteriordivision,5.2200233868876727e-05,0.020231389486543617,-0.009781291881567802
sub-RID0785,ParahippocampalGyrusposteriordivision,-0.000954990548290396,-0.002108844589448147,-0.0392106274043145
sub-RID0595,ParahippocampalGyrusposteriordivision,-0.09754120286641867,-0.025989741889521387,-0.029562684325048848
sub-RID0665,ParahippocampalGyrusposteriordivision,0.024720528484938446,-0.003578127278489217,0.07064028095090989
sub-RID0429,ParahippocampalGyrusposteriordivision,-0.0027840543656468793,-0.018713859315927384,-0.010405754254364255
sub-RID0784,ParahippocampalGyrusposteriordivision,-0.02050704547317736,0.009656755296217153,-0.0149200497355815
sub-RID0689,ParahippocampalGyrusposteriordivision,-0.024360065829820386,-0.0014366417518509036,-0.058189622329388076
sub-RID0671,ParahippocampalGyrusposteriordivision,-0.05294058896340521,-0.07922474353001017,-0.15092538903241504
sub-RID0860,ParahippocampalGyrusposteriordivision,0.0206115690404752,0.04285268482301738,-0.021760078990479444
sub-RID0925,ParahippocampalGyrusposteriordivision,-0.0666762489725931,-0.05647238424131512,0.10912422419942595
sub-RID0664,ParahippocampalGyrusposteriordivision,-0.013311982009831014,-0.016357579206808397,0.04499596676480952
sub-RID0791,ParahippocampalGyrusposteriordivision,0.04210063154788054,-0.0007548328438113568,-0.04916200328246557
sub-RID0668,ParahippocampalGyrusposteriordivision,-0.015709797825537455,-0.029416111216600354,0.0031578585461164927
sub-RID0656,ParahippocampalGyrusposteriordivision,-0.003297406841350768,0.006637309195033773,-0.07212812532548618
sub-RID0620,ParahippocampalGyrusposteriordivision,0.03801961694798284,-0.001500657975455584,0.0218747559793704
sub-RID0396,ParahippocampalGyrusposteriordivision,-0.04580230286237415,-0.0368140036035787,-0.012055050285138364
sub-RID0383,ParahippocampalGyrusposteriordivision,-0.013448218715410281,0.03517056424611122,0.045092896514831324
sub-RID0574,ParahippocampalGyrusposteriordivision,-0.02156508077106809,-0.03151229287653587,0.020793131959521247
sub-RID0380,ParahippocampalGyrusposteriordivision,-0.04486809671134836,-0.022568655357441285,-0.05912931756369168
sub-RID0445,ParahippocampalGyrusposteriordivision,-0.05465395600007994,-0.049371541776916834,-0.04099238760789729
sub-RID0576,ParahippocampalGyrusposteriordivision,-0.005216977586780397,-0.008765971736280964,0.07006099742033475
sub-RID0450,ParahippocampalGyrusposteriordivision,-0.024163203198153113,-0.07433596308986357,-0.03877732084708194
sub-RID0433,ParahippocampalGyrusposteriordivision,-0.012214909407045834,-0.026277197600800176,-0.027696204183495044
sub-RID0693,ParahippocampalGyrusposteriordivision,0.0006802041380604145,-0.027251731578534298,0.041273129414308184
sub-RID0490,ParahippocampalGyrusposteriordivision,-0.03428190356423063,-0.025006169252848234,0.02469688694001051
sub-RID0798,ParahippocampalGyrusposteriordivision,0.07646798503362401,-0.007782390101493999,0.05932957015909519
sub-RID0420,ParahippocampalGyrusposteriordivision,-0.048136750178592334,-0.028888930946505447,0.019431031095601185
sub-RID0646,ParahippocampalGyrusposteriordivision,-0.01567990959990199,-0.01284334075708228,-0.04388977924208795
sub-RID0341,ParahippocampalGyrusposteriordivision,-0.05607150088562571,-0.027383743750894998,-0.02012734297931332
sub-RID0680,ParahippocampalGyrusposteriordivision,0.035636592435493955,-0.0197256625935913,-0.014861086229198628
sub-RID0652,ParahippocampalGyrusposteriordivision,0.006993360996581905,-0.0007787153811361459,-0.035086736589765376
sub-RID0679,ParahippocampalGyrusposteriordivision,0.008291330623766465,-0.01008579536074354,0.02165298404537777
sub-RID0681,ParahippocampalGyrusposteriordivision,-0.009512741673407734,0.003649432347470092,-0.047194478724759056
sub-RID0512,ParahippocampalGyrusposteriordivision,0.0897639728241454,0.05042414348389823,-0.004239863334726508
sub-RID0571,ParahippocampalGyrusposteriordivision,0.06106658086818874,0.012276354693933431,-0.016924229796581352
sub-RID0572,ParahippocampalGyrusposteriordivision,0.051613909656692374,-0.025779621266353456,0.03783545194132956
sub-RID0619,ParahippocampalGyrusposteriordivision,-0.025508705514911474,-0.04193639287964601,-0.016651325641787208
sub-RID0697,ParahippocampalGyrusposteriordivision,-0.007421989410474204,-0.008295156533321411,0.0624236164662613
sub-RID0454,ParahippocampalGyrusposteriordivision,-0.007384257579207992,-0.04083405822359486,-0.06767366021430761
sub-RID0440,ParahippocampalGyrusposteriordivision,-0.012595989389863208,-0.027335636460593563,0.04342528510535417
sub-RID0904,ParahippocampalGyrusposteriordivision,0.007553559603386057,0.0033908687446557446,-0.05043997501487505
sub-RID0455,ParahippocampalGyrusposteriordivision,0.010001261912526682,0.0037348054444169654,-0.01655705812657577
sub-RID0408,ParahippocampalGyrusposteriordivision,-0.008416622578722948,-0.008671660078087085,-0.02993265565980941
sub-RID0365,ParietalOperculumCortex,0.0223577097649181,-0.0011909291997536592,-0.040816161144103406
sub-RID0592,ParietalOperculumCortex,0.011534737821129508,-0.012407244077112748,-0.059637579282202986
sub-RID0662,ParietalOperculumCortex,0.010507777604765295,-0.008912333940311627,0.013382156562089458
sub-RID0522,ParietalOperculumCortex,0.06339521274156681,0.03616315296108493,0.017247836214677955
sub-RID0587,ParietalOperculumCortex,0.021669460305918146,0.019795445357560296,-0.016292222608524826
sub-RID0663,ParietalOperculumCortex,-0.0617594677089627,-0.022755124828666574,-0.028967590182590545
sub-RID0648,ParietalOperculumCortex,-0.006831037989601793,-0.00835629364410638,-0.02083972989577437
sub-RID0675,ParietalOperculumCortex,0.04681388641450574,0.06668751830618977,-0.07110574549498115
sub-RID0372,ParietalOperculumCortex,0.051978925999258296,0.012719013479311743,0.023821224848837308
sub-RID0585,ParietalOperculumCortex,-0.021948024830433236,-0.02852411174506466,-0.031937902942393286
sub-RID0660,ParietalOperculumCortex,0.006432348369084764,-0.024147032018109367,-0.034990017974439486
sub-RID0591,ParietalOperculumCortex,0.001975120534405541,0.024600236553631333,0.0346324295524438
sub-RID0659,ParietalOperculumCortex,0.012985724329093243,0.006090638477311742,0.05647527055065534
sub-RID0597,ParietalOperculumCortex,-0.02760065755820041,-0.014963910475467784,-0.05304192338751315
sub-RID0672,ParietalOperculumCortex,0.020008534830701256,0.005114759389742971,-0.011892667438628967
sub-RID0449,ParietalOperculumCortex,-0.04441171518836492,-0.008253889592025158,-0.013455580008156942
sub-RID0666,ParietalOperculumCortex,0.01855366940314438,0.01287694605805864,0.0007231424096009408
sub-RID0596,ParietalOperculumCortex,0.004733108164366493,-0.006490449194922799,0.049175003214988126
sub-RID0658,ParietalOperculumCortex,-0.005889173336092427,0.0005169286958996061,0.056670064226461654
sub-RID0583,ParietalOperculumCortex,-0.01934916585670339,-0.03820274407787079,-0.1011083338573305
sub-RID0448,ParietalOperculumCortex,0.007988656542010586,0.0005692312248005006,0.03131292505740382
sub-RID0415,ParietalOperculumCortex,0.039983368673474996,-0.007614153237860569,-0.036427714644142954
sub-RID0673,ParietalOperculumCortex,0.01775159042656522,-0.01476394393773443,0.011164774684424016
sub-RID0688,ParietalOperculumCortex,-0.021173634075467917,-0.011601353366421159,-0.05300127322610138
sub-RID0670,ParietalOperculumCortex,0.02750776155857957,0.005320334350561213,0.08896538693878611
sub-RID0578,ParietalOperculumCortex,0.0040234194633483305,0.02098551005946804,0.015757093557921237
sub-RID0785,ParietalOperculumCortex,0.021997038456239914,0.009591426552371763,0.06427759384488393
sub-RID0595,ParietalOperculumCortex,-0.028011416858625397,-0.040380111505376945,-0.002501784857330171
sub-RID0665,ParietalOperculumCortex,0.021826923892563754,0.0021290792645365974,-0.03441696106581653
sub-RID0429,ParietalOperculumCortex,0.020135634806049477,-0.03356270468937334,0.020075035063428337
sub-RID0784,ParietalOperculumCortex,0.040914165260587235,0.03711184141653963,-0.039427607548454494
sub-RID0689,ParietalOperculumCortex,0.02061942250565762,0.010139948587836746,0.016800842228207106
sub-RID0671,ParietalOperculumCortex,-0.02691020075120037,-0.16899816053783967,-0.7245954774655864
sub-RID0860,ParietalOperculumCortex,0.006549351244657804,0.026282852498048254,-0.028327212496952817
sub-RID0925,ParietalOperculumCortex,-0.061064183202859404,-0.023947824894481457,0.047394502376648565
sub-RID0664,ParietalOperculumCortex,-0.011761047312608396,-0.02119394910695043,0.0680301674220383
sub-RID0791,ParietalOperculumCortex,0.08469517351440836,0.035893274069853605,-0.03742980657111032
sub-RID0668,ParietalOperculumCortex,0.0023658854817278975,-0.005106234901791993,0.029071302305656497
sub-RID0656,ParietalOperculumCortex,0.003905618543532868,0.008480995744916389,-0.06579383807835701
sub-RID0620,ParietalOperculumCortex,0.018691698937064054,-0.01776768197986342,-0.162278145816749
sub-RID0396,ParietalOperculumCortex,-0.023730987795415756,-0.04146770528442007,0.013458051603320685
sub-RID0383,ParietalOperculumCortex,0.050503542345314865,0.07101406442899746,0.0795133808201307
sub-RID0574,ParietalOperculumCortex,-0.005038124095265417,-0.0019501578580330063,-0.024554896081108665
sub-RID0380,ParietalOperculumCortex,0.006331946435164862,0.015316242003320785,-0.04757658514570223
sub-RID0445,ParietalOperculumCortex,-0.02289835762299616,-0.056689636550939185,-0.12576742277775402
sub-RID0576,ParietalOperculumCortex,0.010459740639067292,0.016102867075273718,-0.010963269435434018
sub-RID0450,ParietalOperculumCortex,-0.02055848227683463,-0.026873262751286278,-0.046209386539414254
sub-RID0433,ParietalOperculumCortex,-0.0022524485247714574,0.032866742288653675,0.09720867495243912
sub-RID0693,ParietalOperculumCortex,0.03886350972672554,0.02701590262512368,-0.009178734591378416
sub-RID0490,ParietalOperculumCortex,-0.02186668930737968,-0.019283930827615738,0.002405421895009076
sub-RID0798,ParietalOperculumCortex,0.13319741636100108,0.014218247750194053,0.006987958580591762
sub-RID0420,ParietalOperculumCortex,0.03756580135469143,0.040721293596734494,0.13786918893512962
sub-RID0646,ParietalOperculumCortex,-0.0017287011147769094,-0.008631294975001551,-0.01282824117637373
sub-RID0341,ParietalOperculumCortex,-0.012041751108338137,0.012960305103488338,-0.034532316524564094
sub-RID0680,ParietalOperculumCortex,0.03791969328738772,0.012921415207030777,-0.015465757826696996
sub-RID0652,ParietalOperculumCortex,0.024389171721751663,0.03476872126082051,0.043539507805837034
sub-RID0679,ParietalOperculumCortex,0.009650592836989418,-0.005274599339971288,-0.03316248750712885
sub-RID0681,ParietalOperculumCortex,-0.04159264489068432,-0.016697378198076852,-0.019086085918562007
sub-RID0512,ParietalOperculumCortex,0.08519661091637382,0.02800092524538802,0.016544090925311318
sub-RID0571,ParietalOperculumCortex,0.04071945554308875,-0.011725388519268076,-0.07309958882114032
sub-RID0572,ParietalOperculumCortex,0.04066167823323823,0.010764512084489499,-0.02911177625229886
sub-RID0619,ParietalOperculumCortex,-0.002050389543449892,-0.01780632530591337,-0.02292668953907216
sub-RID0697,ParietalOperculumCortex,0.023015201960386672,0.028852619357586894,0.05207241453197487
sub-RID0454,ParietalOperculumCortex,-0.0016049584714119957,-0.06747829218096453,0.02168730302298382
sub-RID0440,ParietalOperculumCortex,0.028873201341734593,0.022086670608559466,-0.03866925179971325
sub-RID0904,ParietalOperculumCortex,0.032579871400635375,0.03719831239351555,-0.02305511545147111
sub-RID0455,ParietalOperculumCortex,0.025705266937030426,0.00879649084573214,-0.0087119962925949
sub-RID0408,ParietalOperculumCortex,0.043368309728855844,0.014860403939941416,0.0009122758280092117
sub-RID0365,PlanumPolare,-0.0026394873961293154,-0.04034398814301648,-0.05026621479580413
sub-RID0592,PlanumPolare,0.020774278030631015,-0.013523352657226376,0.014709337262117412
sub-RID0662,PlanumPolare,0.02302978827722351,-0.011535410598943098,-0.04106979786353987
sub-RID0522,PlanumPolare,0.004812888610945529,-0.021409767356648075,-0.03090538307500922
sub-RID0587,PlanumPolare,-0.024395217010185342,-0.01667360190214009,0.03607106627408102
sub-RID0663,PlanumPolare,-0.009001578586007667,-0.03183649751666415,0.023976278052475427
sub-RID0648,PlanumPolare,-0.09722708310477765,-0.041534944106028565,-0.02535594892074492
sub-RID0675,PlanumPolare,0.020998813854750657,0.09700987434781629,-0.1460644089492459
sub-RID0372,PlanumPolare,-0.007583717343468995,-0.03432940614167848,0.0034312215155207276
sub-RID0585,PlanumPolare,-0.00288768771539084,-0.050294034574691705,-0.1336541878766337
sub-RID0660,PlanumPolare,0.012783702618265193,-0.007497676872908629,-0.0374474182686822
sub-RID0591,PlanumPolare,-0.05201098963981911,-0.02147675947612903,0.03305057498828212
sub-RID0659,PlanumPolare,-0.02166912930685954,-0.0023996410692676134,0.041512840488334264
sub-RID0597,PlanumPolare,0.011377118469227912,-0.06845202774895001,-0.035213331885211606
sub-RID0672,PlanumPolare,-0.042439959060131704,-0.0629820045125732,-0.12124484810927781
sub-RID0449,PlanumPolare,0.020623808855131147,0.02379286736608403,-0.024060792615536324
sub-RID0666,PlanumPolare,0.0029042645818498874,0.012755150080714534,0.006839780881237895
sub-RID0596,PlanumPolare,-0.002087369836655927,0.015155203108492435,0.0001440345161688205
sub-RID0658,PlanumPolare,0.030381949306092,-0.004975635027379215,-0.005966553716100251
sub-RID0583,PlanumPolare,-0.06705497115732106,-0.03054580312046719,-0.052429195790130625
sub-RID0448,PlanumPolare,-0.03187449652397405,0.02837108137937651,0.05374478828894018
sub-RID0415,PlanumPolare,-0.01322422493937338,-0.024843715273822026,-0.04539147635232979
sub-RID0673,PlanumPolare,-0.003725450230259286,-0.02779823649674637,-0.056201286517765625
sub-RID0688,PlanumPolare,-0.02774917066835852,-0.01606096453578421,0.01865044451709223
sub-RID0670,PlanumPolare,-0.005047793024169472,-0.0005979723972540568,0.006956838194616803
sub-RID0578,PlanumPolare,-0.006911559436269053,0.0016178983348404776,0.013220496465991858
sub-RID0785,PlanumPolare,-0.024840947921536984,-0.024764119132565973,-0.028775981878950484
sub-RID0595,PlanumPolare,-0.05964447859690456,-0.06840284062680689,-0.07511274186529064
sub-RID0665,PlanumPolare,0.019611583398881884,0.05581685014407344,0.13612495817528594
sub-RID0429,PlanumPolare,-0.04554650703934264,-0.023099573480748523,-0.011210185803780484
sub-RID0784,PlanumPolare,-0.05920428388035661,-0.024111469416522424,-0.1050331710409471
sub-RID0689,PlanumPolare,0.021607927373047175,-0.008535193776573293,-0.0561316489423952
sub-RID0671,PlanumPolare,-0.022125480694972076,-0.2218338989946893,-1.0371949737898878
sub-RID0860,PlanumPolare,-0.029114680247416626,0.0018921229371894456,0.007506358409104851
sub-RID0925,PlanumPolare,-0.018115426568915655,-0.042280012984884235,0.20876353262882288
sub-RID0664,PlanumPolare,0.021757747722340327,-0.03538616484339236,-0.05970399690804112
sub-RID0791,PlanumPolare,0.028819523086544542,0.006277332692059594,-0.06797196343922252
sub-RID0668,PlanumPolare,0.013702914020969485,-0.08174576249280804,-0.01989642966092589
sub-RID0656,PlanumPolare,-0.005942631309902266,-0.030782536488718194,-0.14745968710373594
sub-RID0620,PlanumPolare,0.012659502645897562,0.015350301096870803,0.029878397864326806
sub-RID0396,PlanumPolare,0.00866692269725573,-0.024982126717976484,-0.060527128841881876
sub-RID0383,PlanumPolare,0.018498074308846056,0.03821777009413688,-0.01763390255038768
sub-RID0574,PlanumPolare,-0.028667887763656783,-0.009421617299437407,-0.02917891032919415
sub-RID0380,PlanumPolare,-0.017544188230955448,-0.007169955400190293,-0.08029381826523606
sub-RID0445,PlanumPolare,-0.10859985781269084,-0.0821474391939518,-0.10420841668561426
sub-RID0576,PlanumPolare,-0.02271076000153566,-0.03923420041411334,-0.0001494411855041097
sub-RID0450,PlanumPolare,-0.04956465753628944,-0.05036729075694416,-0.0870657123795265
sub-RID0433,PlanumPolare,0.015345380622237611,0.036501923186631306,0.08301417570672674
sub-RID0693,PlanumPolare,-0.01689870023116608,-0.04925512861466579,-0.14898334714630548
sub-RID0490,PlanumPolare,-0.04707489218587818,0.003231054183091599,0.013452353764289349
sub-RID0798,PlanumPolare,0.040560840021774264,-0.04399770528159377,0.04415371847821435
sub-RID0420,PlanumPolare,-0.036904638526264584,-0.019814354916429237,-0.01336058587723139
sub-RID0646,PlanumPolare,-0.01730636924869407,-0.06294245225694753,-0.039111001675524774
sub-RID0341,PlanumPolare,-0.04494065526656599,-0.041271583846556326,-0.09392921063158703
sub-RID0680,PlanumPolare,0.004563516480018729,-0.003454292710295436,0.01554666780773073
sub-RID0652,PlanumPolare,-0.012881472599490237,-0.014597675864686448,-0.025205789856756755
sub-RID0679,PlanumPolare,-0.03039691348597926,-0.03830279159669844,3.9682732673604055e-05
sub-RID0681,PlanumPolare,-0.0695030187231623,-0.0848515631821755,-0.06750692529992365
sub-RID0512,PlanumPolare,0.21412923934715883,0.12768433595057868,0.17198380136168645
sub-RID0571,PlanumPolare,0.03474237688149215,0.014102434515788787,-0.011841534921961848
sub-RID0572,PlanumPolare,0.1360350117147879,0.05283603881672273,0.03910744104484679
sub-RID0619,PlanumPolare,-0.03446505572670627,-0.0198059178222984,-0.09522075612293616
sub-RID0697,PlanumPolare,-0.011553243902886303,-0.009636999705043779,-0.04351061423035444
sub-RID0454,PlanumPolare,0.024979543967744395,-0.017981418623909735,-0.20690791686562754
sub-RID0440,PlanumPolare,-0.004145988065343634,-0.04199996627471816,-0.005567945792153784
sub-RID0904,PlanumPolare,-0.046784834159614395,-0.006354276334028877,-0.06856540118202752
sub-RID0455,PlanumPolare,0.0077485821009134065,-0.032850343106648076,-0.027110464204666358
sub-RID0408,PlanumPolare,0.06651351773876821,-0.00017270205969494658,-0.026469943968705882
sub-RID0365,PlanumTemporale,0.02422886575137636,0.014250232468126454,0.04046552506905627
sub-RID0592,PlanumTemporale,0.03616579408303581,0.008204683036209777,-0.04226938684138399
sub-RID0662,PlanumTemporale,0.036291849684193224,-0.0005828822777444816,0.020488741063130138
sub-RID0522,PlanumTemporale,-0.009027026892245832,-0.02849500604982729,0.03615841452444576
sub-RID0587,PlanumTemporale,0.0020050682947430343,-0.017669614518106953,0.19124217140812352
sub-RID0663,PlanumTemporale,0.012129632686681721,0.010461746044921432,-0.04214946066108341
sub-RID0648,PlanumTemporale,-0.043757505775639846,-0.012937663905163863,-0.04959846320086252
sub-RID0675,PlanumTemporale,-0.016829056113238178,0.06996131536302239,-0.041561775331081734
sub-RID0372,PlanumTemporale,0.006873761821012508,-0.029276463154072032,0.029386521294220223
sub-RID0585,PlanumTemporale,-0.03324394805384922,-0.016188933360149364,-0.031005942530617527
sub-RID0660,PlanumTemporale,0.02046172221589841,-0.04067574984430724,-0.02357091963930566
sub-RID0591,PlanumTemporale,0.0011015454341040682,0.005084583075879669,0.02148118818266076
sub-RID0659,PlanumTemporale,-0.011022803890440754,-0.04128537540138315,0.026085428345082408
sub-RID0597,PlanumTemporale,0.008562792128183259,-0.0038874389843124844,-0.015186874903929844
sub-RID0672,PlanumTemporale,-0.013683836097577153,-0.030029589647860642,-0.04729122009068371
sub-RID0449,PlanumTemporale,-0.011022855782074292,0.018783848427775827,0.017517831695004465
sub-RID0666,PlanumTemporale,0.0479456857004618,0.019404617456772053,0.025149094496735774
sub-RID0596,PlanumTemporale,0.0023303341047099715,-0.004826015735243193,0.044484459476178795
sub-RID0658,PlanumTemporale,0.0034010986878934384,-0.0236235405694178,-0.006435910118446677
sub-RID0583,PlanumTemporale,-0.041025237367449806,-0.04347042082292144,-0.09982235555057045
sub-RID0448,PlanumTemporale,0.046005885223069774,0.014924598272062675,0.041118520416265715
sub-RID0415,PlanumTemporale,0.06900723439207586,0.02905464151726418,0.03747919509039636
sub-RID0673,PlanumTemporale,-0.03147695545196777,-0.0353385313605428,0.018227830459738043
sub-RID0688,PlanumTemporale,-0.0034638574688487297,-0.0025221225294785442,-0.05725344302467367
sub-RID0670,PlanumTemporale,-0.024855732560784653,-0.024035235211566777,0.03030516706636054
sub-RID0578,PlanumTemporale,0.004225615987663144,-0.0011673250274964531,-0.009851930491220962
sub-RID0785,PlanumTemporale,-0.021802392608527857,-0.020999137767627126,0.0007194441535630541
sub-RID0595,PlanumTemporale,-0.007578100025134445,0.0012799224887253674,-0.021759125853358416
sub-RID0665,PlanumTemporale,-0.002516301489878825,0.01003016481337195,0.0005017546494868497
sub-RID0429,PlanumTemporale,0.004449019172300862,-0.0255300581314696,0.04985750046594441
sub-RID0784,PlanumTemporale,-0.026829617946617413,-0.02115079554998598,-0.04180404883219943
sub-RID0689,PlanumTemporale,0.017351966715679214,0.014237832258738661,0.06225796914781592
sub-RID0671,PlanumTemporale,0.03866968119703379,-0.21814652797966086,-0.7701260556184923
sub-RID0860,PlanumTemporale,-0.03748664040020677,-0.0025048442846123363,-0.021036436004380103
sub-RID0925,PlanumTemporale,-0.009070987461020237,-0.03403020291968146,0.1479841026295468
sub-RID0664,PlanumTemporale,-0.04438389143569617,-0.028882843064240042,0.02979061698351716
sub-RID0791,PlanumTemporale,-0.03358601859952481,-0.060068919477162086,-0.06186966280341648
sub-RID0668,PlanumTemporale,0.0036045092760011504,-0.037773120862396675,-0.012350884545959806
sub-RID0656,PlanumTemporale,-0.009719311236494528,-0.023994719223499075,-0.05326878219724869
sub-RID0620,PlanumTemporale,-0.028055993227288085,-0.038792326713652216,0.023788444238247986
sub-RID0396,PlanumTemporale,-0.03359204296082044,-0.057627314119861495,-0.01315158052564912
sub-RID0383,PlanumTemporale,0.0016416458367128767,0.015903059878843738,0.08599359731205991
sub-RID0574,PlanumTemporale,-0.015537571497228321,-0.013513345502474128,-0.0013527638244282092
sub-RID0380,PlanumTemporale,-0.014635796119708574,-0.026503635406673925,-0.06251812278030794
sub-RID0445,PlanumTemporale,-0.04220020735206256,-0.0524519643262345,-0.08667189224970179
sub-RID0576,PlanumTemporale,-0.0017348558108081103,-0.026055301526730648,0.021918372067906616
sub-RID0450,PlanumTemporale,-0.002807679076589225,-0.014926191910744775,0.006509137012753591
sub-RID0433,PlanumTemporale,-0.02030658742778876,0.005947043552135289,0.15739430966664317
sub-RID0693,PlanumTemporale,-0.031549833407540334,-0.05183445566764236,0.0531391405321446
sub-RID0490,PlanumTemporale,-0.014839209587308038,-0.010322138014826631,-0.012598943795818196
sub-RID0798,PlanumTemporale,0.029704579778436532,0.000678874811694875,0.0457712079397539
sub-RID0420,PlanumTemporale,-0.05050727207114727,-0.06263465105994687,0.0625321229303359
sub-RID0646,PlanumTemporale,-0.009950643602737482,-0.02318743060119423,-0.03181703184702257
sub-RID0341,PlanumTemporale,-0.03293244290222593,-0.022572403978441135,-0.0767225089331236
sub-RID0680,PlanumTemporale,0.05326893778293987,0.009687701576409706,-0.01290268472371199
sub-RID0652,PlanumTemporale,0.002754000446546452,0.01919162251257765,0.06674621104473336
sub-RID0679,PlanumTemporale,0.027182227270903192,0.016358029260224168,-0.010987938030492942
sub-RID0681,PlanumTemporale,0.009011005740172185,0.0019243201123341814,-0.03495429819404887
sub-RID0512,PlanumTemporale,0.049267007273863225,0.020642024374923802,0.023605704200412612
sub-RID0571,PlanumTemporale,0.047357260924667396,-0.004350033840514482,-0.059842364203218555
sub-RID0572,PlanumTemporale,-0.0175712565142954,-0.0074870080662807325,0.009837614515943812
sub-RID0619,PlanumTemporale,0.009198259636387793,-0.0010957305565450475,-0.021708199304146795
sub-RID0697,PlanumTemporale,0.03643615093934375,0.02131716584180096,0.06307134764721845
sub-RID0454,PlanumTemporale,0.010837025688521002,-0.008132480336310258,-0.03564886157882205
sub-RID0440,PlanumTemporale,-0.036121857217101094,-0.016015615717830122,0.04097487920914245
sub-RID0904,PlanumTemporale,0.07278804698160403,0.06760026597257321,0.04777219710492758
sub-RID0455,PlanumTemporale,-0.008556006378324791,-0.01713505341233724,-0.036564219020048035
sub-RID0408,PlanumTemporale,-0.021927140022477542,-0.028011265217999876,0.000937435765625322
sub-RID0365,PostcentralGyrus,-0.01954320108991461,-0.04872977026294451,-0.045976658400826265
sub-RID0592,PostcentralGyrus,-0.0070549453465544665,-0.03699883456319776,-0.008681855840929098
sub-RID0662,PostcentralGyrus,-0.039799519814207214,-0.04096988821777625,-0.03720565360995008
sub-RID0522,PostcentralGyrus,-0.021243769581464685,-0.04754929637820182,-0.017525020258820197
sub-RID0587,PostcentralGyrus,-0.04863087065192125,-0.049786247057157076,-0.15592641369486293
sub-RID0663,PostcentralGyrus,-0.045942155063988716,-0.059378358767256605,-0.042018104969954256
sub-RID0648,PostcentralGyrus,-0.042573145398594046,-0.047831610146638656,-0.07509425081100447
sub-RID0675,PostcentralGyrus,-0.03145431951494794,0.013061482388279396,-0.07979742387208803
sub-RID0372,PostcentralGyrus,-0.033816819532315044,-0.03231408110461955,-0.04474298745558464
sub-RID0585,PostcentralGyrus,-0.028998723899800613,-0.0450181628373522,-0.03481744517157762
sub-RID0660,PostcentralGyrus,-0.04235558739849635,-0.056836544283586324,-0.06498853761449461
sub-RID0591,PostcentralGyrus,-0.04332520337677813,-0.04670443277624409,-0.04637822647168147
sub-RID0659,PostcentralGyrus,-0.05404577932057306,-0.04221994515785521,-0.010435058191382041
sub-RID0597,PostcentralGyrus,-0.05029506301205375,-0.040645326325408564,-0.03345992384736236
sub-RID0672,PostcentralGyrus,-0.03326160053844549,-0.04183843793283385,-0.04354167064057103
sub-RID0449,PostcentralGyrus,-0.07558861727142858,-0.054089967457896175,-0.08856144593144061
sub-RID0666,PostcentralGyrus,-0.04681646047560627,-0.04340643054468647,-0.03832905894692167
sub-RID0596,PostcentralGyrus,-0.03844743973078728,-0.05741410187161219,-0.024520859299619217
sub-RID0658,PostcentralGyrus,-0.023244579441407887,-0.02635401758060235,-0.0541605926805121
sub-RID0583,PostcentralGyrus,-0.05530106714786802,-0.03618894877465554,-0.06813040954429667
sub-RID0448,PostcentralGyrus,-0.04171134693947411,-0.06654780113123308,-0.10237329296577087
sub-RID0415,PostcentralGyrus,-0.025325768392165722,-0.045677860577744096,-0.033390199154642974
sub-RID0673,PostcentralGyrus,-0.09355532519628251,-0.08599396936916813,-0.10498569699739314
sub-RID0688,PostcentralGyrus,-0.021687455729868625,-0.03154242941141936,-0.08254331880661385
sub-RID0670,PostcentralGyrus,-0.04189496924473581,-0.04698104594164587,-0.06130946841746467
sub-RID0578,PostcentralGyrus,-0.04920460879290804,-0.05055250597561742,-0.05266088119781961
sub-RID0785,PostcentralGyrus,-0.04302430621191436,-0.04872139321172721,-0.04464685486203729
sub-RID0595,PostcentralGyrus,-0.05227338721656701,-0.06303847936362669,-0.03281517868639747
sub-RID0665,PostcentralGyrus,-0.008194445647079121,-0.04461456464144465,-0.02412816059210365
sub-RID0429,PostcentralGyrus,-0.015829942293751873,-0.04492092502536049,-0.03147118396882569
sub-RID0784,PostcentralGyrus,-0.049024834590142966,-0.06492238338008403,-0.10640580013025361
sub-RID0689,PostcentralGyrus,-0.03449096904809403,-0.050712505284552484,-0.04797251411909892
sub-RID0671,PostcentralGyrus,-0.035417607529119814,-0.1004288511780317,-0.5102418498090392
sub-RID0860,PostcentralGyrus,-0.041860334021664544,-0.024175522050915183,-0.0570714962840142
sub-RID0925,PostcentralGyrus,-0.047752189186076884,-0.050423137252360584,-0.0014109125009179166
sub-RID0664,PostcentralGyrus,-0.046302888714714524,-0.06266624007511605,-0.03317357572919109
sub-RID0791,PostcentralGyrus,-0.031061651623690983,-0.038272036195653475,-0.0501080762018171
sub-RID0668,PostcentralGyrus,-0.025905961307706858,-0.04578455877721474,-0.0437840718292978
sub-RID0656,PostcentralGyrus,-0.04972693708722809,-0.030413765706090525,-0.0394715530005225
sub-RID0620,PostcentralGyrus,-0.02744541862612719,-0.05336296353795613,-0.06608487239420188
sub-RID0396,PostcentralGyrus,-0.06379122601286744,-0.046545224921248816,-0.0419427267334279
sub-RID0383,PostcentralGyrus,-0.05262579980685209,-0.03292769252605837,-0.04682437780045239
sub-RID0574,PostcentralGyrus,-0.05273747613269864,-0.07530915351731796,-0.08334256788447422
sub-RID0380,PostcentralGyrus,-0.048448165803281235,-0.039502367506151416,-0.07273772918465508
sub-RID0445,PostcentralGyrus,-0.057010992841415746,-0.08428498840120516,-0.1500342038757061
sub-RID0576,PostcentralGyrus,-0.05034144208560545,-0.05866670268587621,-0.05659305049639574
sub-RID0450,PostcentralGyrus,-0.043620795754524065,-0.06468277969586192,-0.06818629181417225
sub-RID0433,PostcentralGyrus,-0.08557417391652566,-0.06106971674191109,-0.05946555594438229
sub-RID0693,PostcentralGyrus,-0.05115286134731051,-0.04447862712723537,0.008154183597531407
sub-RID0490,PostcentralGyrus,-0.04498458351710846,-0.04749183390792429,-0.0491101491577661
sub-RID0798,PostcentralGyrus,-0.002559909137722459,-0.03662619858214826,-0.044900268078947474
sub-RID0420,PostcentralGyrus,-0.0697588792219214,-0.0649669664151655,-0.07242474533811954
sub-RID0646,PostcentralGyrus,-0.06781334778908948,-0.05365828962911407,-0.05311672754509315
sub-RID0341,PostcentralGyrus,-0.056867461139255726,-0.07950304683618896,-0.09713860648243039
sub-RID0680,PostcentralGyrus,-0.004780683116917593,-0.02387530467897191,-0.032400473618723113
sub-RID0652,PostcentralGyrus,-0.0594342779538719,-0.06478394482281884,-0.06955675669593019
sub-RID0679,PostcentralGyrus,-0.023021199005537032,-0.04311119747005657,-0.040006809429631855
sub-RID0681,PostcentralGyrus,-0.054275863354896925,-0.06510886382789462,-0.08319205442213319
sub-RID0512,PostcentralGyrus,-0.051838742810135875,-0.0486898480926485,-0.008013459654537678
sub-RID0571,PostcentralGyrus,-0.024392884191016404,-0.04391689023178577,-0.06598505742950303
sub-RID0572,PostcentralGyrus,-0.018757042009738652,-0.03229531262293451,-0.018282780135533586
sub-RID0619,PostcentralGyrus,-0.015178211615301519,-0.04599101332832162,-0.04840903866285662
sub-RID0697,PostcentralGyrus,-0.057433664311121575,-0.04153034236777661,-0.03246638099017309
sub-RID0454,PostcentralGyrus,-0.02936929810396926,-0.037120041353354526,-0.061634252527850125
sub-RID0440,PostcentralGyrus,-0.08443630160731748,-0.05690761833304143,-0.06970321807589039
sub-RID0904,PostcentralGyrus,-0.059398253639464244,-0.06148294724998345,-0.05582922122598321
sub-RID0455,PostcentralGyrus,-0.017772128523599676,-0.027179129054135855,-0.029730409996997515
sub-RID0408,PostcentralGyrus,-0.024986433404652387,-0.03419327415217761,-0.051913158532621684
sub-RID0365,PrecentralGyrus,-0.01522927994040474,-0.03252338867000904,-0.007583367371030996
sub-RID0592,PrecentralGyrus,-0.007455005055753459,-0.031021593041174,-0.03493672300754705
sub-RID0662,PrecentralGyrus,-0.032199595420127194,-0.0323566385606732,-0.03459660039336067
sub-RID0522,PrecentralGyrus,-0.01764186016010033,-0.0409747049521807,-0.010154598419454338
sub-RID0587,PrecentralGyrus,-0.029581783156774375,-0.030964455047343725,-0.04675805726769655
sub-RID0663,PrecentralGyrus,-0.03249571213642135,-0.042877221847095165,-0.05832021385776384
sub-RID0648,PrecentralGyrus,-0.040168025543705535,-0.03323751704194027,-0.041147369409244024
sub-RID0675,PrecentralGyrus,-0.0324521168805397,0.04060883220353342,-0.09705101613700601
sub-RID0372,PrecentralGyrus,-0.026890658230426513,-0.021871447034816888,-0.051843546964161394
sub-RID0585,PrecentralGyrus,-0.01643649962605924,-0.0221559180533789,-0.028456354177290675
sub-RID0660,PrecentralGyrus,-0.029972761120958192,-0.045624844618079495,-0.04256303861798542
sub-RID0591,PrecentralGyrus,-0.043524025479843804,-0.048195389294713745,-0.03771480467435247
sub-RID0659,PrecentralGyrus,-0.03208601865946508,-0.02299779500835102,-0.005250454737038312
sub-RID0597,PrecentralGyrus,-0.032658828280976326,-0.026373327192751816,-0.04145447994066745
sub-RID0672,PrecentralGyrus,-0.010778487163888106,-0.02731810607502879,-0.037639335661352594
sub-RID0449,PrecentralGyrus,-0.03745563876741482,-0.017113724692064618,-0.05884482838486915
sub-RID0666,PrecentralGyrus,-0.016891040847071635,-0.01701050294933021,-0.00522134108034738
sub-RID0596,PrecentralGyrus,-0.024310321609766837,-0.04247100403375842,-0.02933080368348097
sub-RID0658,PrecentralGyrus,-0.025916392232611073,-0.026254689258946702,-0.044400979320201504
sub-RID0583,PrecentralGyrus,-0.050396653635500624,-0.030664631832692163,-0.06831797197911979
sub-RID0448,PrecentralGyrus,-0.02797536803758133,-0.039577257027968646,-0.05221951687404587
sub-RID0415,PrecentralGyrus,-0.014479344544217109,-0.03622772101120647,-0.03194910804705933
sub-RID0673,PrecentralGyrus,-0.05403115687579758,-0.041208888744206335,-0.06372279394280154
sub-RID0688,PrecentralGyrus,-0.027325603037978367,-0.02367080443763609,-0.036573990486534425
sub-RID0670,PrecentralGyrus,-0.028433446921506497,-0.03068773619634555,-0.05488823174755054
sub-RID0578,PrecentralGyrus,-0.03361677707344954,-0.04587196040016363,-0.052988368487938795
sub-RID0785,PrecentralGyrus,-0.0249493874566288,-0.03375350119325758,-0.050046764974241105
sub-RID0595,PrecentralGyrus,-0.0431339175519794,-0.0414558383176722,-0.02741070752942584
sub-RID0665,PrecentralGyrus,-0.027309895910940046,-0.03879622143071818,-0.00010779364088354184
sub-RID0429,PrecentralGyrus,-0.028846214428415295,-0.03328072886143887,-0.09819716639251935
sub-RID0784,PrecentralGyrus,-0.040066150324276524,-0.04732914307856514,-0.07610326541103926
sub-RID0689,PrecentralGyrus,-0.024584831542377103,-0.03575677413586337,-0.033700928199400876
sub-RID0671,PrecentralGyrus,-0.03274585510514745,-0.08898672032476312,-0.4694260482854833
sub-RID0860,PrecentralGyrus,-0.029541406549342696,-0.028787202049904228,-0.07053119223953264
sub-RID0925,PrecentralGyrus,-0.02921306866665236,-0.02640403618549294,-0.023647957817075557
sub-RID0664,PrecentralGyrus,-0.031562676163337224,-0.03866786755994173,-0.007418753460646943
sub-RID0791,PrecentralGyrus,-0.03021113904684379,-0.037582223672991744,-0.06700076320931878
sub-RID0668,PrecentralGyrus,-0.018371833372283486,-0.04055757351875729,-0.02470891592770761
sub-RID0656,PrecentralGyrus,-0.04523598553530411,-0.030964408413451428,-0.06201631538405051
sub-RID0620,PrecentralGyrus,-0.02488147266051865,-0.038945266738074434,-0.07080891177430626
sub-RID0396,PrecentralGyrus,-0.06448687734971849,-0.03987291143281546,-0.004436170877682521
sub-RID0383,PrecentralGyrus,-0.028841820866853076,-0.022150923022793468,-0.07191053563922699
sub-RID0574,PrecentralGyrus,-0.04010874517754806,-0.05716027316997725,-0.06703867079355755
sub-RID0380,PrecentralGyrus,-0.04061802093057224,-0.026744797133657378,-0.05110109002801986
sub-RID0445,PrecentralGyrus,-0.036097279657520444,-0.06454446302890081,-0.10429749936311594
sub-RID0576,PrecentralGyrus,-0.050434673953969666,-0.03158218340126787,-0.051218052701441474
sub-RID0450,PrecentralGyrus,-0.030374457231787885,-0.04933810832732833,-0.12635508164482717
sub-RID0433,PrecentralGyrus,-0.058210177425631573,-0.04314862933166467,-0.03606616660390838
sub-RID0693,PrecentralGyrus,-0.005575279702556619,-0.031048571718484658,-0.050071695062862784
sub-RID0490,PrecentralGyrus,-0.014497854008177284,-0.03456397711715115,-0.037002413133951896
sub-RID0798,PrecentralGyrus,-0.009399643363197659,-0.026024863615621268,-0.024805288954223174
sub-RID0420,PrecentralGyrus,-0.050021222431679675,-0.04547061696618838,-0.03495236859217754
sub-RID0646,PrecentralGyrus,-0.05731961304882194,-0.04523967980354983,-0.020539800569247594
sub-RID0341,PrecentralGyrus,-0.03938680781522582,-0.04275224771724262,-0.07434137880043287
sub-RID0680,PrecentralGyrus,-0.0062775484220054375,-0.017348247454619305,-0.000623859514879006
sub-RID0652,PrecentralGyrus,-0.025256029847400382,-0.029811925671188417,-0.0136326126773611
sub-RID0679,PrecentralGyrus,-0.020624592817404867,-0.03752346354704024,-0.03778238422819472
sub-RID0681,PrecentralGyrus,-0.03335304717861642,-0.02796359742158809,-0.03639603307350271
sub-RID0512,PrecentralGyrus,-0.033428696951765535,-0.028058565282373406,-0.013024027898889946
sub-RID0571,PrecentralGyrus,-0.004450179108025851,-0.010538385722844237,-0.047802819054986775
sub-RID0572,PrecentralGyrus,-0.016070820643465482,-0.025968597068294547,-0.027289794764038675
sub-RID0619,PrecentralGyrus,-0.025855678637125117,-0.03723404837735807,-0.06373097234749117
sub-RID0697,PrecentralGyrus,-0.043145518077954165,-0.03470426717077217,-0.037147681063253425
sub-RID0454,PrecentralGyrus,-0.02850039291001211,-0.025470075785733456,-0.02474586885949504
sub-RID0440,PrecentralGyrus,-0.05428712048024211,-0.03584750886421366,-0.019699953249176814
sub-RID0904,PrecentralGyrus,-0.022200893118127583,-0.03981375734496131,-0.04774292724067415
sub-RID0455,PrecentralGyrus,-0.025906346565055513,-0.022647641181904897,-0.027229469316039433
sub-RID0408,PrecentralGyrus,-0.0157863857810526,-0.023637499077452696,-0.038121526513651166
sub-RID0365,PrecuneousCortex,-0.03987891175346597,-0.021919786966083626,-0.02672245046728979
sub-RID0592,PrecuneousCortex,0.016223941997142194,0.030214351235544567,0.005980277499801063
sub-RID0662,PrecuneousCortex,0.014020827323386737,0.001009812740390129,0.021845689539541215
sub-RID0522,PrecuneousCortex,-0.010480982456705527,-0.0003644683923288814,0.02125486419659198
sub-RID0587,PrecuneousCortex,0.045657946439656,0.03955802183054526,0.02646255527384376
sub-RID0663,PrecuneousCortex,0.007190914540564044,0.011682329595727098,0.058148802805687495
sub-RID0648,PrecuneousCortex,0.0036066350004247357,0.005362295507303042,0.014425793334362223
sub-RID0675,PrecuneousCortex,0.03448033282310269,-0.024933320197868963,-0.0018766388756215771
sub-RID0372,PrecuneousCortex,0.035011688987229304,0.030664205198374934,0.016922016144342085
sub-RID0585,PrecuneousCortex,0.030454395473237684,0.003933821796055969,0.041826819112844395
sub-RID0660,PrecuneousCortex,0.012886314904620971,0.015736256313466403,0.004730937730663838
sub-RID0591,PrecuneousCortex,0.011979668082447105,0.004968717746743444,0.026728660659683472
sub-RID0659,PrecuneousCortex,-0.016530662642664205,-0.015145126611452522,-0.016208925683681673
sub-RID0597,PrecuneousCortex,0.019547392134721293,0.011329093994907625,0.0067757132684446685
sub-RID0672,PrecuneousCortex,0.024099644291392146,0.021848137583240404,0.015881595910577237
sub-RID0449,PrecuneousCortex,-0.00550917259897058,0.00045099825096695385,0.020715588906883457
sub-RID0666,PrecuneousCortex,0.027134458841721148,5.448070222399517e-05,-0.011355051474361402
sub-RID0596,PrecuneousCortex,0.008255870620303848,0.006601366887329319,-0.009042933411008678
sub-RID0658,PrecuneousCortex,0.03521578241444585,0.02721322465105796,0.02143261688167608
sub-RID0583,PrecuneousCortex,0.010275714315631661,0.0010680039678190108,0.01164132743522588
sub-RID0448,PrecuneousCortex,0.003180328307934108,-0.002136491649496175,0.012449883975097624
sub-RID0415,PrecuneousCortex,-0.005946890767709548,-0.02536804592687979,0.03354752552274605
sub-RID0673,PrecuneousCortex,-0.0018029813037514675,0.007616209140860363,0.025683179552127247
sub-RID0688,PrecuneousCortex,0.008919785785232117,0.01121536350134768,-0.04519597085398785
sub-RID0670,PrecuneousCortex,0.02331810241044244,0.014208591703740774,0.04103308531397636
sub-RID0578,PrecuneousCortex,0.011846312002576185,1.647970381098184e-05,-0.0006318810053744737
sub-RID0785,PrecuneousCortex,0.017267384377790546,0.000693644359770575,-0.019068497735067556
sub-RID0595,PrecuneousCortex,0.003488901712274949,0.0014168246001831665,-0.027004306581349547
sub-RID0665,PrecuneousCortex,-0.032073756749445306,-0.023718351759192163,-0.043683074231460894
sub-RID0429,PrecuneousCortex,-0.009752689189973181,-0.010918892714776314,-0.008718354602421638
sub-RID0784,PrecuneousCortex,0.03360306368704289,0.028916952118185412,0.0665299648647995
sub-RID0689,PrecuneousCortex,-0.006613383255672984,-0.0008160872612684238,-0.04123003324148779
sub-RID0671,PrecuneousCortex,0.00912360540970917,0.036927413197635914,0.07369114107455622
sub-RID0860,PrecuneousCortex,0.03479759704229,0.028384042345232507,0.02242270220290574
sub-RID0925,PrecuneousCortex,0.005234431675002132,-0.0015021314459966655,-0.06653009842575751
sub-RID0664,PrecuneousCortex,0.038306537720286804,0.02164927225028195,0.032050678031720674
sub-RID0791,PrecuneousCortex,0.04085920791609307,0.02617927158338309,0.009456110944278586
sub-RID0668,PrecuneousCortex,-0.001948183824493014,0.0032966735112990005,-0.003332524050457784
sub-RID0656,PrecuneousCortex,0.006960744107908467,-0.012463436603399807,0.025993987096457952
sub-RID0620,PrecuneousCortex,-0.000908911959134622,0.022617127106032312,0.018197288278953044
sub-RID0396,PrecuneousCortex,0.006272662625772918,-0.011638734698554256,0.08341981498042025
sub-RID0383,PrecuneousCortex,0.005431942875663341,0.017335087481874487,0.01795392963760819
sub-RID0574,PrecuneousCortex,-0.018119480127071562,-0.008193472053965768,-0.009867105284752799
sub-RID0380,PrecuneousCortex,-0.006599327307731812,-0.0093292571569031,-0.021003527540544863
sub-RID0445,PrecuneousCortex,-0.03084473890483576,-0.022994492050592702,0.005372987757806836
sub-RID0576,PrecuneousCortex,-0.013820160216716669,0.0032922625362592477,0.03345808755606216
sub-RID0450,PrecuneousCortex,0.0045415366069888425,0.01642924181529411,0.05533774374726253
sub-RID0433,PrecuneousCortex,0.003876190263227552,0.002009909056331923,0.017416592604273994
sub-RID0693,PrecuneousCortex,0.052736279696890986,0.0350001999141274,0.010938477464465957
sub-RID0490,PrecuneousCortex,0.0088722946415383,0.010395639826111478,0.004911044833992094
sub-RID0798,PrecuneousCortex,0.03423445463407779,-0.0019796909303836127,0.010456069819635006
sub-RID0420,PrecuneousCortex,0.03155639913780779,0.015441872892684276,0.02922337889259616
sub-RID0646,PrecuneousCortex,-0.006062203836980313,-0.009211994452110727,0.037548308561444345
sub-RID0341,PrecuneousCortex,-0.0034141313315313327,0.005776132988945438,-0.004729973091776329
sub-RID0680,PrecuneousCortex,0.004435247053648969,0.0031204509090847236,-0.037309351400888126
sub-RID0652,PrecuneousCortex,-0.010830075187268851,-0.014089184476371315,-0.02117476885167153
sub-RID0679,PrecuneousCortex,-0.0009863718064036828,-0.0021213130303424305,0.013519802027125421
sub-RID0681,PrecuneousCortex,-0.03488928440111199,-0.029073619157911238,-0.035964259554237224
sub-RID0512,PrecuneousCortex,0.02556850159958874,0.014134218274580041,0.06404049718793704
sub-RID0571,PrecuneousCortex,0.041180819971607364,0.0051794962218610924,0.01569495162359447
sub-RID0572,PrecuneousCortex,0.01450686158672548,0.00121093886555465,0.028084303681852517
sub-RID0619,PrecuneousCortex,-0.0015809726239754034,-0.0008920948176070005,0.00940844897211784
sub-RID0697,PrecuneousCortex,0.015111417701214588,-0.0034808629084170993,0.04846081215588286
sub-RID0454,PrecuneousCortex,0.004691359593450278,0.004595947976069551,0.007463054274019884
sub-RID0440,PrecuneousCortex,0.014626944011947682,0.011079144361617877,0.03853360980018065
sub-RID0904,PrecuneousCortex,-0.01946768619940351,-0.024202719901195,-0.04269652047636137
sub-RID0455,PrecuneousCortex,0.009172000490328805,-0.0045613083808960665,0.0034744377387479733
sub-RID0408,PrecuneousCortex,0.015183101760606088,0.014361881646626348,0.02897294455890367
sub-RID0365,SubcallosalCortex,0.008171986435437642,0.007854553861288461,0.01688729885904499
sub-RID0592,SubcallosalCortex,-0.00936360922288473,0.0157987381223755,0.046851583969047234
sub-RID0662,SubcallosalCortex,0.003299777639857469,-0.012959762430718887,-0.011158373432103222
sub-RID0522,SubcallosalCortex,0.011130820571176273,-0.00018203105251678796,0.10730376751663499
sub-RID0587,SubcallosalCortex,0.02009343822242819,-0.01759931362604749,0.004369421459550944
sub-RID0663,SubcallosalCortex,-0.0025502334270791215,0.000377425596846766,-0.010227755780474423
sub-RID0648,SubcallosalCortex,0.005593962873001082,0.03134295970547291,0.16882781055824417
sub-RID0675,SubcallosalCortex,-0.008983310117203313,0.04582357267017697,0.04065571084547669
sub-RID0372,SubcallosalCortex,0.011329763639791246,0.01702618670733353,0.024203362573607196
sub-RID0585,SubcallosalCortex,3.310301317158107e-05,-0.00080389689204905,0.030292915408077208
sub-RID0660,SubcallosalCortex,0.004824652529903074,0.006555802370773072,-0.07410340288604907
sub-RID0591,SubcallosalCortex,0.02911245559501479,0.032048559438886896,0.09864486316169771
sub-RID0659,SubcallosalCortex,0.00025306832289746003,-0.029052745842133517,0.12072079982633005
sub-RID0597,SubcallosalCortex,-0.0022210302754895666,-0.003093515261945734,-0.0081789926067161
sub-RID0672,SubcallosalCortex,-0.017686651130829196,0.0032244635385669357,-0.029116657510648077
sub-RID0449,SubcallosalCortex,0.0011346189637844045,0.0018491444158986227,-0.03967920478500315
sub-RID0666,SubcallosalCortex,0.02261682197161277,-0.014970154276570788,0.08727275238611865
sub-RID0596,SubcallosalCortex,0.022543706823923627,0.019428327643853317,0.05729886006161826
sub-RID0658,SubcallosalCortex,-0.0035011635220776405,-0.002236934912428178,0.028646881914639093
sub-RID0583,SubcallosalCortex,-0.0012587722099049457,-0.021985089798045532,-0.043192390377307543
sub-RID0448,SubcallosalCortex,-0.00982336764308516,0.007657472982010771,0.012961580712616383
sub-RID0415,SubcallosalCortex,0.01632065919758878,0.0268471340878155,0.1341515835990167
sub-RID0673,SubcallosalCortex,-0.012169345352626692,-5.4685284425408196e-05,0.10957381889829856
sub-RID0688,SubcallosalCortex,-0.0021202888096748464,0.004387775673066837,0.07274238851681931
sub-RID0670,SubcallosalCortex,-0.0013346073817312783,-0.010437648705123358,0.0005446455036093045
sub-RID0578,SubcallosalCortex,0.007443055414322208,0.022527526802228588,0.07180737499342246
sub-RID0785,SubcallosalCortex,-0.008999631327981315,-0.016549505182922898,0.054417232719829386
sub-RID0595,SubcallosalCortex,-0.003492808086727248,0.008730422135117776,0.1638516948040673
sub-RID0665,SubcallosalCortex,0.028577532856366165,0.05035012173172045,0.09641382656421053
sub-RID0429,SubcallosalCortex,-0.0012043485262806515,0.0035291522656783524,0.16495580844228688
sub-RID0784,SubcallosalCortex,0.003076787325090422,0.023106555040070934,0.046431063917089045
sub-RID0689,SubcallosalCortex,-0.004242801019234575,0.022177793040371964,0.07348538713341679
sub-RID0671,SubcallosalCortex,0.005066674516336166,-0.04501603602592344,-0.34265071783060397
sub-RID0860,SubcallosalCortex,0.01215304555086187,-0.00550602802489161,-0.020096892582543924
sub-RID0925,SubcallosalCortex,0.003405905564876163,0.01165508071792266,0.12694337082141466
sub-RID0664,SubcallosalCortex,0.02611713267990359,0.021918661349773973,0.23140657421755192
sub-RID0791,SubcallosalCortex,0.016087926095689653,0.04773253061715047,0.2540416947837845
sub-RID0668,SubcallosalCortex,0.003757762171628089,-0.01012305546864519,0.015343616808100783
sub-RID0656,SubcallosalCortex,-0.0088008958464829,0.0011153357393445722,0.0022693119927979562
sub-RID0620,SubcallosalCortex,0.012483030136083434,0.007098155903251765,0.2520073619392184
sub-RID0396,SubcallosalCortex,-0.0031778966298225573,0.003703495706453813,0.031933168488742475
sub-RID0383,SubcallosalCortex,-0.010598141089942012,-0.009827960983144646,0.020662121114144408
sub-RID0574,SubcallosalCortex,0.002166793790929477,-0.008122826016966367,0.11210306190602168
sub-RID0380,SubcallosalCortex,-0.002481458628253208,-0.007463537184512837,0.02159193760474346
sub-RID0445,SubcallosalCortex,-0.014007617768998372,0.012137492633701641,0.07283307658049545
sub-RID0576,SubcallosalCortex,-0.04527505872639689,-0.0014325978298359008,0.04624637223634616
sub-RID0450,SubcallosalCortex,0.003197682946848405,-0.018127327948532442,0.045298526071156725
sub-RID0433,SubcallosalCortex,-0.004558077045970255,-0.039205779151557374,-0.04450357345313646
sub-RID0693,SubcallosalCortex,-0.0015469478805437652,-0.012689682567903322,-0.08593678691827106
sub-RID0490,SubcallosalCortex,-0.01138991086381171,0.007363423905404887,0.25186548876043463
sub-RID0798,SubcallosalCortex,0.04861215001023435,0.019390728810026958,0.10349998924583796
sub-RID0420,SubcallosalCortex,0.0009819095315545558,0.005104502982695217,0.026911231207632145
sub-RID0646,SubcallosalCortex,0.01683229263377533,0.0006177321104615876,-0.05556905061019346
sub-RID0341,SubcallosalCortex,0.0005929149456926347,0.0048463126141965,-0.015664796015839966
sub-RID0680,SubcallosalCortex,0.0007933460082305869,-0.0029982896203460175,0.08321356848577932
sub-RID0652,SubcallosalCortex,0.009888875410499782,0.0008311383075600812,-0.0020309686405287934
sub-RID0679,SubcallosalCortex,-0.0008509390051486051,-0.007053150654178041,0.09543815002579946
sub-RID0681,SubcallosalCortex,-0.005781386406718752,-0.010989628453576948,0.11805261017378489
sub-RID0512,SubcallosalCortex,0.002240244092048683,0.02407925508557516,0.04937846259820365
sub-RID0571,SubcallosalCortex,0.014866922265208643,0.011993727472000861,0.077800017341363
sub-RID0572,SubcallosalCortex,-0.007633605951342476,-0.00022338299789364163,0.04643545897966002
sub-RID0619,SubcallosalCortex,-0.013439112799719733,0.012050463205240312,-0.026384150619586835
sub-RID0697,SubcallosalCortex,0.015405546767258818,-0.017279611391931418,0.13091608690263135
sub-RID0454,SubcallosalCortex,-0.0008644624756489892,0.012671400973853778,0.05990061011422252
sub-RID0440,SubcallosalCortex,-0.006002904473259887,-0.0018691200963708613,0.02275923760875029
sub-RID0904,SubcallosalCortex,0.01900697667034972,0.009906037229345133,0.0013278940641848376
sub-RID0455,SubcallosalCortex,-0.002035138828037934,-0.00045948045629048306,0.036839954818629055
sub-RID0408,SubcallosalCortex,-0.00042708758235523927,0.012082759820769094,0.03077079529527074
sub-RID0365,SuperiorFrontalGyrus,-0.021501481717142536,-0.026813155753621285,-0.006933599255670805
sub-RID0592,SuperiorFrontalGyrus,-0.0032294461564855693,-0.02108656362909883,0.01468012646453141
sub-RID0662,SuperiorFrontalGyrus,-0.017169151005403734,-0.015298101049486828,-0.01776356216729952
sub-RID0522,SuperiorFrontalGyrus,-0.006304799326051768,-0.0013325511799558182,0.05298568601081077
sub-RID0587,SuperiorFrontalGyrus,-0.015389746235232971,-0.021324010219993132,-0.0650088877201367
sub-RID0663,SuperiorFrontalGyrus,-0.019468379804477364,-0.02666953930034487,-0.04418484534756486
sub-RID0648,SuperiorFrontalGyrus,-0.009641082944980284,-0.0029874805739715416,-0.02246372626269151
sub-RID0675,SuperiorFrontalGyrus,-0.010451634995003458,0.047163064923976296,-0.062262635567434624
sub-RID0372,SuperiorFrontalGyrus,-0.016403960479559197,-0.003098917367296207,-0.023897476128628567
sub-RID0585,SuperiorFrontalGyrus,-0.016978240843521907,-0.010669236963907109,-0.012224353441158544
sub-RID0660,SuperiorFrontalGyrus,-0.029408993312089793,-0.028940322970317282,-0.010720191216706433
sub-RID0591,SuperiorFrontalGyrus,-0.023052941692159323,-0.032921874993074876,-0.02045964170562658
sub-RID0659,SuperiorFrontalGyrus,-0.008696106878642442,0.0018087674384471555,0.016136302091774413
sub-RID0597,SuperiorFrontalGyrus,-0.01985551396542383,0.0002768361473588924,-0.025988762518708776
sub-RID0672,SuperiorFrontalGyrus,-0.008696481328410333,-0.012296623620101992,-0.01008314259961857
sub-RID0449,SuperiorFrontalGyrus,-0.011455788548430807,-0.0037885400345903145,0.0008862211698244434
sub-RID0666,SuperiorFrontalGyrus,-0.019332539059790307,-0.03358361273257981,-0.009723578649600119
sub-RID0596,SuperiorFrontalGyrus,-0.009542458194552858,-0.015893183804124713,0.025432432831087256
sub-RID0658,SuperiorFrontalGyrus,-0.010963034113794996,-0.005808894368893777,-0.00989661546983505
sub-RID0583,SuperiorFrontalGyrus,-0.008234150353810652,-0.01662292143696029,-0.10249896398172302
sub-RID0448,SuperiorFrontalGyrus,-0.036451794431337385,-0.0384325019546197,-0.04920815905477153
sub-RID0415,SuperiorFrontalGyrus,-0.03212191964866191,-0.029558067720846688,-0.010008883340595045
sub-RID0673,SuperiorFrontalGyrus,-0.018894589068251144,-0.019003339023755797,-0.019356410122093957
sub-RID0688,SuperiorFrontalGyrus,-0.007599319793377637,-0.001813592324489631,-0.01678357671640388
sub-RID0670,SuperiorFrontalGyrus,0.011666291656778594,0.0008384953699503078,0.01931838839581008
sub-RID0578,SuperiorFrontalGyrus,-0.021233800337383483,-0.026988963699748056,-0.02352786175701284
sub-RID0785,SuperiorFrontalGyrus,-0.00960201923564768,-0.00015936512216150066,0.07219144650804024
sub-RID0595,SuperiorFrontalGyrus,-0.005670879195620332,0.009038302520405156,0.03461849682884793
sub-RID0665,SuperiorFrontalGyrus,-0.01120010242846858,0.004474841718919082,0.0431281018960078
sub-RID0429,SuperiorFrontalGyrus,-0.021887240789228376,-0.0011192527949772627,-0.05728775288497304
sub-RID0784,SuperiorFrontalGyrus,0.005827049667550542,-7.84935673291158e-05,0.001133096227984532
sub-RID0689,SuperiorFrontalGyrus,0.0005531805680950377,-0.004582412607168365,-0.014385829161223185
sub-RID0671,SuperiorFrontalGyrus,-0.03808205374539088,-0.08489386836969735,-0.3941864186191605
sub-RID0860,SuperiorFrontalGyrus,-0.018465167632357168,-0.020693411576068216,-0.0261309057944836
sub-RID0925,SuperiorFrontalGyrus,-0.017181135797655393,-0.008767617770205838,-0.131880942506471
sub-RID0664,SuperiorFrontalGyrus,0.0052980129262952215,-0.012366932738325823,0.00988573662435187
sub-RID0791,SuperiorFrontalGyrus,-0.021743954161922385,-0.011453011341514434,-0.030232679765629974
sub-RID0668,SuperiorFrontalGyrus,-0.002437819218526365,-0.012373618384748692,0.0022541584967847687
sub-RID0656,SuperiorFrontalGyrus,-0.03570836072708636,-0.023041572867196262,-0.023208678153354072
sub-RID0620,SuperiorFrontalGyrus,0.00999783769933891,-0.001238220212605044,-0.009303841833159054
sub-RID0396,SuperiorFrontalGyrus,0.20765845626337023,0.14516199303311195,0.4490205506994615
sub-RID0383,SuperiorFrontalGyrus,0.0039003575024674714,-0.004607268029948046,0.0029989750792605357
sub-RID0574,SuperiorFrontalGyrus,-0.03879244348693415,-0.019008049708347637,0.0081025866706909
sub-RID0380,SuperiorFrontalGyrus,-0.04391651882300178,-0.016388187951711118,-0.042801067152619846
sub-RID0445,SuperiorFrontalGyrus,0.016402769069317244,-0.013387690401940757,-0.10273114243285095
sub-RID0576,SuperiorFrontalGyrus,-0.07707031497077242,-0.04069746766043005,-0.09007216125416045
sub-RID0450,SuperiorFrontalGyrus,-0.021075681297531297,-0.027798801088767793,-0.0017767348421551278
sub-RID0433,SuperiorFrontalGyrus,-0.026636657639407202,-0.0062664977757220085,0.004955943966118291
sub-RID0693,SuperiorFrontalGyrus,0.031280654255940975,0.01737723772065881,0.048037656301121556
sub-RID0490,SuperiorFrontalGyrus,-0.015055514414163683,-0.03981222933567194,-0.017759839997337386
sub-RID0798,SuperiorFrontalGyrus,0.05332871144097421,-0.009814320310759121,0.06747873920533858
sub-RID0420,SuperiorFrontalGyrus,-0.0015156859884224488,-0.009537319941769767,-0.000474933936700985
sub-RID0646,SuperiorFrontalGyrus,-0.027639941484298727,-0.008994151614839699,0.0502459961342899
sub-RID0341,SuperiorFrontalGyrus,-0.009032528428884183,-0.028982660786073037,-0.030976579966419403
sub-RID0680,SuperiorFrontalGyrus,0.002946524388181158,-0.014319413424218996,0.031704928822170894
sub-RID0652,SuperiorFrontalGyrus,-0.021380582315983224,-0.03905991289488628,-0.02100385209958138
sub-RID0679,SuperiorFrontalGyrus,-0.00855167904151174,-0.014621189300596618,0.008599990350038661
sub-RID0681,SuperiorFrontalGyrus,-0.017682488468041765,-0.02648572700845398,0.001730913496378595
sub-RID0512,SuperiorFrontalGyrus,0.016803191777331743,0.00896993346318051,0.023284858601243005
sub-RID0571,SuperiorFrontalGyrus,-0.027838624079820594,-0.004785237693817125,-0.024235827117149042
sub-RID0572,SuperiorFrontalGyrus,-0.005651308438855886,-0.018713237304458872,-0.015116308648209974
sub-RID0619,SuperiorFrontalGyrus,-0.009199125279786492,-0.021168387511480917,-0.0180325098106747
sub-RID0697,SuperiorFrontalGyrus,0.006408003284452389,-0.020767560786495984,0.005095015878887842
sub-RID0454,SuperiorFrontalGyrus,-0.01767619798612463,-0.023522514127480364,-0.013439233397537186
sub-RID0440,SuperiorFrontalGyrus,-0.02135073700703938,-0.004358746819114836,-0.0054462393903559
sub-RID0904,SuperiorFrontalGyrus,-0.03452088410667851,-0.02564071630157584,-0.021095041230859212
sub-RID0455,SuperiorFrontalGyrus,-0.005931352799730167,-0.01586191996316571,-0.024331802115662444
sub-RID0408,SuperiorFrontalGyrus,-0.018580951996682638,-0.0038783134739935185,-0.017736234704466978
sub-RID0365,SuperiorParietalLobule,-0.007550473172443656,-0.012625832092930426,0.007392953466127776
sub-RID0592,SuperiorParietalLobule,-0.01152519522423565,-0.03208606680706002,-0.04197903058264414
sub-RID0662,SuperiorParietalLobule,0.008141981069624752,-0.00903560965384182,0.0013528095794643495
sub-RID0522,SuperiorParietalLobule,0.014150173194980062,-0.020636132140053092,0.024628496862074734
sub-RID0587,SuperiorParietalLobule,0.0046788830523479845,-0.007271609417444258,0.014260732808731481
sub-RID0663,SuperiorParietalLobule,0.010159080130333181,-0.0075728216355030135,0.006206451560626982
sub-RID0648,SuperiorParietalLobule,-0.044276215242761055,-0.024014807201760028,-0.005884835328796904
sub-RID0675,SuperiorParietalLobule,0.01365123742975639,0.021500694586839106,-0.03936917815243146
sub-RID0372,SuperiorParietalLobule,0.011319384480460295,-0.005558275371542045,0.017393928557156817
sub-RID0585,SuperiorParietalLobule,0.03202592572847451,0.016230655048787207,0.015050302062305126
sub-RID0660,SuperiorParietalLobule,-0.007001019274761729,-0.03752972244129607,-0.07497433572838413
sub-RID0591,SuperiorParietalLobule,-0.001353588529420841,-0.020709264401606226,-0.005228500292409403
sub-RID0659,SuperiorParietalLobule,-0.01644949270789768,-0.012466188669387417,-0.009062634493992007
sub-RID0597,SuperiorParietalLobule,-0.021328287556409538,-0.009512709693797692,-0.013102487741601866
sub-RID0672,SuperiorParietalLobule,0.016345588515916686,0.002665437410712327,0.0015362095015090354
sub-RID0449,SuperiorParietalLobule,-0.042132847479026,-0.0132839048718709,-0.03963013022066869
sub-RID0666,SuperiorParietalLobule,-0.02961084448659247,-0.04530993074195511,-0.04838432395759095
sub-RID0596,SuperiorParietalLobule,-0.00014900357863219444,-0.03327236069046517,0.006506157589412986
sub-RID0658,SuperiorParietalLobule,0.01942762546284812,0.011050488117569496,-0.002164846638839333
sub-RID0583,SuperiorParietalLobule,-0.07229362971302275,-0.07438616694058808,-0.17125862392941263
sub-RID0448,SuperiorParietalLobule,0.006763870547687913,-0.02710977035119751,-0.05268038328813203
sub-RID0415,SuperiorParietalLobule,0.012175567294317992,-0.03922096900209538,0.03417452122047854
sub-RID0673,SuperiorParietalLobule,-0.011511073711660725,-0.013516379489238796,-0.059395105585378034
sub-RID0688,SuperiorParietalLobule,0.010210364053796854,-0.019318518208754857,-0.031005190051515766
sub-RID0670,SuperiorParietalLobule,-0.018582094074047914,-0.04774650095399682,-0.04544505748651435
sub-RID0578,SuperiorParietalLobule,0.004518177717569975,-0.01174153632717418,-0.01608828357176244
sub-RID0785,SuperiorParietalLobule,0.0034707168489484736,-0.00804186643801181,0.04456756239171435
sub-RID0595,SuperiorParietalLobule,-0.024827295979284833,-0.0230035984404454,0.026629225788412175
sub-RID0665,SuperiorParietalLobule,0.004393435205356898,-0.03128825670792264,-0.003752959658321881
sub-RID0429,SuperiorParietalLobule,-0.020013975115153487,-0.04623705156840247,-0.07605409413675011
sub-RID0784,SuperiorParietalLobule,0.01354609654765603,-0.020181067823550333,-0.03921199190816636
sub-RID0689,SuperiorParietalLobule,-0.0311891747908884,-0.024549757252658164,-0.004460744927925855
sub-RID0671,SuperiorParietalLobule,-0.0156546880000626,-0.09289532832691835,-0.5832475502826945
sub-RID0860,SuperiorParietalLobule,0.016394696244699955,0.0060968695557160205,0.0034094557204648974
sub-RID0925,SuperiorParietalLobule,-0.07305683113513847,-0.07316284988985028,-0.07638689030097559
sub-RID0664,SuperiorParietalLobule,-0.028837603518809405,-0.031445879561776593,0.025921509037749795
sub-RID0791,SuperiorParietalLobule,0.013676837858336854,-0.0010166958405752697,-0.0052143086268872305
sub-RID0668,SuperiorParietalLobule,0.0013667870657025688,-0.014037316846664098,0.003895472534550047
sub-RID0656,SuperiorParietalLobule,-0.026165878379308467,-0.03694668635667168,-0.0094859157828645
sub-RID0620,SuperiorParietalLobule,-0.03045210114691246,-0.023285078147795825,-0.014737118048487825
sub-RID0396,SuperiorParietalLobule,-0.03582352633395121,-0.049513337242963085,-0.1118724479621335
sub-RID0383,SuperiorParietalLobule,0.003538012043471297,-0.011999123536739112,0.05087042119965573
sub-RID0574,SuperiorParietalLobule,-0.0519782762645499,-0.05682923771746585,-0.10707641360405773
sub-RID0380,SuperiorParietalLobule,-0.021576297511124925,-0.02753809008878243,0.01731812464751968
sub-RID0445,SuperiorParietalLobule,-0.03295702437159152,-0.04648075724810342,-0.08043844137165303
sub-RID0576,SuperiorParietalLobule,-0.04250543463410485,-0.0088824310980548,0.007014326032123497
sub-RID0450,SuperiorParietalLobule,0.0038489032190726098,-0.03384529223808972,0.03334879722088638
sub-RID0433,SuperiorParietalLobule,-0.024276469003484208,-0.017786571440062633,-0.0022558610743976105
sub-RID0693,SuperiorParietalLobule,-0.01365312384693235,-0.01041040532346867,-0.006116983362386479
sub-RID0490,SuperiorParietalLobule,-0.018065716685271876,-0.035750531878311106,-0.021198951817644182
sub-RID0798,SuperiorParietalLobule,0.038617442402556094,-0.01654223803198016,0.036562848793405614
sub-RID0420,SuperiorParietalLobule,0.0040888611839296225,-0.038355622446801296,-0.033432332425952914
sub-RID0646,SuperiorParietalLobule,-0.00804399184593597,0.008700558747199447,0.07542323246668314
sub-RID0341,SuperiorParietalLobule,-0.022749374525939014,-0.03253883344721802,-0.05803645847503054
sub-RID0680,SuperiorParietalLobule,0.01977340902833498,0.007079020352077689,-0.05308422866032429
sub-RID0652,SuperiorParietalLobule,-0.002644235008512243,-0.024884475396824937,-0.035437314458714606
sub-RID0679,SuperiorParietalLobule,0.017636716450455003,-0.006325325403734703,0.021849754654436483
sub-RID0681,SuperiorParietalLobule,-0.06453340326540498,-0.05788756837814948,-0.08088221889657336
sub-RID0512,SuperiorParietalLobule,-0.0453530836323215,-0.03429599759702938,0.05844808755471186
sub-RID0571,SuperiorParietalLobule,0.011112287319288124,-0.03341112594310278,-0.08334831208739152
sub-RID0572,SuperiorParietalLobule,0.005018254243724532,0.0002557024811192799,0.15147839859390821
sub-RID0619,SuperiorParietalLobule,0.011261490734181841,-0.04024627321538577,-0.0417597201087737
sub-RID0697,SuperiorParietalLobule,-0.004785133410250877,-0.011898165315248564,0.04686293396250693
sub-RID0454,SuperiorParietalLobule,-0.012916623575335092,-0.023456109368898956,-0.016351946385165964
sub-RID0440,SuperiorParietalLobule,-0.003719209734730928,-0.013403611895283742,-0.025390133698039538
sub-RID0904,SuperiorParietalLobule,-0.04476590012151697,-0.015963654157991013,-0.030752439933979657
sub-RID0455,SuperiorParietalLobule,0.005535708740938531,-0.003316572871061927,-0.010609701316044341
sub-RID0408,SuperiorParietalLobule,-0.014198497417908604,-0.023063482274511344,-0.011060003654243202
sub-RID0365,SuperiorTemporalGyrusanteriordivision,-0.03682973724093829,-0.07040472452262969,-0.1270331253722925
sub-RID0592,SuperiorTemporalGyrusanteriordivision,-0.017160074077625632,-0.027281902999897557,-0.051989121954552506
sub-RID0662,SuperiorTemporalGyrusanteriordivision,-0.020761606354112786,-0.008280090963203094,-0.06446109707304351
sub-RID0522,SuperiorTemporalGyrusanteriordivision,-0.01843949114125826,-0.05289130428318393,-0.039007291546578435
sub-RID0587,SuperiorTemporalGyrusanteriordivision,-0.020840593021426067,-0.013292613512685845,-0.017998793533290473
sub-RID0663,SuperiorTemporalGyrusanteriordivision,-0.05097110178571237,-0.046994342247498946,0.024452814508555375
sub-RID0648,SuperiorTemporalGyrusanteriordivision,-0.09648079692812547,-0.03927550472509619,-0.03019144241440211
sub-RID0675,SuperiorTemporalGyrusanteriordivision,-0.012494569989329575,0.0810344389001171,-0.07989893251051465
sub-RID0372,SuperiorTemporalGyrusanteriordivision,0.010650937526693266,-0.050698498423684964,-0.05589739202638663
sub-RID0585,SuperiorTemporalGyrusanteriordivision,-0.04634967600726542,-0.0432399688440411,-0.12162173965704055
sub-RID0660,SuperiorTemporalGyrusanteriordivision,0.02111333037268093,-0.05569602820745903,-0.061991417586389506
sub-RID0591,SuperiorTemporalGyrusanteriordivision,-0.01803586379962015,-0.021413729417116462,0.0029343349035567245
sub-RID0659,SuperiorTemporalGyrusanteriordivision,-0.020690428805930795,-0.02336934894238052,-0.016489162537642685
sub-RID0597,SuperiorTemporalGyrusanteriordivision,0.029653097957437476,-0.040657032048954614,-0.0814003877664892
sub-RID0672,SuperiorTemporalGyrusanteriordivision,-0.03530979208988383,-0.04088556394155417,-0.06468116742752995
sub-RID0449,SuperiorTemporalGyrusanteriordivision,-0.01759313150457973,-0.024034927211131644,-0.07218454050252722
sub-RID0666,SuperiorTemporalGyrusanteriordivision,0.0051624132414070205,-0.024444502800244915,-0.029755427382395495
sub-RID0596,SuperiorTemporalGyrusanteriordivision,-0.04633345964878489,-0.02147667446954761,-0.03640079746005266
sub-RID0658,SuperiorTemporalGyrusanteriordivision,0.018291601853777057,-0.012210238235063198,-0.03305658452037518
sub-RID0583,SuperiorTemporalGyrusanteriordivision,-0.050367184927209006,-0.04958643110738876,0.0004981031043041593
sub-RID0448,SuperiorTemporalGyrusanteriordivision,-0.10409993674473181,0.004804915690369594,0.032491870673152935
sub-RID0415,SuperiorTemporalGyrusanteriordivision,0.0004500973022725219,-0.025605832395498858,-0.0133517908981051
sub-RID0673,SuperiorTemporalGyrusanteriordivision,-0.0439753938897034,-0.031499307986291504,-0.045797371994499625
sub-RID0688,SuperiorTemporalGyrusanteriordivision,-0.052012497074961195,-0.04188098995524639,-0.05568056217063302
sub-RID0670,SuperiorTemporalGyrusanteriordivision,0.029714170849595822,-0.025597719127683875,0.02219035784997852
sub-RID0578,SuperiorTemporalGyrusanteriordivision,-0.04250688192458022,-0.030091438599886174,0.005522796057223708
sub-RID0785,SuperiorTemporalGyrusanteriordivision,-0.013220346750493916,-0.02600270877266098,0.04088497442537018
sub-RID0595,SuperiorTemporalGyrusanteriordivision,-0.12925982025511618,-0.06943662409357222,-0.06974214737572046
sub-RID0665,SuperiorTemporalGyrusanteriordivision,0.03674606219326051,0.02211136494358951,0.014440776166362702
sub-RID0429,SuperiorTemporalGyrusanteriordivision,-0.06926333326386082,-0.06305558183282552,-0.0369803365238426
sub-RID0784,SuperiorTemporalGyrusanteriordivision,-0.06554073510924997,-0.05161187153058423,-0.1286554806175737
sub-RID0689,SuperiorTemporalGyrusanteriordivision,-0.007754571819633472,-0.018554307127360337,-0.07553098524114929
sub-RID0671,SuperiorTemporalGyrusanteriordivision,-0.09378844148696458,-0.23431473295604635,-0.9048022180063937
sub-RID0860,SuperiorTemporalGyrusanteriordivision,0.013468797460770733,0.0015005728195652717,-0.06293310304594402
sub-RID0925,SuperiorTemporalGyrusanteriordivision,-0.02402140951335597,-0.06259005778557261,-0.1341352120167227
sub-RID0664,SuperiorTemporalGyrusanteriordivision,-0.008512715432424468,-0.04332581370085299,-0.03714647899982216
sub-RID0791,SuperiorTemporalGyrusanteriordivision,0.01691855778879979,-0.011572382860227656,-0.03349722380770083
sub-RID0668,SuperiorTemporalGyrusanteriordivision,0.029827106560170135,-0.061867629150513054,-0.03238395629625741
sub-RID0656,SuperiorTemporalGyrusanteriordivision,0.004473583563735155,-0.05348931776522725,-0.0426344693640416
sub-RID0620,SuperiorTemporalGyrusanteriordivision,-0.0022713263370227337,-0.027991700343101552,-0.13091706446068302
sub-RID0396,SuperiorTemporalGyrusanteriordivision,-0.043059021532288244,-0.0279035112654407,-0.00835196451723411
sub-RID0383,SuperiorTemporalGyrusanteriordivision,-0.015689432342056428,0.026694418074922958,-0.049012411115579885
sub-RID0574,SuperiorTemporalGyrusanteriordivision,-0.0233507373107965,-0.006995241851630178,-0.030404961084832954
sub-RID0380,SuperiorTemporalGyrusanteriordivision,-0.0693200845878099,-0.020079907856284128,0.00022066189613969477
sub-RID0445,SuperiorTemporalGyrusanteriordivision,-0.08370341923392703,-0.0804122965868952,-0.12125476839824975
sub-RID0576,SuperiorTemporalGyrusanteriordivision,-0.0594798145254705,-0.04853339876133321,-0.015182453717869682
sub-RID0450,SuperiorTemporalGyrusanteriordivision,-0.045120085097584854,-0.04445875331437448,-0.0662528436663846
sub-RID0433,SuperiorTemporalGyrusanteriordivision,-0.040163400309389086,-0.007610591363087164,0.020921567556117453
sub-RID0693,SuperiorTemporalGyrusanteriordivision,-0.004946320562234693,-0.024541564273470817,-0.07214504010186903
sub-RID0490,SuperiorTemporalGyrusanteriordivision,-0.04145185482716532,-0.0009742153511613861,-0.02746650640036871
sub-RID0798,SuperiorTemporalGyrusanteriordivision,0.007491165241897626,-0.04443392912600157,-0.01465252442701275
sub-RID0420,SuperiorTemporalGyrusanteriordivision,-0.06575534184644263,-0.033568063698478985,-0.012019096904668824
sub-RID0646,SuperiorTemporalGyrusanteriordivision,-0.07558356818595692,-0.054611738480577716,-0.04176982094460945
sub-RID0341,SuperiorTemporalGyrusanteriordivision,-0.06303390078897665,-0.026826207104503067,-0.0969993939332874
sub-RID0680,SuperiorTemporalGyrusanteriordivision,0.014581682779386186,-0.018346187295980684,-0.007094667662601509
sub-RID0652,SuperiorTemporalGyrusanteriordivision,-0.03092583402929579,-0.03160042635497511,-0.03422081200072987
sub-RID0679,SuperiorTemporalGyrusanteriordivision,-0.018816658162644957,-0.04234760918967969,-0.0257234956013535
sub-RID0681,SuperiorTemporalGyrusanteriordivision,-0.12005463927947564,-0.08207491367567109,-0.1392053765391095
sub-RID0512,SuperiorTemporalGyrusanteriordivision,0.17334566916469887,0.21454319373499903,0.004046635778625234
sub-RID0571,SuperiorTemporalGyrusanteriordivision,0.05739289394725752,-0.0011842363854731922,-0.04079402353309097
sub-RID0572,SuperiorTemporalGyrusanteriordivision,0.06481061155252986,0.012087570538085478,0.052626878288419866
sub-RID0619,SuperiorTemporalGyrusanteriordivision,-0.034986955962164175,-0.03783807626713376,-0.08322583928571438
sub-RID0697,SuperiorTemporalGyrusanteriordivision,-0.016646146261748596,-0.037380115387456656,-0.150118052627866
sub-RID0454,SuperiorTemporalGyrusanteriordivision,-0.008335414952216109,-0.047969771350039894,-0.08154809221351655
sub-RID0440,SuperiorTemporalGyrusanteriordivision,-0.05788606163066185,-0.03682998836052144,0.006592766281417973
sub-RID0904,SuperiorTemporalGyrusanteriordivision,-0.023368980381101304,-0.0231254636404098,-0.026473730343803577
sub-RID0455,SuperiorTemporalGyrusanteriordivision,-0.006755046408676338,-0.024766450898171404,-0.028948474085412266
sub-RID0408,SuperiorTemporalGyrusanteriordivision,-0.028904546668990023,-0.04447106264043377,-0.012901627143672436
sub-RID0365,SuperiorTemporalGyrusposteriordivision,-0.05141195120112663,-0.08462282831415173,-0.02044380511331448
sub-RID0592,SuperiorTemporalGyrusposteriordivision,-0.02840508414500133,-0.04714190825008287,-0.0664156623293835
sub-RID0662,SuperiorTemporalGyrusposteriordivision,-0.07034824514569034,-0.07360855463357356,-0.0653899702159316
sub-RID0522,SuperiorTemporalGyrusposteriordivision,-0.039113534119909255,-0.05432502710942214,-0.012484895869521574
sub-RID0587,SuperiorTemporalGyrusposteriordivision,-0.02036589482622606,-0.0707140539196052,-0.013848335687147493
sub-RID0663,SuperiorTemporalGyrusposteriordivision,-0.08131208904271746,-0.07965020239588423,-0.07606382062157385
sub-RID0648,SuperiorTemporalGyrusposteriordivision,-0.11076793134730327,-0.08326943137652686,-0.07291258483469373
sub-RID0675,SuperiorTemporalGyrusposteriordivision,-0.02082762984527224,0.054870572503330696,-0.16073502621525912
sub-RID0372,SuperiorTemporalGyrusposteriordivision,-0.012944098577603369,-0.06740231613953344,-0.07827534296795079
sub-RID0585,SuperiorTemporalGyrusposteriordivision,-0.038824295596776304,-0.05030988639850126,-0.08878114814815465
sub-RID0660,SuperiorTemporalGyrusposteriordivision,-0.02212355070273138,-0.07136467703733002,-0.060034290177688535
sub-RID0591,SuperiorTemporalGyrusposteriordivision,-0.0689433420886317,-0.061696579707392146,-0.04855503841606018
sub-RID0659,SuperiorTemporalGyrusposteriordivision,-0.062127801653085436,-0.06173797094930679,-0.03741039862196253
sub-RID0597,SuperiorTemporalGyrusposteriordivision,-0.06404270932533312,-0.09489572132945569,-0.09532968453100878
sub-RID0672,SuperiorTemporalGyrusposteriordivision,-0.0626660690214678,-0.07475961265919828,-0.1099915674791106
sub-RID0449,SuperiorTemporalGyrusposteriordivision,-0.05055744881102683,-0.04900062499557378,-0.06696996208767866
sub-RID0666,SuperiorTemporalGyrusposteriordivision,-0.07716231153087134,-0.06641045391263822,-0.0654981208261604
sub-RID0596,SuperiorTemporalGyrusposteriordivision,-0.07154332885471942,-0.06380772572756492,-0.02173407706231168
sub-RID0658,SuperiorTemporalGyrusposteriordivision,-0.03653294621089462,-0.05607730160431354,-0.09494197824028992
sub-RID0583,SuperiorTemporalGyrusposteriordivision,-0.07602591375311978,-0.06193391280199289,-0.1595714178144819
sub-RID0448,SuperiorTemporalGyrusposteriordivision,-0.07659773017061307,-0.05448695907209435,-0.004880547242498404
sub-RID0415,SuperiorTemporalGyrusposteriordivision,-0.05747140361801876,-0.07221450654115107,-0.040043061237354335
sub-RID0673,SuperiorTemporalGyrusposteriordivision,-0.03260052810101053,-0.0441642861222312,-0.07913869615431203
sub-RID0688,SuperiorTemporalGyrusposteriordivision,-0.07620929863822291,-0.056191933038893145,-0.08152538368617422
sub-RID0670,SuperiorTemporalGyrusposteriordivision,0.009919997295718838,-0.04728310885342706,-0.03769342270066916
sub-RID0578,SuperiorTemporalGyrusposteriordivision,-0.08470535043556467,-0.07009172188977308,-0.05980414116543875
sub-RID0785,SuperiorTemporalGyrusposteriordivision,-0.04511715258704287,-0.06689527509604407,-0.07987274886670073
sub-RID0595,SuperiorTemporalGyrusposteriordivision,-0.14515551700666166,-0.11018454972740072,-0.08345772585814147
sub-RID0665,SuperiorTemporalGyrusposteriordivision,0.004413208604399402,-0.05192388744697274,0.006102500929578251
sub-RID0429,SuperiorTemporalGyrusposteriordivision,-0.0220691411789209,-0.0760174039007578,-0.030651164031793802
sub-RID0784,SuperiorTemporalGyrusposteriordivision,-0.04681869732728983,-0.03830988738751374,-0.07297211235965449
sub-RID0689,SuperiorTemporalGyrusposteriordivision,-0.05190349482072586,-0.0647270098674267,-0.06647178037558575
sub-RID0671,SuperiorTemporalGyrusposteriordivision,-0.070639024634956,-0.22175641099647722,-0.8435903226479291
sub-RID0860,SuperiorTemporalGyrusposteriordivision,-0.037740675824949034,-0.03627148780243323,0.0014228609623056642
sub-RID0925,SuperiorTemporalGyrusposteriordivision,-0.04266643021349974,-0.06912642659262853,-0.15896831828975344
sub-RID0664,SuperiorTemporalGyrusposteriordivision,-0.05087320971764174,-0.0699622110656291,-0.04833966946349582
sub-RID0791,SuperiorTemporalGyrusposteriordivision,-0.02953322552339803,-0.03236434286184953,-0.11025059556042872
sub-RID0668,SuperiorTemporalGyrusposteriordivision,-0.009573044094138623,-0.07960740242549105,-0.0647885299017617
sub-RID0656,SuperiorTemporalGyrusposteriordivision,-0.09428532456835377,-0.09075420070564166,-0.041400487989581736
sub-RID0620,SuperiorTemporalGyrusposteriordivision,-0.04756578462244823,-0.05121516243709195,-0.02114730611015669
sub-RID0396,SuperiorTemporalGyrusposteriordivision,-0.10378730513776961,-0.13291973596578027,-0.08748642596316196
sub-RID0383,SuperiorTemporalGyrusposteriordivision,-0.03744573546871014,-0.022637357581176697,-0.023969711630314645
sub-RID0574,SuperiorTemporalGyrusposteriordivision,-0.06797054565160592,-0.0690710950984106,-0.08457124319132765
sub-RID0380,SuperiorTemporalGyrusposteriordivision,-0.08634933592543019,-0.06669244793014543,-0.054266819311623596
sub-RID0445,SuperiorTemporalGyrusposteriordivision,-0.09219926368517167,-0.0876119672003175,-0.10659389741136059
sub-RID0576,SuperiorTemporalGyrusposteriordivision,-0.08293328704512891,-0.07535512332756222,-0.04280799745487785
sub-RID0450,SuperiorTemporalGyrusposteriordivision,-0.06560347647909343,-0.06972966692017592,-0.01565264584183639
sub-RID0433,SuperiorTemporalGyrusposteriordivision,-0.06031891340398469,-0.04892291365229664,-0.02121223336417468
sub-RID0693,SuperiorTemporalGyrusposteriordivision,-0.001570656399228806,-0.057009733382816515,-0.12849424971851575
sub-RID0490,SuperiorTemporalGyrusposteriordivision,-0.09683479395257734,-0.047467432381057835,-0.0505513737510779
sub-RID0798,SuperiorTemporalGyrusposteriordivision,0.04135250894981464,-0.05187995476256983,-0.0440816518684636
sub-RID0420,SuperiorTemporalGyrusposteriordivision,-0.05638507641676738,-0.030461861784749383,-0.07572635788032843
sub-RID0646,SuperiorTemporalGyrusposteriordivision,-0.07103540903760751,-0.09473247897771071,-0.06880986094229036
sub-RID0341,SuperiorTemporalGyrusposteriordivision,-0.08621660540457822,-0.0873652308306271,-0.1147174201127081
sub-RID0680,SuperiorTemporalGyrusposteriordivision,-0.035962368946876065,-0.05616120902580942,-0.08071771692191847
sub-RID0652,SuperiorTemporalGyrusposteriordivision,-0.07137090520772645,-0.0634808445924342,-0.038630569351642545
sub-RID0679,SuperiorTemporalGyrusposteriordivision,-0.061420567512463276,-0.08731789708002352,-0.09419731195998708
sub-RID0681,SuperiorTemporalGyrusposteriordivision,-0.12352919521293917,-0.08216813455814921,-0.12817057016375158
sub-RID0512,SuperiorTemporalGyrusposteriordivision,-0.03700806470775735,-0.033329960905980956,-0.04236806629757687
sub-RID0571,SuperiorTemporalGyrusposteriordivision,-0.04411764276416923,-0.04667178160969684,-0.09113674089420228
sub-RID0572,SuperiorTemporalGyrusposteriordivision,0.05208898801630396,-0.026183702881238592,-0.006625032220452069
sub-RID0619,SuperiorTemporalGyrusposteriordivision,-0.05141160548549268,-0.03776816829425356,-0.0502249799791454
sub-RID0697,SuperiorTemporalGyrusposteriordivision,-0.07089835991893685,-0.06116459876494182,-0.07972941105469415
sub-RID0454,SuperiorTemporalGyrusposteriordivision,-0.05322360057922195,-0.0913777338374447,-0.06735349397876553
sub-RID0440,SuperiorTemporalGyrusposteriordivision,-0.0536628454760018,-0.05670846596001808,0.01582908965323058
sub-RID0904,SuperiorTemporalGyrusposteriordivision,-0.04851802731113033,-0.033065810002261886,-0.019949005434406513
sub-RID0455,SuperiorTemporalGyrusposteriordivision,-0.029716382726584157,-0.06604986930679324,-0.045811033079922035
sub-RID0408,SuperiorTemporalGyrusposteriordivision,-0.03323586561331626,-0.05886291062895574,-0.0959133049942103
sub-RID0365,SupracalcarineCortex,-0.08077254644211909,-0.04355971879528572,-0.13505157957231728
sub-RID0592,SupracalcarineCortex,-0.007402115027785533,-0.0008107748012235964,-0.06552090926369404
sub-RID0662,SupracalcarineCortex,-0.008590612823524033,-0.015355960383518387,-0.024733776036064917
sub-RID0522,SupracalcarineCortex,0.01729438439472652,0.01989248236111537,-0.028967767131488614
sub-RID0587,SupracalcarineCortex,0.019938872265611262,0.023138147061943445,0.03802105999886414
sub-RID0663,SupracalcarineCortex,-0.03338829868910318,-0.020746769362701627,-0.02929103269811165
sub-RID0648,SupracalcarineCortex,-0.02351457182819391,-0.012032827875091514,0.022986240794431085
sub-RID0675,SupracalcarineCortex,-0.018334680450959692,-0.04472494763838083,0.14822068671819222
sub-RID0372,SupracalcarineCortex,0.007567080881283875,-0.013323514117852644,-0.007204529997022028
sub-RID0585,SupracalcarineCortex,-0.09282925387227603,-0.04515870551434812,-0.09047970513057568
sub-RID0660,SupracalcarineCortex,-0.00233252146440142,0.002721301394231213,-0.012821876300451396
sub-RID0591,SupracalcarineCortex,-0.007195608060081852,-0.009119994932651608,-0.06692645506431018
sub-RID0659,SupracalcarineCortex,-0.09166237733095238,-0.12128622521673867,-0.1702360252664513
sub-RID0597,SupracalcarineCortex,-0.04181555077677783,-0.01412456169955397,0.0029221582604977963
sub-RID0672,SupracalcarineCortex,-0.06539582772387884,-0.034286836012225555,-0.007459596755932398
sub-RID0449,SupracalcarineCortex,-0.045694733960992065,-0.030651825391237394,0.015087947499074546
sub-RID0666,SupracalcarineCortex,-0.10047692794841283,-0.04656020527092508,0.0597485792469736
sub-RID0596,SupracalcarineCortex,-0.027732318245442773,-0.019043920852683024,-0.06680900238742467
sub-RID0658,SupracalcarineCortex,0.03810289396502625,0.007717877305872719,-0.0059540491311339165
sub-RID0583,SupracalcarineCortex,0.07023576219746944,0.010673369734015878,0.03762072651499988
sub-RID0448,SupracalcarineCortex,-0.06703124027886732,-0.0339096056266717,-0.024709443229282445
sub-RID0415,SupracalcarineCortex,0.0009140032007705407,-0.028869478055369054,-0.00022864262196632947
sub-RID0673,SupracalcarineCortex,-0.036028380594439746,0.003605247016045578,-0.004416452596543402
sub-RID0688,SupracalcarineCortex,-0.015634987837830985,0.004129601534455886,-0.15926081394207592
sub-RID0670,SupracalcarineCortex,0.06647459449778434,0.030745726962694193,0.06190859071641619
sub-RID0578,SupracalcarineCortex,-0.014695698783255468,-0.02635761582533257,-0.014300561073998916
sub-RID0785,SupracalcarineCortex,-0.05972382252813152,-0.029266593135021925,-0.05185480545141848
sub-RID0595,SupracalcarineCortex,-0.07444209700068757,-0.08252119868039687,-0.03864741238883871
sub-RID0665,SupracalcarineCortex,-0.03894115606104938,-0.029101287490343762,-0.08306653448974721
sub-RID0429,SupracalcarineCortex,-0.03627623222534618,-0.01779253304885921,-0.04796309999083876
sub-RID0784,SupracalcarineCortex,-0.02959928547506985,-0.024692500362176448,0.0790576577049751
sub-RID0689,SupracalcarineCortex,-0.0720812416547096,-0.01082250933234645,-0.12276014897271996
sub-RID0671,SupracalcarineCortex,0.013947460378128709,0.028706848086103957,0.0181579675575584
sub-RID0860,SupracalcarineCortex,-0.003882724473752398,0.020936207265333948,-0.062479731405594555
sub-RID0925,SupracalcarineCortex,-0.021790009412335366,-0.022592291731683985,0.005012715522345931
sub-RID0664,SupracalcarineCortex,0.019416106934233502,0.007195472257808307,-0.002456854463082552
sub-RID0791,SupracalcarineCortex,0.02584743640572477,0.0430732517691281,-0.027701014799812775
sub-RID0668,SupracalcarineCortex,-0.02731943456215805,-0.01104801541120939,-0.00186782469960098
sub-RID0656,SupracalcarineCortex,0.011603514453938504,-0.008045227262705311,0.013337433914190976
sub-RID0620,SupracalcarineCortex,-0.00802896890965979,0.0019815256631194158,0.09943148146636191
sub-RID0396,SupracalcarineCortex,0.02744804588113545,-0.013623200974856541,-0.09006558962422428
sub-RID0383,SupracalcarineCortex,-0.0614993118989633,0.005596151180800084,0.01194718148081237
sub-RID0574,SupracalcarineCortex,0.006821985657065051,-0.000764790739259043,0.018287363659344993
sub-RID0380,SupracalcarineCortex,-0.00878690171360167,-0.029007850660604507,-0.10275052047028778
sub-RID0445,SupracalcarineCortex,-0.0601876071701654,-0.04384268051615122,-0.03043769202979068
sub-RID0576,SupracalcarineCortex,-0.016732617527068974,-0.03576638830539565,-0.052711345213480705
sub-RID0450,SupracalcarineCortex,0.0034908652824327223,-0.00029003848377850424,0.03245636721533287
sub-RID0433,SupracalcarineCortex,-0.01959691703451693,-0.00028609513660885844,-0.043068806877690574
sub-RID0693,SupracalcarineCortex,-0.0013741302348553948,-0.008213681409683544,0.039810247838544296
sub-RID0490,SupracalcarineCortex,-0.02105841702967369,-0.008981708910120222,-0.030019082275986254
sub-RID0798,SupracalcarineCortex,0.008786606541402715,-0.013932354914188599,-0.035018638188865164
sub-RID0420,SupracalcarineCortex,-0.03510815018038243,-0.02021673395819299,-0.034352856296991065
sub-RID0646,SupracalcarineCortex,-0.09156080639209667,-0.07938307391032295,-0.09354630251329754
sub-RID0341,SupracalcarineCortex,-0.004682780862083168,-0.0069896903823231556,-0.051404566440455546
sub-RID0680,SupracalcarineCortex,-0.05360870463892325,-0.00991750596196472,-0.15950200308937
sub-RID0652,SupracalcarineCortex,-0.10768611488463427,-0.08985322997479331,-0.14260486481130086
sub-RID0679,SupracalcarineCortex,-0.09657749983644506,-0.06650670558515316,-0.09053677209435691
sub-RID0681,SupracalcarineCortex,-0.06916164588272516,-0.059019976743479974,-0.1005154330216306
sub-RID0512,SupracalcarineCortex,-0.07048906276374209,-0.03369663764223493,-0.042274326673481424
sub-RID0571,SupracalcarineCortex,0.025344326374795487,-0.017912664997561178,-0.0012253787353683613
sub-RID0572,SupracalcarineCortex,-0.0074026849175156525,-0.008672869268255841,0.012979879968399674
sub-RID0619,SupracalcarineCortex,-0.04348271345783306,-0.024347423871008515,0.04589073680531151
sub-RID0697,SupracalcarineCortex,-0.07734796928575045,-0.007652351616173906,-0.02331017928870377
sub-RID0454,SupracalcarineCortex,-0.0038544158973294906,0.003333411925507084,0.05357808275267598
sub-RID0440,SupracalcarineCortex,-0.017855827117470646,-0.024376488067401145,0.0444057405308277
sub-RID0904,SupracalcarineCortex,0.037661828431714776,-0.04051369419922574,-0.07493228378639905
sub-RID0455,SupracalcarineCortex,0.02650486343198063,0.002580151523982077,0.0020701512315957154
sub-RID0408,SupracalcarineCortex,-0.034277080362662055,-0.025359516190333626,-0.01091112399646681
sub-RID0365,SupramarginalGyrusanteriordivision,-0.06703872180651534,-0.07031063985635236,-0.07317925933667321
sub-RID0592,SupramarginalGyrusanteriordivision,0.0013009207475205304,-0.03792684829425946,-0.021680982770736008
sub-RID0662,SupramarginalGyrusanteriordivision,-0.013206707231335536,-0.04366494582383951,-0.04508387983031605
sub-RID0522,SupramarginalGyrusanteriordivision,-0.026244495448810717,-0.06961009270603838,-0.01955668593597498
sub-RID0587,SupramarginalGyrusanteriordivision,-0.0063174501595489015,-0.051829470318873264,-0.041612478957960844
sub-RID0663,SupramarginalGyrusanteriordivision,-0.08268350214481013,-0.0771740766681989,-0.10559639053257472
sub-RID0648,SupramarginalGyrusanteriordivision,-0.06156062286099931,-0.071988341800489,-0.033592300379137956
sub-RID0675,SupramarginalGyrusanteriordivision,-0.0036677494842986993,-0.022078405769507627,-0.17177828619524915
sub-RID0372,SupramarginalGyrusanteriordivision,-0.020141622885245257,-0.06790339662058528,-0.012337788939256208
sub-RID0585,SupramarginalGyrusanteriordivision,-0.061669228234654615,-0.06656843496107022,-0.043109058753449565
sub-RID0660,SupramarginalGyrusanteriordivision,-0.03145908728407983,-0.048978673230046316,-0.0532615720360352
sub-RID0591,SupramarginalGyrusanteriordivision,-0.0393325508220813,-0.03384016449690306,-0.042583338829857015
sub-RID0659,SupramarginalGyrusanteriordivision,-0.05701959017784192,-0.04371665909900659,-0.032013750494931055
sub-RID0597,SupramarginalGyrusanteriordivision,-0.03248183843285744,-0.04858326210041593,-0.033033564114141586
sub-RID0672,SupramarginalGyrusanteriordivision,-0.04912983238355192,-0.08787720791331866,-0.07433928186442287
sub-RID0449,SupramarginalGyrusanteriordivision,-0.07486198119822235,-0.036385067562113446,-0.05956894225829578
sub-RID0666,SupramarginalGyrusanteriordivision,-0.09941910365404323,-0.052421115962122414,-0.04256312365218974
sub-RID0596,SupramarginalGyrusanteriordivision,-0.04993997136129731,-0.06338123793071562,-0.032524810202901384
sub-RID0658,SupramarginalGyrusanteriordivision,-0.005032865104731402,-0.04675024835864883,-0.0757821456039772
sub-RID0583,SupramarginalGyrusanteriordivision,-0.1170206511933596,-0.1292300728157123,-0.1789215520076309
sub-RID0448,SupramarginalGyrusanteriordivision,-0.06727238597838373,-0.07274191770668716,-0.11084394103760369
sub-RID0415,SupramarginalGyrusanteriordivision,-0.04459942532760268,-0.028936684059139444,-0.06349213974805623
sub-RID0673,SupramarginalGyrusanteriordivision,-0.06341412379838521,-0.05159292010042925,-0.06963228393408095
sub-RID0688,SupramarginalGyrusanteriordivision,-0.03376752610838161,-0.01933126184193753,0.0018808362298470013
sub-RID0670,SupramarginalGyrusanteriordivision,-0.03594536045631306,-0.043686962572044866,-0.060611540158165125
sub-RID0578,SupramarginalGyrusanteriordivision,-0.07448931388877016,-0.05429004316862985,-0.0337089308897382
sub-RID0785,SupramarginalGyrusanteriordivision,-0.06814518821897254,-0.07103827294462078,-0.12521561499127276
sub-RID0595,SupramarginalGyrusanteriordivision,-0.04740749156302944,-0.09028722634287194,-0.030947890687193228
sub-RID0665,SupramarginalGyrusanteriordivision,-0.024711102074814303,-0.05014769815817923,-0.040656642181844393
sub-RID0429,SupramarginalGyrusanteriordivision,-0.056384536562223246,-0.07227792905531884,-0.08320152426968587
sub-RID0784,SupramarginalGyrusanteriordivision,-0.06640862889871606,-0.053264867023525043,-0.11479768566353647
sub-RID0689,SupramarginalGyrusanteriordivision,-0.04411494035624818,-0.04717450072480593,-0.051743362886199386
sub-RID0671,SupramarginalGyrusanteriordivision,-0.032693761120207325,-0.13996162853547692,-0.6787800224972509
sub-RID0860,SupramarginalGyrusanteriordivision,-0.06447776889876103,-0.03475412735730107,-0.019113993748291962
sub-RID0925,SupramarginalGyrusanteriordivision,-0.1933049392686542,-0.11874386460682594,-0.09722749195306492
sub-RID0664,SupramarginalGyrusanteriordivision,-0.06289515805119489,-0.07073276124345661,-0.0035498465502955393
sub-RID0791,SupramarginalGyrusanteriordivision,-0.031212475596521537,-0.037818255284823486,-0.061799035955446883
sub-RID0668,SupramarginalGyrusanteriordivision,-0.013028668496332094,-0.04049863580776824,-0.0765934852009829
sub-RID0656,SupramarginalGyrusanteriordivision,-0.06437868925679875,-0.06049405296010423,-0.06974105666781953
sub-RID0620,SupramarginalGyrusanteriordivision,-0.06927944345774516,-0.06341909341987739,-0.006811193743537993
sub-RID0396,SupramarginalGyrusanteriordivision,-0.06948262981485745,-0.0825066229111819,0.016011762416566596
sub-RID0383,SupramarginalGyrusanteriordivision,-0.039730330687376636,-0.024839881695085487,-0.03699424050495978
sub-RID0574,SupramarginalGyrusanteriordivision,-0.05667558942168264,-0.06026362338061962,-0.05643616779774916
sub-RID0380,SupramarginalGyrusanteriordivision,-0.048489188945415006,-0.03535560516710639,-0.048788134961157595
sub-RID0445,SupramarginalGyrusanteriordivision,-0.09637733906859303,-0.11477717808556476,-0.20573949401609393
sub-RID0576,SupramarginalGyrusanteriordivision,-0.05529678535516657,-0.021190269065577947,0.03099737103083776
sub-RID0450,SupramarginalGyrusanteriordivision,-0.048189052519892715,-0.05027083618768461,-0.0014878883926217788
sub-RID0433,SupramarginalGyrusanteriordivision,-0.0882760083751701,-0.046962072572353505,0.05366582456880551
sub-RID0693,SupramarginalGyrusanteriordivision,-0.05463723271963499,-0.084427036144364,-0.13221415016224075
sub-RID0490,SupramarginalGyrusanteriordivision,-0.04803618253478668,-0.06152423352714932,-0.03641037709334117
sub-RID0798,SupramarginalGyrusanteriordivision,0.032749299207367376,-0.04219813445465757,-0.04229746749587642
sub-RID0420,SupramarginalGyrusanteriordivision,-0.07349270193256821,-0.07531095796574837,-0.10190486395961608
sub-RID0646,SupramarginalGyrusanteriordivision,-0.05492950654209833,-0.05528093770752568,-0.028647789943038147
sub-RID0341,SupramarginalGyrusanteriordivision,-0.06461977478500068,-0.07339097351841456,-0.06110226534795925
sub-RID0680,SupramarginalGyrusanteriordivision,-0.039041044332785255,-0.04851051831634714,-0.07188117709339362
sub-RID0652,SupramarginalGyrusanteriordivision,-0.08441543688409067,-0.08025262125283637,-0.07286742233191423
sub-RID0679,SupramarginalGyrusanteriordivision,-0.05509998290301421,-0.06554268620506043,-0.07970794482030076
sub-RID0681,SupramarginalGyrusanteriordivision,-0.06980176013790669,-0.08964230707103911,-0.12171593521928124
sub-RID0512,SupramarginalGyrusanteriordivision,-0.1054093176519071,-0.08948040467287102,-0.1333616082678142
sub-RID0571,SupramarginalGyrusanteriordivision,-0.0176087406808018,-0.02905420512439646,-0.04442056495096844
sub-RID0572,SupramarginalGyrusanteriordivision,-0.016284124044222803,-0.029907962274667427,-0.003794688736437247
sub-RID0619,SupramarginalGyrusanteriordivision,-0.01558684606821759,-0.04100477252035712,-0.05537485281709392
sub-RID0697,SupramarginalGyrusanteriordivision,-0.06796171363476383,-0.036573747890503355,-0.013787694343266611
sub-RID0454,SupramarginalGyrusanteriordivision,-0.029947024662196783,-0.04299219431601499,-0.0486546567294346
sub-RID0440,SupramarginalGyrusanteriordivision,-0.06254163606580028,-0.04802236176766081,-0.0054517526833706914
sub-RID0904,SupramarginalGyrusanteriordivision,-0.10673498338219206,-0.09423167108706385,-0.09106754459428956
sub-RID0455,SupramarginalGyrusanteriordivision,-0.05195835910424331,-0.04898072900477511,-0.036007769431659335
sub-RID0408,SupramarginalGyrusanteriordivision,-0.03733494788901945,-0.05132316440603357,-0.07540004333747778
sub-RID0365,SupramarginalGyrusposteriordivision,-0.039666376907235984,-0.06769947453412666,-0.015435083878495274
sub-RID0592,SupramarginalGyrusposteriordivision,-0.006695875991761977,-0.032442709307566195,-0.011680834686799401
sub-RID0662,SupramarginalGyrusposteriordivision,-0.04276606319946123,-0.052406417961280996,-0.04004686921550513
sub-RID0522,SupramarginalGyrusposteriordivision,-0.05024925725335454,-0.06553842403532692,-0.03607803874052328
sub-RID0587,SupramarginalGyrusposteriordivision,0.019750114684875333,-0.05708965347821621,-0.03802659970937929
sub-RID0663,SupramarginalGyrusposteriordivision,-0.08134239080746289,-0.06264958896788171,-0.07917750130300484
sub-RID0648,SupramarginalGyrusposteriordivision,-0.07218094112443886,-0.07889042248785026,-0.06723589722174435
sub-RID0675,SupramarginalGyrusposteriordivision,-0.021516135862430945,0.006192487409470594,-0.07666648332987462
sub-RID0372,SupramarginalGyrusposteriordivision,-0.02663178871268752,-0.07484040184538104,0.0053617511210072065
sub-RID0585,SupramarginalGyrusposteriordivision,-0.0026883482725216638,-0.03495725973135735,-0.03385985639540044
sub-RID0660,SupramarginalGyrusposteriordivision,-0.030714656348695232,-0.07443872054580637,-0.1032746375260213
sub-RID0591,SupramarginalGyrusposteriordivision,-0.07877808271330805,-0.05337263101504655,-0.026082889607831547
sub-RID0659,SupramarginalGyrusposteriordivision,-0.07072337666305216,-0.06446318847855524,-0.032741370946706955
sub-RID0597,SupramarginalGyrusposteriordivision,-0.034864088541258276,-0.05714927161494739,-0.05491492109280738
sub-RID0672,SupramarginalGyrusposteriordivision,-0.02737050963462542,-0.04405476441704874,-0.02074380172496123
sub-RID0449,SupramarginalGyrusposteriordivision,-0.08668658488480507,-0.04973417042556664,-0.08492108232199524
sub-RID0666,SupramarginalGyrusposteriordivision,-0.062146107493846685,-0.05308676442394942,-0.04777078644919389
sub-RID0596,SupramarginalGyrusposteriordivision,-0.0717678144898109,-0.06739973146820977,-0.04695306995617108
sub-RID0658,SupramarginalGyrusposteriordivision,0.006494064567179959,-0.02175507049381018,-0.04528112124759796
sub-RID0583,SupramarginalGyrusposteriordivision,-0.08120519454847187,-0.10298052438657042,-0.14641423259863295
sub-RID0448,SupramarginalGyrusposteriordivision,-0.0488005838055904,-0.08164683955936872,-0.10905277371084965
sub-RID0415,SupramarginalGyrusposteriordivision,-0.05252921127070495,-0.06191814549813776,-0.030276773616278833
sub-RID0673,SupramarginalGyrusposteriordivision,-0.03604048841915581,-0.04657018742835792,-0.08713431052176714
sub-RID0688,SupramarginalGyrusposteriordivision,-0.013425864621663872,-0.05403765310338339,-0.05885183816457442
sub-RID0670,SupramarginalGyrusposteriordivision,-0.04459579856331714,-0.056898782779054184,-0.001712364521917574
sub-RID0578,SupramarginalGyrusposteriordivision,-0.03901478698994871,-0.04105079689097746,0.0017588522762307889
sub-RID0785,SupramarginalGyrusposteriordivision,-0.05406747210369434,-0.055544523289571913,-0.04872046738963849
sub-RID0595,SupramarginalGyrusposteriordivision,-0.04965752437516604,-0.0755406363364114,-0.006477208330451127
sub-RID0665,SupramarginalGyrusposteriordivision,-0.01836419645201528,-0.05113661838030758,0.010669547668720428
sub-RID0429,SupramarginalGyrusposteriordivision,-0.024006645592439486,-0.07297574416980433,0.02806551396443134
sub-RID0784,SupramarginalGyrusposteriordivision,-0.06599626016013269,-0.06170759705720843,-0.04553751325882419
sub-RID0689,SupramarginalGyrusposteriordivision,-0.0558098447315773,-0.05484600805013726,-0.07530154623616275
sub-RID0671,SupramarginalGyrusposteriordivision,-0.029728175769892312,-0.1528903703113212,-0.7574397744797206
sub-RID0860,SupramarginalGyrusposteriordivision,-0.039471345928259335,-0.03047332499082724,-0.01532646213701943
sub-RID0925,SupramarginalGyrusposteriordivision,-0.3347951197744039,-0.23185361909288632,-0.44933767401452035
sub-RID0664,SupramarginalGyrusposteriordivision,-0.053366594414179014,-0.06135086222249215,0.03037813644977
sub-RID0791,SupramarginalGyrusposteriordivision,-0.038884364310168534,-0.05218267024280182,-0.07409059150658821
sub-RID0668,SupramarginalGyrusposteriordivision,-0.02973280696206996,-0.07569859898650923,-0.022916011574520254
sub-RID0656,SupramarginalGyrusposteriordivision,-0.05194997333177644,-0.0729929945471104,-0.09143145973253991
sub-RID0620,SupramarginalGyrusposteriordivision,-0.06448385835253821,-0.06190183674042575,-0.10705411636337246
sub-RID0396,SupramarginalGyrusposteriordivision,-0.06453834825614209,-0.10140135421278099,-0.05970787108258754
sub-RID0383,SupramarginalGyrusposteriordivision,-0.042741575582219235,-0.0171652054647119,0.059055621568436134
sub-RID0574,SupramarginalGyrusposteriordivision,-0.05718067872530507,-0.06053276363663882,-0.12577995864191524
sub-RID0380,SupramarginalGyrusposteriordivision,-0.05581097270678303,-0.04040424627504583,-0.02350465888390467
sub-RID0445,SupramarginalGyrusposteriordivision,-0.0788173388065218,-0.09644829189215819,-0.1725709816616127
sub-RID0576,SupramarginalGyrusposteriordivision,-0.10394459404834862,-0.04832067403156736,-0.0776465012893031
sub-RID0450,SupramarginalGyrusposteriordivision,-0.0580274355090571,-0.058432817165703546,-0.02354561904379203
sub-RID0433,SupramarginalGyrusposteriordivision,-0.08221140273734305,-0.04757116254948719,0.07669190091633177
sub-RID0693,SupramarginalGyrusposteriordivision,-0.020246385880553,-0.06253180950504757,-0.06636347136771946
sub-RID0490,SupramarginalGyrusposteriordivision,-0.0528399033951128,-0.04334425171322291,-0.05552932489268066
sub-RID0798,SupramarginalGyrusposteriordivision,0.03631704811763813,-0.05685666847678288,-0.020526321513268456
sub-RID0420,SupramarginalGyrusposteriordivision,-0.05452898101781454,-0.07523153392555704,-0.0531943839937139
sub-RID0646,SupramarginalGyrusposteriordivision,-0.04662711731539944,-0.07351145448133399,-0.02894433073416877
sub-RID0341,SupramarginalGyrusposteriordivision,-0.0505668011437858,-0.06521374320041455,-0.06831180319665225
sub-RID0680,SupramarginalGyrusposteriordivision,-0.0047368729157022055,-0.02070803358429592,-0.05589675524897978
sub-RID0652,SupramarginalGyrusposteriordivision,-0.051641113401852796,-0.05269666703025461,-0.0222145405303749
sub-RID0679,SupramarginalGyrusposteriordivision,-0.026674832470344412,-0.04510904140939478,-0.032086526386659264
sub-RID0681,SupramarginalGyrusposteriordivision,-0.0771494215804806,-0.08389565454351398,-0.09280149181116758
sub-RID0512,SupramarginalGyrusposteriordivision,-0.07118794902316303,-0.06600527856972553,-0.07268639749865018
sub-RID0571,SupramarginalGyrusposteriordivision,0.0030990306009168796,-0.03319741181233506,-0.03907406133368133
sub-RID0572,SupramarginalGyrusposteriordivision,-0.018939615816558706,-0.03359690153475929,0.006944197984885159
sub-RID0619,SupramarginalGyrusposteriordivision,-0.024255144424461715,-0.045394314098201445,-0.07880312911510708
sub-RID0697,SupramarginalGyrusposteriordivision,-0.0343338640054303,-0.048394720023884584,0.013071480325877644
sub-RID0454,SupramarginalGyrusposteriordivision,-0.0421697021876987,-0.060433368399214524,-0.027281050222131446
sub-RID0440,SupramarginalGyrusposteriordivision,-0.04323632788865358,-0.04827170175725787,-0.013338618904105589
sub-RID0904,SupramarginalGyrusposteriordivision,-0.034700925907179526,-0.053382866591223425,-0.06128835419679369
sub-RID0455,SupramarginalGyrusposteriordivision,-0.01571645236307221,-0.03845019833076296,-0.03425913532875641
sub-RID0408,SupramarginalGyrusposteriordivision,-0.03606459675528992,-0.06723303413337936,-0.0584118867396701
sub-RID0365,TemporalFusiformCortexanteriordivision,0.03610664246162445,0.02180766479246634,-0.050648227004442506
sub-RID0592,TemporalFusiformCortexanteriordivision,-0.020959492202902812,-0.015634189322111598,0.005985154341986817
sub-RID0662,TemporalFusiformCortexanteriordivision,0.009819948586959296,0.015346550672824479,0.017283256410481007
sub-RID0522,TemporalFusiformCortexanteriordivision,0.05349797552362565,-0.01840894492102881,0.028964727803252772
sub-RID0587,TemporalFusiformCortexanteriordivision,0.008160989679939954,-0.007319163311663413,0.12130569546196468
sub-RID0663,TemporalFusiformCortexanteriordivision,-0.045288088144789705,-0.06490398961472002,-0.014719599549961344
sub-RID0648,TemporalFusiformCortexanteriordivision,-0.08392783591075323,-0.00816135914695128,0.022782952384384415
sub-RID0675,TemporalFusiformCortexanteriordivision,0.05040078077238905,-0.05159957763102661,-0.6528560281730186
sub-RID0372,TemporalFusiformCortexanteriordivision,0.03936072500702994,-0.0007735656079345525,0.0672478500689934
sub-RID0585,TemporalFusiformCortexanteriordivision,-0.030729846550869664,-0.016593988121111604,-0.1375034446669006
sub-RID0660,TemporalFusiformCortexanteriordivision,0.03733321423246161,-0.004769986190317677,-0.07404277953646851
sub-RID0591,TemporalFusiformCortexanteriordivision,0.007526504624695383,0.006203362635402279,0.14615390106228857
sub-RID0659,TemporalFusiformCortexanteriordivision,0.013270942343319374,-0.0232971273149957,0.056798320806540986
sub-RID0597,TemporalFusiformCortexanteriordivision,-0.004637054968785367,-0.018557748658747594,-0.22092716938532014
sub-RID0672,TemporalFusiformCortexanteriordivision,-0.006789617636083082,-0.0033279674853254953,0.009289311804294417
sub-RID0449,TemporalFusiformCortexanteriordivision,0.05745700488418575,-0.014920048270213922,0.046485222529954684
sub-RID0666,TemporalFusiformCortexanteriordivision,0.013592561456601461,-0.014127611148742628,0.013111598113878423
sub-RID0596,TemporalFusiformCortexanteriordivision,-0.013924152186012489,0.01761779302429434,-0.08567556346652272
sub-RID0658,TemporalFusiformCortexanteriordivision,0.04137348407830837,0.055272439977504216,0.09147989275718739
sub-RID0583,TemporalFusiformCortexanteriordivision,-0.05189057299811954,-0.07806731856640263,-0.18359543162027106
sub-RID0448,TemporalFusiformCortexanteriordivision,-0.0579809157649218,-0.00020087171584661835,-0.09543583400031827
sub-RID0415,TemporalFusiformCortexanteriordivision,-0.004423939044799629,-0.03857474091139347,-0.06562874483387235
sub-RID0673,TemporalFusiformCortexanteriordivision,0.02130245104258235,0.022830918118515876,0.11153773860924396
sub-RID0688,TemporalFusiformCortexanteriordivision,0.018432083189082904,-0.026094983508660997,-0.021267729891469377
sub-RID0670,TemporalFusiformCortexanteriordivision,0.045371167214128365,-0.006743358568847022,-0.0014405885983691657
sub-RID0578,TemporalFusiformCortexanteriordivision,0.010296529421042562,0.013875908719237055,0.015593789869528397
sub-RID0785,TemporalFusiformCortexanteriordivision,-0.0010698477014043789,-0.011967777523759967,-0.17991344928171463
sub-RID0595,TemporalFusiformCortexanteriordivision,-0.04327519691511457,0.003651485619193588,0.019493194418692357
sub-RID0665,TemporalFusiformCortexanteriordivision,0.06639150735035218,0.061717136855451465,0.2440323740473093
sub-RID0429,TemporalFusiformCortexanteriordivision,0.010635370964092419,-0.007335565763877399,0.2002809569144859
sub-RID0784,TemporalFusiformCortexanteriordivision,-0.020430344536862585,-0.00037940961038756155,-0.11442040067628165
sub-RID0689,TemporalFusiformCortexanteriordivision,-0.06902894980939556,0.01671476024905485,0.09773543819099614
sub-RID0671,TemporalFusiformCortexanteriordivision,-0.06890575354672235,-0.03920035500325941,0.007763002820398434
sub-RID0860,TemporalFusiformCortexanteriordivision,-0.07840778804007842,-0.14480897774206028,-78.66797525875772
sub-RID0925,TemporalFusiformCortexanteriordivision,0.024878781136489614,0.011907904329138151,0.02911205531374878
sub-RID0664,TemporalFusiformCortexanteriordivision,0.035016833599459056,0.023768613989730132,0.015227712435435163
sub-RID0791,TemporalFusiformCortexanteriordivision,0.03813776545413035,-0.0205363529157721,0.04265267536101232
sub-RID0668,TemporalFusiformCortexanteriordivision,0.01193760699611771,-0.007520512267558489,0.005834614813943338
sub-RID0656,TemporalFusiformCortexanteriordivision,-0.018526353757501782,-0.012527787416787702,0.03372819036488714
sub-RID0620,TemporalFusiformCortexanteriordivision,0.008319085669768432,0.011973205407823106,0.11777020561921915
sub-RID0396,TemporalFusiformCortexanteriordivision,0.005731169205644359,-0.02097904157129703,0.06633265555062037
sub-RID0383,TemporalFusiformCortexanteriordivision,-0.024408886731280284,0.002022064148160609,-0.0026439342223581017
sub-RID0574,TemporalFusiformCortexanteriordivision,-0.01651524492282724,-0.013666380902876042,0.06380702473651378
sub-RID0380,TemporalFusiformCortexanteriordivision,-0.04680366821210008,-0.0514349863265484,-0.19161551991588655
sub-RID0445,TemporalFusiformCortexanteriordivision,-0.04342026327314946,-0.026098068847766425,-0.09474636615204018
sub-RID0576,TemporalFusiformCortexanteriordivision,0.0065720839133133644,-0.0019108769869822567,-0.015520153725626687
sub-RID0450,TemporalFusiformCortexanteriordivision,0.01045614974034225,-0.022561053860701508,0.027713009350871644
sub-RID0433,TemporalFusiformCortexanteriordivision,0.010680315625867494,-0.009772091276372725,0.19062790221688444
sub-RID0693,TemporalFusiformCortexanteriordivision,0.029716493615990526,0.03280203651805801,0.1622435393757631
sub-RID0490,TemporalFusiformCortexanteriordivision,-0.0254340674966739,0.012009883277487605,0.004346753434532377
sub-RID0798,TemporalFusiformCortexanteriordivision,0.08767155516609033,-0.007115392677950525,0.04939566755655524
sub-RID0420,TemporalFusiformCortexanteriordivision,-0.04052067439276306,0.009367325108530257,-0.047791103380709465
sub-RID0646,TemporalFusiformCortexanteriordivision,-0.003742977556542546,-0.029326588717805167,0.021729666224975172
sub-RID0341,TemporalFusiformCortexanteriordivision,-0.023877335240667496,-0.012559934175169452,-0.07545559234805008
sub-RID0680,TemporalFusiformCortexanteriordivision,0.02463502514286384,-0.02925316063884077,0.07572318612747603
sub-RID0652,TemporalFusiformCortexanteriordivision,-0.022216402550352333,0.002010817710015147,0.025333077785114854
sub-RID0679,TemporalFusiformCortexanteriordivision,0.007064038255383833,-0.015633919564604616,0.061157038815477995
sub-RID0681,TemporalFusiformCortexanteriordivision,-0.042347265107529154,-0.04128266464904146,0.0345065977218603
sub-RID0512,TemporalFusiformCortexanteriordivision,0.10774594738011214,0.3344131030079748,0.1992268707034169
sub-RID0571,TemporalFusiformCortexanteriordivision,0.04744082716994632,0.00031795277476335404,-0.033672322882174054
sub-RID0572,TemporalFusiformCortexanteriordivision,0.08539679926234046,0.013848430010304872,0.23786669337368435
sub-RID0619,TemporalFusiformCortexanteriordivision,-0.007752569427169984,-0.008584300269546109,-0.02161923324086357
sub-RID0697,TemporalFusiformCortexanteriordivision,-0.0019205160029186386,-0.03364066770102175,-0.018321079879594734
sub-RID0454,TemporalFusiformCortexanteriordivision,-0.07602199140788837,-0.23082703029088358,-0.49054342419072766
sub-RID0440,TemporalFusiformCortexanteriordivision,-0.020955857404075868,-0.027921918214829807,-0.10207317182101894
sub-RID0904,TemporalFusiformCortexanteriordivision,0.010312555296177583,-0.014054471570543984,-0.17376305595381092
sub-RID0455,TemporalFusiformCortexanteriordivision,0.04757815832378904,0.03405010394122378,0.09455216124047612
sub-RID0408,TemporalFusiformCortexanteriordivision,-0.012271465063361242,-0.011524878164471663,0.05144255801826791
sub-RID0365,TemporalFusiformCortexposteriordivision,0.05614576954881808,0.05065484150280351,0.023898525115391384
sub-RID0592,TemporalFusiformCortexposteriordivision,0.05327018913149795,0.03720568685226327,0.017094271093264807
sub-RID0662,TemporalFusiformCortexposteriordivision,0.06460444670064457,0.022273013311472637,0.012997330507007401
sub-RID0522,TemporalFusiformCortexposteriordivision,0.06930507254144117,0.0027883974696804475,0.0725545847674039
sub-RID0587,TemporalFusiformCortexposteriordivision,0.06449284268242539,0.018186294594431537,0.04084723161477354
sub-RID0663,TemporalFusiformCortexposteriordivision,-0.0015465117824520738,-0.0005020775258363962,-0.022358266774946386
sub-RID0648,TemporalFusiformCortexposteriordivision,-0.03524458183876533,0.03410136187090047,-0.011929195756553072
sub-RID0675,TemporalFusiformCortexposteriordivision,0.06904184201737637,0.0448129133737668,0.17499477620365958
sub-RID0372,TemporalFusiformCortexposteriordivision,0.06943712632464588,0.0393145899417006,-0.03015747940059725
sub-RID0585,TemporalFusiformCortexposteriordivision,0.012053246549074926,0.0127525204711181,-0.010368191155518045
sub-RID0660,TemporalFusiformCortexposteriordivision,0.08430117967691761,0.01579365435721368,-0.002264062811601479
sub-RID0591,TemporalFusiformCortexposteriordivision,0.06124715158488308,0.06788456830847571,0.1040883064465964
sub-RID0659,TemporalFusiformCortexposteriordivision,-0.009008090688412983,0.01889013763915061,0.07790837388441588
sub-RID0597,TemporalFusiformCortexposteriordivision,0.023011042536725347,0.03147364252428428,-0.07660834214805344
sub-RID0672,TemporalFusiformCortexposteriordivision,0.05339258129161774,0.019775870361821418,0.06096075931927662
sub-RID0449,TemporalFusiformCortexposteriordivision,0.01985488042685302,0.048681023281984745,0.03540241594583834
sub-RID0666,TemporalFusiformCortexposteriordivision,0.04732295676794016,0.03515492088749935,0.05114676561903102
sub-RID0596,TemporalFusiformCortexposteriordivision,0.0074228148301459405,0.026795105632683617,0.0368984241417126
sub-RID0658,TemporalFusiformCortexposteriordivision,0.030301314605405413,0.03639472229315988,0.03669181936487785
sub-RID0583,TemporalFusiformCortexposteriordivision,0.020827503595280503,0.037387620735351894,-0.026643303628480865
sub-RID0448,TemporalFusiformCortexposteriordivision,0.03269213097688456,0.05499339760473828,0.0036687247595336477
sub-RID0415,TemporalFusiformCortexposteriordivision,0.06666490577749316,0.01633551732021391,0.009842019011860907
sub-RID0673,TemporalFusiformCortexposteriordivision,0.05137006056713934,0.02027653596784672,-0.019399921933575467
sub-RID0688,TemporalFusiformCortexposteriordivision,0.04556836799905941,0.028833288156627116,-0.005524577888750838
sub-RID0670,TemporalFusiformCortexposteriordivision,0.08434845839364226,0.03431907442018085,0.09038633134922061
sub-RID0578,TemporalFusiformCortexposteriordivision,0.04544353876509094,0.04938462873810376,0.06940887871686964
sub-RID0785,TemporalFusiformCortexposteriordivision,0.04729044435831975,0.04835305526846183,-0.04655007785271633
sub-RID0595,TemporalFusiformCortexposteriordivision,-0.006803980023217654,0.06177370190035969,0.042483884795505925
sub-RID0665,TemporalFusiformCortexposteriordivision,0.08377290077280142,0.049850068468052885,0.04646977609782699
sub-RID0429,TemporalFusiformCortexposteriordivision,0.02561682472360536,0.0385861272672748,0.08990227627349416
sub-RID0784,TemporalFusiformCortexposteriordivision,0.0049222915613002256,0.05284921550121951,-0.00023899086713471252
sub-RID0689,TemporalFusiformCortexposteriordivision,0.024527677839205515,0.04111408776676017,-0.0119302995200697
sub-RID0671,TemporalFusiformCortexposteriordivision,-0.01438181174673751,-0.029648679727694804,-0.16407182717415875
sub-RID0860,TemporalFusiformCortexposteriordivision,0.05036320966167339,0.04234151481580656,-0.015317456785990268
sub-RID0925,TemporalFusiformCortexposteriordivision,0.045966476865699456,0.019552172664399375,-0.014737105809663094
sub-RID0664,TemporalFusiformCortexposteriordivision,0.05616404778216793,0.07079945063372148,0.08548641366280368
sub-RID0791,TemporalFusiformCortexposteriordivision,0.03674817051701384,0.021538973769450083,0.013410681390378655
sub-RID0668,TemporalFusiformCortexposteriordivision,0.006663041418578087,0.010779691307275116,0.04415735537662413
sub-RID0656,TemporalFusiformCortexposteriordivision,0.036758015143449126,0.07065562240595169,0.0334791021342926
sub-RID0620,TemporalFusiformCortexposteriordivision,0.015471785733660138,0.025166142237781002,0.041556710594435504
sub-RID0396,TemporalFusiformCortexposteriordivision,0.04181573982657833,0.07136622949975677,0.11161250015769102
sub-RID0383,TemporalFusiformCortexposteriordivision,0.03312283439588861,0.043752775951379615,0.009967150029442871
sub-RID0574,TemporalFusiformCortexposteriordivision,0.010959942087934198,0.04866641935285668,0.08024848652726073
sub-RID0380,TemporalFusiformCortexposteriordivision,-0.0263329508824796,0.02391218821695467,-0.05097310959863805
sub-RID0445,TemporalFusiformCortexposteriordivision,0.011678641700555817,0.007682275834976246,0.04279300424478373
sub-RID0576,TemporalFusiformCortexposteriordivision,0.031232778220183045,0.04913269182057655,0.07323405568153114
sub-RID0450,TemporalFusiformCortexposteriordivision,-0.0021242629679528906,-0.006022101521138936,-0.025868470674631952
sub-RID0433,TemporalFusiformCortexposteriordivision,0.03571284312707721,0.03766000387084623,0.08114880626615814
sub-RID0693,TemporalFusiformCortexposteriordivision,0.03388842573836295,0.034508840936372166,0.04652777829833369
sub-RID0490,TemporalFusiformCortexposteriordivision,0.041187893858935155,0.034414059661444084,0.07954292175693001
sub-RID0798,TemporalFusiformCortexposteriordivision,0.13502735673698127,0.018748706007142454,0.054346590502330476
sub-RID0420,TemporalFusiformCortexposteriordivision,-0.004054645507029755,0.029308334558577166,0.0007477756422690496
sub-RID0646,TemporalFusiformCortexposteriordivision,0.056907999052702336,0.023959432892030803,0.05692660583024395
sub-RID0341,TemporalFusiformCortexposteriordivision,0.019291200802433153,0.06663145801524162,0.09278844269529381
sub-RID0680,TemporalFusiformCortexposteriordivision,0.08329376402639829,0.02976281738284756,0.054332011274125944
sub-RID0652,TemporalFusiformCortexposteriordivision,0.027988814739654914,0.07979038285701344,0.014698064339987158
sub-RID0679,TemporalFusiformCortexposteriordivision,0.04406678126183297,0.04438727989239114,0.06259223575038907
sub-RID0681,TemporalFusiformCortexposteriordivision,-0.0031729936324319087,0.028903678732779176,0.021291217152151695
sub-RID0512,TemporalFusiformCortexposteriordivision,0.10787402452364327,0.11425848593266674,0.06222460962338601
sub-RID0571,TemporalFusiformCortexposteriordivision,0.07725066423493566,0.04932622961690351,0.09152718782461323
sub-RID0572,TemporalFusiformCortexposteriordivision,0.12237578318648705,0.07287942642234678,0.12784177524251086
sub-RID0619,TemporalFusiformCortexposteriordivision,0.011467177400689092,0.018622132117312274,0.01648224583331105
sub-RID0697,TemporalFusiformCortexposteriordivision,0.03421582651038802,0.04863404512980518,-0.003926626027778486
sub-RID0454,TemporalFusiformCortexposteriordivision,0.0057445272984996305,-0.028893071332291,0.010103377206906648
sub-RID0440,TemporalFusiformCortexposteriordivision,0.03956150673664258,0.02326908504865642,0.015711416456991836
sub-RID0904,TemporalFusiformCortexposteriordivision,0.05300664476203427,0.038193900036215395,-0.10879841053637537
sub-RID0455,TemporalFusiformCortexposteriordivision,0.03620519269804587,0.05255269859292731,0.015282125515193952
sub-RID0408,TemporalFusiformCortexposteriordivision,0.052511770424940526,0.02760010053368665,0.05594001980567172
sub-RID0365,TemporalOccipitalFusiformCortex,-0.014229272334193481,-0.005287782462433884,-0.04738581536738013
sub-RID0592,TemporalOccipitalFusiformCortex,0.0027828581191421467,0.01721168472944874,-0.02021266960339223
sub-RID0662,TemporalOccipitalFusiformCortex,0.025737793132229535,-0.007491209315872503,0.01357796730673363
sub-RID0522,TemporalOccipitalFusiformCortex,0.023471426869918502,-0.024070487479887773,0.010211885821513656
sub-RID0587,TemporalOccipitalFusiformCortex,0.03039492401311102,-0.0005116843737184356,-0.043647123461662225
sub-RID0663,TemporalOccipitalFusiformCortex,-0.012861707041139713,-0.01027187314422075,-0.043407949755358166
sub-RID0648,TemporalOccipitalFusiformCortex,-0.011365828802426722,0.022548686963946834,-0.02753808486253554
sub-RID0675,TemporalOccipitalFusiformCortex,0.01827208432251232,0.013243830784200982,-0.040002505106562114
sub-RID0372,TemporalOccipitalFusiformCortex,0.042743753356024684,-0.004977607122077793,-0.021482852240847863
sub-RID0585,TemporalOccipitalFusiformCortex,-0.002260492834829583,0.003203884054285531,-0.01941663008039986
sub-RID0660,TemporalOccipitalFusiformCortex,0.03026969071410968,-0.01926199910688014,-0.03626446007544313
sub-RID0591,TemporalOccipitalFusiformCortex,-0.0309819103676677,-0.014295023869920568,0.10696875919486541
sub-RID0659,TemporalOccipitalFusiformCortex,-0.039626138006485415,-0.04775417529566232,-0.0456694902272947
sub-RID0597,TemporalOccipitalFusiformCortex,0.006308112889154759,0.002169022599888201,-0.06739725079822513
sub-RID0672,TemporalOccipitalFusiformCortex,0.02362945528898204,-6.082729527936968e-05,0.013907064520036969
sub-RID0449,TemporalOccipitalFusiformCortex,0.022791300794102052,0.03471087975349143,-0.0016526517962654164
sub-RID0666,TemporalOccipitalFusiformCortex,0.04213425791566684,-0.0065770523486939295,-0.04145265481159123
sub-RID0596,TemporalOccipitalFusiformCortex,0.0012882885861039124,0.00274232409577089,-0.015062374349638167
sub-RID0658,TemporalOccipitalFusiformCortex,0.014215611346591541,0.01475711531325935,0.06924210225950858
sub-RID0583,TemporalOccipitalFusiformCortex,-0.011265350645302541,-0.011855952566297316,-0.17368130827610084
sub-RID0448,TemporalOccipitalFusiformCortex,0.009405265241465842,0.0013682851959107391,-0.03396857657028808
sub-RID0415,TemporalOccipitalFusiformCortex,0.011889853121144075,-0.0321910049998132,0.04908196550665235
sub-RID0673,TemporalOccipitalFusiformCortex,0.03645350668815289,0.011668785353321198,0.014691969911982898
sub-RID0688,TemporalOccipitalFusiformCortex,0.02148609039677873,-0.009672112963632311,0.046244363042230764
sub-RID0670,TemporalOccipitalFusiformCortex,0.028260642770232002,0.018213236409307866,0.08087332496100788
sub-RID0578,TemporalOccipitalFusiformCortex,0.0013363749363507133,0.014593288117876732,0.05335050592161622
sub-RID0785,TemporalOccipitalFusiformCortex,0.010445093817702351,0.021881651785226205,-0.009577106857158032
sub-RID0595,TemporalOccipitalFusiformCortex,-0.017245852499872812,0.01542521710110602,-0.03868991892196067
sub-RID0665,TemporalOccipitalFusiformCortex,0.02929129421364375,0.02735386393472306,0.01710008052412621
sub-RID0429,TemporalOccipitalFusiformCortex,0.03400957122245155,-0.0006828406381496439,-0.020287675018663454
sub-RID0784,TemporalOccipitalFusiformCortex,-0.016333228234697073,0.01606738279540388,-0.008914838325900816
sub-RID0689,TemporalOccipitalFusiformCortex,0.03237524769669075,0.021616481631178474,0.03528961823381072
sub-RID0671,TemporalOccipitalFusiformCortex,0.01340203008865727,-0.02757938733951859,-0.245100135960015
sub-RID0860,TemporalOccipitalFusiformCortex,0.03277913211100397,0.015722888421142986,-0.16852953569223555
sub-RID0925,TemporalOccipitalFusiformCortex,0.0018104352203554715,-0.010582899791773128,0.14912953049195043
sub-RID0664,TemporalOccipitalFusiformCortex,0.03556453503956262,0.04356909062366756,0.04531418346729932
sub-RID0791,TemporalOccipitalFusiformCortex,0.005272095720162779,0.016691121892377307,0.0348203216465079
sub-RID0668,TemporalOccipitalFusiformCortex,0.008999485958420131,-0.006571449999750659,0.024794855777898795
sub-RID0656,TemporalOccipitalFusiformCortex,0.01662052476867091,0.05246697118496048,-0.045585997000734006
sub-RID0620,TemporalOccipitalFusiformCortex,-0.002441584871689863,0.01780844535088254,-0.02719056667342854
sub-RID0396,TemporalOccipitalFusiformCortex,0.041102994342154205,-0.0005217435199332581,0.013367216821226007
sub-RID0383,TemporalOccipitalFusiformCortex,0.012705490204210404,0.029650262280251114,0.09355033522734346
sub-RID0574,TemporalOccipitalFusiformCortex,0.004237393093116926,-0.018609446376770245,-0.029389566515710036
sub-RID0380,TemporalOccipitalFusiformCortex,-0.029053639528612493,-0.010110189029520362,-0.007846294343635369
sub-RID0445,TemporalOccipitalFusiformCortex,-0.007548082870127273,-0.022866385233222184,0.014243088924608792
sub-RID0576,TemporalOccipitalFusiformCortex,-0.003975484118425849,0.023420027630750715,0.00983789117264768
sub-RID0450,TemporalOccipitalFusiformCortex,0.010217190551509134,-0.006399958875841543,0.032533912192024776
sub-RID0433,TemporalOccipitalFusiformCortex,0.03952288823084855,0.03863859531926307,0.06670119973953087
sub-RID0693,TemporalOccipitalFusiformCortex,0.009563491521263212,0.014420026404714443,0.003939650520230121
sub-RID0490,TemporalOccipitalFusiformCortex,0.0005894957779831779,-0.000924862495755093,0.037390456181409584
sub-RID0798,TemporalOccipitalFusiformCortex,0.04275674518032272,0.010539998987244191,-0.04547157173505501
sub-RID0420,TemporalOccipitalFusiformCortex,-0.0015894899998740932,0.009109813298182204,-0.002972594711807778
sub-RID0646,TemporalOccipitalFusiformCortex,-0.0021947999076459535,0.00695496618511297,0.10607648570735743
sub-RID0341,TemporalOccipitalFusiformCortex,-0.02454422179000852,0.011997333274802223,-0.03202681058098071
sub-RID0680,TemporalOccipitalFusiformCortex,0.005349485633709194,0.013683196877277488,-0.01157450930577606
sub-RID0652,TemporalOccipitalFusiformCortex,0.006109177289669921,0.02405588533150695,-0.013923321242151981
sub-RID0679,TemporalOccipitalFusiformCortex,0.028978673429002507,0.03956745848386375,0.05388560743494943
sub-RID0681,TemporalOccipitalFusiformCortex,-0.030102877136798586,-0.008501343474530468,-0.020425908002240086
sub-RID0512,TemporalOccipitalFusiformCortex,0.034577076345276576,0.025750457492908958,0.033809050013336894
sub-RID0571,TemporalOccipitalFusiformCortex,0.060771147282686566,0.028810050170179742,0.01484382210180925
sub-RID0572,TemporalOccipitalFusiformCortex,0.037116935643984994,0.020283442177369285,0.06447441064334995
sub-RID0619,TemporalOccipitalFusiformCortex,0.03289494446299668,-0.004080672298139297,-0.016298373372238703
sub-RID0697,TemporalOccipitalFusiformCortex,-0.004451446550106262,0.014392005539895489,0.015290251103815485
sub-RID0454,TemporalOccipitalFusiformCortex,0.012578450080694841,-0.018621513197254146,-0.04066164858764096
sub-RID0440,TemporalOccipitalFusiformCortex,0.006333835421753612,0.010666324808744528,0.044809478228493516
sub-RID0904,TemporalOccipitalFusiformCortex,0.025448035015346968,-0.021029923623515263,-0.11484741398536169
sub-RID0455,TemporalOccipitalFusiformCortex,0.03747116873233056,0.008258539535078272,-0.02341652162004501
sub-RID0408,TemporalOccipitalFusiformCortex,0.015679995492461043,0.005495124047519254,0.03173617059334069
sub-RID0365,TemporalPole,-0.0260281864277212,-0.03265504907618125,0.016095032806706166
sub-RID0592,TemporalPole,-0.012972667550511385,-0.022443558946002883,-0.06982090254692348
sub-RID0662,TemporalPole,-0.018325203045719368,-0.045753060065948384,-0.10044960450037409
sub-RID0522,TemporalPole,-0.010498592930087829,-0.06467403504933213,-0.02251561984259397
sub-RID0587,TemporalPole,-0.0026350010426165788,-0.012926064794611732,0.08253311844489085
sub-RID0663,TemporalPole,-0.08180866236028597,-0.09197127759330488,-0.16006199473683752
sub-RID0648,TemporalPole,-0.11014604712577124,-0.041640813297237116,-0.06825271364576196
sub-RID0675,TemporalPole,-0.05401262895099925,-0.017868309736241154,-0.1384112200677938
sub-RID0372,TemporalPole,-0.019049454225189204,-0.07372674576463382,-0.1479173290176236
sub-RID0585,TemporalPole,-0.07050006162592089,-0.04914371162526401,-0.09880261001312847
sub-RID0660,TemporalPole,-0.020312711038316677,-0.06765653644411933,-0.08046448476355605
sub-RID0591,TemporalPole,-0.0379020946426872,-0.040212559581303035,-0.01205624495299963
sub-RID0659,TemporalPole,-0.03223082882030105,-0.029377678102950836,-0.035727723733034115
sub-RID0597,TemporalPole,-0.02006827804006774,-0.05764883679773606,-0.1076393688174074
sub-RID0672,TemporalPole,-0.09241193552899926,-0.04060437783065405,-0.09008792205245722
sub-RID0449,TemporalPole,-0.0012173046176915646,-0.02811667920832132,-0.028184506718820095
sub-RID0666,TemporalPole,-0.01709921610526953,-0.05618362908633574,-0.05992191967687687
sub-RID0596,TemporalPole,-0.07794454558282182,-0.047455315720687,-0.09611168875767041
sub-RID0658,TemporalPole,-0.03220618273386583,-0.017365665893161363,-0.015755827374780547
sub-RID0583,TemporalPole,-0.0705240451477786,-0.04858070783512699,-0.05640526542105067
sub-RID0448,TemporalPole,-0.10866330331711656,-0.03528726610738398,-0.03968634656601057
sub-RID0415,TemporalPole,-0.04620215448374698,-0.06641278267620995,-0.04388565486513209
sub-RID0673,TemporalPole,-0.03360256105542384,-0.04016363301126261,-0.008288516978937236
sub-RID0688,TemporalPole,-0.05839468353092608,-0.06046207528241023,-0.1164740297159516
sub-RID0670,TemporalPole,0.02887142787437791,-0.04743752413881377,-0.0008559112468515836
sub-RID0578,TemporalPole,-0.0239218583295214,-0.03425067369719679,-0.02484415321997414
sub-RID0785,TemporalPole,-0.04159190158286821,-0.038888620434541284,-0.08402908185959342
sub-RID0595,TemporalPole,-0.11264850874613064,-0.041153631452327165,-0.09925311198307035
sub-RID0665,TemporalPole,0.02309415688851205,0.03199204047151132,0.1333261017627079
sub-RID0429,TemporalPole,-0.03557553317952399,-0.04860210139320051,-0.02718883190160093
sub-RID0784,TemporalPole,-0.01918772210808554,-0.003348155747926358,-0.044950909654756926
sub-RID0689,TemporalPole,-0.06768043374136548,-0.04621796518881313,-0.0357874137076246
sub-RID0671,TemporalPole,-0.1284295956946734,-0.19380093808676319,-0.7897224227633575
sub-RID0860,TemporalPole,-0.10824230052848319,-0.14016498730557034,-0.2205399953193189
sub-RID0925,TemporalPole,-0.02502314310376853,-0.043566726858350356,0.1522884419832509
sub-RID0664,TemporalPole,-0.023378216559256246,-0.05036243255060434,-0.07996441787323054
sub-RID0791,TemporalPole,0.000204388147389436,-0.07403959925852542,-0.08324324427790789
sub-RID0668,TemporalPole,-0.012706869879336875,-0.07361690028776208,-0.05595137381730662
sub-RID0656,TemporalPole,-0.03775814184993929,-0.05164677967701999,-0.11937733563000241
sub-RID0620,TemporalPole,-0.045391401811751095,-0.0369451877238098,-0.10141238340732102
sub-RID0396,TemporalPole,-0.047647850057103154,-0.04461194084393472,0.016129349314480398
sub-RID0383,TemporalPole,-0.0359827109237518,-0.04588454077162864,-0.09304186083920647
sub-RID0574,TemporalPole,-0.07361519172460115,-0.06026751293593348,-0.03995775989764441
sub-RID0380,TemporalPole,-0.05648413869094084,-0.03597932140272999,-0.12197358243435442
sub-RID0445,TemporalPole,-0.11866398723803674,-0.08626107333926436,-0.1550664613595988
sub-RID0576,TemporalPole,-0.08358116001502504,-0.06310675318931176,-0.09326417440098171
sub-RID0450,TemporalPole,-0.08282124698247756,-0.07811121062503222,-0.10007416833559504
sub-RID0433,TemporalPole,-0.03191941228529392,-0.04556488820426987,-0.05378376696625317
sub-RID0693,TemporalPole,-0.006711222670598504,-0.012113793438703674,-0.010527783746105796
sub-RID0490,TemporalPole,-0.07336468511786283,-0.04501212286583459,0.002925570760403563
sub-RID0798,TemporalPole,0.060066131030632,-0.03358937977229066,0.012227500317945082
sub-RID0420,TemporalPole,-0.06890901020400018,-0.03782666302833572,-0.061844772996638354
sub-RID0646,TemporalPole,-0.057636853254823345,-0.055922638512507235,-0.1241377933651289
sub-RID0341,TemporalPole,-0.06757473464096479,-0.04033105163007153,-0.08914927400815027
sub-RID0680,TemporalPole,-0.00035992993205253865,-0.04579800857985473,-0.013613798511792558
sub-RID0652,TemporalPole,-0.004425939595994464,-0.024819278148073262,-0.048098663877367366
sub-RID0679,TemporalPole,-0.01991037480689206,-0.026834856684214904,-0.02418571137023301
sub-RID0681,TemporalPole,-0.10589693634811587,-0.0997596598687614,-0.13784108072887657
sub-RID0512,TemporalPole,0.37662055806428996,0.41116808929892573,0.5646469542976976
sub-RID0571,TemporalPole,-0.02739349889308718,-0.05428295656683168,-0.04560765052366361
sub-RID0572,TemporalPole,0.058772996946907255,0.003736118683322426,0.03749565126023567
sub-RID0619,TemporalPole,-0.06066807553261572,-0.05520886415217067,-0.054134077629283815
sub-RID0697,TemporalPole,-0.0505055320050257,-0.0534554314612192,-0.10792565141099958
sub-RID0454,TemporalPole,-0.07113694055190224,-0.24984631299410742,-0.5722631532476605
sub-RID0440,TemporalPole,-0.032828132676926525,-0.034826023349545626,0.03638326251961219
sub-RID0904,TemporalPole,-0.029812390963329296,-0.03538824792030605,-0.07659385172462295
sub-RID0455,TemporalPole,-0.024747252658104728,-0.028516096666623802,-0.014525373945703782
sub-RID0408,TemporalPole,-0.08137623908951962,-0.07709968555454826,-0.07011075313934044
sub-RID0365,Thalamus,0.0029828829335547613,-0.010821111210392356,-0.3065867499332834
sub-RID0592,Thalamus,0.009122400663116263,0.020899912496202145,0.03592018363752914
sub-RID0662,Thalamus,0.009513349552975501,-0.013539766111602994,-0.010558738365846951
sub-RID0522,Thalamus,-0.002672390378924752,-0.025177285676790857,0.003811999490353985
sub-RID0587,Thalamus,-0.0025588296151447575,-0.005097356194554086,-0.006429772940585548
sub-RID0663,Thalamus,-0.011083428792501538,0.013585560811976646,0.03863061282465228
sub-RID0648,Thalamus,-0.009166619633540794,-0.0017469547012533312,0.14954881384562732
sub-RID0675,Thalamus,0.005400833332208156,0.026429748438375412,0.028422881972411426
sub-RID0372,Thalamus,-0.000515661754170264,-0.0040266112084685664,-0.003302914096624194
sub-RID0585,Thalamus,-0.008235075435769647,0.0024134345623875713,0.11882736693847772
sub-RID0660,Thalamus,-0.0011488186586108213,0.00042105367425076715,-0.03525931476688325
sub-RID0591,Thalamus,0.008179675958959319,0.015020844009927946,0.07490401444899353
sub-RID0659,Thalamus,-0.08116800541584532,-0.04049020360250215,-0.060396892696411755
sub-RID0597,Thalamus,-0.005456457352068583,-0.009434752783782425,0.00603554409905606
sub-RID0672,Thalamus,0.004077446114578996,-0.017803700655125432,0.020323794557612008
sub-RID0449,Thalamus,0.022007511900488327,0.02320413882111451,-0.015599305409092878
sub-RID0666,Thalamus,-0.011566050554825647,-0.00044500751952844146,-0.02042780289202638
sub-RID0596,Thalamus,-0.008219745641338157,0.010134619908397832,0.00570851371719365
sub-RID0658,Thalamus,-0.00945920140176779,0.0230243862330885,-0.02856591419962182
sub-RID0583,Thalamus,0.0006166754119197779,-0.01489953295724444,-0.05166275673572632
sub-RID0448,Thalamus,-0.007036307227866786,-0.01121821191590524,0.019686660833095365
sub-RID0415,Thalamus,0.016137039456946688,-0.016730213040325254,-0.009300163747716516
sub-RID0673,Thalamus,-0.01337418958296491,-0.010888967842790169,-0.010869531394778495
sub-RID0688,Thalamus,-0.010209906527934208,-0.010133889085816597,-0.09856041376392308
sub-RID0670,Thalamus,-0.011879403400289205,-0.002247005467796752,0.0056679661349379375
sub-RID0578,Thalamus,-0.01885330699819563,0.007680890682813246,0.023970084870081634
sub-RID0785,Thalamus,-0.014932832962478085,0.003654531462884866,-0.06000722723800933
sub-RID0595,Thalamus,-0.004729088493828791,-0.0062785708471017766,-0.03568578248583042
sub-RID0665,Thalamus,0.023861841315115144,0.032330223046721576,0.023899754031790225
sub-RID0429,Thalamus,0.015956995961043902,6.530779049665025e-05,-0.032289713998246976
sub-RID0784,Thalamus,0.006836284936122866,0.01983212943932784,-0.00689352951865789
sub-RID0689,Thalamus,-0.006212993551967038,-0.0009222951674354759,0.0016070822389022993
sub-RID0671,Thalamus,-0.04803709078413577,-0.019433126472293664,-0.007217626430372942
sub-RID0860,Thalamus,-0.010822361491696266,-0.009299361664062897,-0.12109347120224896
sub-RID0925,Thalamus,-0.02833830472860978,-0.016197907321948528,0.03928254929007549
sub-RID0664,Thalamus,0.02931431494305411,0.017759580981406637,0.0016055611075836917
sub-RID0791,Thalamus,0.007728448523484607,0.007518748554296717,-0.02118091512340424
sub-RID0668,Thalamus,-0.002612562300550104,-0.008435209733351694,0.022722977915307734
sub-RID0656,Thalamus,-0.013071031134034312,0.016498298903488345,-0.04381402551011096
sub-RID0620,Thalamus,-0.022590343093534835,-0.02411716262647316,-0.05169175771785513
sub-RID0396,Thalamus,0.007587940576740761,0.008504423817269902,0.09419139966243383
sub-RID0383,Thalamus,-0.016184700878144744,0.013878457716676399,-0.015119075956089679
sub-RID0574,Thalamus,-0.04874200525842492,-0.046331191307915486,-0.030333821670801175
sub-RID0380,Thalamus,-0.009635463859195193,-0.01625911828520989,-0.06118058602862828
sub-RID0445,Thalamus,-0.02139890290191428,-0.021438948710929284,-0.01720947109093706
sub-RID0576,Thalamus,-0.03098533844977975,-0.02653875069435255,-0.005152467965109589
sub-RID0450,Thalamus,-0.020200736762707852,-0.006874362978366564,0.032470585860875874
sub-RID0433,Thalamus,-0.0005392931699149438,-0.022029287117131556,0.02721819595435706
sub-RID0693,Thalamus,0.016323449713917405,0.02127111127995536,-0.0989168072100685
sub-RID0490,Thalamus,-0.0062715169541885255,-0.018447284790321476,-0.034294337358890335
sub-RID0798,Thalamus,0.13388276971670895,0.028792099980012035,0.09004705709898021
sub-RID0420,Thalamus,-0.018974884977745774,0.00896292687911565,-0.03569530735371105
sub-RID0646,Thalamus,-0.009195442701088068,-0.012764609617224053,-0.0005146532096220569
sub-RID0341,Thalamus,-0.01074979250066351,0.0017606405475052238,-0.008711175619837596
sub-RID0680,Thalamus,0.011593066475903673,0.0009907153973791668,0.10538268084891064
sub-RID0652,Thalamus,0.002764136079733208,0.00446734768040822,0.02002463314111285
sub-RID0679,Thalamus,-0.0038719436471817965,-0.0014168186411866357,0.029118712129964124
sub-RID0681,Thalamus,-0.039727250867075826,-0.01562680296711209,-0.07950774657840831
sub-RID0512,Thalamus,0.24065016442392786,0.01583442882985207,0.011848102407587248
sub-RID0571,Thalamus,0.0015153350609790383,-0.02562050449060943,-0.025745892367114293
sub-RID0572,Thalamus,0.0060623072899676465,-0.0019397732648886933,0.052898522653258714
sub-RID0619,Thalamus,0.0033655135615326477,-0.004490001362021542,0.03580835049494002
sub-RID0697,Thalamus,0.0025973393945724365,-0.036910058904551915,0.023793054446398346
sub-RID0454,Thalamus,-0.008867975809446817,-0.0009453564593955866,0.008542710218609957
sub-RID0440,Thalamus,-0.019094946192840752,-0.022575933002346713,-0.004060145913793391
sub-RID0904,Thalamus,0.014152715523389814,-0.01022475436602049,-0.004223759702710497
sub-RID0455,Thalamus,0.006069424280133403,-0.01655474174630435,-0.012691879932133039
sub-RID0408,Thalamus,0.0056691442189105885,0.0076963878302806375,-0.0014382860114961213
