Subject,Region,PET SUVR Original,PET SUVR FlowGAN,ASL rCBF
sub-RID0659,Amygdala,0.587085342416403,0.6023590943185165,0.6499217282721931
sub-RID0380,Amygdala,0.7765915675842742,0.6631726797858384,1.3873847128014487
sub-RID0420,Amygdala,0.5521383162999124,0.586645311876303,1.1888335838199475
sub-RID0672,Amygdala,0.572425658612617,0.583521642589685,0.9052265523952386
sub-RID0791,Amygdala,0.5304944563367183,0.5466305731309012,1.0222037531346806
sub-RID0595,Amygdala,0.5936325986814011,0.6127780232933183,1.1471671425396914
sub-RID0571,Amygdala,0.6125972133837032,0.7011591396919271,1.0778525790604836
sub-RID0433,Amygdala,0.6025392497138786,0.5951917151973726,0.962943539459315
sub-RID0449,Amygdala,0.723551066934599,0.6882312639471364,0.9867287599904705
sub-RID0592,Amygdala,0.6131307147735656,0.6343865656573284,0.8696589169210395
sub-RID0576,Amygdala,0.6773350784971646,0.6349204219023827,0.9612858856776083
sub-RID0675,Amygdala,0.6419505065599405,0.7489552825928273,0.8617697109040413
sub-RID0450,Amygdala,0.5427131551255964,0.5042866722869281,0.9079427679796204
sub-RID0512,Amygdala,0.5055549611370698,0.7720730071955431,1.0428128834194241
sub-RID0415,Amygdala,0.601012020371692,0.6522710932274326,1.0765527937052706
sub-RID0688,Amygdala,0.5633998093179613,0.5923878366170151,0.9092811884760275
sub-RID0785,Amygdala,0.555719335223908,0.6276324628479842,1.2384329334615294
sub-RID0666,Amygdala,0.5530019968629405,0.5883185857330454,1.1162878547566772
sub-RID0585,Amygdala,0.5816491497385693,0.5438594122008565,0.9660437144438743
sub-RID0662,Amygdala,0.6146576935356735,0.6387260562937627,1.041110334058696
sub-RID0668,Amygdala,0.7962892581166291,0.6021189872933657,0.9287830215993808
sub-RID0454,Amygdala,0.7399047813616682,0.5891312984475315,1.0285281684781349
sub-RID0429,Amygdala,0.6976918441420857,0.5823176173987471,0.8009165010838266
sub-RID0383,Amygdala,0.6120150263687111,0.5142368229442729,0.9975980695850006
sub-RID0408,Amygdala,0.5951767164392954,0.6224153807530829,1.1462142655377932
sub-RID0572,Amygdala,0.6286731831071601,0.6485381777707001,1.1105297205805087
sub-RID0596,Amygdala,0.593969347785125,0.6083171227470444,0.9128162347518975
sub-RID0578,Amygdala,0.6064466571540463,0.5816310605292269,1.0179934897287939
sub-RID0798,Amygdala,0.5454208779918374,0.7346335355741395,1.2615520055784182
sub-RID0671,Amygdala,0.5592278995255696,0.673784252518946,1.1714097354007984
sub-RID0860,Amygdala,0.563960718344731,0.619460146503931,0.9289014344633342
sub-RID0440,Amygdala,0.6023464790776079,0.7242332943317475,0.5367877700075471
sub-RID0341,Amygdala,0.5526406433696545,0.6771949743633737,0.9570760018970291
sub-RID0925,Amygdala,0.6030717677971996,0.635957938284564,1.1216209311711922
sub-RID0591,Amygdala,0.7227097450192991,0.745146374020853,1.281002550608212
sub-RID0620,Amygdala,0.5556509375817272,0.6560254264077002,1.2467432077754261
sub-RID0904,Amygdala,0.5837927693666242,0.6597717872979175,0.8534068921646505
sub-RID0665,Amygdala,0.646459802136513,0.7899290119036552,0.9266936056472249
sub-RID0681,Amygdala,0.6467905440963764,0.6016610076670994,0.9386550019781473
sub-RID0689,Amygdala,0.615025854347843,0.6369158246040965,1.0376343642879646
sub-RID0784,Amygdala,0.6305892424668234,0.6017844281482208,1.0282218708151005
sub-RID0448,Amygdala,0.6050658380766252,0.6246099036165633,1.0773864534617241
sub-RID0646,Amygdala,0.6041184514962776,0.6339388002082094,1.2511638742296665
sub-RID0697,Amygdala,0.6615886489913468,0.6041343120551457,0.6873891933981591
sub-RID0679,Amygdala,0.5729117467860969,0.6585870549068543,0.9114079858621169
sub-RID0673,Amygdala,0.6536276267943567,0.615142812384984,1.1775512083338773
sub-RID0445,Amygdala,0.5723462788964817,0.7683441360623685,1.2860338367410753
sub-RID0660,Amygdala,0.6720986216705666,0.6015975731435538,0.7047401129635685
sub-RID0587,Amygdala,0.5831361048555731,0.6624550166856371,0.8779875279906234
sub-RID0652,Amygdala,0.6304540064513877,0.6246398748580686,1.2329717695342373
sub-RID0658,Amygdala,0.5828252168163167,0.6768072400489563,0.9920725816475524
sub-RID0365,Amygdala,0.5336987192208144,0.5849445363015912,1.0498731997410264
sub-RID0656,Amygdala,0.6044277088785674,0.7463538514608252,1.3234751552532562
sub-RID0522,Amygdala,0.5937200830885719,0.6713144385603883,1.2761503453517857
sub-RID0680,Amygdala,0.6163761918841043,0.6329987870774941,1.0166194143046008
sub-RID0619,Amygdala,0.634223302038447,0.6501896087202993,0.9262490847610217
sub-RID0664,Amygdala,0.6450012961440089,0.6740718013610189,0.965861011562457
sub-RID0583,Amygdala,0.6504292517261736,0.7527229255907543,1.3148382754663372
sub-RID0396,Amygdala,0.5952074092785173,0.6140713580096049,1.512039959831084
sub-RID0372,Amygdala,0.5566297812125163,0.570542036552417,0.8396401849584479
sub-RID0693,Amygdala,0.6245320089300362,0.612744564497201,0.8860349562274848
sub-RID0574,Amygdala,0.5794783163281038,0.6400509531227496,1.089217372050877
sub-RID0597,Amygdala,0.5574672612515322,0.6338700258378482,0.8788324729079177
sub-RID0490,Amygdala,0.5817645642682172,0.6755457585509085,1.0585313062498685
sub-RID0670,Amygdala,0.6780596590683581,0.6186421291709698,1.1929124213712887
sub-RID0648,Amygdala,0.611496060849052,0.6097142974541551,1.5952182993348427
sub-RID0663,Amygdala,0.6754216628849047,0.6366830726052115,0.9375655062797013
sub-RID0455,Amygdala,0.5752813547335783,0.6183745185135865,1.141110247874461
sub-RID0659,Caudate,0.6563340782508903,0.6074339384840088,0.41811242612516913
sub-RID0380,Caudate,0.7526721201662675,0.6847695725508289,0.6753270105974114
sub-RID0420,Caudate,0.5691194269547024,0.7352518617533488,0.7398276211746333
sub-RID0672,Caudate,0.684327121484677,0.7191825057480623,0.6355505024311998
sub-RID0791,Caudate,0.926840499624083,0.72869118705142,0.6956389580581801
sub-RID0595,Caudate,0.6952377439106125,0.7158962683830101,0.5627954733690256
sub-RID0571,Caudate,0.5714121281127565,0.6211706685164242,0.4409626610035373
sub-RID0433,Caudate,0.7071978045698687,0.7504159978891368,0.5651028852095399
sub-RID0449,Caudate,0.7647920830155178,0.7681215963850799,0.8318726648491362
sub-RID0592,Caudate,0.6943470905373758,0.6801626702948076,0.7226752728302056
sub-RID0576,Caudate,0.7050229653430693,0.7445461017452727,0.6601611034579358
sub-RID0675,Caudate,0.7180860278794795,0.9097130707783904,0.9711383176403314
sub-RID0450,Caudate,0.7406474715458994,0.8621391376574359,0.7746427818506201
sub-RID0512,Caudate,0.7289592668777976,0.8066938433228147,1.0114410011672934
sub-RID0415,Caudate,0.7191988683370649,0.7878952849090972,0.8467867992713103
sub-RID0688,Caudate,0.7415040089979327,0.7651481112868435,0.6590394213139944
sub-RID0785,Caudate,0.8077037052713764,0.6624636924432649,0.36557705653596745
sub-RID0666,Caudate,0.8357431716241377,0.7616845985062362,0.6145497648800827
sub-RID0585,Caudate,0.8436094103574199,0.7205651751441974,0.7043085523517502
sub-RID0662,Caudate,0.8006233583605564,0.7381851929632728,0.7822795628596377
sub-RID0668,Caudate,0.8139437889498473,0.6921378736573712,0.597573417609385
sub-RID0454,Caudate,0.984875037422264,0.8228962575040389,0.8811025176504447
sub-RID0429,Caudate,0.857024186819124,0.6653793477900087,0.5823262234347336
sub-RID0383,Caudate,0.7023626998171763,0.6194895941167335,0.5935867735617492
sub-RID0408,Caudate,0.7922864937323328,0.7966612515563107,0.8768480227096702
sub-RID0572,Caudate,0.7020001044043175,0.7143477297614041,0.8633072052789115
sub-RID0596,Caudate,0.8410036289189273,0.7104851851667798,0.784227251473024
sub-RID0578,Caudate,0.9930066224123929,0.7768886144922738,0.8425788294502147
sub-RID0798,Caudate,0.9292607112147077,0.9823002855399646,0.8493363859717663
sub-RID0671,Caudate,0.7865386691202616,0.7556552813176033,0.6641396261983218
sub-RID0860,Caudate,0.7391238889825078,0.7130929647617965,0.6427667351996252
sub-RID0440,Caudate,0.9812499453573127,1.1868459714343558,0.9926386246560672
sub-RID0341,Caudate,0.8155850229758711,0.8847461059051626,0.650298264468898
sub-RID0925,Caudate,0.7229745346918397,0.7216109256457621,0.6823302247163605
sub-RID0591,Caudate,0.7933413117726631,0.7767157849947874,0.9656645405053343
sub-RID0620,Caudate,0.6989483166702299,0.6241942113071235,0.4882719188381533
sub-RID0904,Caudate,0.8283580270086301,0.8223970955851221,0.8779311896658453
sub-RID0665,Caudate,0.6749342909391338,0.7987057165817852,0.8819287691513652
sub-RID0681,Caudate,0.7764101140565538,0.7128912668594231,0.5889631016710303
sub-RID0689,Caudate,0.7692705388941845,0.7888181540523843,0.783637677915183
sub-RID0784,Caudate,0.7889366221186869,0.6094681104782843,0.5352636622944528
sub-RID0448,Caudate,0.7366287586287921,0.8049992544170036,0.9335726437461687
sub-RID0646,Caudate,0.7513879892630008,0.7331131926827847,0.8274289236391084
sub-RID0697,Caudate,0.6559415349771973,0.7373891425660835,0.6764215208777447
sub-RID0679,Caudate,0.902592917290378,0.8167761600834773,0.8359027612843241
sub-RID0673,Caudate,0.8229229014874951,0.7303640374225605,0.8051511693238689
sub-RID0445,Caudate,0.726182981655824,0.7373902812998424,0.7825378660696671
sub-RID0660,Caudate,0.9066904965840346,0.8812247697590005,0.8582255656209057
sub-RID0587,Caudate,0.6518419758640814,0.6636515141738398,0.5814670289157986
sub-RID0652,Caudate,0.8412302524421513,0.8118166596473078,0.8684608163086548
sub-RID0658,Caudate,0.883051346619978,0.8642734472610519,0.8694485515970694
sub-RID0365,Caudate,0.8445324738762168,0.765235952185294,0.7567771466049326
sub-RID0656,Caudate,0.6524159311275141,0.7230356765418584,0.8112694330342847
sub-RID0522,Caudate,0.9032267221433038,0.819925464717639,0.9231475527367351
sub-RID0680,Caudate,0.7420366797407354,0.7106427132190005,0.6819583139061288
sub-RID0619,Caudate,0.6543741028720863,0.6747040848295949,0.7763228472168011
sub-RID0664,Caudate,0.7151347862629928,0.7612085208011494,0.5964104977108007
sub-RID0583,Caudate,0.7161488599478051,0.8415780179392738,1.3197446137672904
sub-RID0396,Caudate,0.7294893049850046,0.7198912464964466,1.2530865571815812
sub-RID0372,Caudate,0.6540370116263328,0.7611661131386549,0.7198434715223744
sub-RID0693,Caudate,0.7514884420873311,0.7130968571841793,0.5848602392730379
sub-RID0574,Caudate,0.6806272448789997,0.6175871290807834,0.7647102965021629
sub-RID0597,Caudate,0.718524417190223,0.8276705111794671,0.7967731800119895
sub-RID0490,Caudate,0.8224075536330747,0.8321807464054776,0.8135603062928952
sub-RID0670,Caudate,0.7460494910853719,0.6609606308085988,0.7077254130099148
sub-RID0648,Caudate,0.7238666346844566,0.6948759231200298,0.7639177299943885
sub-RID0663,Caudate,0.5951385688175926,0.6208467746475367,0.4348004224796999
sub-RID0455,Caudate,0.8866130310187835,0.8085756353435929,0.9212798031624846
sub-RID0659,Hippocampus,0.47880216968720246,0.531236571573657,0.7409093809972791
sub-RID0380,Hippocampus,0.8291241080570391,0.6988401670077669,1.0871862903825202
sub-RID0420,Hippocampus,0.5866677257812293,0.6659850471126205,1.4060764205438683
sub-RID0672,Hippocampus,0.5829890079299299,0.6257018540594305,1.1294772899655567
sub-RID0791,Hippocampus,0.6043677410039394,0.6082982447833774,1.2464173631733297
sub-RID0595,Hippocampus,0.6458753070147325,0.68535826819575,1.2559232482559521
sub-RID0571,Hippocampus,0.5338870591602778,0.7582042022502126,1.0667987028196593
sub-RID0433,Hippocampus,0.6263365989012101,0.6994723260139348,0.9236713943534117
sub-RID0449,Hippocampus,0.6938235973046352,0.7752037230941478,1.133998507143669
sub-RID0592,Hippocampus,0.6317781418652795,0.705031443187194,1.0259552281553004
sub-RID0576,Hippocampus,0.7356453959688458,0.7082170770022074,1.1579520148194142
sub-RID0675,Hippocampus,0.6569106874930802,0.781722222065754,0.993996799296706
sub-RID0450,Hippocampus,0.6097400844484419,0.6486379919283386,1.2708879542942024
sub-RID0512,Hippocampus,0.541559017125883,0.7852684084400866,1.0349963537507783
sub-RID0415,Hippocampus,0.6426661012917432,0.7639296479505681,1.2226002774978124
sub-RID0688,Hippocampus,0.6424675928992446,0.6409005032917224,0.8400511973084357
sub-RID0785,Hippocampus,0.5943151387429864,0.6531514722947505,1.3179682769294279
sub-RID0666,Hippocampus,0.6227059791544481,0.6222661598613154,0.9783509003494054
sub-RID0585,Hippocampus,0.6678366323075858,0.5875368422151682,1.2582661968667486
sub-RID0662,Hippocampus,0.6463688536947824,0.7010876295423404,1.0202694185878618
sub-RID0668,Hippocampus,0.812049732186582,0.6754236482189285,1.086459058489606
sub-RID0454,Hippocampus,0.7608039321249694,0.6551799476320218,0.9701316205815183
sub-RID0429,Hippocampus,0.6706892372604335,0.6051055075801344,0.9999334806959265
sub-RID0383,Hippocampus,0.6232407117818846,0.6011456373680022,1.1305782483257631
sub-RID0408,Hippocampus,0.6283080172104161,0.6853081837213026,1.180957299147616
sub-RID0572,Hippocampus,0.639438131985296,0.7236658996627121,1.1401245679604093
sub-RID0596,Hippocampus,0.6436237777855347,0.6492237402991864,1.0940784181457681
sub-RID0578,Hippocampus,0.6356579227495704,0.6433715111324271,1.155651970446716
sub-RID0798,Hippocampus,0.5654701115213782,0.7653930100245732,1.1970157311066105
sub-RID0671,Hippocampus,0.6099684911115083,0.8607506132824528,2.119511546137632
sub-RID0860,Hippocampus,0.5956829110472717,0.6938666820170682,1.0247900044885945
sub-RID0440,Hippocampus,0.6386991023409939,0.7452771591665768,0.649341036978012
sub-RID0341,Hippocampus,0.6040056381065206,0.8164688907430925,1.0085735315822275
sub-RID0925,Hippocampus,0.6229069137011761,0.6867227565505536,1.1700861847809803
sub-RID0591,Hippocampus,0.7754905638763997,0.8605320484035417,1.236279543314267
sub-RID0620,Hippocampus,0.5948021525307483,0.720861557454789,1.2182735572174765
sub-RID0904,Hippocampus,0.6456093039016967,0.7991954070916775,1.2534138862461568
sub-RID0665,Hippocampus,0.6680895983780262,0.854076467797326,1.0608587129347227
sub-RID0681,Hippocampus,0.6511304186421374,0.6312272589197594,1.078218056813436
sub-RID0689,Hippocampus,0.6228772684616366,0.671342551212124,1.0362625430369006
sub-RID0784,Hippocampus,0.6370797666839036,0.6354520431892725,1.041321747735724
sub-RID0448,Hippocampus,0.6246210319949466,0.7404762950999573,1.1017867246980841
sub-RID0646,Hippocampus,0.5952194243781728,0.7207808576571809,1.4700582569418572
sub-RID0697,Hippocampus,0.6414782718350152,0.6547193302230718,0.8045127760890735
sub-RID0679,Hippocampus,0.6082286727219912,0.7268063911189058,1.0950612837410507
sub-RID0673,Hippocampus,0.6700670297065353,0.6550543241233369,1.2020465893204924
sub-RID0445,Hippocampus,0.5738925184874726,0.7886354669347985,1.3724618513964226
sub-RID0660,Hippocampus,0.7194749503690706,0.7078447886940883,1.1525467055879837
sub-RID0587,Hippocampus,0.5950095103842044,0.6726576027559937,0.9653862156739971
sub-RID0652,Hippocampus,0.6599058630372113,0.6797133529925616,1.1653274245661678
sub-RID0658,Hippocampus,0.6331630350379945,0.7480721942642267,1.0529259203964199
sub-RID0365,Hippocampus,0.6132700505305968,0.6669016156159734,1.2850820978701871
sub-RID0656,Hippocampus,0.6333014876175255,0.8368515478990451,1.3400922108720006
sub-RID0522,Hippocampus,0.6337409746123372,0.744826532943096,1.3720356151975663
sub-RID0680,Hippocampus,0.6263212174852336,0.6673412606558919,1.2176549204303446
sub-RID0619,Hippocampus,0.630121845496772,0.6471023803158052,0.9476913064842002
sub-RID0664,Hippocampus,0.671252129246663,0.8030607559295477,1.155610329267007
sub-RID0583,Hippocampus,0.6577407997619786,0.8184288314263354,1.2123875444443917
sub-RID0396,Hippocampus,0.6018674036556122,0.6414071158948638,1.2612618607346355
sub-RID0372,Hippocampus,0.6050506934962495,0.6439088317165016,0.9762118703443688
sub-RID0693,Hippocampus,0.6314132397384511,0.650118945425159,1.12684142473965
sub-RID0574,Hippocampus,0.6093229774333686,0.7349584637620847,1.42115118283198
sub-RID0597,Hippocampus,0.6054318126251956,0.6876103625619846,1.020907670155603
sub-RID0490,Hippocampus,0.5934205658647074,0.7473437501691332,1.305725281478324
sub-RID0670,Hippocampus,0.6671875257020686,0.6468139826820316,1.1654072801181825
sub-RID0648,Hippocampus,0.653096265304618,0.6023307663534333,1.3963273460545946
sub-RID0663,Hippocampus,0.6564091304191539,0.6613220351028112,0.9256844483391556
sub-RID0455,Hippocampus,0.6625459129829898,0.6521215588825411,1.1574456629968164
sub-RID0659,Pallidum,0.8136734537763511,0.8857750694765513,0.8350108521889548
sub-RID0380,Pallidum,0.8229656313547753,0.7969193510669746,0.9125774604356924
sub-RID0420,Pallidum,0.7782859571175468,0.7999874264723467,0.9013955336654201
sub-RID0672,Pallidum,0.8104826448691765,0.7689909598679381,0.8971134495172083
sub-RID0791,Pallidum,0.6861289906193023,0.7342168973115197,0.9761843152502324
sub-RID0595,Pallidum,0.8155155988400807,0.8197606119140041,0.988327705861422
sub-RID0571,Pallidum,0.8735037965843684,0.9044428806878633,1.0191533974185518
sub-RID0433,Pallidum,0.9377055159456736,0.8299420727414242,1.030303411935845
sub-RID0449,Pallidum,0.8703266998611776,0.8811963625113957,0.8581957873431044
sub-RID0592,Pallidum,0.7504505807036987,0.789592230131553,0.9075107463067108
sub-RID0576,Pallidum,0.8847068890248762,0.8412340494131879,0.958025678340574
sub-RID0675,Pallidum,0.8259641161813916,0.932911323433733,0.939623739352131
sub-RID0450,Pallidum,0.8429543449064717,0.7978823501990046,0.8535040755810582
sub-RID0512,Pallidum,0.787161086444621,0.8656757456629964,1.0865475561961444
sub-RID0415,Pallidum,0.6833221775056002,0.824812372057893,0.977182434189363
sub-RID0688,Pallidum,0.7160804348413066,0.7878403180122354,0.892240571615022
sub-RID0785,Pallidum,0.8248655001253403,0.8727257074502626,0.9183082705677047
sub-RID0666,Pallidum,0.6346846209586458,0.8066364171688306,0.9905281303076775
sub-RID0585,Pallidum,0.6945441043680336,0.8111830436888268,0.8631400610810084
sub-RID0662,Pallidum,0.7398498359542479,0.8232427168335791,0.8719403764779619
sub-RID0668,Pallidum,0.8153544661462464,0.8123738496170297,0.8640367437300227
sub-RID0454,Pallidum,0.7822398292203656,0.7874914838776548,0.8707345647617613
sub-RID0429,Pallidum,0.6728076201090185,0.7786534609838197,1.1165404392009317
sub-RID0383,Pallidum,1.051438680131385,0.817955327531653,0.8782665897886305
sub-RID0408,Pallidum,0.6928601931480105,0.8444619664145221,0.919960957857385
sub-RID0572,Pallidum,0.9685093638157952,0.9773192121525781,0.8955955529065491
sub-RID0596,Pallidum,0.7328290689784045,0.798729742983133,0.9283036396887369
sub-RID0578,Pallidum,0.6112478062475504,0.8248159452367373,0.8776914127053849
sub-RID0798,Pallidum,0.6837415201655066,0.911694656996621,0.9255533654494228
sub-RID0671,Pallidum,0.6337628684643857,0.8360552932717581,1.0834428858563896
sub-RID0860,Pallidum,0.8536595799436879,0.9295620475008619,0.954215010021315
sub-RID0440,Pallidum,1.013125784802559,1.0444389167563286,0.9877291438560937
sub-RID0341,Pallidum,0.7622570891946472,0.8217269962079852,0.9124809433171932
sub-RID0925,Pallidum,0.6272132968981036,0.827706816104132,1.0379239576681616
sub-RID0591,Pallidum,0.8136352797848978,0.8403754716374636,0.9625688271620143
sub-RID0620,Pallidum,0.8589994657885047,0.8534520378760263,0.8538415908104842
sub-RID0904,Pallidum,0.6751110305689063,0.720405992962133,0.7836185690884118
sub-RID0665,Pallidum,0.9567796166108103,0.8756002179000578,0.9460151437894999
sub-RID0681,Pallidum,0.6687779917066725,0.789242609601637,0.8319610634031471
sub-RID0689,Pallidum,0.8039750150990542,0.8012891125035295,0.8108622544667045
sub-RID0784,Pallidum,0.7310540081915488,0.8765997613523302,0.9278742076867256
sub-RID0448,Pallidum,0.8037280760636252,0.9003738339325956,1.04923229369404
sub-RID0646,Pallidum,0.6665870492672296,0.8874050803470277,0.9558301366073088
sub-RID0697,Pallidum,0.7922062956605541,0.8429588058595473,0.800069884836092
sub-RID0679,Pallidum,0.6723877104312113,0.7440222078226472,0.8245458731523596
sub-RID0673,Pallidum,0.7136097075548459,0.7923159096219148,0.9100584327800079
sub-RID0445,Pallidum,0.738677401736066,0.8087008583779574,1.135554604275151
sub-RID0660,Pallidum,0.7144036416911413,0.7666951227759323,0.7169981775172882
sub-RID0587,Pallidum,0.8164654399879943,0.8792134559762637,0.8733978238364433
sub-RID0652,Pallidum,0.7070164021050708,0.79025528835533,0.8334172691690573
sub-RID0658,Pallidum,0.6177290841512181,0.7805170856122908,1.0596488311623473
sub-RID0365,Pallidum,0.7244634074450446,0.7535252856926334,0.8507134888304047
sub-RID0656,Pallidum,0.7458283917855857,0.8369619070088318,0.9530577891304848
sub-RID0522,Pallidum,0.8114717339641924,0.7458923909701037,0.9777001204619786
sub-RID0680,Pallidum,0.8218784839003491,0.8479392586859674,0.9417889098291226
sub-RID0619,Pallidum,0.7379842450606243,0.8357470670586005,0.8811644493684524
sub-RID0664,Pallidum,0.6808153843090555,0.885636264939417,0.7936540837970834
sub-RID0583,Pallidum,1.0983811697161114,0.9146706460871126,0.9880757600585356
sub-RID0396,Pallidum,0.797226370647478,0.7626499214755429,0.5784814077586383
sub-RID0372,Pallidum,0.8487953118083991,0.8335762810373561,0.8727705800954809
sub-RID0693,Pallidum,0.7161197344109206,0.8229246173056193,0.9136866719617026
sub-RID0574,Pallidum,0.7651773502844095,0.8526098197722337,0.9125373143719053
sub-RID0597,Pallidum,0.8640960241244009,0.9002880214134882,0.9436468267146364
sub-RID0490,Pallidum,0.9992518823149412,1.0179494109451197,1.1771900695268889
sub-RID0670,Pallidum,0.944061651992128,0.8455597831520937,0.9963435786223735
sub-RID0648,Pallidum,0.7874218187016991,0.8271738708962879,0.9297517065180751
sub-RID0663,Pallidum,0.9871419998737312,0.8867295068214663,0.8760945960371237
sub-RID0455,Pallidum,0.7562876813720278,0.8210260525409543,1.061354541869027
sub-RID0659,Thalamus,0.6986542152280172,0.7234409603593515,0.4931770714540854
sub-RID0380,Thalamus,0.845309111222475,0.7410341349223297,0.7259040504836202
sub-RID0420,Thalamus,0.6874225597426361,0.7499704245499451,1.241625043174178
sub-RID0672,Thalamus,0.7330882513315735,0.7703451788347556,1.1765847910157738
sub-RID0791,Thalamus,0.7499414830424622,0.7227056717143626,1.1129534895891402
sub-RID0595,Thalamus,0.6907072272536209,0.7751348033673634,0.9098457895241903
sub-RID0571,Thalamus,0.7831456876667421,0.7937704384131309,0.9726244514312072
sub-RID0433,Thalamus,0.8063373209662755,0.8200440963158463,1.0180828387011582
sub-RID0449,Thalamus,0.7438827754590009,0.8850965391781774,1.127090629257286
sub-RID0592,Thalamus,0.7364596562935426,0.7905529048361268,0.9752737017669812
sub-RID0576,Thalamus,0.8090069228583947,0.7808080642899545,0.8835581533822964
sub-RID0675,Thalamus,0.7453861009324765,0.8759032352950813,0.9701512680163272
sub-RID0450,Thalamus,0.7861751616591969,0.8056716053721884,1.161613538827877
sub-RID0512,Thalamus,0.6522847392011154,0.8007096062383993,1.074072509620908
sub-RID0415,Thalamus,0.7463703971900806,0.8349566644469674,1.204650339209355
sub-RID0688,Thalamus,0.7663552922369034,0.7644200754643724,0.9298472008952794
sub-RID0785,Thalamus,0.8441314385986484,0.7966693249149231,1.1652646042880017
sub-RID0666,Thalamus,0.7153672907532007,0.8103255079586905,0.9028695687218106
sub-RID0585,Thalamus,0.7689111527170158,0.653050265005962,0.34866911301443365
sub-RID0662,Thalamus,0.7414546340881606,0.7912041875082136,0.9628323255983532
sub-RID0668,Thalamus,0.8736700067844748,0.8154054439212182,1.036010547283472
sub-RID0454,Thalamus,0.8745356206059032,0.7828878457098393,0.9614573671179363
sub-RID0429,Thalamus,0.7385695188293021,0.800058939742127,0.7680848925257917
sub-RID0383,Thalamus,0.8049519396393748,0.7155779484645481,0.7839494885188408
sub-RID0408,Thalamus,0.7027114122052283,0.7871401248011247,1.2145465734092864
sub-RID0572,Thalamus,0.7440064971308027,0.7942823359860524,0.8234119810294013
sub-RID0596,Thalamus,0.7562739315842741,0.7762656512018137,1.138982668449537
sub-RID0578,Thalamus,0.7464124152045225,0.6929217902797806,1.091859373338851
sub-RID0798,Thalamus,0.6955906654600488,0.8468105906580479,1.0069029593169376
sub-RID0671,Thalamus,0.7376079697699899,0.9502650168051756,2.7212327250641866
sub-RID0860,Thalamus,0.7213235957986599,0.7813505653531637,0.8634547269180218
sub-RID0440,Thalamus,0.8771726597441408,1.1246537843045303,1.2519284972221623
sub-RID0341,Thalamus,0.7391762236843892,0.9100748293219061,1.1181985600547577
sub-RID0925,Thalamus,0.7347497928905008,0.7684070031436274,0.9531605228316581
sub-RID0591,Thalamus,0.7604020885950905,0.8144622438456814,1.0562098555552295
sub-RID0620,Thalamus,0.75126933559422,0.6906950591649618,0.7866582351205028
sub-RID0904,Thalamus,0.787351980339746,0.8033632241447063,1.2774530864065952
sub-RID0665,Thalamus,0.8378014759558375,0.8934092988579966,1.3094860301561246
sub-RID0681,Thalamus,0.7551817014768535,0.7978067165767524,1.0689481817999549
sub-RID0689,Thalamus,0.7759558647317454,0.7736387083861705,1.0928919715453023
sub-RID0784,Thalamus,0.7769579017802363,0.789872587182682,1.1678467477827832
sub-RID0448,Thalamus,0.7490451154138746,0.8267376878972551,1.1870751110362967
sub-RID0646,Thalamus,0.7155193732315303,0.8023116229899497,1.1722829476045213
sub-RID0697,Thalamus,0.712158353755684,0.792164167973093,0.7782088910538061
sub-RID0679,Thalamus,0.8187129702345313,0.7893530984026201,1.2260238580190044
sub-RID0673,Thalamus,0.76742449716922,0.7900570495626763,1.1317641021275067
sub-RID0445,Thalamus,0.7344509495056214,0.8263501083251432,1.065927845558104
sub-RID0660,Thalamus,0.7931079663402884,0.8190929647668522,1.1154257355344854
sub-RID0587,Thalamus,0.7467025684630684,0.7558929155580335,0.7593713778786324
sub-RID0652,Thalamus,0.7747653872867852,0.8086286096464063,0.9658289454421431
sub-RID0658,Thalamus,0.7392415207620355,0.8606698990538643,1.0027998945556276
sub-RID0365,Thalamus,0.8122139184867206,0.7363404109858077,0.919536970779167
sub-RID0656,Thalamus,0.6856435112797064,0.8627955915368104,1.1102533195673354
sub-RID0522,Thalamus,0.7693702026107591,0.711053284596919,1.2728328974333223
sub-RID0680,Thalamus,0.7568331829915146,0.6858988226491021,0.3882272883320049
sub-RID0619,Thalamus,0.743915077258437,0.7586388106346201,0.9945347710670434
sub-RID0664,Thalamus,0.7442835151325713,0.8559350076120879,1.110024209696027
sub-RID0583,Thalamus,0.7896656235538846,0.7787370204644104,1.1124572187774158
sub-RID0396,Thalamus,0.7134032219380132,0.7273473374399501,1.2195085932376628
sub-RID0372,Thalamus,0.716514988382859,0.7340175042241274,1.0183821331231655
sub-RID0693,Thalamus,0.765217022034182,0.7140395234065147,0.5660717502984015
sub-RID0574,Thalamus,0.7196161618629623,0.7702416173230175,1.304317237447082
sub-RID0597,Thalamus,0.7861412177030518,0.8188919673486514,1.0668359846339939
sub-RID0490,Thalamus,0.7521322782272779,0.8063578928170319,1.1732603392432448
sub-RID0670,Thalamus,0.7988456831046558,0.7610396941670702,1.095229630479351
sub-RID0648,Thalamus,0.7568057697662053,0.6566621197815236,0.18224635949337736
sub-RID0663,Thalamus,0.7155347319749571,0.7269973341045833,0.536152893179085
sub-RID0455,Thalamus,0.811935557467065,0.7665841110736722,1.1239663727419418
sub-RID0659,caudalanteriorcingulate,0.973120782713155,0.9898339526529857,1.3843939372640195
sub-RID0380,caudalanteriorcingulate,1.048464732927918,0.9471056757250289,1.6052088244262248
sub-RID0420,caudalanteriorcingulate,0.9616223832424293,0.9713177723402715,2.0446328791280473
sub-RID0672,caudalanteriorcingulate,0.9782058900770182,0.9008655875614228,1.2899172486669548
sub-RID0791,caudalanteriorcingulate,0.8895711016859591,1.0090318006587455,1.4052466130872823
sub-RID0595,caudalanteriorcingulate,1.0269234975776633,1.0037207638437398,1.5836930377580285
sub-RID0571,caudalanteriorcingulate,0.7616328244178858,0.871805656429213,1.1434462392535711
sub-RID0433,caudalanteriorcingulate,0.8864635298728794,0.9708154244393561,1.2745149545069694
sub-RID0449,caudalanteriorcingulate,1.0301229860748886,1.0552584741357416,1.2007336836191351
sub-RID0592,caudalanteriorcingulate,0.937123707220699,0.9913845569501564,1.236399386921817
sub-RID0576,caudalanteriorcingulate,0.9023453465498951,0.941619246778707,1.2730988288674634
sub-RID0675,caudalanteriorcingulate,1.037471477261046,0.9333801366324096,1.5611514074050803
sub-RID0450,caudalanteriorcingulate,1.0546850952138658,1.021305434310317,1.3616862477113436
sub-RID0512,caudalanteriorcingulate,0.32493528822740775,0.5954343438918404,0.5739799325208766
sub-RID0415,caudalanteriorcingulate,0.9688687930651213,0.8529071396471783,1.6376138565735439
sub-RID0688,caudalanteriorcingulate,1.0222950705731935,0.9563191875390041,1.6760713771180384
sub-RID0785,caudalanteriorcingulate,0.8636992077446118,0.9975476740180981,1.9084258506134475
sub-RID0666,caudalanteriorcingulate,0.9685549239076006,1.1316921819197971,1.6789226512945907
sub-RID0585,caudalanteriorcingulate,0.9279650364968299,0.9771508800229063,1.4307992273792276
sub-RID0662,caudalanteriorcingulate,1.000214410956079,0.9442000491785835,1.3001274674954095
sub-RID0668,caudalanteriorcingulate,1.0220615003440139,1.00100614651275,1.289104785376826
sub-RID0454,caudalanteriorcingulate,1.0546688051089972,1.0259996459154097,1.5871360500727831
sub-RID0429,caudalanteriorcingulate,0.8599367573535038,0.8732693645232844,1.8547060859855942
sub-RID0383,caudalanteriorcingulate,0.9656663970494314,1.0868782115239244,1.5460414562635267
sub-RID0408,caudalanteriorcingulate,0.7836612062129502,0.8719752031649709,1.290155613318913
sub-RID0572,caudalanteriorcingulate,1.0352474219473133,0.95648718824138,1.3923234804322187
sub-RID0596,caudalanteriorcingulate,0.8958308852319029,0.8418564999353758,1.649095300510158
sub-RID0578,caudalanteriorcingulate,0.9472853695125819,1.026900549373087,1.4540285017285712
sub-RID0798,caudalanteriorcingulate,0.8784681503730001,1.0599800424185166,1.7098064615489825
sub-RID0671,caudalanteriorcingulate,1.0201462228166351,1.1320662146370244,1.3391911704083348
sub-RID0860,caudalanteriorcingulate,1.017603131454152,1.099124068231731,1.150181930735833
sub-RID0440,caudalanteriorcingulate,0.8349618124261358,0.9969454993932227,0.7945052790074609
sub-RID0341,caudalanteriorcingulate,0.8477140103423423,1.0807993279262986,1.1848284877058646
sub-RID0925,caudalanteriorcingulate,0.8291032836613914,0.9719581481491567,0.948029597138373
sub-RID0591,caudalanteriorcingulate,0.9927503794480231,1.0313479225765747,1.8004180724689358
sub-RID0620,caudalanteriorcingulate,0.9216318578520358,1.0575566319988134,1.7461758328308339
sub-RID0904,caudalanteriorcingulate,1.035750181908813,1.222370102251074,1.5708378054276344
sub-RID0665,caudalanteriorcingulate,1.0509439576723982,1.121515825878637,1.3524497408210252
sub-RID0681,caudalanteriorcingulate,0.928558489450725,0.9781809381101987,1.5117035578977827
sub-RID0689,caudalanteriorcingulate,1.024533884152543,0.9419819184726259,1.4243758846847123
sub-RID0784,caudalanteriorcingulate,0.8982884688464218,0.790894939485252,1.0135157022473384
sub-RID0448,caudalanteriorcingulate,1.037391902324997,1.022099650898255,1.5728526504823122
sub-RID0646,caudalanteriorcingulate,0.9122202150555847,0.9785144894514172,1.7158118051849864
sub-RID0697,caudalanteriorcingulate,1.030420223701888,0.9818747342563326,1.4278401374675327
sub-RID0679,caudalanteriorcingulate,0.9820388364658774,0.9820582823748623,1.3283780879309581
sub-RID0673,caudalanteriorcingulate,0.9878069349247959,0.9259827298283735,1.6420502839002549
sub-RID0445,caudalanteriorcingulate,0.8343570322655425,1.0006656781642782,1.3422406810864258
sub-RID0660,caudalanteriorcingulate,1.0131958252126476,0.9847230841859266,1.2967219620930417
sub-RID0587,caudalanteriorcingulate,0.885216941095663,0.9722820691786134,1.3386066723679737
sub-RID0652,caudalanteriorcingulate,0.9843431773780262,1.1284501522176222,1.6825969950514263
sub-RID0658,caudalanteriorcingulate,0.8703042265028729,1.0759634864371699,1.2475940869573978
sub-RID0365,caudalanteriorcingulate,1.0376732078729114,0.9592486669907018,1.6896832118375433
sub-RID0656,caudalanteriorcingulate,0.9198352714345079,1.166877672236725,2.04212251088942
sub-RID0522,caudalanteriorcingulate,0.9842024385802401,1.0918920582058227,1.7874722782337327
sub-RID0680,caudalanteriorcingulate,0.9068027945394452,0.9230682570013892,1.5325318628873965
sub-RID0619,caudalanteriorcingulate,0.8631967180534986,0.8026696251698877,1.035163671985375
sub-RID0664,caudalanteriorcingulate,0.8883895793611825,1.093201688852983,1.5252628674713442
sub-RID0583,caudalanteriorcingulate,0.9485496196943805,1.1426288589768032,2.2170143209920186
sub-RID0396,caudalanteriorcingulate,0.7540021086394092,0.8007474718362895,1.7450802214034615
sub-RID0372,caudalanteriorcingulate,1.0144342670061195,0.9629495848283889,1.4000681225351863
sub-RID0693,caudalanteriorcingulate,0.7476778123291268,0.9479999298164549,1.5463470101406513
sub-RID0574,caudalanteriorcingulate,1.030319804101826,0.9616518891028126,1.803462393543536
sub-RID0597,caudalanteriorcingulate,1.02354224826521,1.0279501731588343,1.5239388317482043
sub-RID0490,caudalanteriorcingulate,1.097446592529523,1.0846895193883026,2.109749573488078
sub-RID0670,caudalanteriorcingulate,0.9169817545934789,0.9004535321221895,1.5971922523967015
sub-RID0648,caudalanteriorcingulate,0.935241976547813,0.9875985882238691,2.3916193104288404
sub-RID0663,caudalanteriorcingulate,0.8593945917634527,0.875314244323017,1.250429801792607
sub-RID0455,caudalanteriorcingulate,0.9687801452729722,0.9758321249787681,1.360131717469039
sub-RID0659,caudalmiddlefrontal,0.9392019834247346,0.9475579200037801,0.9938964586486866
sub-RID0380,caudalmiddlefrontal,0.8881274118267536,0.8261984245657599,1.0009877986668894
sub-RID0420,caudalmiddlefrontal,0.852357536751815,0.8991754830922646,1.3243082928011736
sub-RID0672,caudalmiddlefrontal,1.0161948970272145,0.8930897549366685,1.3060980283170072
sub-RID0791,caudalmiddlefrontal,1.0013266971724133,0.9774880982771541,1.2983803042499422
sub-RID0595,caudalmiddlefrontal,0.738051838968091,0.7979224747788811,1.0468799231887491
sub-RID0571,caudalmiddlefrontal,0.7745967444056251,0.8358712818341139,0.9968834637830694
sub-RID0433,caudalmiddlefrontal,1.0207546364918234,0.904665264336189,0.8632378748554015
sub-RID0449,caudalmiddlefrontal,1.0378408845111504,1.0506667300687704,1.4077524237708805
sub-RID0592,caudalmiddlefrontal,0.916956807450134,0.9811065939469701,1.0039911560995807
sub-RID0576,caudalmiddlefrontal,0.8867349841886242,0.9299428194495996,1.0242525720732618
sub-RID0675,caudalmiddlefrontal,1.004504667804601,0.8385942518884619,1.6988591620434292
sub-RID0450,caudalmiddlefrontal,1.0089730057190418,1.044126424971436,1.6407840410084051
sub-RID0512,caudalmiddlefrontal,0.809752731716351,1.0416366018897765,0.7493211815566714
sub-RID0415,caudalmiddlefrontal,0.9161724885896103,0.8921819416779138,1.4141073235393296
sub-RID0688,caudalmiddlefrontal,0.9235161880838958,0.9106164933924665,1.0344411348413023
sub-RID0785,caudalmiddlefrontal,0.9939185666292861,0.845968245660783,1.1825867425319947
sub-RID0666,caudalmiddlefrontal,0.9582419845433592,0.8459196192483156,1.1949049442385802
sub-RID0585,caudalmiddlefrontal,0.9665711574323423,0.882797776992187,1.354549130339476
sub-RID0662,caudalmiddlefrontal,1.0203014459522721,0.8371451632723813,1.3252515631407902
sub-RID0668,caudalmiddlefrontal,0.9819573540778466,0.9317910471750618,1.3085676067218732
sub-RID0454,caudalmiddlefrontal,0.999294714947388,0.9997398880421456,1.2408217530918992
sub-RID0429,caudalmiddlefrontal,0.9422063782700923,0.7602740765433886,1.0001772263378519
sub-RID0383,caudalmiddlefrontal,0.9930836049180644,1.0375844921612098,1.4727195184609767
sub-RID0408,caudalmiddlefrontal,0.7399501448264012,0.8056706123312587,1.1639724355212777
sub-RID0572,caudalmiddlefrontal,0.9932826358377901,0.9673651471418879,1.6394988637769994
sub-RID0596,caudalmiddlefrontal,0.9338478735651639,0.8381377272467795,1.0923878454510885
sub-RID0578,caudalmiddlefrontal,1.0348481659757307,0.8826252450779057,1.216951574209004
sub-RID0798,caudalmiddlefrontal,0.9776644003528286,1.0036953944884721,1.4823056067310245
sub-RID0671,caudalmiddlefrontal,1.0627060032939766,0.9377123067855095,1.6720642342857228
sub-RID0860,caudalmiddlefrontal,0.8958586170180989,0.9341618500608942,1.2452147834261946
sub-RID0440,caudalmiddlefrontal,1.2607441806844584,1.5596925497293515,1.2077358014734405
sub-RID0341,caudalmiddlefrontal,0.8204672299829981,1.0649325865028916,1.1388686449222185
sub-RID0925,caudalmiddlefrontal,0.8497164126436612,0.8945161449287704,0.5756948977415719
sub-RID0591,caudalmiddlefrontal,0.8937696891018522,1.0298647479687624,1.2704376703085984
sub-RID0620,caudalmiddlefrontal,0.9394998654023914,0.8270026854045488,0.7838916939383951
sub-RID0904,caudalmiddlefrontal,1.0062959728916268,1.0467138450148614,1.5488291546045294
sub-RID0665,caudalmiddlefrontal,0.9758404288956994,0.9130843935361688,1.0075308936209657
sub-RID0681,caudalmiddlefrontal,0.9306951922406418,0.8992662746030324,1.3528263930301114
sub-RID0689,caudalmiddlefrontal,0.9754564104057543,0.962334859394692,1.480787623967148
sub-RID0784,caudalmiddlefrontal,0.9470382559725183,0.8671498954385594,1.2011765131696917
sub-RID0448,caudalmiddlefrontal,0.8632761084297526,0.8089531073230386,0.9921720620741876
sub-RID0646,caudalmiddlefrontal,0.7987155821549966,0.9260765052481258,1.653029081091751
sub-RID0697,caudalmiddlefrontal,0.9434160078776804,0.8606925214207173,1.165924562563841
sub-RID0679,caudalmiddlefrontal,1.007995471440356,0.9168750765949146,1.3794614486218657
sub-RID0673,caudalmiddlefrontal,0.9372287326456604,0.8471505846685081,1.2055273563310838
sub-RID0445,caudalmiddlefrontal,0.9125568361011447,0.95603386270628,0.9674700802315392
sub-RID0660,caudalmiddlefrontal,0.9545041368640473,0.9837224843022087,1.4274250499517704
sub-RID0587,caudalmiddlefrontal,0.941438521973922,0.8869682014056,0.7786589483807779
sub-RID0652,caudalmiddlefrontal,0.8838674953778939,0.9769965094489533,1.4738789212456966
sub-RID0658,caudalmiddlefrontal,0.8260893948790702,1.0182208682211757,1.1511453213253635
sub-RID0365,caudalmiddlefrontal,0.9981761944655446,0.9482854920064302,1.4303785169532774
sub-RID0656,caudalmiddlefrontal,0.8199799000819901,1.0243556411746249,1.4297633710355753
sub-RID0522,caudalmiddlefrontal,1.0303747329699007,1.0623859166540073,1.5437774795844414
sub-RID0680,caudalmiddlefrontal,0.9963396868583465,0.7942299555022589,1.3081406250324137
sub-RID0619,caudalmiddlefrontal,0.9464827724236167,0.8475895389740292,1.1107047295529238
sub-RID0664,caudalmiddlefrontal,0.7814005578230796,1.0088498625792655,1.2067082356034677
sub-RID0583,caudalmiddlefrontal,0.9841449189018744,1.0518746513588642,1.6917754831708813
sub-RID0396,caudalmiddlefrontal,0.829539039494329,0.7715123468610845,1.183556346924
sub-RID0372,caudalmiddlefrontal,0.9478310210054135,0.8663421778973531,1.4536948426231713
sub-RID0693,caudalmiddlefrontal,0.7797998152702595,0.909623815493485,1.4547011065777822
sub-RID0574,caudalmiddlefrontal,1.0093746624606474,0.9183569695310333,1.3155665443131677
sub-RID0597,caudalmiddlefrontal,0.9688252456084308,0.970368467660049,1.2958540139151498
sub-RID0490,caudalmiddlefrontal,0.9282972602000515,1.0243119789728847,1.5402969656566494
sub-RID0670,caudalmiddlefrontal,0.960203202705289,0.8717126867357916,1.1851114604208433
sub-RID0648,caudalmiddlefrontal,0.9686154577072343,0.8915611712038798,1.7115552526776576
sub-RID0663,caudalmiddlefrontal,0.7845547611620913,0.8268065419124372,1.1562233528751586
sub-RID0455,caudalmiddlefrontal,0.9937838778301257,0.8989885040946581,1.1128068962942566
sub-RID0659,cuneus,0.8241131948921342,1.0105490548599558,0.9049884526908956
sub-RID0380,cuneus,0.9891804230922989,0.9400144277277089,1.4000995209379294
sub-RID0420,cuneus,1.0483071647041555,1.062038235240291,1.8994855973450688
sub-RID0672,cuneus,1.0122445168362484,1.01284980878525,1.691732296933448
sub-RID0791,cuneus,0.9199724156424598,1.0961166140706995,1.606768605601166
sub-RID0595,cuneus,0.9847268967917154,1.035350592591384,1.6905198492277393
sub-RID0571,cuneus,0.9412995034072815,1.0102252054042777,1.6138704373848647
sub-RID0433,cuneus,1.1809206161148134,1.0573059599995769,1.1835195929217623
sub-RID0449,cuneus,1.0213102103552498,1.1211821564948135,1.4047610622465778
sub-RID0592,cuneus,0.9427820728016597,1.1789426029933918,1.3374255585610484
sub-RID0576,cuneus,1.0547504801361234,1.034112962679026,1.3860968671963334
sub-RID0675,cuneus,1.0286142246444914,0.9221323061091887,1.1920918966740786
sub-RID0450,cuneus,0.9481783329222275,1.0027241183408466,1.4857194662728024
sub-RID0512,cuneus,0.8595996955437636,1.1071154402703718,0.8514992276837182
sub-RID0415,cuneus,0.9815805401022967,0.8886858107842205,1.451224175060639
sub-RID0688,cuneus,1.054618534408779,1.0702611435778497,1.0589294390813109
sub-RID0785,cuneus,0.9551531996529975,1.0332363615187559,1.3480321151993218
sub-RID0666,cuneus,0.9214466210055431,0.9238322519342108,1.0624696550875956
sub-RID0585,cuneus,1.016486464909063,1.022364727167907,1.5155819715036374
sub-RID0662,cuneus,0.9926010597511551,0.8778148596621799,1.2555583285354428
sub-RID0668,cuneus,1.0325694988802225,1.044363706818914,1.5962685534088257
sub-RID0454,cuneus,1.0543294884510672,1.0780761422459393,1.564821019318011
sub-RID0429,cuneus,0.9665293819904929,1.044613535006127,1.1422852762089828
sub-RID0383,cuneus,1.0519987251484237,1.0334864200062805,1.0291089630513555
sub-RID0408,cuneus,0.8366524011220234,0.9473456219690386,1.420769600070026
sub-RID0572,cuneus,1.2440192925161722,1.1025616149857762,1.7054779920753353
sub-RID0596,cuneus,0.9140498328080092,0.9053384847947434,1.4639253620128359
sub-RID0578,cuneus,1.073412838894956,1.127185424664744,1.974780643062445
sub-RID0798,cuneus,0.923161898156939,1.0721767874825847,1.0606902090524282
sub-RID0671,cuneus,1.077768704148122,1.1406255181560359,4.446372860295452
sub-RID0860,cuneus,0.9845599862541567,1.121720469259423,1.2702830886670753
sub-RID0440,cuneus,1.373851735283719,1.6983064876335785,1.591023518411243
sub-RID0341,cuneus,0.8911314698044588,1.194973531602126,1.2710353760225455
sub-RID0925,cuneus,1.0417643470849767,1.023496862932832,1.3677151015713616
sub-RID0591,cuneus,0.9974139393820336,1.0298165227146574,1.019662211927866
sub-RID0620,cuneus,0.9770130467781664,1.1962812520314146,1.400440033752499
sub-RID0904,cuneus,0.9704325369261722,1.153524785100471,1.7040085849531201
sub-RID0665,cuneus,1.0625116280589249,0.9950059711484075,1.4125881403878435
sub-RID0681,cuneus,0.9903789238645008,0.9748841787702239,1.5432422655941835
sub-RID0689,cuneus,1.0014686477524715,0.9980171218680625,1.3392640112573766
sub-RID0784,cuneus,0.9465883741088224,1.0344526182593463,1.6555196555900902
sub-RID0448,cuneus,0.9196275227162042,1.0661271911876424,1.269475375159728
sub-RID0646,cuneus,0.9448864861175976,0.9870812102455584,1.820470831254277
sub-RID0697,cuneus,1.0483218170062376,0.9604305060083219,1.288582035264593
sub-RID0679,cuneus,1.0277878754522465,1.0179010467252598,1.6048595392545761
sub-RID0673,cuneus,0.9228461076469809,0.9568119936327522,1.4372547378232872
sub-RID0445,cuneus,0.9175553587776398,1.1289496985541452,1.4483826425099433
sub-RID0660,cuneus,0.9866044568556532,1.102483481588115,1.7524578649599936
sub-RID0587,cuneus,0.8958408399782104,1.0480095574820343,1.2879397316692816
sub-RID0652,cuneus,0.9809981767236045,1.0616074425624342,1.6378589807322619
sub-RID0658,cuneus,0.8670334630948822,1.0715966624621514,1.303430421990001
sub-RID0365,cuneus,0.9999165473209946,0.8951085542021701,1.7038441997239164
sub-RID0656,cuneus,0.8881446819551605,0.9751170694729097,1.3363962750571705
sub-RID0522,cuneus,0.9676524075130857,1.1183205919549999,1.9643308870182645
sub-RID0680,cuneus,1.17918740221985,1.0736133051032728,1.4579532177438304
sub-RID0619,cuneus,0.8344969490390549,0.9449522202113539,1.2430844650391828
sub-RID0664,cuneus,0.8573095391580604,1.0783435378286284,1.4287682110467985
sub-RID0583,cuneus,0.9010204814519978,0.9694453277289998,1.200146914650827
sub-RID0396,cuneus,0.9626179598563667,0.8567627433896474,1.5948608519896332
sub-RID0372,cuneus,0.9298945367503859,0.956675213284303,1.3296049939821604
sub-RID0693,cuneus,0.8146427398367502,0.9428038615510255,1.4956717815749359
sub-RID0574,cuneus,1.0498000855485223,1.0216609611045535,1.8853081787894843
sub-RID0597,cuneus,0.9650881056472875,1.0910127504885514,1.3913703093674246
sub-RID0490,cuneus,0.9296752948171882,1.040302025529015,2.005337068527363
sub-RID0670,cuneus,1.0951547566128175,0.9646141451996441,1.549161101445812
sub-RID0648,cuneus,1.046774211222583,1.011690224058529,1.8431896068461961
sub-RID0663,cuneus,1.1154686223481947,1.1230259947628005,1.2880717278568348
sub-RID0455,cuneus,0.9277305390318787,1.0106278458710527,1.2530339041529452
sub-RID0659,entorhinal,0.6309508218904866,0.6613510589380754,0.4449934612397214
sub-RID0380,entorhinal,0.7629534713896311,0.655626744642186,1.0824757017010442
sub-RID0420,entorhinal,0.5581357763793198,0.6210567073385579,1.4130341596950116
sub-RID0672,entorhinal,0.6460608592305376,0.6097638926218079,0.8601690145297624
sub-RID0791,entorhinal,0.6500677743140317,0.5672111265967353,0.8017374689368642
sub-RID0595,entorhinal,0.5681756241513453,0.5967113702172546,0.8527541005548867
sub-RID0571,entorhinal,0.5652384907337975,0.6535217793255261,1.0302909844629329
sub-RID0433,entorhinal,0.6880657615246043,0.6438821183823378,0.9821395176534861
sub-RID0449,entorhinal,0.7390730549418757,0.6785277849189864,1.0011087112448471
sub-RID0592,entorhinal,0.6948846177408122,0.7227484055593697,0.8750811534380799
sub-RID0576,entorhinal,0.7004223212430094,0.640249257261188,0.8176047719481907
sub-RID0675,entorhinal,0.648420416729904,0.7607341965042999,0.4618979163887315
sub-RID0450,entorhinal,0.6857031722048226,0.6049156214950431,0.8770124711370078
sub-RID0512,entorhinal,0.6107910690599324,0.7429042987848284,0.4953666646450251
sub-RID0415,entorhinal,0.6795548214005722,0.6509196682618292,0.9787591798330317
sub-RID0688,entorhinal,0.6499195664681987,0.6375342423029106,0.6138175065948347
sub-RID0785,entorhinal,0.6598016648071876,0.6502550427534467,0.7742841200354877
sub-RID0666,entorhinal,0.6715773503112984,0.6306091348036528,0.9249611866177333
sub-RID0585,entorhinal,0.674675575209912,0.5781241280182666,0.8562721447393312
sub-RID0662,entorhinal,0.6412526183965649,0.6606851806567541,0.8988199839960253
sub-RID0668,entorhinal,0.8290107268174874,0.6146411314463972,0.8115011439786106
sub-RID0454,entorhinal,0.773763635295352,0.6137851512354094,1.1246231082166056
sub-RID0429,entorhinal,0.7309501323157982,0.6144213139912743,1.064402018105054
sub-RID0383,entorhinal,0.7055948267679408,0.5646958382182359,0.7885912123403008
sub-RID0408,entorhinal,0.5642732692709262,0.5756259964245327,0.884648645741999
sub-RID0572,entorhinal,0.6503930820081448,0.5596141708252257,0.8726945212364727
sub-RID0596,entorhinal,0.644787663551121,0.6597947324406525,0.7844998333126588
sub-RID0578,entorhinal,0.6858165393084773,0.61963319803016,1.2557974329809893
sub-RID0798,entorhinal,0.6165007387092974,0.7294764126569395,0.968425312469299
sub-RID0671,entorhinal,0.6494786093062684,0.7229065909582358,1.6138555888185702
sub-RID0860,entorhinal,0.47674536164759634,0.5901410247973896,0.39350842988834883
sub-RID0440,entorhinal,0.4252072914539722,0.38239905914987765,0.01549900067363517
sub-RID0341,entorhinal,0.5968824343577126,0.7172307086619124,0.6565771908820643
sub-RID0925,entorhinal,0.6150835801519129,0.6770463633970658,0.8439849614061635
sub-RID0591,entorhinal,0.6147185362851121,0.6319788273001822,1.3360160369924632
sub-RID0620,entorhinal,0.6271742942159578,0.674580583095514,1.1443703954023816
sub-RID0904,entorhinal,0.6728439427501407,0.6587667656757753,0.8116686725968209
sub-RID0665,entorhinal,0.6223647949945557,0.7829958815265522,1.1333489332993616
sub-RID0681,entorhinal,0.6706695930815494,0.6282688007650057,0.9504081511278291
sub-RID0689,entorhinal,0.626342802765095,0.5764276447223003,0.761480308902633
sub-RID0784,entorhinal,0.6614359601093124,0.6124569638200064,0.8210624351661321
sub-RID0448,entorhinal,0.6315189493155888,0.6229134147594315,1.0047658269530695
sub-RID0646,entorhinal,0.5937818974908518,0.6251077485418653,1.0286543595186681
sub-RID0697,entorhinal,0.6323065870011749,0.6371970172398074,0.5243304626883168
sub-RID0679,entorhinal,0.6392384805963139,0.6512811131776004,0.8683144110074935
sub-RID0673,entorhinal,0.7123790432993652,0.6125606455850344,1.069731871112758
sub-RID0445,entorhinal,0.6086834249355991,0.7243708557626968,1.0656896777946807
sub-RID0660,entorhinal,0.6549644486541469,0.6179606356161959,0.8346915994350393
sub-RID0587,entorhinal,0.6511541642574391,0.6790087516985376,0.6932973018707227
sub-RID0652,entorhinal,0.6282399706360785,0.6012149594466046,1.0918465579691257
sub-RID0658,entorhinal,0.5705602119921859,0.6596033161977666,0.5743646618967035
sub-RID0365,entorhinal,0.5992740743202192,0.6403835602922234,1.075917045976622
sub-RID0656,entorhinal,0.6226896689510051,0.7324246925220861,1.0051727115796583
sub-RID0522,entorhinal,0.653281526464417,0.68803605548475,1.518956227759511
sub-RID0680,entorhinal,0.6682843361634685,0.638961919299728,0.798151132678297
sub-RID0619,entorhinal,0.6293578023816578,0.6597762962244761,0.7899747956486012
sub-RID0664,entorhinal,0.6014710963554296,0.7140025241960751,0.9137611710698587
sub-RID0583,entorhinal,0.6506622682556572,0.7300386849978074,1.270567857154559
sub-RID0396,entorhinal,0.584741919249074,0.5447464855109836,1.6550730330947734
sub-RID0372,entorhinal,0.5516842628615725,0.5949358606327493,0.7515438541604078
sub-RID0693,entorhinal,0.6141122302580598,0.6474243076938878,0.7272960977673165
sub-RID0574,entorhinal,0.6022610632708092,0.6258469974383795,1.1400377651603935
sub-RID0597,entorhinal,0.6127681918901452,0.6645259586215898,0.8021880851042323
sub-RID0490,entorhinal,0.6266619737343264,0.7457999802663888,1.3116460276944866
sub-RID0670,entorhinal,0.7067155317376076,0.6167391453402671,1.1144162902897743
sub-RID0648,entorhinal,0.643325938556643,0.6048728286423385,1.5804217204645024
sub-RID0663,entorhinal,0.6293324962837396,0.6193868965858396,0.6628968574173899
sub-RID0455,entorhinal,0.6848421196149026,0.6073820012070502,1.1274443692673446
sub-RID0659,fusiform,0.7920543829557741,0.8049727729507421,0.6243461817848068
sub-RID0380,fusiform,0.8706694064388409,0.8176417650954948,0.9896060760477091
sub-RID0420,fusiform,0.8777931682820813,0.8709809211909596,1.4713477465057423
sub-RID0672,fusiform,0.995086475146335,0.8381184859174625,1.2512479810848751
sub-RID0791,fusiform,0.7759247776067169,0.8737043396825556,0.9976621873719616
sub-RID0595,fusiform,0.8273412796633223,0.8445686202620208,1.0276177834212878
sub-RID0571,fusiform,0.8293071140929519,0.9780344706622649,1.2116669729584417
sub-RID0433,fusiform,0.8785195332079957,0.8812659372465903,0.8531326858706123
sub-RID0449,fusiform,0.9828042470159664,0.9449670814924607,1.1755534387384081
sub-RID0592,fusiform,0.8717164643578219,0.9613978690528654,0.905412458371347
sub-RID0576,fusiform,0.8497029588733236,0.8667769579876551,1.0597984766954518
sub-RID0675,fusiform,0.9049983589470199,0.9952577994746235,0.9056584201032224
sub-RID0450,fusiform,0.8771299048414052,0.9381186338565132,1.4073075383571965
sub-RID0512,fusiform,0.8608362553323154,1.148612197680189,0.8200408708124995
sub-RID0415,fusiform,0.9365564547567085,0.8785255790674417,1.1707350580204796
sub-RID0688,fusiform,0.8846446251731087,0.8724603841057902,1.062561968270091
sub-RID0785,fusiform,0.8674857045100298,0.876600048743188,1.2297574334280612
sub-RID0666,fusiform,0.809437312287229,0.7283111900689155,0.8425489166011199
sub-RID0585,fusiform,0.8130954225737076,0.801453146176699,1.1782808288562925
sub-RID0662,fusiform,0.84959863899631,0.864580879305417,0.953816225363558
sub-RID0668,fusiform,0.9534306363485193,0.9424427985490839,1.1831597837289929
sub-RID0454,fusiform,0.9713430069051198,0.9677201705711157,1.0045443762422326
sub-RID0429,fusiform,0.9018500597565074,0.8867939360814358,1.0343775171129586
sub-RID0383,fusiform,0.9599555080013457,0.8900582559853772,0.9578294667443087
sub-RID0408,fusiform,0.7731380731878992,0.838739492014185,1.1244883726541426
sub-RID0572,fusiform,0.8949891059361244,0.8791678367793355,1.084151567422798
sub-RID0596,fusiform,0.8412095611223369,0.8730548377319236,0.9640269340668982
sub-RID0578,fusiform,0.9123195204609214,0.881577953137681,1.372807760150747
sub-RID0798,fusiform,0.8098874316107257,0.9626574462132602,1.081451156007389
sub-RID0671,fusiform,0.9211795441809452,0.9792792844091152,2.3488078129043126
sub-RID0860,fusiform,0.7865040718144712,0.8757721974715613,0.7336325817276393
sub-RID0440,fusiform,0.9652847111959791,1.1736695136539244,1.1919209123281829
sub-RID0341,fusiform,0.6913108066636229,0.9593346361412378,0.9409794144342765
sub-RID0925,fusiform,0.8488692309413086,0.886344112327567,0.9796818931010209
sub-RID0591,fusiform,0.646792890010143,0.755248197881359,1.1551187801433644
sub-RID0620,fusiform,0.9019585140612422,0.9769572000904511,1.2753228120361595
sub-RID0904,fusiform,0.9452730917522716,1.0236979137752908,1.3234305445953638
sub-RID0665,fusiform,0.8986415421402699,0.986802592082374,1.189145027070571
sub-RID0681,fusiform,0.8193727260944544,0.8334462411718399,1.0995410413607056
sub-RID0689,fusiform,0.8526611761139173,0.8258470786118386,0.9760439900674562
sub-RID0784,fusiform,0.8777145585465873,0.8687432324440887,1.0920143255874137
sub-RID0448,fusiform,0.8518441001771788,0.8875566833592893,1.0512552120116903
sub-RID0646,fusiform,0.8377337785145564,0.8874448518527448,1.299169848567255
sub-RID0697,fusiform,0.9459010163639341,0.9008750733329908,0.8108097492359925
sub-RID0679,fusiform,0.8400734102624287,0.8379922395848259,1.1433956748106386
sub-RID0673,fusiform,0.8777244880577626,0.8449014187687486,1.139005038379702
sub-RID0445,fusiform,0.8228262549662869,0.9505660252213416,1.1952836878785584
sub-RID0660,fusiform,0.8721904825597182,0.8672143254280481,1.0841407987755698
sub-RID0587,fusiform,0.7595686081728454,0.8815784390359324,0.7841183090196763
sub-RID0652,fusiform,0.8689162095238158,0.8530051434812114,1.2404425957471608
sub-RID0658,fusiform,0.7918826022663511,0.9565808481065983,1.0493882476156178
sub-RID0365,fusiform,0.7987118578018756,0.8436625279613403,1.331723079842175
sub-RID0656,fusiform,0.8363306859530356,0.9744124121471834,1.3015148399466085
sub-RID0522,fusiform,0.8464382032129837,0.9352170410747908,1.461979259445614
sub-RID0680,fusiform,0.9569304187461284,0.8759063631396832,1.115625335942143
sub-RID0619,fusiform,0.7701517413793442,0.86016440658185,1.0851845272970038
sub-RID0664,fusiform,0.7219009727223626,0.928807231335005,1.1836825456548656
sub-RID0583,fusiform,0.829220671371366,0.9961512113801767,0.992951535113441
sub-RID0396,fusiform,0.7919492224415562,0.773330484733116,1.4403224378775028
sub-RID0372,fusiform,0.7921362976542121,0.8015933104885824,0.9738492371421772
sub-RID0693,fusiform,0.7697789964933269,0.8919503501811937,1.1097097165081573
sub-RID0574,fusiform,0.865046052743543,0.9048896984781872,1.2775437920501478
sub-RID0597,fusiform,0.8550420305843672,0.9077367192569104,1.0171808412697656
sub-RID0490,fusiform,0.8606140008391416,0.9293429506990118,1.513376622442775
sub-RID0670,fusiform,0.89098310649032,0.867088247164076,1.0328171862868196
sub-RID0648,fusiform,0.896692999737914,0.8235865645104488,1.5580784775283365
sub-RID0663,fusiform,0.9087405056716357,0.8659105870558655,0.8019706618426257
sub-RID0455,fusiform,0.86774807771615,0.801522893533769,1.1121416189406303
sub-RID0659,inferiorparietal,0.8304799009827577,0.876701717708893,1.1143608390407937
sub-RID0380,inferiorparietal,0.9164579331488574,0.8722086124384875,1.3112703448872096
sub-RID0420,inferiorparietal,0.8537187036464887,0.9098410652235591,1.610495258594835
sub-RID0672,inferiorparietal,0.9452189736347737,0.8813104287105875,1.4492708637908909
sub-RID0791,inferiorparietal,0.8702954341474879,0.8892429952356902,1.2832534561200808
sub-RID0595,inferiorparietal,0.8553741930389533,0.8907264430554448,1.4046063242170264
sub-RID0571,inferiorparietal,0.7746062389199665,0.89227313085747,1.3484206066688127
sub-RID0433,inferiorparietal,0.907927264118976,0.8755583366213803,1.1336396947155203
sub-RID0449,inferiorparietal,0.9962305175690477,1.014291365210065,1.324883180947097
sub-RID0592,inferiorparietal,0.825686983252955,0.9447678414437709,1.2315736490348028
sub-RID0576,inferiorparietal,0.8732314890993692,0.937394426610355,1.4147388554994234
sub-RID0675,inferiorparietal,0.9314552157820736,0.8405789245014018,1.6565913951554712
sub-RID0450,inferiorparietal,0.9440895964112733,0.9821861395772393,1.5412995727269843
sub-RID0512,inferiorparietal,0.8065928875745468,1.1360808544169199,1.2692905924131865
sub-RID0415,inferiorparietal,0.9322962419225315,0.8840790214142737,1.539021951497002
sub-RID0688,inferiorparietal,0.8905589621883155,0.8953175106333982,0.7289748855844095
sub-RID0785,inferiorparietal,0.9510155512567885,0.8728137446368152,1.5382152431959428
sub-RID0666,inferiorparietal,0.8429723357246931,0.7238732852080506,1.388388076107203
sub-RID0585,inferiorparietal,0.8860938877672264,0.9172840385163691,1.4243931272597914
sub-RID0662,inferiorparietal,0.8861537098368227,0.7786928684713336,1.2656295488767693
sub-RID0668,inferiorparietal,0.9435239365200827,0.9116304230651132,1.4367107066619644
sub-RID0454,inferiorparietal,0.9260924213787581,0.9166235399705448,1.4192318608994483
sub-RID0429,inferiorparietal,0.9007577961084976,0.8121224379769556,1.3317531611755173
sub-RID0383,inferiorparietal,0.9699528776577229,0.9312419175995841,1.2281922019032705
sub-RID0408,inferiorparietal,0.7729725927647947,0.7974313543371664,1.4178449682505085
sub-RID0572,inferiorparietal,1.0426004294556397,0.956107853151828,1.3765577493646641
sub-RID0596,inferiorparietal,0.8878035093818853,0.8106151238293168,1.397879677692236
sub-RID0578,inferiorparietal,1.0422740502805325,0.8655300067623332,1.6500882087244577
sub-RID0798,inferiorparietal,0.8355348757504775,0.9923862299092098,1.4562143799644085
sub-RID0671,inferiorparietal,1.0439117260192992,0.9244497196512385,1.6544192651084246
sub-RID0860,inferiorparietal,0.8861010338452182,0.8908143127768209,1.3304166968017854
sub-RID0440,inferiorparietal,1.2559830208110223,1.563968970596246,1.3490424636800176
sub-RID0341,inferiorparietal,0.7584769729774375,1.013451498128518,1.1672274979496282
sub-RID0925,inferiorparietal,0.787966467769671,0.8836425294278105,0.9558797656854504
sub-RID0591,inferiorparietal,0.8475626571640859,0.9503335815219128,1.0542943049264297
sub-RID0620,inferiorparietal,0.9064189664681102,0.9239126059636888,0.9392897819386156
sub-RID0904,inferiorparietal,0.906973863097909,0.9599991150945381,1.5129714078786671
sub-RID0665,inferiorparietal,0.8492058799292909,0.8635393224473181,1.0561824726151452
sub-RID0681,inferiorparietal,0.8120923579749313,0.8019539555736181,1.3614339838143148
sub-RID0689,inferiorparietal,0.8558769649370827,0.8903497738115671,1.5191768619643475
sub-RID0784,inferiorparietal,0.8984387414145381,0.7980649239630098,1.2422631774107116
sub-RID0448,inferiorparietal,0.8151751147610492,0.8708925656954606,1.2416050533777123
sub-RID0646,inferiorparietal,0.7901880746248839,0.8884294399660222,1.7848077593212908
sub-RID0697,inferiorparietal,0.9204148869216334,0.82916512705265,1.2690494306645057
sub-RID0679,inferiorparietal,0.9084961541292508,0.916006297452986,1.4669347444961789
sub-RID0673,inferiorparietal,0.8148022955458813,0.781212542353389,1.427216437869624
sub-RID0445,inferiorparietal,0.8589347585818803,0.9701235507458882,1.3606188643454689
sub-RID0660,inferiorparietal,0.8312462411695167,0.9220448449208839,1.5036413405527593
sub-RID0587,inferiorparietal,0.8210835219945382,0.8737169485688022,1.081817239594202
sub-RID0652,inferiorparietal,0.9227931309415246,0.949556737992657,1.6291057295855034
sub-RID0658,inferiorparietal,0.7689456488186469,0.8951529908636617,1.1068318531623813
sub-RID0365,inferiorparietal,0.8441857479276305,0.839063543969396,1.5759707960557094
sub-RID0656,inferiorparietal,0.8743897074108018,0.9450283960550254,1.6167790496054855
sub-RID0522,inferiorparietal,0.9253535465972924,0.9847020407923865,1.5836929751482933
sub-RID0680,inferiorparietal,0.9965601199723796,0.8634164623645592,1.5033875334491462
sub-RID0619,inferiorparietal,0.7946016056273905,0.7955085495091986,1.2847811549707677
sub-RID0664,inferiorparietal,0.6919426596722351,0.9264164293246421,1.3320816172116214
sub-RID0583,inferiorparietal,0.869769458641487,0.9145770657367014,1.328618952775921
sub-RID0396,inferiorparietal,0.8400698290181962,0.7294171477426562,1.144523567386591
sub-RID0372,inferiorparietal,0.8472946283964278,0.8266056495805897,1.388559641857421
sub-RID0693,inferiorparietal,0.7826829624155476,0.9005583159061921,1.433420535783688
sub-RID0574,inferiorparietal,0.9061602283685641,0.8609913645683042,1.5576163358063466
sub-RID0597,inferiorparietal,0.9259020593344035,0.9305674754695553,1.3855931387991296
sub-RID0490,inferiorparietal,0.8727463010019703,0.9966377998458247,1.8276950213714935
sub-RID0670,inferiorparietal,0.9263132131773949,0.8024646641621803,1.5742304388930968
sub-RID0648,inferiorparietal,0.9573920256327323,0.8711877481173529,1.93581445897183
sub-RID0663,inferiorparietal,0.8648906972617315,0.8921951757057692,1.352043898173161
sub-RID0455,inferiorparietal,0.9020783781306129,0.8163373477923646,1.1752180720707304
sub-RID0659,inferiortemporal,0.7195311901234104,0.7020487032870436,0.7565307347416279
sub-RID0380,inferiortemporal,0.7942411599848389,0.7177301534730829,1.2307103025721537
sub-RID0420,inferiortemporal,0.6975848462594443,0.7455710453107776,1.5080904328126463
sub-RID0672,inferiortemporal,0.7981476791070146,0.699423686580862,1.0793161340448985
sub-RID0791,inferiortemporal,0.724224083888402,0.6642022442050143,0.915691100889462
sub-RID0595,inferiortemporal,0.6500109345773508,0.6898323488770809,0.9270811414528283
sub-RID0571,inferiortemporal,0.7173928766800662,0.8151020372336903,1.2168116188210016
sub-RID0433,inferiortemporal,0.7915646469037034,0.72136321531397,0.9987203747276477
sub-RID0449,inferiortemporal,0.8344077268181709,0.7583583213336378,1.0708203139814727
sub-RID0592,inferiortemporal,0.7586885833156295,0.7880985850227722,1.1211716285393185
sub-RID0576,inferiortemporal,0.777804089770502,0.7392973066497484,0.9933182360294104
sub-RID0675,inferiortemporal,0.8032938096037695,0.7028914735749869,1.1820531360129514
sub-RID0450,inferiortemporal,0.822651771261779,0.7815081658180577,1.2909737282712914
sub-RID0512,inferiortemporal,0.6901119916887218,0.9172042914496933,0.6920217224940318
sub-RID0415,inferiortemporal,0.7991018234655286,0.7519497846789719,1.2751330319797245
sub-RID0688,inferiortemporal,0.7756303640235646,0.7168440796234938,1.1541526071808856
sub-RID0785,inferiortemporal,0.7794006386964359,0.7268219066709484,0.9667781887269639
sub-RID0666,inferiortemporal,0.6971913227697567,0.6273083144461038,1.0932517245595175
sub-RID0585,inferiortemporal,0.7370430924091513,0.6767042014316391,1.0437433920111288
sub-RID0662,inferiortemporal,0.7673369394488764,0.777379677207643,0.9380949882344444
sub-RID0668,inferiortemporal,0.8665707412442247,0.7361139903594619,0.9785091469966805
sub-RID0454,inferiortemporal,0.8483301657190614,0.8050326844210715,1.2039360982501186
sub-RID0429,inferiortemporal,0.8471782251994759,0.7123087403100871,1.1686881206028399
sub-RID0383,inferiortemporal,0.8366779456079314,0.6491075472779603,1.0028310834310596
sub-RID0408,inferiortemporal,0.6377824929244399,0.6385553419451553,1.0482581877727417
sub-RID0572,inferiortemporal,0.8184652590141964,0.7269201857214378,0.9698051706690562
sub-RID0596,inferiortemporal,0.7335366313651321,0.7448536879863011,1.049523027805996
sub-RID0578,inferiortemporal,0.8738157417234026,0.7361866486386395,1.4248420051993849
sub-RID0798,inferiortemporal,0.6757697337541575,0.7645040303772057,0.998186096213826
sub-RID0671,inferiortemporal,0.8195620796524564,0.770836953257456,1.5530439514091505
sub-RID0860,inferiortemporal,0.6658870590471456,0.693833268768665,0.6940061793658389
sub-RID0440,inferiortemporal,0.40187816575305363,0.43661965841689326,0.3048857298579838
sub-RID0341,inferiortemporal,0.6276063237393796,0.7802469914963387,0.7811011870178035
sub-RID0925,inferiortemporal,0.7258642726990783,0.7971400157889998,0.8593078941136393
sub-RID0591,inferiortemporal,0.6826640373756409,0.6984142458009587,1.3508357052806768
sub-RID0620,inferiortemporal,0.7488537394666039,0.7611149496273977,0.9230568934214638
sub-RID0904,inferiortemporal,0.8354055690063507,0.7948024690938529,1.1271422241814757
sub-RID0665,inferiortemporal,0.7355702151270022,0.8138961886022305,1.131701181540436
sub-RID0681,inferiortemporal,0.7536941173072573,0.7171154699980712,0.9687982797020965
sub-RID0689,inferiortemporal,0.7346524408810111,0.6829744568962586,1.0002005202917055
sub-RID0784,inferiortemporal,0.7931517527563683,0.7152782740630009,0.9663384882984949
sub-RID0448,inferiortemporal,0.727083810452799,0.739691020471422,1.0826981112759235
sub-RID0646,inferiortemporal,0.7108329869267417,0.7347687770957554,1.2442254502205097
sub-RID0697,inferiortemporal,0.7915127533045894,0.7334261769768767,0.7209915561067349
sub-RID0679,inferiortemporal,0.7686824236589204,0.7130138403759828,1.0773087247048676
sub-RID0673,inferiortemporal,0.7922732149703986,0.7246433740125008,1.0541490745699684
sub-RID0445,inferiortemporal,0.757039776247318,0.8109732210612663,1.2671671008008991
sub-RID0660,inferiortemporal,0.7922353546247327,0.738848776536403,1.0724569796936476
sub-RID0587,inferiortemporal,0.7205189690635089,0.7575163451259994,0.7710721222074642
sub-RID0652,inferiortemporal,0.7579945279089613,0.715488931808075,1.2355767528500752
sub-RID0658,inferiortemporal,0.6613399880876472,0.7890224608444711,1.0164603924763795
sub-RID0365,inferiortemporal,0.6904725812584788,0.7375024810595684,1.2724155950778688
sub-RID0656,inferiortemporal,0.6977623378774593,0.8071101177408687,1.4585720660641972
sub-RID0522,inferiortemporal,0.790988532518874,0.828638740675417,1.421919454125773
sub-RID0680,inferiortemporal,0.7892359337481679,0.7173585922704934,0.8674759250534779
sub-RID0619,inferiortemporal,0.722936405925926,0.7217621477263308,0.8542473621498012
sub-RID0664,inferiortemporal,0.6541030008042642,0.744965353608576,1.0042424500117462
sub-RID0583,inferiortemporal,0.7765956376611652,0.86454430113313,1.4463272177714108
sub-RID0396,inferiortemporal,0.7386013051221357,0.6207470095276292,1.7712486579326114
sub-RID0372,inferiortemporal,0.6915408026022871,0.6732543739093817,0.9797502212694648
sub-RID0693,inferiortemporal,0.6839724480331845,0.7639385201498166,0.9970138249257087
sub-RID0574,inferiortemporal,0.7928462541042982,0.773905317391638,1.2419700590927318
sub-RID0597,inferiortemporal,0.7386065588581116,0.7799218627559827,0.8947640975348489
sub-RID0490,inferiortemporal,0.6825101311997618,0.7941143288290844,1.660584700539407
sub-RID0670,inferiortemporal,0.7688553257950739,0.6747408646209443,0.9846234913802709
sub-RID0648,inferiortemporal,0.7590114785925326,0.7125895920019494,1.7113847262144786
sub-RID0663,inferiortemporal,0.7389708804786719,0.6618171332520534,0.7350416933955061
sub-RID0455,inferiortemporal,0.8218465590455916,0.6516875851106647,1.0404424896495816
sub-RID0659,insula,0.8010205028150587,0.8199220866510456,1.1795003059626887
sub-RID0380,insula,0.9126227354966391,0.8970312492061079,1.5084479397882196
sub-RID0420,insula,0.856935963052191,0.8990797932535833,1.4099485215094236
sub-RID0672,insula,0.9134168395584562,0.8705487294566766,1.091120358536354
sub-RID0791,insula,0.8399219408896916,0.9285189973378116,1.2553905530170428
sub-RID0595,insula,0.8893731743475344,0.9366754171837821,1.3654080344432458
sub-RID0571,insula,0.8431625480933658,0.9108238286268443,1.0929282247814378
sub-RID0433,insula,0.75810552995815,0.8640025345509843,1.1130745484733506
sub-RID0449,insula,0.9572437917920571,0.9559527554603647,1.0336233725051667
sub-RID0592,insula,0.8873817528953905,0.9338000634850994,1.2186665618156862
sub-RID0576,insula,0.8351007002501308,0.863312936596471,1.145872423507344
sub-RID0675,insula,0.9143010567068607,0.9058233802189498,1.167520288871609
sub-RID0450,insula,0.8826815132280594,0.9228354395546565,1.046077555909217
sub-RID0512,insula,0.7308378354725177,0.997709625363009,1.0466875935794626
sub-RID0415,insula,0.943092483196063,1.00221921157308,1.3047425565978337
sub-RID0688,insula,0.9049511350128326,0.8789781251173121,1.3586649795570356
sub-RID0785,insula,0.817835098635956,0.8876908105557054,1.3695825761400902
sub-RID0666,insula,0.8849265730271239,0.9043045693977413,1.3234210049486848
sub-RID0585,insula,0.8396478575184397,0.8987211928396472,1.2090689452003693
sub-RID0662,insula,0.8509932714456493,0.9172879660157227,1.118695757932454
sub-RID0668,insula,0.9449748742844963,0.9017634761906566,1.150585472184718
sub-RID0454,insula,0.9685441970121837,0.9583079692645579,1.3359304652436357
sub-RID0429,insula,0.8538457914923113,0.8755642703719371,1.482277346342557
sub-RID0383,insula,0.9166312963243504,0.904155186664737,1.3218412696093593
sub-RID0408,insula,0.7634724828876512,0.8267907662524756,1.3107178736093206
sub-RID0572,insula,0.8823061416298814,0.9918342487802481,1.1026985945250614
sub-RID0596,insula,0.8115794130571791,0.8553025299030599,1.2841997606869593
sub-RID0578,insula,0.8767137376488621,0.9576218979778055,1.247307131370927
sub-RID0798,insula,0.8255125243061777,1.039214509606499,1.5397110340931988
sub-RID0671,insula,0.8967798398741046,0.9662761086143228,1.0443625904744716
sub-RID0860,insula,0.8319777092739002,0.9104711717505914,1.2383534874400892
sub-RID0440,insula,1.0319339508539447,1.0919474351803555,0.8391973752266575
sub-RID0341,insula,0.7693915274189113,1.024531552948684,1.1448423932580862
sub-RID0925,insula,0.7713638735559718,0.8942633524535608,0.8850713719808133
sub-RID0591,insula,0.9010205636927708,1.0006979055064877,1.2455335553622584
sub-RID0620,insula,0.8521517887130357,0.9996680680008546,1.4409033412804555
sub-RID0904,insula,0.9069960630563288,1.032806744733973,1.235513999674669
sub-RID0665,insula,0.9589456838672588,1.055399775523879,1.0670805149699911
sub-RID0681,insula,0.8448130137425433,0.871639177261809,1.2809082011970754
sub-RID0689,insula,0.9369275890629246,0.9036367270264132,1.2757842483559314
sub-RID0784,insula,0.7990650146328561,0.7692736944274116,0.8355212344671191
sub-RID0448,insula,0.9348317298438688,1.0045981887234696,1.251658637785527
sub-RID0646,insula,0.8965411957252414,0.937085576203246,1.4470908771075643
sub-RID0697,insula,0.9179308074577268,0.8980144730942061,0.9801317190085467
sub-RID0679,insula,0.8603661594351665,0.9459971263458946,1.253519034212142
sub-RID0673,insula,0.9068381930331199,0.8807040762609818,1.1666198329982786
sub-RID0445,insula,0.759168713636321,0.9564202997496412,1.2195394574428957
sub-RID0660,insula,0.9479496975793689,0.8561924716045776,1.0043203375118532
sub-RID0587,insula,0.7614308973906508,0.9329807543834061,1.2029177125916815
sub-RID0652,insula,0.9172217669962069,1.0694780771632295,1.4046035249454678
sub-RID0658,insula,0.804752705091883,0.9790673345633841,1.17817540549094
sub-RID0365,insula,0.8320065908581155,0.9146436572666273,1.2647244029755498
sub-RID0656,insula,0.8261209698887305,1.037157983924721,1.9842571254896888
sub-RID0522,insula,0.9202466087982712,1.0472995188645968,1.44311581863369
sub-RID0680,insula,0.9087578096705661,0.8885622405776933,1.228356732400239
sub-RID0619,insula,0.7765198923858895,0.80655834791096,0.9508155349950016
sub-RID0664,insula,0.8060904025680992,0.9846902811490249,1.32176995490018
sub-RID0583,insula,0.8687241701250388,1.0401286171393855,1.600338531543446
sub-RID0396,insula,0.8481628139982959,0.8838572492504198,1.8380337691005773
sub-RID0372,insula,0.8003537449380961,0.8827920566039508,1.0851534611558238
sub-RID0693,insula,0.6843046017963039,0.8396270780789092,1.2652787815195563
sub-RID0574,insula,0.9263969331572797,1.001295266299798,1.5238591365945935
sub-RID0597,insula,0.8861935613260619,0.9595835425713914,1.2013624738905075
sub-RID0490,insula,0.9125087852990118,0.9661930208616687,1.5938604282358408
sub-RID0670,insula,0.8642363601965956,0.8525945598825972,1.2276031380512586
sub-RID0648,insula,0.8926169732421875,0.8947232429813529,1.6379203326659053
sub-RID0663,insula,0.8358083761290409,0.8259072150432611,1.1369454790063074
sub-RID0455,insula,0.8890089753636968,0.9173224243137603,1.1687419498247438
sub-RID0659,isthmuscingulate,0.7757768330306848,0.968871443010397,0.8933509396065299
sub-RID0380,isthmuscingulate,1.1297586824448647,1.0000144632997454,1.559160148131042
sub-RID0420,isthmuscingulate,0.9756358874658545,1.0011985004675976,1.5819034159224397
sub-RID0672,isthmuscingulate,1.0054902688215388,0.9567817561162707,1.387009881748436
sub-RID0791,isthmuscingulate,0.9527283098855385,0.9813327353235709,1.352993253840653
sub-RID0595,isthmuscingulate,1.0219770266766341,1.0200955854369451,1.4655556812481578
sub-RID0571,isthmuscingulate,0.8995915594726763,1.079686888219206,1.3507382552496099
sub-RID0433,isthmuscingulate,0.952112673691563,0.9910098530819856,1.264113588351092
sub-RID0449,isthmuscingulate,1.1112498932369632,1.132229658330122,1.4350967550885851
sub-RID0592,isthmuscingulate,0.9912961732156131,1.0622733339298294,1.4295791823794175
sub-RID0576,isthmuscingulate,1.0169007377099795,0.9726298671541994,1.3994506953264685
sub-RID0675,isthmuscingulate,1.1480275691464754,1.006695218357945,1.534037919651059
sub-RID0450,isthmuscingulate,1.068581705915925,1.0795435174625683,1.5200166544122575
sub-RID0512,isthmuscingulate,0.7788701010720057,1.1204426246622963,1.023415451781214
sub-RID0415,isthmuscingulate,0.9861039032349701,1.0160253968915702,1.8539841728742943
sub-RID0688,isthmuscingulate,1.0545389421371703,1.0509215411612947,1.7291487387762983
sub-RID0785,isthmuscingulate,0.9968692377387944,1.0339810629640742,1.6477664995250723
sub-RID0666,isthmuscingulate,0.9789722323972105,0.9893975911675851,1.444353415057965
sub-RID0585,isthmuscingulate,0.9829391397552409,0.9881583520860219,1.337516544753273
sub-RID0662,isthmuscingulate,0.9080520460474164,0.954439406646457,1.2906891766915067
sub-RID0668,isthmuscingulate,0.9999964721299561,1.0247827296641583,1.4613827667509838
sub-RID0454,isthmuscingulate,0.9895145966054097,1.0515088387592946,1.6896166112443987
sub-RID0429,isthmuscingulate,0.8603492106266355,0.9889821732885272,1.1034979528205153
sub-RID0383,isthmuscingulate,1.087094220987018,1.0796188371210913,1.3846094961461937
sub-RID0408,isthmuscingulate,0.9634701672269356,0.9290096300624814,1.506044795637871
sub-RID0572,isthmuscingulate,1.1547223344939188,1.043174856368303,1.4071502521010053
sub-RID0596,isthmuscingulate,0.9784311430376524,0.9598439502954926,1.5010764745746616
sub-RID0578,isthmuscingulate,1.0370945327977772,1.0708935449685961,1.673884628601614
sub-RID0798,isthmuscingulate,0.8148600433494385,1.0123408138046521,1.4313917912704024
sub-RID0671,isthmuscingulate,1.1141516935917344,1.3696461924349215,3.879450241414781
sub-RID0860,isthmuscingulate,1.0159677923028596,1.0882580864303566,1.275236915204554
sub-RID0440,isthmuscingulate,0.9889612421290628,1.2980167560281337,1.336972666490599
sub-RID0341,isthmuscingulate,0.8611823775888139,1.1037446699086448,1.2299920307043015
sub-RID0925,isthmuscingulate,0.9053896615815039,1.0303064065049692,1.2773646272411452
sub-RID0591,isthmuscingulate,0.9495818837334781,1.015028497763747,1.7513517020776326
sub-RID0620,isthmuscingulate,1.098801709285913,1.1000286489385367,1.225814465315182
sub-RID0904,isthmuscingulate,1.0525605935091953,1.1637736302630528,1.759622972860058
sub-RID0665,isthmuscingulate,1.182887480972897,1.1771776808357355,1.4819303288021493
sub-RID0681,isthmuscingulate,0.9960409872905546,1.024141373879783,1.5220822484290906
sub-RID0689,isthmuscingulate,1.011628319443091,0.9877410737472143,1.4650889650276242
sub-RID0784,isthmuscingulate,1.0479159324864429,1.066129361360679,1.5932546239496344
sub-RID0448,isthmuscingulate,1.0500897963526201,1.0669256400888307,1.4213492354155879
sub-RID0646,isthmuscingulate,0.9411154031946475,0.9954299653037305,1.7394947363297661
sub-RID0697,isthmuscingulate,1.0497302936618376,0.9789571240474594,1.0730055712792312
sub-RID0679,isthmuscingulate,0.9706928950785553,1.022723032540004,1.5314084494218354
sub-RID0673,isthmuscingulate,0.9442785200982474,0.9783832414389195,1.5962348964525868
sub-RID0445,isthmuscingulate,0.9259941953022628,1.095765245911267,1.6076201939103627
sub-RID0660,isthmuscingulate,0.9794498299803528,1.0493734464336977,1.5697700032402824
sub-RID0587,isthmuscingulate,1.0464081880453422,1.0154273427712297,1.3516640357783136
sub-RID0652,isthmuscingulate,0.946306601423418,1.0165296532912655,1.3471141706305636
sub-RID0658,isthmuscingulate,0.9061550514870854,1.1129081793949138,1.364248030516525
sub-RID0365,isthmuscingulate,0.9371298377225461,0.9482002221096002,1.4882815091795627
sub-RID0656,isthmuscingulate,0.9757678528158762,1.0987637650469344,1.9066662810675157
sub-RID0522,isthmuscingulate,1.0317324376428456,1.1291897518916623,1.7904338296721132
sub-RID0680,isthmuscingulate,1.0446696370759523,1.0461791126610467,1.455744959805278
sub-RID0619,isthmuscingulate,0.9389130122302786,0.9621867753860206,1.2687959035920169
sub-RID0664,isthmuscingulate,0.8788424270683456,1.1045594628742876,1.4405259378382762
sub-RID0583,isthmuscingulate,0.9237321848044218,1.0556655424784247,1.9365087651387105
sub-RID0396,isthmuscingulate,1.0049754369838682,0.8910749030006662,2.192124843123262
sub-RID0372,isthmuscingulate,1.066792695453108,1.0261149401516443,1.539049406893843
sub-RID0693,isthmuscingulate,0.8630542675876975,1.0947828233724608,1.5552436883489604
sub-RID0574,isthmuscingulate,1.1092809929958802,1.0966407142874992,1.8014900182932978
sub-RID0597,isthmuscingulate,1.051949990908392,1.0777378907073274,1.5155599637650339
sub-RID0490,isthmuscingulate,0.9905302500832897,1.0546087634779175,2.22180975781722
sub-RID0670,isthmuscingulate,1.0053600310612365,0.9180842129769392,1.4243614896841086
sub-RID0648,isthmuscingulate,1.0113129860655259,0.9651926907905364,1.7443079392240006
sub-RID0663,isthmuscingulate,0.98360112575518,0.9870461693030161,1.2349059952417418
sub-RID0455,isthmuscingulate,0.9618669610082797,0.9689301650187279,1.3513114493981826
sub-RID0659,lateraloccipital,0.7578459628412357,0.7647364916646695,0.8260061050816419
sub-RID0380,lateraloccipital,0.8760966636418668,0.8014319712313698,1.502103766532115
sub-RID0420,lateraloccipital,0.8000168196293729,0.8554593690741963,1.7515065579360625
sub-RID0672,lateraloccipital,0.9412939756376403,0.8068842931053395,1.6013799825743549
sub-RID0791,lateraloccipital,0.786739606811694,0.8150021495044502,1.1783655030945916
sub-RID0595,lateraloccipital,0.7794125150465413,0.8314311868312888,1.4529559001236536
sub-RID0571,lateraloccipital,0.8106925930793848,0.8596725328318469,1.5670321225166224
sub-RID0433,lateraloccipital,0.9403079949598133,0.8333249389409311,0.9746644044461005
sub-RID0449,lateraloccipital,0.8612871632427769,0.8935876530842329,1.4041036591377503
sub-RID0592,lateraloccipital,0.805324209535698,0.9252780515882321,1.1887893276138852
sub-RID0576,lateraloccipital,0.8704984107702087,0.8311543164068568,1.1516003396489507
sub-RID0675,lateraloccipital,0.8553879616698493,0.7277588965479266,1.363753881992746
sub-RID0450,lateraloccipital,0.8151433626201352,0.8648858892275675,1.5464823384342796
sub-RID0512,lateraloccipital,0.8658717101847717,1.0925509667611106,0.9636509741864728
sub-RID0415,lateraloccipital,0.8712210621420358,0.7459459622671888,1.533434124373024
sub-RID0688,lateraloccipital,0.9199607364726862,0.8613528385826001,1.1583858295735951
sub-RID0785,lateraloccipital,0.8667767119978407,0.7700006714587273,1.1623800445060515
sub-RID0666,lateraloccipital,0.7470291316011086,0.6642979727599841,1.1528441149775723
sub-RID0585,lateraloccipital,0.8785057172757443,0.7939324675671405,1.3214769324006974
sub-RID0662,lateraloccipital,0.884846379965044,0.7554127056404759,1.3190896723323966
sub-RID0668,lateraloccipital,0.9562055595175389,0.8801647381652479,1.3175229907245785
sub-RID0454,lateraloccipital,0.870331941097201,0.8436602402850447,1.4042498644627375
sub-RID0429,lateraloccipital,0.9134100347152216,0.8336330377104703,0.8753764016620854
sub-RID0383,lateraloccipital,0.9521627574271684,0.7936021495575136,1.1137883467955416
sub-RID0408,lateraloccipital,0.6570165401908311,0.7235754435081837,1.2797144240301166
sub-RID0572,lateraloccipital,1.0051008834958703,0.8453956892730445,1.4453264138083977
sub-RID0596,lateraloccipital,0.7881459104751471,0.7487382298315954,1.155141385488934
sub-RID0578,lateraloccipital,0.9603001260470014,0.8171665504354713,1.6893605322090743
sub-RID0798,lateraloccipital,0.7796526141299845,0.8271479683694967,1.2628382807931808
sub-RID0671,lateraloccipital,0.9983314792615048,0.9182989096198071,3.0944100345047842
sub-RID0860,lateraloccipital,0.787308458797658,0.823571101051301,1.2014506663793723
sub-RID0440,lateraloccipital,0.7689042095672943,0.9441519363692817,1.0474025806634426
sub-RID0341,lateraloccipital,0.7045147933712772,0.8894721454826964,1.126495741335683
sub-RID0925,lateraloccipital,0.824561071338122,0.8490344288901187,1.0371025118058752
sub-RID0591,lateraloccipital,0.7800258229583564,0.8431148522880753,1.2490996130561693
sub-RID0620,lateraloccipital,0.8307969996611335,0.7816293642925847,0.916278234725318
sub-RID0904,lateraloccipital,0.8248138659959038,0.9118804682144346,1.4944438077426403
sub-RID0665,lateraloccipital,0.8621164694444147,0.816041536931427,1.2361813186663146
sub-RID0681,lateraloccipital,0.8382968423502022,0.7528241136584573,1.3315126836339974
sub-RID0689,lateraloccipital,0.8420730842218542,0.8406076478070894,1.2947817820963212
sub-RID0784,lateraloccipital,0.8629038104496138,0.7841014935409897,1.2593720686666618
sub-RID0448,lateraloccipital,0.751781750576451,0.8109488460979692,1.0906160980150161
sub-RID0646,lateraloccipital,0.7154953249030896,0.7899741878003129,1.8259501004064507
sub-RID0697,lateraloccipital,0.8978437552334045,0.7694372672998746,0.9959286093847323
sub-RID0679,lateraloccipital,0.8777606505236303,0.8174357328785931,1.3268644545191228
sub-RID0673,lateraloccipital,0.804930975375672,0.7568071071717445,1.1989708559155758
sub-RID0445,lateraloccipital,0.8461105300643377,0.9386481873213864,1.4092992227445316
sub-RID0660,lateraloccipital,0.8040737953084491,0.7845069554029417,1.5178771620896734
sub-RID0587,lateraloccipital,0.7876666258556402,0.8265588960315657,0.8160011309616202
sub-RID0652,lateraloccipital,0.8324370932499451,0.8594900726396556,1.6397708465352592
sub-RID0658,lateraloccipital,0.7204285138964305,0.9192153566619676,1.2057105393431098
sub-RID0365,lateraloccipital,0.8744220642672406,0.7789566165706026,1.7056122629412402
sub-RID0656,lateraloccipital,0.8060173982985074,0.9029946965602682,1.5698607812282213
sub-RID0522,lateraloccipital,0.8466980118905202,0.9327291124926708,1.6580831294478589
sub-RID0680,lateraloccipital,0.922128262151507,0.7659304880622217,1.1166349605580166
sub-RID0619,lateraloccipital,0.7414407946384106,0.795007354451207,1.151199502517951
sub-RID0664,lateraloccipital,0.6776077779162598,0.8245176413034251,1.246796165197362
sub-RID0583,lateraloccipital,0.8212938531332818,0.8406298912580422,1.5506045091326244
sub-RID0396,lateraloccipital,0.7705070476523715,0.6845511283752009,1.5503791269046319
sub-RID0372,lateraloccipital,0.7822388103961042,0.7640598330163829,1.3079080481453873
sub-RID0693,lateraloccipital,0.8010150744865777,0.892650686437683,1.6103766692536405
sub-RID0574,lateraloccipital,0.8637566007563601,0.7493816138708426,1.5740010435210423
sub-RID0597,lateraloccipital,0.8048293358826901,0.8546067827339662,1.1349926959645846
sub-RID0490,lateraloccipital,0.8001955707090428,0.9382856280088154,2.0078901277259065
sub-RID0670,lateraloccipital,0.9223291934944932,0.7741196985762787,1.3556669877851972
sub-RID0648,lateraloccipital,0.8954656575527322,0.7748671041203581,1.8677220551356999
sub-RID0663,lateraloccipital,0.8425162335622449,0.7896599115752938,1.17370207061765
sub-RID0455,lateraloccipital,0.8573031991733413,0.7914336047798091,1.2078523469558033
sub-RID0659,lateralorbitofrontal,0.694492637764299,0.6811722158871797,0.8206575103895581
sub-RID0380,lateralorbitofrontal,0.7112572687316737,0.6740232985472738,1.1515917692033417
sub-RID0420,lateralorbitofrontal,0.6333664608180736,0.7459188221166853,1.1911109571217309
sub-RID0672,lateralorbitofrontal,0.7853499270661873,0.7130919180231816,1.0761693192321031
sub-RID0791,lateralorbitofrontal,0.8308222857378835,0.7114136378442538,1.0289250753789618
sub-RID0595,lateralorbitofrontal,0.5863749307442272,0.6564694284634595,0.8976069845066857
sub-RID0571,lateralorbitofrontal,0.7171533763645158,0.7547248625097497,0.9010957208671365
sub-RID0433,lateralorbitofrontal,0.795449171615361,0.6874430336527615,0.8754309144888153
sub-RID0449,lateralorbitofrontal,0.7645932548772502,0.7257815901402057,1.0373499066878584
sub-RID0592,lateralorbitofrontal,0.7392428248588123,0.7670466032232687,0.937102594417168
sub-RID0576,lateralorbitofrontal,0.7825797437778306,0.6760369467891616,0.9838251696616875
sub-RID0675,lateralorbitofrontal,0.7163377999777342,0.672707243948752,1.1404117921019319
sub-RID0450,lateralorbitofrontal,0.7773991603349112,0.6907246846287936,1.0845635037230326
sub-RID0512,lateralorbitofrontal,0.7131347286316851,0.8373755245646065,0.8908295165980734
sub-RID0415,lateralorbitofrontal,0.7636017279761979,0.7389367469961482,1.206818976718559
sub-RID0688,lateralorbitofrontal,0.7516765315671026,0.6558507453772091,1.1219298866708245
sub-RID0785,lateralorbitofrontal,0.7720561807449945,0.7097428144243744,0.8015486548854405
sub-RID0666,lateralorbitofrontal,0.7168851641305584,0.6791586855347114,1.0480547785222811
sub-RID0585,lateralorbitofrontal,0.7348666540728921,0.7067593935001258,1.0045449238309008
sub-RID0662,lateralorbitofrontal,0.8547315780305226,0.7055952359703079,0.9761761392385843
sub-RID0668,lateralorbitofrontal,0.865443709016168,0.6970217009525543,1.0135427902027654
sub-RID0454,lateralorbitofrontal,0.902331583620919,0.8491167382273574,1.149936080591936
sub-RID0429,lateralorbitofrontal,0.8000660516334269,0.699913737576702,0.8792026891043965
sub-RID0383,lateralorbitofrontal,0.7846684219767672,0.7167516090206142,1.0613208963199234
sub-RID0408,lateralorbitofrontal,0.6693076110074317,0.7114479685096665,1.0686877506827648
sub-RID0572,lateralorbitofrontal,0.7756350468195479,0.8075375946216128,1.1439065800704775
sub-RID0596,lateralorbitofrontal,0.7280763754449543,0.6699896235628393,0.9929891738750538
sub-RID0578,lateralorbitofrontal,0.9096549000418224,0.7471698570619121,1.218257139413983
sub-RID0798,lateralorbitofrontal,0.7060914625726016,0.8626745529078935,1.1094792681750667
sub-RID0671,lateralorbitofrontal,0.8291186076386018,0.712477428959373,1.411167392372259
sub-RID0860,lateralorbitofrontal,0.5877009990692761,0.6862753915292875,0.8772578921845943
sub-RID0440,lateralorbitofrontal,0.46661247997814825,0.5050460263383151,0.19729064241354902
sub-RID0341,lateralorbitofrontal,0.6426651023034003,0.8028422656160773,0.909393699462875
sub-RID0925,lateralorbitofrontal,0.5916986000741976,0.7008737872242009,0.9056095303801046
sub-RID0591,lateralorbitofrontal,0.6454408632445997,0.622303398889955,1.0159293218092134
sub-RID0620,lateralorbitofrontal,0.6853383520438745,0.724144313246691,0.8482854739148734
sub-RID0904,lateralorbitofrontal,0.8058665937617503,0.7814706020314337,1.0818636317761465
sub-RID0665,lateralorbitofrontal,0.7175447198227292,0.734306417017824,0.866476024631317
sub-RID0681,lateralorbitofrontal,0.7943467301004884,0.686013858108631,0.9843005593921539
sub-RID0689,lateralorbitofrontal,0.711169976339563,0.6587866019840678,0.9836257654915216
sub-RID0784,lateralorbitofrontal,0.8183289476337332,0.6875030012226485,0.930605130736594
sub-RID0448,lateralorbitofrontal,0.6569849456249023,0.8171358705826324,1.0923846197683706
sub-RID0646,lateralorbitofrontal,0.7192611476319272,0.7522603907501394,1.257451484382359
sub-RID0697,lateralorbitofrontal,0.6611232619144186,0.6694552772991638,1.0145516114349722
sub-RID0679,lateralorbitofrontal,0.7920987425725515,0.7066064240986697,1.0550924538793458
sub-RID0673,lateralorbitofrontal,0.7095394143925653,0.6485377752136197,0.9131766194583817
sub-RID0445,lateralorbitofrontal,0.7493254346381165,0.755231797013418,1.0276225713032945
sub-RID0660,lateralorbitofrontal,0.7528761300016082,0.6417774250708793,0.9553211653044222
sub-RID0587,lateralorbitofrontal,0.7475812184023193,0.7244600480541815,0.9000682473202012
sub-RID0652,lateralorbitofrontal,0.717129950087303,0.7198044096855845,1.1843636630557688
sub-RID0658,lateralorbitofrontal,0.6011448068797456,0.8667095778029883,1.1311841774567428
sub-RID0365,lateralorbitofrontal,0.7860752713790314,0.7000912441528155,1.1813008121077315
sub-RID0656,lateralorbitofrontal,0.656658204280343,0.9079253684584353,1.355093918163017
sub-RID0522,lateralorbitofrontal,0.7917663130358427,0.8362884892140153,1.2508183086085083
sub-RID0680,lateralorbitofrontal,0.831151990902435,0.7457618370861375,1.0943902892632487
sub-RID0619,lateralorbitofrontal,0.7526005470660925,0.7153315526036563,0.9476813070384007
sub-RID0664,lateralorbitofrontal,0.6185809806020364,0.7304284070930015,0.8994091762271624
sub-RID0583,lateralorbitofrontal,0.7473720967475603,0.8129561386709704,1.3575002594280112
sub-RID0396,lateralorbitofrontal,0.7587079800631211,0.6851435601476208,1.5843238051728359
sub-RID0372,lateralorbitofrontal,0.6595322177013626,0.6679216637278811,1.112545215506338
sub-RID0693,lateralorbitofrontal,0.6777168673325401,0.8025789728726892,1.0425100963792437
sub-RID0574,lateralorbitofrontal,0.6770490557622798,0.6769660232783565,1.2262656565302723
sub-RID0597,lateralorbitofrontal,0.7658926151367587,0.8550942386274077,1.1827026647690868
sub-RID0490,lateralorbitofrontal,0.6969652510363877,0.7953108804058895,1.0915384542263564
sub-RID0670,lateralorbitofrontal,0.744512701355642,0.6398170284887932,1.053070323028163
sub-RID0648,lateralorbitofrontal,0.7900021669035183,0.7399398465236934,1.3591116361460442
sub-RID0663,lateralorbitofrontal,0.6418649677454015,0.6863572467550441,0.9530240608261982
sub-RID0455,lateralorbitofrontal,0.8493285718288255,0.7402807431317693,1.0235481663557944
sub-RID0659,lingual,0.8600710172263824,0.8897731054936935,0.5474868177941891
sub-RID0380,lingual,1.0695576297521556,0.9596612504954849,1.4847332097182926
sub-RID0420,lingual,0.985879845426924,0.9483977759967998,1.8858659707813743
sub-RID0672,lingual,1.108849165410786,1.0204502681970797,1.651230359618091
sub-RID0791,lingual,0.8600112401572709,1.0030369500382965,1.4598079390456877
sub-RID0595,lingual,0.9582183405529044,0.9737317537601172,1.621678703849815
sub-RID0571,lingual,0.9355405164516005,1.061550042665907,1.5785278059989472
sub-RID0433,lingual,1.0926558429092272,1.0321240789799764,1.3457150854812023
sub-RID0449,lingual,1.0179164070636275,1.071598109654599,1.322378761752302
sub-RID0592,lingual,0.9510243950972643,1.103498369223608,1.1996908350931124
sub-RID0576,lingual,1.044896057426592,1.0107022734579914,1.4955076482218561
sub-RID0675,lingual,1.1325654725185532,1.1186047379879656,1.1346557231585555
sub-RID0450,lingual,1.0082171876955848,1.099206264951286,1.5741138167012667
sub-RID0512,lingual,0.9603442082098801,1.3088699004746553,1.1688781818208949
sub-RID0415,lingual,1.0305659369626596,0.9581430021578404,1.5117846743431402
sub-RID0688,lingual,0.9736869052729028,1.0240385864055679,1.4617517948138237
sub-RID0785,lingual,0.9802017267589392,0.9230397572095626,1.337217010787652
sub-RID0666,lingual,0.8885708840714751,0.8530451468683222,1.0438700271015793
sub-RID0585,lingual,0.9565964202698153,0.9083268735505547,1.5217609264296499
sub-RID0662,lingual,0.8990721672359577,0.9169002160023666,1.1999345692950794
sub-RID0668,lingual,1.0646877863184014,1.0379863619465866,1.5048802821222191
sub-RID0454,lingual,1.0392279484411973,1.0845010878793147,1.4017350539424291
sub-RID0429,lingual,1.026876977342803,0.9652692821686526,0.8872451891249998
sub-RID0383,lingual,1.1450610799148546,1.0340013133645605,1.3703026450691271
sub-RID0408,lingual,0.7853772518503787,0.956088900834945,1.347920838662635
sub-RID0572,lingual,1.1667261562015794,0.9717337924936711,1.3648593780477811
sub-RID0596,lingual,0.9013764864709947,0.9593761832291486,1.4822529323921811
sub-RID0578,lingual,1.0214515594599536,1.0151618975909344,1.6815319001514506
sub-RID0798,lingual,0.8995716424946196,1.0736710345541554,1.4203653684693336
sub-RID0671,lingual,1.184008692723229,1.2112269867329535,4.287754590180751
sub-RID0860,lingual,0.9084553594208792,0.987155689100293,1.0340376998124565
sub-RID0440,lingual,1.0947844528862527,1.3359481920034855,1.4157828619910022
sub-RID0341,lingual,0.815421612062539,1.0691395515442563,1.175941295359242
sub-RID0925,lingual,1.023280942558003,1.0138002425174504,1.1492913592704457
sub-RID0591,lingual,0.7618426312930587,0.9160879956639989,1.448025031841241
sub-RID0620,lingual,0.9524833723252811,1.067846780066859,1.4866628998383749
sub-RID0904,lingual,0.9295477425495249,1.1571970168218058,1.6694287941461747
sub-RID0665,lingual,1.07918271960058,1.099686807073867,1.6106619553035144
sub-RID0681,lingual,0.9680271197064348,0.9167857614474522,1.5123225199630705
sub-RID0689,lingual,1.0281088499060915,1.0089356163828849,1.4034434103254307
sub-RID0784,lingual,0.9019325314207047,0.9974827628360898,1.507688967970909
sub-RID0448,lingual,0.9606043380534365,1.0836339117858151,1.2856078432988285
sub-RID0646,lingual,0.8240777093329144,0.9606199887313407,1.8291572428519673
sub-RID0697,lingual,1.0403198603290416,0.9826275152422868,1.0574238066974715
sub-RID0679,lingual,0.9622459591781861,0.9861520880080011,1.4575135215268453
sub-RID0673,lingual,0.9305744615288717,1.0144423338172137,1.5037959764592932
sub-RID0445,lingual,0.8800899993601078,1.0622478746274178,1.4701441653968252
sub-RID0660,lingual,1.0132172892643334,0.9969746663559115,1.4327814239350316
sub-RID0587,lingual,0.8578459754762533,0.9578752553316137,1.068735752980227
sub-RID0652,lingual,0.9703805022697423,0.9967697523062552,1.5468232170780927
sub-RID0658,lingual,0.8741288886655221,1.0528638584922212,1.2749694461393484
sub-RID0365,lingual,0.9628421629430949,0.9241064264298909,1.6020317757190299
sub-RID0656,lingual,0.9742656343341988,1.0725127397564782,1.5584364982574301
sub-RID0522,lingual,0.9321981763450029,1.0609582658267562,1.8882530262182788
sub-RID0680,lingual,1.2182703782260549,1.0137095985794051,1.523058281590978
sub-RID0619,lingual,0.7279640380520679,0.9366988676581068,1.1611768697071887
sub-RID0664,lingual,0.8000609244709092,1.0513121743884999,1.4178215355658064
sub-RID0583,lingual,0.9540322271453519,0.945694007270047,0.7718458783365135
sub-RID0396,lingual,0.8572356302552039,0.8199572456112304,2.0431853320315283
sub-RID0372,lingual,0.9203360441766617,0.8759873568381933,1.2575799752832997
sub-RID0693,lingual,0.8682055484510531,1.0359644887919106,1.483164684938136
sub-RID0574,lingual,1.0245910677763184,1.0252190231258644,1.8579550645895355
sub-RID0597,lingual,0.9836383866331723,1.074665096370308,1.2604733152557634
sub-RID0490,lingual,1.0062928777863467,1.0337586565797878,2.0308547970713353
sub-RID0670,lingual,1.0886740808912774,0.9968813198981538,1.4174496553953633
sub-RID0648,lingual,1.053708193577887,0.9183467759298436,1.850062256494098
sub-RID0663,lingual,1.0286116614699148,0.9499622807790611,0.9741223689770914
sub-RID0455,lingual,0.8864468200649224,0.9312670845662347,1.1781388598676539
sub-RID0659,medialorbitofrontal,0.7625839083193081,0.8214815277065066,0.7994703431429556
sub-RID0380,medialorbitofrontal,0.8001898799729275,0.7719724673924162,1.383938471410671
sub-RID0420,medialorbitofrontal,0.7910457838497945,0.8699747343918236,1.6245816910428788
sub-RID0672,medialorbitofrontal,0.9232709020431323,0.8327234779351212,1.0986476818690243
sub-RID0791,medialorbitofrontal,0.8254379765870772,0.7617631953862662,0.8360677443033689
sub-RID0595,medialorbitofrontal,0.7453774152400874,0.7668765668985403,0.9156112966410633
sub-RID0571,medialorbitofrontal,0.7404333407577052,0.7957737737400504,1.0168041956770022
sub-RID0433,medialorbitofrontal,0.8633347992198727,0.8107383313755852,0.9985155135708124
sub-RID0449,medialorbitofrontal,0.952184068158026,0.8958248803457927,1.1161098046010476
sub-RID0592,medialorbitofrontal,0.8137654353997306,0.8689208122169424,1.1327648773223755
sub-RID0576,medialorbitofrontal,0.8395520728541966,0.815131892893734,1.1021606368348933
sub-RID0675,medialorbitofrontal,0.8639857739605077,0.7417698130170377,1.3671170539973594
sub-RID0450,medialorbitofrontal,0.9208219229805382,0.8330349175421483,1.0836402593941543
sub-RID0512,medialorbitofrontal,0.6618987722473331,0.7928636111965386,0.7896989776515714
sub-RID0415,medialorbitofrontal,0.8748059842350978,0.7736975175470517,1.3518632629480394
sub-RID0688,medialorbitofrontal,0.7926666068212076,0.7597474738823298,0.9339428485259615
sub-RID0785,medialorbitofrontal,0.8002751328035724,0.7952310920157704,0.7761418136831028
sub-RID0666,medialorbitofrontal,0.7982799301729474,0.833555484716173,1.2654421668044304
sub-RID0585,medialorbitofrontal,0.8202458927330951,0.8512417758074241,1.1912507117574405
sub-RID0662,medialorbitofrontal,0.9002434454901113,0.7675919224524845,0.9685660352779635
sub-RID0668,medialorbitofrontal,0.9055298493447821,0.7978749486799672,0.9997891639102803
sub-RID0454,medialorbitofrontal,0.9419779928673027,0.9268336954865973,1.637441435485294
sub-RID0429,medialorbitofrontal,0.8179197706780073,0.7650582072954623,1.1860071625441235
sub-RID0383,medialorbitofrontal,0.9062990340529659,0.8647538179090932,1.0943441884688372
sub-RID0408,medialorbitofrontal,0.7122619914020244,0.7815600903983354,1.1207887735108182
sub-RID0572,medialorbitofrontal,0.8672958159335677,0.8542551842656415,1.1217902134227318
sub-RID0596,medialorbitofrontal,0.8261838775433377,0.7624605931999389,1.2641969675561255
sub-RID0578,medialorbitofrontal,0.8809910758772127,0.8214425857163397,1.231753334947343
sub-RID0798,medialorbitofrontal,0.7850555126192079,0.959351256827403,1.2411327072730345
sub-RID0671,medialorbitofrontal,0.9435892965948366,0.8609287175359176,1.4106283311940329
sub-RID0860,medialorbitofrontal,0.7651996032055824,0.8869822672989864,1.1352319016460126
sub-RID0440,medialorbitofrontal,0.33263062876127497,0.30360487362896166,0.002874377153798213
sub-RID0341,medialorbitofrontal,0.7129376686360184,0.9152067112591608,0.9500039924616427
sub-RID0925,medialorbitofrontal,0.7052277992770772,0.8648222930580173,1.3382339624057866
sub-RID0591,medialorbitofrontal,0.7897532684505107,0.7504976635681401,1.290506631974119
sub-RID0620,medialorbitofrontal,0.8165664461002531,0.9289091077792422,1.0643057965677714
sub-RID0904,medialorbitofrontal,0.8731828354906713,0.8333567543457087,0.9376239249327476
sub-RID0665,medialorbitofrontal,0.8596839600729184,0.8599092022180387,1.047764779907055
sub-RID0681,medialorbitofrontal,0.8423206275623918,0.7954863679073186,1.1709813931105888
sub-RID0689,medialorbitofrontal,0.8437113167416955,0.7737175235642982,1.0589703461208992
sub-RID0784,medialorbitofrontal,0.8177971257218835,0.7241149158218573,0.8791139597085581
sub-RID0448,medialorbitofrontal,0.7615509866143134,0.9577019358242326,1.3135662771994627
sub-RID0646,medialorbitofrontal,0.728389166748438,0.8200535957579702,1.526070530638012
sub-RID0697,medialorbitofrontal,0.7338039948088609,0.7766059227725381,0.8276725486479979
sub-RID0679,medialorbitofrontal,0.8184863214019312,0.7980420751414212,1.026660049915363
sub-RID0673,medialorbitofrontal,0.8752414295202033,0.7955121048717417,1.3831507148188988
sub-RID0445,medialorbitofrontal,0.7546043634307312,0.8242081075539779,1.1878731683822799
sub-RID0660,medialorbitofrontal,0.850017205876828,0.7882074707847139,0.8930283205450794
sub-RID0587,medialorbitofrontal,0.8173424171446775,0.8201106301701239,1.144596305273426
sub-RID0652,medialorbitofrontal,0.8273859181640829,0.8984068860997104,1.333995006817581
sub-RID0658,medialorbitofrontal,0.7631158283085325,0.981242533720873,1.3264007555549537
sub-RID0365,medialorbitofrontal,0.8364240665446165,0.8084445136666234,1.5680407621130537
sub-RID0656,medialorbitofrontal,0.8087070526889483,1.007119645883115,1.9027409616491415
sub-RID0522,medialorbitofrontal,0.880821024877159,0.9290067905391732,1.4456868706056922
sub-RID0680,medialorbitofrontal,0.8571153182883675,0.8011000579979506,1.0952590896405172
sub-RID0619,medialorbitofrontal,0.7626340236811276,0.7540639897171346,0.9146107878847127
sub-RID0664,medialorbitofrontal,0.7317065954186042,0.8633054647022828,0.7639515560040696
sub-RID0583,medialorbitofrontal,0.8613449919147599,0.9091686580274898,1.701117386309414
sub-RID0396,medialorbitofrontal,0.7778467886962477,0.7605218190207669,1.6469363923053768
sub-RID0372,medialorbitofrontal,0.8446529543101012,0.8108814033696178,1.2978364455651605
sub-RID0693,medialorbitofrontal,0.69466059336674,0.8440002818545949,1.3022205364544224
sub-RID0574,medialorbitofrontal,0.8262633566749508,0.7730616697111744,1.5642054251160662
sub-RID0597,medialorbitofrontal,0.8392605066702986,0.9811664982591984,1.2998422217291483
sub-RID0490,medialorbitofrontal,0.8713724993241927,0.874615298904154,1.2780428725685464
sub-RID0670,medialorbitofrontal,0.8260303576969348,0.7282575449068783,1.2343723825057153
sub-RID0648,medialorbitofrontal,0.8672157880487793,0.8920568233494871,1.9650859110180516
sub-RID0663,medialorbitofrontal,0.7733188458518135,0.8014257343303797,1.051026002624352
sub-RID0455,medialorbitofrontal,0.8763879035148795,0.8285069876738135,1.2378967031572543
sub-RID0659,middletemporal,0.7698386543713666,0.8109179362231768,1.0342602664207863
sub-RID0380,middletemporal,0.8142224320884565,0.7876420851219399,1.282156615708836
sub-RID0420,middletemporal,0.7544226462173196,0.8310477252225484,1.7364493856376848
sub-RID0672,middletemporal,0.8896299482065168,0.812737036441366,1.346393185340183
sub-RID0791,middletemporal,0.8024190530941582,0.724316734350874,1.241425129129757
sub-RID0595,middletemporal,0.7216699966690988,0.7818439599989954,1.4267602237313262
sub-RID0571,middletemporal,0.724725886663534,0.8057675493136668,1.2424179572745184
sub-RID0433,middletemporal,0.8257183063686229,0.8179675450233731,1.3377206298372237
sub-RID0449,middletemporal,0.8878696893962237,0.8505365013105893,1.1812915084196018
sub-RID0592,middletemporal,0.8230985535818003,0.8871693803719567,1.2756703164969987
sub-RID0576,middletemporal,0.8312072582511907,0.7964250105060734,1.384141148049888
sub-RID0675,middletemporal,0.928422596014572,0.6568881118008819,1.7094612184222902
sub-RID0450,middletemporal,0.9165355535763035,0.8629274800880635,1.4373609768408835
sub-RID0512,middletemporal,0.8065274616848551,1.0490606568406153,1.1857101141491155
sub-RID0415,middletemporal,0.9001519972562605,0.8871786841957653,1.58264293381907
sub-RID0688,middletemporal,0.8092152047472553,0.7854417602789157,1.5068905793355702
sub-RID0785,middletemporal,0.8254212981978091,0.7573087416184436,1.4252547514560476
sub-RID0666,middletemporal,0.7953050024176248,0.7299494764047868,1.401808064794687
sub-RID0585,middletemporal,0.8258131421207163,0.7679955677603383,1.3861473976755994
sub-RID0662,middletemporal,0.8581618218184355,0.8331555897232685,1.216223830133373
sub-RID0668,middletemporal,0.9191553901189129,0.8359665198465438,1.3096436373011888
sub-RID0454,middletemporal,0.9253206476736627,0.9129258009434441,1.479524768361347
sub-RID0429,middletemporal,0.8991576569091526,0.7156468820619811,1.395272100659622
sub-RID0383,middletemporal,0.9359297098921864,0.8137230710423983,1.3427084816661343
sub-RID0408,middletemporal,0.7821618503359687,0.7584257407083015,1.2977704515971926
sub-RID0572,middletemporal,0.8952139131357036,0.8372278463770142,1.339595950840332
sub-RID0596,middletemporal,0.8243530100369721,0.7678943384878634,1.3624368257025545
sub-RID0578,middletemporal,0.9739698558024377,0.8068819460330022,1.5017833264706366
sub-RID0798,middletemporal,0.7594099519499504,0.8580602307941935,1.4121591605172035
sub-RID0671,middletemporal,0.9158094984895393,0.7749229450759336,1.2103087146170568
sub-RID0860,middletemporal,0.7728824332334666,0.7872647758048299,1.2138089807111194
sub-RID0440,middletemporal,0.626766260539965,0.6773071443824884,0.6881215547364457
sub-RID0341,middletemporal,0.6731138848955212,0.8673378861373823,1.0139454403522157
sub-RID0925,middletemporal,0.7805532121327574,0.8512027139340484,1.0307524261494785
sub-RID0591,middletemporal,0.8087720103260004,0.8643236174046692,1.5852572358257073
sub-RID0620,middletemporal,0.8323070657502406,0.8354753237523557,1.4469404248082187
sub-RID0904,middletemporal,0.8846077569042796,0.865295235747816,1.4214418385822287
sub-RID0665,middletemporal,0.8260872472703777,0.9102605863930803,1.2933005174603711
sub-RID0681,middletemporal,0.7880512793139364,0.8029912643743661,1.2978475355474193
sub-RID0689,middletemporal,0.8049054099612146,0.7945698962940887,1.2730768535791337
sub-RID0784,middletemporal,0.8915653665840625,0.7655258717846026,1.180202385275978
sub-RID0448,middletemporal,0.7518126522415088,0.7742819904101907,1.239221379878543
sub-RID0646,middletemporal,0.8594151384115295,0.843195244648514,1.7132571908530625
sub-RID0697,middletemporal,0.7932003557267066,0.7577065407448639,1.0459461693676746
sub-RID0679,middletemporal,0.8133933273252174,0.791953488804238,1.2919114304030879
sub-RID0673,middletemporal,0.8339871166804884,0.7705761350666801,1.4752340589307988
sub-RID0445,middletemporal,0.8141916817718541,0.8957308956196517,1.419033088985164
sub-RID0660,middletemporal,0.8448396352985812,0.8255363786606666,1.3429979034447037
sub-RID0587,middletemporal,0.7987021833311366,0.8415049858704899,1.3489104744586746
sub-RID0652,middletemporal,0.8300731919475741,0.838296852205716,1.4649939068534186
sub-RID0658,middletemporal,0.7458303140243828,0.9102137528565885,1.2882389215726233
sub-RID0365,middletemporal,0.7380952659367895,0.8097210969347047,1.610014647971989
sub-RID0656,middletemporal,0.8473620063683026,0.9280872129535901,1.7463658400865267
sub-RID0522,middletemporal,0.8607878502432122,0.9331151470040947,1.4547898393040095
sub-RID0680,middletemporal,0.8457964596341823,0.76988481391903,1.297877131169794
sub-RID0619,middletemporal,0.7571065457045997,0.7789946947232886,1.1460894675820212
sub-RID0664,middletemporal,0.7120034132054541,0.8487359861422371,1.3903372963063663
sub-RID0583,middletemporal,0.8582493722650009,0.9755955753248723,1.9747622018260131
sub-RID0396,middletemporal,0.8035292283897832,0.7225839592023491,2.160116477379671
sub-RID0372,middletemporal,0.8062015732207616,0.8180084466779747,1.3233119176928974
sub-RID0693,middletemporal,0.7458830120005158,0.8819749212555037,1.458487719556319
sub-RID0574,middletemporal,0.8093873880922892,0.7914491457862272,1.823512821760904
sub-RID0597,middletemporal,0.7931205025284254,0.8346663826773647,1.1519203698618927
sub-RID0490,middletemporal,0.7426222341583998,0.904305742940241,1.9269571152956273
sub-RID0670,middletemporal,0.8585182079940596,0.7246322484662922,1.3626942718555821
sub-RID0648,middletemporal,0.8701880816291532,0.840681010863475,2.0243975288760074
sub-RID0663,middletemporal,0.8218441969630482,0.7843319876254825,1.168086973652533
sub-RID0455,middletemporal,0.8590908966287651,0.7437058404247107,1.2279419439290409
sub-RID0659,paracentral,0.8546064062871487,0.8924455340801095,0.852192706258543
sub-RID0380,paracentral,0.8706886411042929,0.832952958176503,1.178086672642295
sub-RID0420,paracentral,0.7533224816001244,0.8285788404607677,1.4187477091622582
sub-RID0672,paracentral,0.8864599178335762,0.8936607983863358,1.2293090929856854
sub-RID0791,paracentral,0.8425830825766012,0.8744397618891601,1.139177321777751
sub-RID0595,paracentral,0.7786071988187752,0.8014341204706686,1.1724229831811999
sub-RID0571,paracentral,0.786247607371681,0.8256738646893109,1.089753240817044
sub-RID0433,paracentral,0.9425581478209009,0.9391994889751443,1.0516149186944317
sub-RID0449,paracentral,0.9319770684064136,1.0119710763799075,1.183373315356095
sub-RID0592,paracentral,0.8338479406521673,0.8429044861607591,0.8195977773764108
sub-RID0576,paracentral,0.8553141145694496,0.8483070485411611,1.026515756897938
sub-RID0675,paracentral,0.7248363298572984,0.804947862837503,1.1588169134789188
sub-RID0450,paracentral,0.915540370857789,1.001934273356995,4.324163415643327
sub-RID0512,paracentral,0.677072293573298,0.9337448295006104,0.6202811986199406
sub-RID0415,paracentral,0.8702974247840766,0.857249245596259,1.3851242303905504
sub-RID0688,paracentral,0.7619806342073825,0.8591401912370904,0.9343410878174144
sub-RID0785,paracentral,0.8804705095044498,0.8454522836555012,1.2849665102107457
sub-RID0666,paracentral,0.8076926230497684,0.8373884595610487,1.1401663941473348
sub-RID0585,paracentral,0.81407088849044,0.8137345394392725,1.2632780153534502
sub-RID0662,paracentral,0.8728511701825339,0.8062849140073951,1.0766826982595203
sub-RID0668,paracentral,0.9455132033731277,0.9144763421354674,1.1995173138654187
sub-RID0454,paracentral,0.9073111769280304,0.9059813871220496,1.1081678869003424
sub-RID0429,paracentral,0.8678160947422925,0.7149108086755673,1.2630445283554568
sub-RID0383,paracentral,0.8297181982657094,0.8968149215774042,1.2467802642085781
sub-RID0408,paracentral,0.6771387036213692,0.7596582702835182,1.213873766173113
sub-RID0572,paracentral,0.9521035808740286,0.9397069513975967,1.3187757878742938
sub-RID0596,paracentral,0.7963607074950229,0.7909100007444595,1.2284713861065466
sub-RID0578,paracentral,0.8970131904499387,0.9002368228571612,1.3366808405216182
sub-RID0798,paracentral,0.8952224706727722,0.9207715371384041,1.3793438725203093
sub-RID0671,paracentral,0.9153935625722396,1.0635836942407144,1.9186755746415485
sub-RID0860,paracentral,0.7990427825383072,0.9625393260150168,1.183370395989807
sub-RID0440,paracentral,1.190155496942676,1.5102610173576674,1.2589519854476519
sub-RID0341,paracentral,0.7750452270366776,1.0466220055606275,1.1027700047868716
sub-RID0925,paracentral,0.8064975949106996,0.8449062150722465,1.0926036357473432
sub-RID0591,paracentral,0.7985013592863667,0.9586865640271939,1.255505872921117
sub-RID0620,paracentral,0.8288275085932312,0.8673902558120777,0.8268563869362825
sub-RID0904,paracentral,0.8900039609947393,1.0106392947951899,1.2466023502099384
sub-RID0665,paracentral,0.9302984395248742,0.8832950923956696,1.0910247288703372
sub-RID0681,paracentral,0.8514880574533706,0.8267991163969378,1.218085806699629
sub-RID0689,paracentral,0.7653474165768381,0.8299245949352083,1.1355570566297992
sub-RID0784,paracentral,0.773173688846388,0.7774426780372652,1.0279847383342524
sub-RID0448,paracentral,0.7590088390361753,0.806582000208638,0.918236325021936
sub-RID0646,paracentral,0.7312900876982468,0.8355329653561978,1.232489499381911
sub-RID0697,paracentral,0.898675958916623,0.9022372502118082,1.003884832158093
sub-RID0679,paracentral,0.8083306019042344,0.7851454364469942,1.188603602610555
sub-RID0673,paracentral,0.7563971105049503,0.7887058772706499,1.0690039420246864
sub-RID0445,paracentral,0.7643142127058686,0.9339388154348828,1.1456968468738193
sub-RID0660,paracentral,0.9612102786162716,0.9227170645535869,1.2397728557380807
sub-RID0587,paracentral,0.8322700142720174,0.8456895250964773,1.047163705781695
sub-RID0652,paracentral,0.8177674932153539,0.8982999848658065,1.3234106533250918
sub-RID0658,paracentral,0.7358627393848705,0.9050206351936951,0.9393273523386773
sub-RID0365,paracentral,0.8702578906946523,0.8729195142682928,1.4753617715950047
sub-RID0656,paracentral,0.8178473515986077,0.9858605312345451,1.4670628535835621
sub-RID0522,paracentral,0.872136844306721,0.9438552423923555,1.3936061825155062
sub-RID0680,paracentral,0.7797859840221646,0.7955423835584204,1.2953725254265605
sub-RID0619,paracentral,0.8165026916957844,0.8144924023057523,1.100514967768674
sub-RID0664,paracentral,0.698760730274013,0.9658824819277038,1.1213120112454658
sub-RID0583,paracentral,0.6750967489019309,0.9087881148587829,1.1169444197858918
sub-RID0396,paracentral,0.7730776614767996,0.727432966802047,1.4107576758291096
sub-RID0372,paracentral,0.8022506678685989,0.8010845652896471,1.1101873718896016
sub-RID0693,paracentral,0.7648575413842789,0.8709213209409907,1.3814636156711824
sub-RID0574,paracentral,0.9139774652432949,0.8603278306452873,1.3752514944041478
sub-RID0597,paracentral,0.8705410116488941,0.9327471639053294,1.3438792288321202
sub-RID0490,paracentral,0.9399330749035089,0.961627799721383,1.2520734008304377
sub-RID0670,paracentral,0.8739564600945081,0.795455234944321,1.2253064803081375
sub-RID0648,paracentral,0.849428348454829,0.8598890817610365,1.7060346770689463
sub-RID0663,paracentral,0.7508738738244272,0.7688097789641656,1.0507811511298355
sub-RID0455,paracentral,0.8886699246057537,0.8403743677500486,0.9518060956688378
sub-RID0659,parahippocampal,0.6226073886850209,0.6093867890462582,0.39182674178749793
sub-RID0380,parahippocampal,0.7657186503390241,0.7120669597278527,1.232038044460895
sub-RID0420,parahippocampal,0.6353045453511438,0.6977267969191808,1.6896628284789394
sub-RID0672,parahippocampal,0.7404441240924324,0.6666998959143112,0.9806537905456728
sub-RID0791,parahippocampal,0.6507584170260255,0.6750727066155616,1.223567641813811
sub-RID0595,parahippocampal,0.6821964527573399,0.7019443360545252,1.189198683553885
sub-RID0571,parahippocampal,0.7028624036210381,0.8183302515834692,1.2113695714906014
sub-RID0433,parahippocampal,0.7116576690504702,0.7876807152074735,1.1538200967696834
sub-RID0449,parahippocampal,0.7475831292074737,0.7479945034266764,1.1337152477857886
sub-RID0592,parahippocampal,0.6856657631906115,0.7210921639973408,1.1686886004588442
sub-RID0576,parahippocampal,0.7060599821103066,0.7134631910038793,1.1980632168191063
sub-RID0675,parahippocampal,0.7613779029484254,0.8111840902112215,0.7739376611513273
sub-RID0450,parahippocampal,0.7261346349918434,0.7505119657680924,1.2263333494566864
sub-RID0512,parahippocampal,0.6489528354418584,0.9433884147481647,1.0192961661356588
sub-RID0415,parahippocampal,0.7336184279079616,0.7810075281087576,1.281174653687313
sub-RID0688,parahippocampal,0.687544031237217,0.690620014830046,0.8668064810303848
sub-RID0785,parahippocampal,0.708526307645941,0.7199936526500742,1.6209379426306023
sub-RID0666,parahippocampal,0.6778275727773337,0.6577825551977715,0.9919289143618089
sub-RID0585,parahippocampal,0.7461885544352544,0.62508262481952,1.2397166587099282
sub-RID0662,parahippocampal,0.7160180781162628,0.7579410519311229,0.9950761633761683
sub-RID0668,parahippocampal,0.8546138598628902,0.75915360165477,1.2576686062096214
sub-RID0454,parahippocampal,0.9031503779639171,0.8476203575092393,1.1959509012340017
sub-RID0429,parahippocampal,0.7704098637534101,0.7277706328939093,1.074637054210723
sub-RID0383,parahippocampal,0.7209312303068817,0.686753209842862,1.1995317480543706
sub-RID0408,parahippocampal,0.6336376637295834,0.6778821303720418,1.1247165691969008
sub-RID0572,parahippocampal,0.7257820920006948,0.7416284800271142,1.0938180824972383
sub-RID0596,parahippocampal,0.6856147011573775,0.743275325064453,1.413143328109282
sub-RID0578,parahippocampal,0.7422784979775802,0.7364500248304321,1.3629487717000208
sub-RID0798,parahippocampal,0.6610442937367317,0.81125172538866,1.3328487641111861
sub-RID0671,parahippocampal,0.7871288856306183,0.8725145240740099,2.4932383844113737
sub-RID0860,parahippocampal,0.6097326877449738,0.7544552465435836,0.8212939692287027
sub-RID0440,parahippocampal,0.6679601554302468,0.8588369058281232,0.7533059394255518
sub-RID0341,parahippocampal,0.578435932196028,0.7348254032960575,0.9325613887174354
sub-RID0925,parahippocampal,0.6622055341930612,0.7030651549642467,0.7025794794887416
sub-RID0591,parahippocampal,0.6159665243197218,0.6984358064141699,1.301102087570829
sub-RID0620,parahippocampal,0.7383577040426459,0.8320469819072273,1.5671567911142277
sub-RID0904,parahippocampal,0.8202616418645565,0.8934782222856544,1.2804378756514736
sub-RID0665,parahippocampal,0.8051619585973554,0.9119817058232887,1.2849813463325455
sub-RID0681,parahippocampal,0.745658910815661,0.7202429439070797,1.1834704823159796
sub-RID0689,parahippocampal,0.6794292323911942,0.6470839448276527,1.0591999891033848
sub-RID0784,parahippocampal,0.6614246580279007,0.6579061476460926,1.0905030426148539
sub-RID0448,parahippocampal,0.7265160284065871,0.7425120751867909,1.2236631919019492
sub-RID0646,parahippocampal,0.6738639560120502,0.7368961381112482,1.4211661234378417
sub-RID0697,parahippocampal,0.6998558591040399,0.7169758132082797,0.6918534813514585
sub-RID0679,parahippocampal,0.68019583795898,0.7118384913567642,1.1850260195397706
sub-RID0673,parahippocampal,0.7722144386313577,0.7588450629797722,1.5744968183973582
sub-RID0445,parahippocampal,0.6488350777420379,0.7922356523240179,1.4140922742271043
sub-RID0660,parahippocampal,0.8253404392586728,0.7431636037659398,1.0514368465623811
sub-RID0587,parahippocampal,0.6261689258642232,0.7282059721008332,0.9719573006500729
sub-RID0652,parahippocampal,0.7200197870253447,0.6904849380639246,1.1592006002106496
sub-RID0658,parahippocampal,0.6950282846617992,0.7893044958911839,1.1327546004964129
sub-RID0365,parahippocampal,0.6381974737741483,0.7049374910519339,1.4786478506162994
sub-RID0656,parahippocampal,0.6868650122426255,0.8238446305665593,1.4148402495613253
sub-RID0522,parahippocampal,0.6903592081516046,0.7671418595579529,1.4659958418625338
sub-RID0680,parahippocampal,0.7425194356605125,0.7266065563492836,1.153938263051648
sub-RID0619,parahippocampal,0.6702692176800247,0.6904985744459732,0.9637926021425056
sub-RID0664,parahippocampal,0.6335736176070875,0.8713483747137237,1.2997711433337231
sub-RID0583,parahippocampal,0.7326895608981954,0.8936858215538864,1.449563709809012
sub-RID0396,parahippocampal,0.622604997199457,0.6709305276659663,1.6083968109166369
sub-RID0372,parahippocampal,0.6683821706305184,0.6481102864998279,1.044347145548887
sub-RID0693,parahippocampal,0.6386906983281432,0.7061135867283003,1.2264666149372094
sub-RID0574,parahippocampal,0.7552130107963372,0.8372040882376615,1.7732251344020669
sub-RID0597,parahippocampal,0.671989677632889,0.7754103191272754,1.1519509035262394
sub-RID0490,parahippocampal,0.6279189810795667,0.7333373671478629,1.561172633870371
sub-RID0670,parahippocampal,0.7208973180378045,0.705931021561667,1.2840247368870794
sub-RID0648,parahippocampal,0.6722444425025761,0.6430005391566017,1.1564465439075575
sub-RID0663,parahippocampal,0.671597379641627,0.6535048981775897,0.7697768274383547
sub-RID0455,parahippocampal,0.7612472745671784,0.6926524283358914,1.2445610513020646
sub-RID0659,parsopercularis,0.8830416972119707,0.9296336437509534,1.0923740056489313
sub-RID0380,parsopercularis,0.9440158617681716,0.9324493932792042,1.5116272955612884
sub-RID0420,parsopercularis,0.8637351542437974,0.9308227182641924,1.7490967139736875
sub-RID0672,parsopercularis,1.0299472722613379,0.9041826984620857,1.2731859300677009
sub-RID0791,parsopercularis,1.0029298990652855,0.9933723368734482,1.3812466602280815
sub-RID0595,parsopercularis,0.8612505563529587,0.9051336213893296,1.3517580674203766
sub-RID0571,parsopercularis,0.8104058838973862,0.8717932834546234,1.2693314808094065
sub-RID0433,parsopercularis,0.8920494191015874,0.8825876109359735,1.2759565423704986
sub-RID0449,parsopercularis,0.9683177277587416,0.9661904996682301,1.3412281052340511
sub-RID0592,parsopercularis,0.9108856631485223,0.9830262037138001,1.2809003479749959
sub-RID0576,parsopercularis,0.9228926922431852,0.969217095090564,1.3964703507618017
sub-RID0675,parsopercularis,1.0852986592176332,0.8034080230958311,1.6982120441042106
sub-RID0450,parsopercularis,1.0152479733719038,0.9993685553499781,1.456015569911321
sub-RID0512,parsopercularis,0.8173158884497573,1.0913460756762117,1.0664175896053871
sub-RID0415,parsopercularis,1.0261541340097418,0.9983895751639137,1.5699762270038182
sub-RID0688,parsopercularis,1.0050890622597695,0.953779234270645,1.5327195548183092
sub-RID0785,parsopercularis,0.9969401624231976,0.9413331271958912,1.31259047106666
sub-RID0666,parsopercularis,1.0505322358916402,1.028089346282936,1.5590792975679144
sub-RID0585,parsopercularis,0.9660267049830261,0.9455979801883186,1.3588490895737384
sub-RID0662,parsopercularis,1.0300690681506375,0.9420024942048797,1.2184201404712245
sub-RID0668,parsopercularis,0.9861561790316442,0.8987809657644464,1.2875192592425404
sub-RID0454,parsopercularis,1.0391146620675455,1.0484223068708471,1.4508347464568232
sub-RID0429,parsopercularis,0.9687753258185738,0.7630208534474086,1.4312572874660678
sub-RID0383,parsopercularis,0.9206182735747731,0.9262722835374464,1.4848893370674958
sub-RID0408,parsopercularis,0.8349939021409732,0.8491586211163822,1.3141761089495956
sub-RID0572,parsopercularis,0.9856401458140006,0.9824762418815379,1.4092486147838372
sub-RID0596,parsopercularis,0.9355779376237194,0.9036520829527371,1.4457912740019243
sub-RID0578,parsopercularis,1.0818922418527737,0.9676580837946037,1.5923321208838608
sub-RID0798,parsopercularis,0.9059299768973305,1.0170274498125114,1.4274279893879949
sub-RID0671,parsopercularis,1.0810015350260331,0.9646122507568415,1.2936369042529323
sub-RID0860,parsopercularis,0.9842687309016859,0.9284093088455693,1.360978542187152
sub-RID0440,parsopercularis,1.1849320586371355,1.3368197422695152,1.041507167066515
sub-RID0341,parsopercularis,0.8265137572416109,1.0456638421574214,1.1142929591932702
sub-RID0925,parsopercularis,0.8404753270447506,0.9115654696214316,0.9481141389635905
sub-RID0591,parsopercularis,0.9062350984426824,0.9953282265433758,1.3377057546333306
sub-RID0620,parsopercularis,0.9457461504359266,0.966241126740369,1.4218606435543903
sub-RID0904,parsopercularis,1.0506444530471806,1.055671099879149,1.5498292728819683
sub-RID0665,parsopercularis,0.9658822207907849,1.007200220737548,1.319973486807527
sub-RID0681,parsopercularis,0.9448941460986104,0.9373353636859793,1.370135880721563
sub-RID0689,parsopercularis,0.9726052904559037,0.9294504063609591,1.3289757827752975
sub-RID0784,parsopercularis,0.9759105821850138,0.8369671463907941,1.279596594379029
sub-RID0448,parsopercularis,1.0053939574910988,0.995497227578898,1.3633399134595912
sub-RID0646,parsopercularis,0.9624516327305923,1.0127624856427357,1.7920943149086892
sub-RID0697,parsopercularis,0.9555237619478831,0.9213015599816771,1.2452662427443013
sub-RID0679,parsopercularis,0.9851962404416228,0.9451203685351232,1.3975231417241811
sub-RID0673,parsopercularis,0.9622695252848494,0.8462478337743575,1.4225884373077413
sub-RID0445,parsopercularis,0.8840768349762006,0.9387447374597532,1.2785664985065117
sub-RID0660,parsopercularis,0.9785092547082153,0.9464903910524528,1.3556230591293186
sub-RID0587,parsopercularis,0.8973001081499893,0.9306960851499227,1.1402426044489233
sub-RID0652,parsopercularis,0.9343317987107052,1.0112942021561306,1.5420465299546313
sub-RID0658,parsopercularis,0.9030131177617087,1.0388583405581766,1.2340153828127576
sub-RID0365,parsopercularis,0.9909322647647832,0.9700590496882586,1.6553045574178438
sub-RID0656,parsopercularis,0.9390781142361447,1.1610253909848003,1.8245589118847245
sub-RID0522,parsopercularis,1.1155494500282652,1.1748600082982381,1.753729303593469
sub-RID0680,parsopercularis,1.0842773193438247,0.9467544361702198,1.454427578123341
sub-RID0619,parsopercularis,0.9183460195869717,0.8214774748183202,1.2605116711007587
sub-RID0664,parsopercularis,0.7551524360840515,0.8743291875584625,1.3029701793187625
sub-RID0583,parsopercularis,0.9578842057022385,1.081770218767458,2.1860174009993214
sub-RID0396,parsopercularis,0.8852578914598218,0.8491484357948824,2.102528323919687
sub-RID0372,parsopercularis,0.8982445690977424,0.9183850120597689,1.367831449766858
sub-RID0693,parsopercularis,0.772829134874386,0.9677858335032089,1.4074982761781123
sub-RID0574,parsopercularis,0.9444866067275673,0.908222462558539,1.6056833689967198
sub-RID0597,parsopercularis,1.0339156213580838,1.0454870372117306,1.3909676228700492
sub-RID0490,parsopercularis,1.0277868465410656,1.0899803506934536,1.9153918516580897
sub-RID0670,parsopercularis,0.9762365354716991,0.8610831199593586,1.4587913574062454
sub-RID0648,parsopercularis,1.0059231528978219,0.9847330809705988,1.9997566368147135
sub-RID0663,parsopercularis,0.8251549474965427,0.8478868982218843,1.2234737571165695
sub-RID0455,parsopercularis,0.9573113776174711,0.8929617294229617,1.2048077977745122
sub-RID0659,parsorbitalis,0.7616605114399182,0.7512516221049074,0.9865459073919061
sub-RID0380,parsorbitalis,0.787234860786524,0.7736612313360545,1.5071646819677003
sub-RID0420,parsorbitalis,0.7028572612981451,0.7915572957981424,1.3963368689245637
sub-RID0672,parsorbitalis,0.8784508994357088,0.7791118235734507,1.2477577751210869
sub-RID0791,parsorbitalis,0.89779656047624,0.7904329262337183,1.1436093361337387
sub-RID0595,parsorbitalis,0.6531337643882213,0.720894480047621,1.0914317812426617
sub-RID0571,parsorbitalis,0.7685310656008301,0.850057535858688,1.1435539787617028
sub-RID0433,parsorbitalis,0.8155797900143846,0.7757502234291416,1.1520994710797237
sub-RID0449,parsorbitalis,0.8895720621661393,0.8136924321920581,1.1298053726682349
sub-RID0592,parsorbitalis,0.8148876207037901,0.8448144910729334,1.1784854835018697
sub-RID0576,parsorbitalis,0.8297894733036209,0.7541419618946794,1.1699730316078216
sub-RID0675,parsorbitalis,0.808590884225139,0.6339552067453627,1.36923235774155
sub-RID0450,parsorbitalis,0.8893393479025488,0.7710378203979636,1.1645904128003888
sub-RID0512,parsorbitalis,0.7737319268706623,0.9271124542121622,0.8991467235447399
sub-RID0415,parsorbitalis,0.8912141420234179,0.8270617274264578,1.346550986878269
sub-RID0688,parsorbitalis,0.7559546916037276,0.7221158762867086,1.4601983287506088
sub-RID0785,parsorbitalis,0.860921498028268,0.8161416245723685,1.1063562543397
sub-RID0666,parsorbitalis,0.7920698120339251,0.7429138373655485,1.276660276281952
sub-RID0585,parsorbitalis,0.7996693179467897,0.7820482433200824,1.2614296945816563
sub-RID0662,parsorbitalis,0.8922084002516226,0.7704273158326213,1.0308437121214624
sub-RID0668,parsorbitalis,0.8931813118685876,0.7096099520813767,1.0247131742335542
sub-RID0454,parsorbitalis,0.9335751300952873,0.8936236393082915,1.413682943091673
sub-RID0429,parsorbitalis,0.8682663352545749,0.7231745332862951,1.1575736114804287
sub-RID0383,parsorbitalis,0.8613310651333107,0.7535297480503937,1.1095244171802612
sub-RID0408,parsorbitalis,0.6751666247412851,0.7513838908311137,1.148815837948357
sub-RID0572,parsorbitalis,0.8445048229773844,0.9159755354221616,1.195994432181016
sub-RID0596,parsorbitalis,0.8074792370301477,0.7391683294928971,1.1786190530522849
sub-RID0578,parsorbitalis,0.9928655098038348,0.8497738562771907,1.4505532162841803
sub-RID0798,parsorbitalis,0.7036048314713652,0.8848187817947627,1.1455577718869552
sub-RID0671,parsorbitalis,0.9179681098440198,0.7580907136407378,1.2098029266705568
sub-RID0860,parsorbitalis,0.6951812517378323,0.7273670144707923,0.9938871846620584
sub-RID0440,parsorbitalis,0.5710909359850093,0.7100730911581823,0.43964345456990234
sub-RID0341,parsorbitalis,0.7066763362239724,0.8762289364678302,1.0342077681330228
sub-RID0925,parsorbitalis,0.6873715015596322,0.8026549271645517,0.5355272715082556
sub-RID0591,parsorbitalis,0.6654817398094379,0.6890174768794884,1.2584133479603243
sub-RID0620,parsorbitalis,0.7215224517723903,0.7583567290712196,1.3753569560899175
sub-RID0904,parsorbitalis,0.8952195170228611,0.8774184000307946,1.2402470533136425
sub-RID0665,parsorbitalis,0.7997670342601253,0.8255736608201911,1.1468466640423947
sub-RID0681,parsorbitalis,0.78681597190135,0.7145268635968581,1.0870763924359836
sub-RID0689,parsorbitalis,0.7668810226342695,0.7323949700899147,1.0915271188876712
sub-RID0784,parsorbitalis,0.8661216946250763,0.719630870770965,0.9348091967625086
sub-RID0448,parsorbitalis,0.7418127654790172,0.8395798597612634,1.1896058584311893
sub-RID0646,parsorbitalis,0.7446455296771028,0.7614422228025576,1.3891030182659676
sub-RID0697,parsorbitalis,0.7893872011612041,0.7953627218927262,1.140408635202811
sub-RID0679,parsorbitalis,0.8225729554078702,0.7197088809415851,1.1265440454465478
sub-RID0673,parsorbitalis,0.7610180457336538,0.7169162066385132,1.084962583770538
sub-RID0445,parsorbitalis,0.7524166193221805,0.8079144216693448,1.2070427983400855
sub-RID0660,parsorbitalis,0.7886286491456285,0.7140914035844691,1.082773543641934
sub-RID0587,parsorbitalis,0.7968961720975848,0.8226488528690945,1.1673539020589914
sub-RID0652,parsorbitalis,0.7431844888391935,0.8234087077979116,1.3036169989271265
sub-RID0658,parsorbitalis,0.7115532802241716,0.9042332735161317,1.1753952736478945
sub-RID0365,parsorbitalis,0.8544228467695688,0.8231839099092194,1.437310838839404
sub-RID0656,parsorbitalis,0.7022445421801552,0.9023612023292941,1.4932332879424173
sub-RID0522,parsorbitalis,0.8965455656406565,0.9606627852416103,1.4727961669024499
sub-RID0680,parsorbitalis,0.8779773982856729,0.7924873142005886,1.2768140882867198
sub-RID0619,parsorbitalis,0.7808764343787056,0.7102728546836772,0.9746617884106189
sub-RID0664,parsorbitalis,0.6778011918203376,0.805912893461244,1.2180019879638608
sub-RID0583,parsorbitalis,0.845432701217829,0.9119975245630785,1.8632155476369767
sub-RID0396,parsorbitalis,0.7778256669959205,0.6815056957894736,1.963612719385967
sub-RID0372,parsorbitalis,0.7015584438813199,0.6953911226535758,1.0812625868131176
sub-RID0693,parsorbitalis,0.7135178782985643,0.8532690043060968,1.2653627690341351
sub-RID0574,parsorbitalis,0.7757294395675373,0.8017016552970923,1.59819934430524
sub-RID0597,parsorbitalis,0.8752750552689162,0.9034602478667589,1.240606374828917
sub-RID0490,parsorbitalis,0.7516292606871263,0.8725105072974177,1.4777857690273104
sub-RID0670,parsorbitalis,0.813250140854518,0.6976595065569086,1.1829394194419725
sub-RID0648,parsorbitalis,0.8241189478130808,0.816147326535685,1.6174413478736838
sub-RID0663,parsorbitalis,0.757814244747691,0.7441668448410419,1.0671528194752669
sub-RID0455,parsorbitalis,0.8423188909141234,0.7639833604627646,1.0635799662362226
sub-RID0659,parstriangularis,0.8210971433583635,0.824043686806887,1.0302951258096205
sub-RID0380,parstriangularis,0.8363189377669231,0.8493161700964507,1.524570997957632
sub-RID0420,parstriangularis,0.7858532799555995,0.8671878634003133,1.6700219678521748
sub-RID0672,parstriangularis,0.9088094662696289,0.7827813862704516,1.2193029451490183
sub-RID0791,parstriangularis,0.9478129117322205,0.8225043056224602,1.2564262639507096
sub-RID0595,parstriangularis,0.720956594408755,0.7852289066010995,1.089308775624737
sub-RID0571,parstriangularis,0.7635705042256681,0.8233388372039636,1.2286280781065604
sub-RID0433,parstriangularis,0.8691850120769641,0.8649708718537618,1.139835951901952
sub-RID0449,parstriangularis,0.9575720975367616,0.889340193030824,1.2968369468163046
sub-RID0592,parstriangularis,0.8956282361185004,0.9117874009066259,1.2808316281799672
sub-RID0576,parstriangularis,0.8599435226975846,0.8530359443353015,1.340347240707087
sub-RID0675,parstriangularis,0.9875925609105383,0.6355199324613627,1.6058492967053009
sub-RID0450,parstriangularis,0.8936296099474174,0.8780435392390282,1.4366956139665328
sub-RID0512,parstriangularis,0.78969161333804,1.0007322044889493,0.9074308519800969
sub-RID0415,parstriangularis,0.9112995392204725,0.8431082268591574,1.4830429733262058
sub-RID0688,parstriangularis,0.8633244585950411,0.8291443544061852,1.5508652313913773
sub-RID0785,parstriangularis,0.9310147172551374,0.8625684133709283,1.2645031807392597
sub-RID0666,parstriangularis,0.8839398761681407,0.8962667374026665,1.392207698892886
sub-RID0585,parstriangularis,0.926352638709901,0.9316265540501302,1.3341923314083115
sub-RID0662,parstriangularis,0.923132110663674,0.8001714174128983,1.0912627127795222
sub-RID0668,parstriangularis,0.9519463216730188,0.8541790846154355,1.1653321980726643
sub-RID0454,parstriangularis,0.9463031942064368,0.9370429012350481,1.4653881516348721
sub-RID0429,parstriangularis,0.9354642911477642,0.7240850188912594,1.3913577356456392
sub-RID0383,parstriangularis,0.8894100548862525,0.8857468716410252,1.3961399228518014
sub-RID0408,parstriangularis,0.7420167419561683,0.7927218392470883,1.2755588973081873
sub-RID0572,parstriangularis,0.8529277994279186,0.9028977513315437,1.324274715402596
sub-RID0596,parstriangularis,0.9178664387328983,0.8126784742255792,1.3521992344172
sub-RID0578,parstriangularis,1.0369366733248193,0.8615967590244616,1.5846909699313956
sub-RID0798,parstriangularis,0.8729162891626874,1.0471754265706328,1.3744605091876656
sub-RID0671,parstriangularis,0.9820087443011924,0.8068417180760865,1.3723581062558128
sub-RID0860,parstriangularis,0.8694785902795326,0.8335123064834381,1.2409442843336391
sub-RID0440,parstriangularis,0.7453661645410113,0.9097007892084573,0.7419226443686965
sub-RID0341,parstriangularis,0.7641670201482247,0.9343640231431165,1.0824097870382043
sub-RID0925,parstriangularis,0.7482554970434829,0.8187840976044515,0.8814914748225583
sub-RID0591,parstriangularis,0.7797070074872187,0.7876212388513176,1.2237287610703165
sub-RID0620,parstriangularis,0.9243616422641124,0.9201192510605711,1.3751875125145352
sub-RID0904,parstriangularis,0.9527825409753539,0.9580328379909689,1.4305192512670004
sub-RID0665,parstriangularis,0.8322971158776087,0.9014923707505578,1.3221468256502453
sub-RID0681,parstriangularis,0.8535924208376942,0.7966021318740567,1.2521798322908666
sub-RID0689,parstriangularis,0.870035575196767,0.874084207157641,1.3064271487560486
sub-RID0784,parstriangularis,0.9751049051806783,0.7911897284805742,1.1737348811310806
sub-RID0448,parstriangularis,0.8468022341833047,0.880873744327715,1.2404629618377958
sub-RID0646,parstriangularis,0.8091525970304619,0.8507912984501714,1.7007018908267266
sub-RID0697,parstriangularis,0.8105679822259315,0.7975854215974676,1.20895002882703
sub-RID0679,parstriangularis,0.9100460547153076,0.8474956916153974,1.3240288157078288
sub-RID0673,parstriangularis,0.8719236683653242,0.7665309325563622,1.2722640680727626
sub-RID0445,parstriangularis,0.8188624851554294,0.8420438956072609,1.2066183793656224
sub-RID0660,parstriangularis,0.8631149423185026,0.8062002036570672,1.3300126717226441
sub-RID0587,parstriangularis,0.8675417535674439,0.84026662549829,1.209301447303185
sub-RID0652,parstriangularis,0.8605640097097482,0.9337399289334402,1.4436721524142515
sub-RID0658,parstriangularis,0.7301110148254909,0.8898641452201919,1.1920720718432278
sub-RID0365,parstriangularis,0.9090581398889882,0.8768351956584851,1.5654821710215472
sub-RID0656,parstriangularis,0.7979169724909787,0.9362676439123377,1.580187925782407
sub-RID0522,parstriangularis,0.9189192627709601,0.9886272373837339,1.6321253392283137
sub-RID0680,parstriangularis,0.944185482823614,0.8222888754613449,1.3843062716932037
sub-RID0619,parstriangularis,0.8715359161231147,0.7488045633715886,1.230516136486123
sub-RID0664,parstriangularis,0.770232495458623,0.901952802011134,1.3479555871689197
sub-RID0583,parstriangularis,0.9355346316731494,0.9986494026161838,2.280357974384644
sub-RID0396,parstriangularis,0.8510726728884935,0.7893311160532086,2.111338265663971
sub-RID0372,parstriangularis,0.8098880016272534,0.7754800155983458,1.3614721648311534
sub-RID0693,parstriangularis,0.7214428090655758,0.8542829423243669,1.3466471171607477
sub-RID0574,parstriangularis,0.8791175369784765,0.8103106918723075,1.5819790880279003
sub-RID0597,parstriangularis,0.9772675419754946,0.9790771966233588,1.3684673050089904
sub-RID0490,parstriangularis,0.8465816772817826,0.9831677414365901,1.8601502804793426
sub-RID0670,parstriangularis,0.8474362916467358,0.7289270439154223,1.3272865425518034
sub-RID0648,parstriangularis,0.9246803113138088,0.9119235131436092,2.0986958397329385
sub-RID0663,parstriangularis,0.7756577416781076,0.7784452833751919,1.2588439953540285
sub-RID0455,parstriangularis,0.9115334009818813,0.820623099339605,1.1624681002787083
sub-RID0659,pericalcarine,0.9193017061856439,1.089801991233974,0.8725153834864429
sub-RID0380,pericalcarine,1.3424802902436095,1.0715939498039426,1.7411245117124692
sub-RID0420,pericalcarine,1.1507020020470562,1.101457892518569,1.7770691564129117
sub-RID0672,pericalcarine,1.348198293914772,1.1374624118395231,1.8096184605820829
sub-RID0791,pericalcarine,1.053072829110944,1.2356850073779724,1.6940100999582601
sub-RID0595,pericalcarine,1.0639969314022675,1.1240107402378283,1.7444334214429713
sub-RID0571,pericalcarine,1.1733267361722644,1.20448186107556,1.7686979308106106
sub-RID0433,pericalcarine,1.3824345911781508,1.213147017731005,1.3881381840555382
sub-RID0449,pericalcarine,1.1419939606618228,1.2900794819936319,1.4417271900494473
sub-RID0592,pericalcarine,1.1145538158192523,1.2669597888125315,1.4306563182944478
sub-RID0576,pericalcarine,1.3216758253053207,1.1018404557444663,1.552523719213932
sub-RID0675,pericalcarine,1.2143341441094004,0.9861047616205847,1.0804384366462578
sub-RID0450,pericalcarine,1.0774638035807036,1.120466529072289,1.6217609976745295
sub-RID0512,pericalcarine,1.0968603203259417,1.2875315361541062,1.1060657262784626
sub-RID0415,pericalcarine,1.1882205752806156,1.0633538455674487,1.6086892537387874
sub-RID0688,pericalcarine,1.4650629894787444,1.1992595045019616,1.7410767433465406
sub-RID0785,pericalcarine,1.1438705373364313,1.1113378618707128,1.5019425457483278
sub-RID0666,pericalcarine,1.0359134301779278,0.9867819090790557,1.1253647281153831
sub-RID0585,pericalcarine,1.1665725930790392,1.0898226511199764,1.6233560299334022
sub-RID0662,pericalcarine,1.045412811501885,1.0065958321508583,1.311749169053012
sub-RID0668,pericalcarine,1.1635980258721568,1.1555705841029418,1.544925913044728
sub-RID0454,pericalcarine,1.1363908891318586,1.1963117939857992,1.5936964559009343
sub-RID0429,pericalcarine,1.045287733787217,1.1696343066157218,1.4434260680723239
sub-RID0383,pericalcarine,1.315839710737121,1.2026981799551724,1.4110144022104472
sub-RID0408,pericalcarine,0.9258721396616244,1.035186429403032,1.5012741443448654
sub-RID0572,pericalcarine,1.2736385381375506,1.0880077880972685,1.6438831366368247
sub-RID0596,pericalcarine,1.040780108789672,0.9802345194132458,1.3158186482831122
sub-RID0578,pericalcarine,1.1609492019891905,1.1290832001949571,1.8223461690284177
sub-RID0798,pericalcarine,1.1486715615406833,1.1410241000096686,1.3237420136670683
sub-RID0671,pericalcarine,1.3290262714396244,1.3833059130395804,5.2749236072977626
sub-RID0860,pericalcarine,1.1289299581704917,1.1842699453595544,1.2576683145635157
sub-RID0440,pericalcarine,1.333944346879123,1.6655249431199972,1.533934723138511
sub-RID0341,pericalcarine,1.0013085121134082,1.2737824476120303,1.3639182403494252
sub-RID0925,pericalcarine,1.1118642381078387,1.1787230857827757,1.575000090651084
sub-RID0591,pericalcarine,1.1776636009513,1.138000065790596,1.5069292163759098
sub-RID0620,pericalcarine,0.9026255525400743,1.1632619955497963,1.2413578157530951
sub-RID0904,pericalcarine,1.1157600748369954,1.2564933949322565,1.6948348518872804
sub-RID0665,pericalcarine,1.316454295017819,1.2079885397680132,1.6574943129062305
sub-RID0681,pericalcarine,1.1702826702038616,1.1018394488514949,1.66787776934154
sub-RID0689,pericalcarine,1.2673921218513542,1.0927919688013945,1.4640314714877227
sub-RID0784,pericalcarine,1.0596837080744934,1.1146614501148424,1.631541401364348
sub-RID0448,pericalcarine,1.067257088963633,1.1657345993571333,1.189033825157389
sub-RID0646,pericalcarine,1.2358432388997265,1.12691894273177,2.0385343799347875
sub-RID0697,pericalcarine,1.0651248879748456,1.1084001011626683,1.3865540749348553
sub-RID0679,pericalcarine,1.2062251310797074,1.0802567678529524,1.492793708909946
sub-RID0673,pericalcarine,1.0988665265420379,1.0506772668512974,1.2756808327698435
sub-RID0445,pericalcarine,1.073160401419998,1.1895980147842666,1.5475846451739632
sub-RID0660,pericalcarine,1.0542374054670454,1.1709483902743827,1.803534480460488
sub-RID0587,pericalcarine,1.0083492046058535,1.080076640142717,1.303182740919776
sub-RID0652,pericalcarine,1.1744962606870721,1.2196714487345197,1.667688767322722
sub-RID0658,pericalcarine,0.9180379876514191,1.1684671179511086,1.3851249541205064
sub-RID0365,pericalcarine,1.2950658443150245,1.0644582999804781,1.6738075668401944
sub-RID0656,pericalcarine,1.0467672181179477,1.1363318930237012,1.484230843522371
sub-RID0522,pericalcarine,1.0572220292399102,1.1269560779418828,1.8360623549008568
sub-RID0680,pericalcarine,1.488080776666814,1.1946568586417412,1.5601236646127215
sub-RID0619,pericalcarine,0.7615827328918335,1.0331246172754827,1.093140071372013
sub-RID0664,pericalcarine,1.0709866014554155,1.1172162889234594,1.4233849425487488
sub-RID0583,pericalcarine,1.059192539025944,0.9920352098137938,1.3284102754774791
sub-RID0396,pericalcarine,1.0332216136142296,0.9838515193148187,2.1167925980821813
sub-RID0372,pericalcarine,1.2111874530557967,1.1185435155349448,1.4798490526799162
sub-RID0693,pericalcarine,1.0755427857483897,1.2168169737279566,1.9191591525325358
sub-RID0574,pericalcarine,1.0829460009788863,1.181983557421163,2.096735505868442
sub-RID0597,pericalcarine,1.196698639554344,1.1696328049064013,1.3892619355113194
sub-RID0490,pericalcarine,1.3714531313129683,1.1799289202787737,2.2798816801434367
sub-RID0670,pericalcarine,1.1783690610230093,1.1168671390920106,1.4968978642545208
sub-RID0648,pericalcarine,1.1704493947338221,1.0419923277265866,1.827885367064203
sub-RID0663,pericalcarine,1.2582157350103322,1.1245466531588353,1.2094562552735304
sub-RID0455,pericalcarine,0.9300466266546235,1.0295545115508618,1.256784715720477
sub-RID0659,postcentral,0.8333685451682918,0.8119381560815407,0.9005992338131453
sub-RID0380,postcentral,0.7973486274992273,0.7832448428908939,1.001782227332313
sub-RID0420,postcentral,0.7413912437024623,0.8018130416495305,1.3151499201900343
sub-RID0672,postcentral,0.8080772759601585,0.7997902656795693,1.1804932934063002
sub-RID0791,postcentral,0.8016853208653055,0.7612880245201279,1.1150114476231119
sub-RID0595,postcentral,0.7054491744550387,0.7981051713429944,1.1344512707179921
sub-RID0571,postcentral,0.7449450821423502,0.8014427047324673,1.1620953571186556
sub-RID0433,postcentral,0.8617796156539135,0.8013639016601023,0.9210190121557528
sub-RID0449,postcentral,0.895682069132308,0.9450166066928648,1.2004618794548905
sub-RID0592,postcentral,0.7831934686807333,0.8445859382222755,0.925420442911781
sub-RID0576,postcentral,0.8457023556337024,0.8596763568580585,1.202586262216181
sub-RID0675,postcentral,0.7689740799052786,0.7062339905010979,1.362793101900419
sub-RID0450,postcentral,0.8451106013162972,0.872074477257668,1.9592818047614347
sub-RID0512,postcentral,0.6985565951489686,1.0084086834013666,0.9072819389909642
sub-RID0415,postcentral,0.842181164592339,0.8451847706731778,1.3727690379802795
sub-RID0688,postcentral,0.7828412059102478,0.7838369508880287,0.8079244903395205
sub-RID0785,postcentral,0.8481936377498838,0.7879604546721234,1.1699884044790054
sub-RID0666,postcentral,0.7931281644679831,0.7500742397974203,1.0783925693135554
sub-RID0585,postcentral,0.7853842250471027,0.7684880857540667,1.221881889127495
sub-RID0662,postcentral,0.8292761827202917,0.7492235257509697,1.0799910276010745
sub-RID0668,postcentral,0.9152391830317778,0.8045750271231962,1.1582891693180972
sub-RID0454,postcentral,0.8810758838779,0.9013204151794807,1.0729180721100966
sub-RID0429,postcentral,0.8348947492754223,0.6465384810457913,1.284344870201874
sub-RID0383,postcentral,0.8188675786287409,0.7992897541851173,1.214114707354527
sub-RID0408,postcentral,0.6512695268825613,0.7427631199358722,1.2026820822913156
sub-RID0572,postcentral,0.8865056702472023,0.9145807176492058,1.4215124017112273
sub-RID0596,postcentral,0.8287376999728957,0.754043002346787,1.0466424857631398
sub-RID0578,postcentral,0.8738056945480722,0.7968548887265674,1.288878563762541
sub-RID0798,postcentral,0.8438233061539445,0.8810068673392303,1.4287525986248188
sub-RID0671,postcentral,0.8876261833919934,0.848837208049684,1.4211742826206868
sub-RID0860,postcentral,0.7414150284424279,0.8331255148749577,1.1626804104942539
sub-RID0440,postcentral,1.1672379414662348,1.4899557306613824,1.2153003997491305
sub-RID0341,postcentral,0.7461460928095454,0.9446056374159506,1.0376032859538764
sub-RID0925,postcentral,0.737208730806197,0.7956033122639384,0.779056269271796
sub-RID0591,postcentral,0.7853575238748405,0.8905794683239189,1.0272454988737492
sub-RID0620,postcentral,0.811930756426012,0.774930306015655,0.9866706990609155
sub-RID0904,postcentral,1.0663378976861753,1.1333146973288712,1.5564015126501047
sub-RID0665,postcentral,0.8843981857703537,0.8339987267978123,1.0259665757562595
sub-RID0681,postcentral,0.7984222729174205,0.7623565546411558,1.191975498342337
sub-RID0689,postcentral,0.7942224390325299,0.8203956256435466,1.134701084611561
sub-RID0784,postcentral,0.8170739902556906,0.7562577313855892,1.0345469548975714
sub-RID0448,postcentral,0.7442234381884651,0.7593281428092258,0.9997725306976857
sub-RID0646,postcentral,0.6810778709951097,0.8310819479433053,1.5523767234618904
sub-RID0697,postcentral,0.8248534350541002,0.7827955803749163,0.9824645780655478
sub-RID0679,postcentral,0.8403630034943821,0.8142801265902793,1.215455896888158
sub-RID0673,postcentral,0.7246655464994826,0.7017665231585192,0.9429559170969729
sub-RID0445,postcentral,0.7455196005054212,0.8650877701545463,1.1651598151126858
sub-RID0660,postcentral,0.8580013920279315,0.8771980942913297,1.3008412118407409
sub-RID0587,postcentral,0.8187856386488027,0.8296306853036792,1.0607648513554262
sub-RID0652,postcentral,0.8312848035713183,0.890197670206818,1.35538212631445
sub-RID0658,postcentral,0.6729919111899326,0.8378164377990603,0.9154772680256628
sub-RID0365,postcentral,0.8201370197269116,0.803521803389313,1.3424982565380197
sub-RID0656,postcentral,0.707573300885723,0.8509818513777218,1.2147568466222851
sub-RID0522,postcentral,0.825626748484211,0.902810675660409,1.29507793775753
sub-RID0680,postcentral,0.8565569527174312,0.7688351341621129,1.3176777728978843
sub-RID0619,postcentral,0.7781441650392351,0.7445790240981486,1.164951977899929
sub-RID0664,postcentral,0.6789022508564565,0.8908221888181214,1.0754705369247997
sub-RID0583,postcentral,0.7469359204182876,0.8846311981074985,1.5517767771151785
sub-RID0396,postcentral,0.7464820817956401,0.6986125077619739,1.1712367773766106
sub-RID0372,postcentral,0.7410885295128322,0.7121851700529941,1.2197018763181173
sub-RID0693,postcentral,0.7161532054770187,0.8452168294070015,1.3529182268258477
sub-RID0574,postcentral,0.7933042208974359,0.7380653270765959,1.2619769042346687
sub-RID0597,postcentral,0.8325074542637901,0.869082274354203,1.1970182209034586
sub-RID0490,postcentral,0.7418486923876911,0.8804453704039635,1.237572760961588
sub-RID0670,postcentral,0.8477564078971679,0.7476773116243407,1.1150017083142651
sub-RID0648,postcentral,0.8388136077794544,0.8168161128084069,1.563631283024293
sub-RID0663,postcentral,0.7482388381236348,0.7618328550311494,1.1420033612868026
sub-RID0455,postcentral,0.8809007213570856,0.7852250234725451,0.9671195734543985
sub-RID0659,posteriorcingulate,0.9390712858183359,1.0653104831272937,1.101397580683839
sub-RID0380,posteriorcingulate,1.1029741520323877,1.0299144275146979,1.5377855999356718
sub-RID0420,posteriorcingulate,0.9816215659047077,1.0232682886505011,1.9980241256448534
sub-RID0672,posteriorcingulate,1.0909191042807465,1.0078764127633155,1.4308851467648585
sub-RID0791,posteriorcingulate,0.9904907020731262,1.061552836899952,1.4338578895867469
sub-RID0595,posteriorcingulate,1.0454568540483022,1.0010189536266678,1.6448325242485955
sub-RID0571,posteriorcingulate,0.8551725179554684,1.0018442030051369,1.3969986055209984
sub-RID0433,posteriorcingulate,0.97350405966456,1.0826667339847589,1.4622130463301073
sub-RID0449,posteriorcingulate,1.0966921814995811,1.1744646078892294,1.3901053942564843
sub-RID0592,posteriorcingulate,1.0194881622860905,1.0616338450166223,1.3569310628500355
sub-RID0576,posteriorcingulate,0.9901287918239613,1.031347767948934,1.5234943920311872
sub-RID0675,posteriorcingulate,1.0359193961015267,0.9456786941699966,1.5855218640761908
sub-RID0450,posteriorcingulate,1.0903594567973827,1.0710284472081664,1.6234138033631291
sub-RID0512,posteriorcingulate,0.6833419865145272,1.0054219846910482,0.9888836448050782
sub-RID0415,posteriorcingulate,1.1342032154422348,1.0440140953783714,1.892106743717557
sub-RID0688,posteriorcingulate,1.0208747384136638,1.021353273674377,1.7274064500853394
sub-RID0785,posteriorcingulate,1.029677743917223,1.0724876801512526,1.8739711499702774
sub-RID0666,posteriorcingulate,1.0119094836691334,1.1953827291129007,1.5414051525840875
sub-RID0585,posteriorcingulate,0.9636100011727864,0.9621825063164944,1.4425936207894494
sub-RID0662,posteriorcingulate,1.0459114345724871,1.020843018925779,1.3447882129651045
sub-RID0668,posteriorcingulate,1.047795972808126,1.0324732148627649,1.4709019156067675
sub-RID0454,posteriorcingulate,1.1029547559543993,1.0944997717706184,1.5216728567373101
sub-RID0429,posteriorcingulate,0.9154490023637638,0.9023913617573052,1.9324057311189713
sub-RID0383,posteriorcingulate,0.9642231336309831,1.1798818944274136,1.7479252800532161
sub-RID0408,posteriorcingulate,0.9409307317907266,0.9744728910475013,1.4815860373683438
sub-RID0572,posteriorcingulate,1.1775037784092286,1.1268621400823533,1.5602697355745763
sub-RID0596,posteriorcingulate,0.9672206859459566,0.9260725083689915,1.6906895640681519
sub-RID0578,posteriorcingulate,1.0613824100055782,1.0765286232435407,1.5995401620548568
sub-RID0798,posteriorcingulate,0.9914188370660547,1.0463179644915932,1.7710614236194762
sub-RID0671,posteriorcingulate,1.0982820830302538,1.1440714521517037,1.7113034351543213
sub-RID0860,posteriorcingulate,1.035558184523896,1.1634850533392116,1.4752563137088985
sub-RID0440,posteriorcingulate,0.8864506054227435,1.0843808729496276,1.0563625537805539
sub-RID0341,posteriorcingulate,0.9238468743593385,1.2182793621492025,1.2824248108262752
sub-RID0925,posteriorcingulate,0.9039684260435924,1.0333949777988125,1.0432281707934954
sub-RID0591,posteriorcingulate,1.0801944098382616,1.140055342720068,1.7827828213309065
sub-RID0620,posteriorcingulate,1.0435652335164471,1.1087011341865276,1.7287909634934062
sub-RID0904,posteriorcingulate,1.1018967386567644,1.222351873628124,1.6921573293918306
sub-RID0665,posteriorcingulate,1.083753022507515,1.136043780728708,1.3875371563349321
sub-RID0681,posteriorcingulate,0.9854973916169902,1.0385616529023132,1.5698129071229987
sub-RID0689,posteriorcingulate,1.0515795789669833,1.02625522090572,1.5610584048408849
sub-RID0784,posteriorcingulate,0.9203364761226056,0.9348318099118356,1.2211701808845647
sub-RID0448,posteriorcingulate,0.9976661645276319,1.0756065685713705,1.5476087408988275
sub-RID0646,posteriorcingulate,0.9553535997965548,1.0111774625649324,1.7857487221388801
sub-RID0697,posteriorcingulate,1.0764155776008457,1.0252173325461815,1.3886496064151117
sub-RID0679,posteriorcingulate,1.031465979937332,1.0059858940112865,1.5358720183047967
sub-RID0673,posteriorcingulate,1.0063260064228297,0.9795342629494525,1.747580100761357
sub-RID0445,posteriorcingulate,0.9373259736031058,1.1255964576087123,1.520947386785125
sub-RID0660,posteriorcingulate,1.108191808175843,1.0759358724664003,1.5744717299912891
sub-RID0587,posteriorcingulate,0.9470688059351962,1.032506270161344,1.5678635295844545
sub-RID0652,posteriorcingulate,1.0205138228634874,1.2001351512221774,1.7549796974284286
sub-RID0658,posteriorcingulate,0.9395416551639234,1.102476573792224,1.3153611606935447
sub-RID0365,posteriorcingulate,0.9987718170247328,1.0136929023987291,1.716914409994472
sub-RID0656,posteriorcingulate,1.0261211390271745,1.210820088465223,1.914402245803755
sub-RID0522,posteriorcingulate,1.0418419031858321,1.1187448604118055,1.8916014430113162
sub-RID0680,posteriorcingulate,1.0271827324757983,1.011572707734566,1.8018762391469947
sub-RID0619,posteriorcingulate,0.9307537358894825,0.9040448129107451,1.2264678852403899
sub-RID0664,posteriorcingulate,0.9117746958166933,1.1543689594517232,1.5360355097916496
sub-RID0583,posteriorcingulate,0.8073906629652174,1.1309961653675746,1.7830382564862308
sub-RID0396,posteriorcingulate,0.9816431917073949,0.9594252994196077,2.121015316487265
sub-RID0372,posteriorcingulate,1.040408317565172,1.0257217457233883,1.599525604849589
sub-RID0693,posteriorcingulate,0.8494478188452118,1.1206377470378361,1.7750419219386135
sub-RID0574,posteriorcingulate,1.0771021230311764,1.0396164358637499,1.8720691079090754
sub-RID0597,posteriorcingulate,1.0920423345508932,1.1212851174838274,1.6339097353679373
sub-RID0490,posteriorcingulate,1.1009619996967028,1.1257041067233402,2.270128405117009
sub-RID0670,posteriorcingulate,1.0338785799169217,0.9397913746237119,1.656282868196622
sub-RID0648,posteriorcingulate,1.0318345769134354,1.077607681169107,2.285240066913325
sub-RID0663,posteriorcingulate,0.8358504723365391,0.9451614186767329,1.3518971991188828
sub-RID0455,posteriorcingulate,1.0841724464096678,1.0254133654237045,1.4340982721419098
sub-RID0659,precentral,0.8546129084721237,0.8687686855234678,0.9850821521754821
sub-RID0380,precentral,0.8894026175432233,0.8340720199909257,1.1664271385132232
sub-RID0420,precentral,0.7899710602844693,0.8476694816507975,1.4280711192990863
sub-RID0672,precentral,0.8967071753972512,0.8465195879726615,1.2249512985299478
sub-RID0791,precentral,0.8897646345570731,0.8618366224271317,1.2520371326924409
sub-RID0595,precentral,0.7953751381119016,0.8464012336870789,1.2415808815233977
sub-RID0571,precentral,0.8238989567305053,0.8623770450329538,1.212439084971418
sub-RID0433,precentral,0.9202114826926524,0.8779442843267463,0.9400288785263732
sub-RID0449,precentral,0.9135666060658332,0.9579729891914118,1.270729899170517
sub-RID0592,precentral,0.8669586129849038,0.9094764513764362,1.0259186246193468
sub-RID0576,precentral,0.8967856585495279,0.8920556258792093,1.2037334682766858
sub-RID0675,precentral,0.8512636975030587,0.7849466932598109,1.5668475833589532
sub-RID0450,precentral,0.9327247837447159,0.9698635860469869,2.9676737551472026
sub-RID0512,precentral,0.7679868967475395,1.0686018428236648,0.8786780490597806
sub-RID0415,precentral,0.8972222024416019,0.8972258513640031,1.455059314473063
sub-RID0688,precentral,0.8468359304103966,0.8439959633021016,0.8965287135916887
sub-RID0785,precentral,0.9383717082167382,0.8390639050813997,1.2277852415906387
sub-RID0666,precentral,0.8785012153329806,0.8054080732479353,1.2339782367386805
sub-RID0585,precentral,0.877494142943614,0.8338348835893231,1.3082737041424235
sub-RID0662,precentral,0.9020890189938171,0.7984738721505295,1.2007849030213742
sub-RID0668,precentral,0.9434789816049325,0.8605372291801278,1.2145675607022497
sub-RID0454,precentral,0.9147654272148674,0.9228877828275522,1.130719034104573
sub-RID0429,precentral,0.9115284358887401,0.7048785140955256,1.2701893640595403
sub-RID0383,precentral,0.9274276026600372,0.9335076675678291,1.4625916829282108
sub-RID0408,precentral,0.7016457557487856,0.7868829136560996,1.2474286248646353
sub-RID0572,precentral,0.9339997993293375,0.9736113226464874,1.5186948744798503
sub-RID0596,precentral,0.8710260843187498,0.8176514605785983,1.1944329140173866
sub-RID0578,precentral,0.9480467855260921,0.8483895609475463,1.333662803036486
sub-RID0798,precentral,0.9191952696574175,0.9265771859240399,1.4554924625929155
sub-RID0671,precentral,0.9237646319079907,0.872715280785562,1.4508668992054432
sub-RID0860,precentral,0.8116004895295834,0.8541919709386271,1.2188731090456715
sub-RID0440,precentral,1.0854098569073563,1.3637007629617568,1.0808809816443399
sub-RID0341,precentral,0.7927929118661269,0.9863315020951795,1.1307368561224738
sub-RID0925,precentral,0.8039097012885152,0.8307993109725068,0.804748601368466
sub-RID0591,precentral,0.8528019995521213,0.9741051503027789,1.2521570843206744
sub-RID0620,precentral,0.9016036307934137,0.839041890378126,1.0548869176440003
sub-RID0904,precentral,0.9427916365563995,0.9660641245507791,1.3700523890546117
sub-RID0665,precentral,0.9277729769886243,0.8631261876877243,1.029945258351989
sub-RID0681,precentral,0.8632302541006468,0.8201973101781059,1.290308161984356
sub-RID0689,precentral,0.8837475086859657,0.886533215584932,1.3114524070914804
sub-RID0784,precentral,0.8465830010191207,0.762940757278544,1.063220423124627
sub-RID0448,precentral,0.809763849234438,0.8170628075803561,1.059477728575418
sub-RID0646,precentral,0.7329868106059542,0.8565304851496465,1.5293176672644317
sub-RID0697,precentral,0.868448729475048,0.8254187552601396,1.0999691059432148
sub-RID0679,precentral,0.9037536079867527,0.8544436820824494,1.3082536320389002
sub-RID0673,precentral,0.8639164805974674,0.7840263401901025,1.214548865853849
sub-RID0445,precentral,0.8339325056644558,0.915479664216427,1.1513219934407366
sub-RID0660,precentral,0.9080123675966512,0.905996710241616,1.3435049805542003
sub-RID0587,precentral,0.8552214922828283,0.8632478241787163,1.0951123190990328
sub-RID0652,precentral,0.8601486951031535,0.927368960243518,1.4316153601203718
sub-RID0658,precentral,0.7522995551763331,0.9182328076891557,1.0158222243223207
sub-RID0365,precentral,0.896305818123264,0.8680586552231291,1.4950564088127354
sub-RID0656,precentral,0.7644031140775435,0.944070040843482,1.381227954501365
sub-RID0522,precentral,0.9220806879769232,0.984958769883225,1.5305227641969994
sub-RID0680,precentral,0.9009401958733129,0.7699813718539119,1.3092077783734204
sub-RID0619,precentral,0.8523337185189763,0.7853119514417376,1.1994007833830853
sub-RID0664,precentral,0.6884354097375027,0.8878708977046136,1.152306252174976
sub-RID0583,precentral,0.8323284863374163,0.9925508668505305,1.6223515044437782
sub-RID0396,precentral,0.75967960904059,0.7019368516180675,1.2959544381959076
sub-RID0372,precentral,0.8171387133770733,0.7793715925419189,1.2989453452707647
sub-RID0693,precentral,0.7362505453340503,0.8467305478663236,1.35560818216363
sub-RID0574,precentral,0.8648915414903082,0.8244711805097468,1.364832265487334
sub-RID0597,precentral,0.9164123449823136,0.9423564425371844,1.3418220814375394
sub-RID0490,precentral,0.8464252314594798,0.9411260595624984,1.3823040513525802
sub-RID0670,precentral,0.8621991398752203,0.7634795252786328,1.2060259907281747
sub-RID0648,precentral,0.9009274406096316,0.8855115727296012,1.7984655112455181
sub-RID0663,precentral,0.7893411101961126,0.7999982702836569,1.171514875887433
sub-RID0455,precentral,0.9350104347562013,0.8399775231239085,1.0436640929287997
sub-RID0659,precuneus,0.9023002231343773,1.0961677052543064,0.9458448824093775
sub-RID0380,precuneus,1.0319379619949558,0.9885243400569591,1.2255047758465052
sub-RID0420,precuneus,1.0063227741431322,0.9935904512492517,1.6158776371356065
sub-RID0672,precuneus,1.0551908266408816,1.0438119265801145,1.4890151973016261
sub-RID0791,precuneus,0.9531125081416985,1.0380366731919621,1.3104098237801884
sub-RID0595,precuneus,1.0258705859644703,0.9902885420513676,1.3328832492995666
sub-RID0571,precuneus,0.8885955764368303,1.0497328865192668,1.389438811459212
sub-RID0433,precuneus,1.0436413141693985,1.0548222245340932,1.1077658039815304
sub-RID0449,precuneus,1.1123800100877963,1.170703011775748,1.3997600613981
sub-RID0592,precuneus,0.9520897327630197,1.1274674618567075,1.2723909271483915
sub-RID0576,precuneus,1.0019036656557279,1.004586943237957,1.1799581217687733
sub-RID0675,precuneus,1.0191011686570075,0.9863612296869719,1.3684400549925393
sub-RID0450,precuneus,1.103234366329168,1.1276619418415612,1.4200924759656626
sub-RID0512,precuneus,0.8428525022060235,1.1946720721420527,0.8722221517058437
sub-RID0415,precuneus,1.0084685931899475,0.978052748035716,1.5844403145462922
sub-RID0688,precuneus,0.9895718070301379,1.0306729133959145,1.006860422112708
sub-RID0785,precuneus,1.0164077460517087,0.9850745534326375,1.1624241895461043
sub-RID0666,precuneus,0.932138016591881,0.9659061225416562,1.1926510042320142
sub-RID0585,precuneus,0.984220959341058,1.0282960280673588,1.3596476716085033
sub-RID0662,precuneus,0.9966259476365572,0.949395494989874,1.2292685370730783
sub-RID0668,precuneus,1.0148723437528775,1.07736571660093,1.4269923753861433
sub-RID0454,precuneus,1.035099366350416,1.0910273331438431,1.4832000878701248
sub-RID0429,precuneus,0.9309721201669735,0.9917191670612849,1.2332551177860671
sub-RID0383,precuneus,1.0383120972508972,1.0549605416614325,1.036012762483996
sub-RID0408,precuneus,0.8918137752042178,0.9265096901051573,1.291535494703519
sub-RID0572,precuneus,1.2015729938732034,1.0793870432389354,1.3302767284184123
sub-RID0596,precuneus,0.9650894213968838,0.9552879290866612,1.4074829704333713
sub-RID0578,precuneus,1.1052014845207478,1.0549891317192068,1.7245540230176217
sub-RID0798,precuneus,0.948771032082819,1.0855282922267782,1.398261292612879
sub-RID0671,precuneus,1.1278006839386205,1.3203521965171605,3.7266153247278435
sub-RID0860,precuneus,1.0014950088673429,1.0699623264742815,1.1872680021173907
sub-RID0440,precuneus,1.4522198121920415,1.8229326660870913,1.621601218809278
sub-RID0341,precuneus,0.8500718208666165,1.209082902011712,1.1337767995896102
sub-RID0925,precuneus,0.9256439326778366,1.0143844810513212,1.0493225019232413
sub-RID0591,precuneus,0.9395379541645441,1.0594409257794477,1.2017417961428014
sub-RID0620,precuneus,1.0475472477137744,1.1642031530688388,1.1510615152602917
sub-RID0904,precuneus,1.0823291839546472,1.2112832767341228,1.661128210426969
sub-RID0665,precuneus,1.0887971528026574,1.0979330192097372,1.433405844459361
sub-RID0681,precuneus,0.9651876043707897,0.9739052835678738,1.464730659946918
sub-RID0689,precuneus,1.0114306921343743,1.031587291892247,1.3924378703662816
sub-RID0784,precuneus,1.0159644734634425,1.0004760172636198,1.3450982653362693
sub-RID0448,precuneus,0.9805559597738119,1.0843013107247872,1.242283327642211
sub-RID0646,precuneus,0.932106848632468,0.9791752313358059,1.520506528090173
sub-RID0697,precuneus,1.1148737740894659,1.0324974320808376,1.1506345052756821
sub-RID0679,precuneus,1.0050674752901536,1.0144796810242704,1.4393023208746583
sub-RID0673,precuneus,0.9580450047592404,0.9684882271113547,1.3620699404524936
sub-RID0445,precuneus,0.9239170036513178,1.0693367954093824,1.3085464085528384
sub-RID0660,precuneus,1.0019941183544567,1.0997025583697906,1.543472232702803
sub-RID0587,precuneus,0.9362839859715741,0.9688877580729675,1.055975961119298
sub-RID0652,precuneus,1.0073507100608536,1.0997411098560177,1.540274981436742
sub-RID0658,precuneus,0.8916633634473958,1.0725508193322761,1.2329147372927125
sub-RID0365,precuneus,0.9610377679605121,0.9534204608689101,1.647796787257246
sub-RID0656,precuneus,1.0042699484313304,1.1245906056468569,1.6278927715615183
sub-RID0522,precuneus,1.0154036853374162,1.1024277754137666,1.7498340166050137
sub-RID0680,precuneus,1.0837863127618816,1.0376667979518939,1.3878354240311845
sub-RID0619,precuneus,0.920065302761555,0.9819515271671639,1.2370620178795404
sub-RID0664,precuneus,0.8355445550661676,1.11879933938666,1.3636216951266051
sub-RID0583,precuneus,0.8372409047340283,0.971381308948625,1.3396268127849813
sub-RID0396,precuneus,0.9776379752879198,0.8927541141339009,1.4795999481976907
sub-RID0372,precuneus,1.0857903651697396,0.9397552534221278,1.4171375079541566
sub-RID0693,precuneus,0.864654378998259,1.0630208371428587,1.4871723670746742
sub-RID0574,precuneus,1.0801280980457917,1.0295885033872145,1.573193723672712
sub-RID0597,precuneus,1.065581104421395,1.0949803492746875,1.4193597701288034
sub-RID0490,precuneus,1.0724636210668679,1.0942957470112828,2.0137247132030223
sub-RID0670,precuneus,1.0778378191330988,0.9110742045354335,1.3274371797214162
sub-RID0648,precuneus,1.0603335315914475,0.9896013724741757,1.834429389509364
sub-RID0663,precuneus,0.9594967435435776,1.014399309609515,1.1572401806895443
sub-RID0455,precuneus,0.9783739746018801,0.9845548886004707,1.2122515544837202
sub-RID0659,rostralanteriorcingulate,0.913167178201454,0.9365048752471458,1.0060541756533012
sub-RID0380,rostralanteriorcingulate,0.9681280814433542,0.9654038151503432,1.5961454722486372
sub-RID0420,rostralanteriorcingulate,0.9473146734340333,0.9644558924193427,1.6769688829857876
sub-RID0672,rostralanteriorcingulate,1.0072125842498898,0.9468453427492981,1.299895463161783
sub-RID0791,rostralanteriorcingulate,0.9012078292420431,0.9486545496557875,1.0785345621883318
sub-RID0595,rostralanteriorcingulate,0.9977911367265687,0.9924840052670005,1.3961838457893818
sub-RID0571,rostralanteriorcingulate,0.8005421290545784,0.8751850505151454,0.9361246809937972
sub-RID0433,rostralanteriorcingulate,0.876032836058661,0.9850563436263741,1.1978225996310428
sub-RID0449,rostralanteriorcingulate,1.0457635888207875,1.0438753953687971,1.0869080653065342
sub-RID0592,rostralanteriorcingulate,0.9789194357976679,0.9743277654608488,1.153213156279195
sub-RID0576,rostralanteriorcingulate,0.8699794349792146,0.9435377475029769,1.134265657066696
sub-RID0675,rostralanteriorcingulate,1.0327753999637828,0.8270129259915109,1.3896884467378303
sub-RID0450,rostralanteriorcingulate,1.0350237277910543,1.0049287701352512,1.1998582990886846
sub-RID0512,rostralanteriorcingulate,0.44844067648349345,0.6088827908569568,0.5254431852238802
sub-RID0415,rostralanteriorcingulate,1.00356379595816,0.8581476526284801,1.6901518174819237
sub-RID0688,rostralanteriorcingulate,0.9320024439190825,0.9202431271255036,1.2738426268855578
sub-RID0785,rostralanteriorcingulate,0.8568557313222469,0.9520125492073735,1.369040016193519
sub-RID0666,rostralanteriorcingulate,0.9254884238902038,1.1259737605309301,1.4437280851973415
sub-RID0585,rostralanteriorcingulate,0.9188897784419151,0.9565753088584021,1.1009044136912287
sub-RID0662,rostralanteriorcingulate,0.982997200324407,0.8822677757556429,1.1966638834025656
sub-RID0668,rostralanteriorcingulate,0.9930003497120123,0.9979452996749568,1.2290834937352844
sub-RID0454,rostralanteriorcingulate,1.0208465205217367,1.0500481927227707,1.7130429257158484
sub-RID0429,rostralanteriorcingulate,0.8511360030197462,0.9239480543647127,1.37275820798233
sub-RID0383,rostralanteriorcingulate,0.9171778207301595,1.0342709733793158,1.2732444657590587
sub-RID0408,rostralanteriorcingulate,0.7953652883236147,0.9089407460407533,1.2557013173248357
sub-RID0572,rostralanteriorcingulate,0.9661601024733757,0.9525590606737525,1.2146367335153507
sub-RID0596,rostralanteriorcingulate,0.920291059825939,0.8787682724726036,1.5572692122911889
sub-RID0578,rostralanteriorcingulate,0.9038563673104413,0.966356106939188,1.1606806933006422
sub-RID0798,rostralanteriorcingulate,0.8658375149082702,1.088783140156817,1.6517251695345596
sub-RID0671,rostralanteriorcingulate,1.0595255426522017,1.1311752702036348,1.3827371274553915
sub-RID0860,rostralanteriorcingulate,0.9868272004472233,1.0772173324005305,1.3724486378314755
sub-RID0440,rostralanteriorcingulate,0.9102586220957822,0.9720100582048612,0.9093149817423392
sub-RID0341,rostralanteriorcingulate,0.7958096552581126,1.1043099230045303,1.1075855806631807
sub-RID0925,rostralanteriorcingulate,0.7925416567190161,0.9744831230341321,1.4265933168962677
sub-RID0591,rostralanteriorcingulate,1.029836092964165,0.9538262649498228,1.6944318799348985
sub-RID0620,rostralanteriorcingulate,0.9234838717908429,1.0704052485101736,1.4109395452232787
sub-RID0904,rostralanteriorcingulate,1.071942684127592,1.168298384203208,1.4466772598117013
sub-RID0665,rostralanteriorcingulate,0.9885371608889705,1.0541707309758042,1.2692111185489678
sub-RID0681,rostralanteriorcingulate,0.8810304049238454,0.9296579324590475,1.307700356241378
sub-RID0689,rostralanteriorcingulate,1.022780914447809,0.9671710475395948,1.3380831478945898
sub-RID0784,rostralanteriorcingulate,0.9106591839848075,0.7957532371897049,1.0177330535857942
sub-RID0448,rostralanteriorcingulate,1.0401651633069129,1.0438458889438385,1.3885148073458042
sub-RID0646,rostralanteriorcingulate,0.890719508120139,0.9937878584645568,1.645112701983381
sub-RID0697,rostralanteriorcingulate,0.9223859090701548,1.0034967465352211,1.2184018595612387
sub-RID0679,rostralanteriorcingulate,0.9917042788602213,0.993564538582585,1.3315793822277804
sub-RID0673,rostralanteriorcingulate,1.0048523711293624,0.9066191074799799,1.5843435794170246
sub-RID0445,rostralanteriorcingulate,0.8569488696790685,1.005875288792256,1.232796717089549
sub-RID0660,rostralanteriorcingulate,1.0147204752930132,0.9950771185711526,1.1628332881570085
sub-RID0587,rostralanteriorcingulate,0.8757633015569406,0.9234468191391161,1.1903760770206926
sub-RID0652,rostralanteriorcingulate,0.9328821006360547,1.132165378210347,1.5852150467846255
sub-RID0658,rostralanteriorcingulate,0.9136621415390492,1.0793391696513024,1.2559194327447805
sub-RID0365,rostralanteriorcingulate,0.9734087603841775,0.9637263358557779,1.626511340208012
sub-RID0656,rostralanteriorcingulate,0.9261828721180078,1.1349833859178657,2.1724005430032616
sub-RID0522,rostralanteriorcingulate,0.9722383345041158,1.036783437655874,1.6286856810244206
sub-RID0680,rostralanteriorcingulate,0.9292042760372773,0.9637662021886073,1.402125579735314
sub-RID0619,rostralanteriorcingulate,0.8364342210393801,0.8127889324970513,0.9760296182579036
sub-RID0664,rostralanteriorcingulate,0.819609442632201,1.0357992070333866,1.2574655713343337
sub-RID0583,rostralanteriorcingulate,1.0236154168562055,1.0862464700314476,1.9659158583912502
sub-RID0396,rostralanteriorcingulate,0.8652754057859874,0.8520947274021847,1.5456559026509773
sub-RID0372,rostralanteriorcingulate,0.9496661687222241,0.9341088838282664,1.257896407338519
sub-RID0693,rostralanteriorcingulate,0.7859713456466985,0.9736238766292845,1.441556881355272
sub-RID0574,rostralanteriorcingulate,1.0365982371829678,0.9817356408089316,1.617180122042788
sub-RID0597,rostralanteriorcingulate,0.8872111556291429,1.0715643093138807,1.4275907055365766
sub-RID0490,rostralanteriorcingulate,1.0323845240943215,1.065912603844946,1.653118237036968
sub-RID0670,rostralanteriorcingulate,0.9058292401736664,0.8577138010495606,1.2902079177476045
sub-RID0648,rostralanteriorcingulate,0.9143197066580329,1.023859781141626,2.2001932474822063
sub-RID0663,rostralanteriorcingulate,0.8958894672499085,0.909765323327064,1.1298942886170065
sub-RID0455,rostralanteriorcingulate,0.9510205715456652,0.9623780058911513,1.2598751235669838
sub-RID0659,rostralmiddlefrontal,0.871888487662438,0.8502653097666611,1.0315081778848763
sub-RID0380,rostralmiddlefrontal,0.864723010365836,0.8257004098667607,1.2997170369548354
sub-RID0420,rostralmiddlefrontal,0.7936890982381132,0.8927915822085881,1.3827596578404369
sub-RID0672,rostralmiddlefrontal,0.9644261128724303,0.8587352295681234,1.3059937633530918
sub-RID0791,rostralmiddlefrontal,0.9503906068944108,0.868387514815538,1.2551761632909846
sub-RID0595,rostralmiddlefrontal,0.7406366857497247,0.7913761904230259,1.0203565840382145
sub-RID0571,rostralmiddlefrontal,0.7789682928120144,0.8374809349047493,1.0829458251342325
sub-RID0433,rostralmiddlefrontal,0.929411286796255,0.8896430347527873,0.9420119750606928
sub-RID0449,rostralmiddlefrontal,0.9754697146190908,0.9357065592549539,1.3490926684350353
sub-RID0592,rostralmiddlefrontal,0.9047162344734216,0.9173715977320402,1.0982942071573734
sub-RID0576,rostralmiddlefrontal,0.892197689179055,0.9022735149274494,1.1160788108212736
sub-RID0675,rostralmiddlefrontal,0.9541407231677588,0.7176901189353271,1.64726491804104
sub-RID0450,rostralmiddlefrontal,0.9957034328714033,1.014404995922602,1.509049274615706
sub-RID0512,rostralmiddlefrontal,0.7367970593468133,0.9857356369370104,0.748432344181997
sub-RID0415,rostralmiddlefrontal,0.9348693560832958,0.8078007555536216,1.535661076217785
sub-RID0688,rostralmiddlefrontal,0.8982014624387517,0.8607740880946377,1.4189957778523559
sub-RID0785,rostralmiddlefrontal,0.9204401723695693,0.8370518016245008,1.2222592903269267
sub-RID0666,rostralmiddlefrontal,0.8845063773333294,0.8720872316194188,1.2934831651623708
sub-RID0585,rostralmiddlefrontal,0.933747344967806,0.9642542379903966,1.352962455327774
sub-RID0662,rostralmiddlefrontal,1.0047009906254902,0.8017909574767389,1.2493414622090402
sub-RID0668,rostralmiddlefrontal,0.9610433121565862,0.8656648436878018,1.241738843784386
sub-RID0454,rostralmiddlefrontal,0.9509860189561186,0.9608221379635195,1.4041395769883276
sub-RID0429,rostralmiddlefrontal,0.9162303050368547,0.710871600857707,1.0418577084913994
sub-RID0383,rostralmiddlefrontal,0.9376178234187136,0.9244404310707233,1.2711402185866
sub-RID0408,rostralmiddlefrontal,0.7407977363596568,0.7940118196070457,1.2129117678217325
sub-RID0572,rostralmiddlefrontal,0.9498015412618838,0.9328327764561924,1.4305781895466738
sub-RID0596,rostralmiddlefrontal,0.9296394690700723,0.8076724908739863,1.2143652875025635
sub-RID0578,rostralmiddlefrontal,1.0451029562030911,0.8822354827314252,1.4027081311276672
sub-RID0798,rostralmiddlefrontal,0.833355886385556,0.9258485286466944,1.293700137110103
sub-RID0671,rostralmiddlefrontal,1.014715164032289,0.8658349542112187,1.6331220280153513
sub-RID0860,rostralmiddlefrontal,0.8739039390915438,0.8783327915989994,1.2304095332479126
sub-RID0440,rostralmiddlefrontal,0.8951460246652563,1.060690744914066,0.8688839708117497
sub-RID0341,rostralmiddlefrontal,0.7762164472855356,0.9966942543111736,1.1057548552957137
sub-RID0925,rostralmiddlefrontal,0.755340710243405,0.8464581326374966,0.5103823864894348
sub-RID0591,rostralmiddlefrontal,0.8455351209827566,0.8600683002336091,1.1826001458898787
sub-RID0620,rostralmiddlefrontal,0.923408950361842,0.8735396478349564,0.871848553211883
sub-RID0904,rostralmiddlefrontal,0.979649266084804,1.0272220005234933,1.6018438590776376
sub-RID0665,rostralmiddlefrontal,0.8479111681480577,0.8733810539221619,1.1403136091905244
sub-RID0681,rostralmiddlefrontal,0.8799582555791567,0.8405714157706504,1.2699252075441578
sub-RID0689,rostralmiddlefrontal,0.8783738842297256,0.8696019731054987,1.2585795253342664
sub-RID0784,rostralmiddlefrontal,0.9575298122286533,0.8041610535315811,1.2366895452685338
sub-RID0448,rostralmiddlefrontal,0.8627491384691207,0.8621717871244272,1.1700813613105607
sub-RID0646,rostralmiddlefrontal,0.8038444505835804,0.8745380868306204,1.842337272439426
sub-RID0697,rostralmiddlefrontal,0.899748084305067,0.8038419770935042,1.3371989869844936
sub-RID0679,rostralmiddlefrontal,0.9359519927747182,0.8752499619499067,1.375755673192927
sub-RID0673,rostralmiddlefrontal,0.8704665606794194,0.7640815895919935,1.154348856498524
sub-RID0445,rostralmiddlefrontal,0.872194307507121,0.9121420051546175,0.990870411931231
sub-RID0660,rostralmiddlefrontal,0.9162428304917913,0.9180696402198582,1.47128918816213
sub-RID0587,rostralmiddlefrontal,0.935719383419579,0.8732923807323408,0.9380624204171596
sub-RID0652,rostralmiddlefrontal,0.8893951819573289,0.9933339924653097,1.5377349220092456
sub-RID0658,rostralmiddlefrontal,0.7927764266759297,0.9721106093579861,1.1554179103693423
sub-RID0365,rostralmiddlefrontal,0.9427505245390508,0.8772436755113172,1.477098569327109
sub-RID0656,rostralmiddlefrontal,0.7925387611553152,0.9691327287891438,1.4764031406043097
sub-RID0522,rostralmiddlefrontal,0.9650677721260936,1.0173348993332114,1.497996699943874
sub-RID0680,rostralmiddlefrontal,0.9823908277209978,0.8383517185837359,1.2845394806694268
sub-RID0619,rostralmiddlefrontal,0.8822795808034111,0.7829272638496264,1.1847804753650941
sub-RID0664,rostralmiddlefrontal,0.7383071118479394,0.9260230289536349,1.1914711512233926
sub-RID0583,rostralmiddlefrontal,0.9074777970270268,0.8958931220296711,1.727300406506257
sub-RID0396,rostralmiddlefrontal,0.8550390551977278,0.7948324589010224,1.8683277759931545
sub-RID0372,rostralmiddlefrontal,0.9031799751387372,0.8136524495867415,1.467451881067114
sub-RID0693,rostralmiddlefrontal,0.7278565447097745,0.8434001002308832,1.0932749218594429
sub-RID0574,rostralmiddlefrontal,0.9276784473177809,0.8080501540491898,1.3666304985456001
sub-RID0597,rostralmiddlefrontal,0.9585719452135273,0.9887977591014239,1.4287018901759612
sub-RID0490,rostralmiddlefrontal,0.8843929789425333,1.0086523670590595,1.781720831593767
sub-RID0670,rostralmiddlefrontal,0.8979213637954094,0.7857801093019557,1.2415937047402876
sub-RID0648,rostralmiddlefrontal,0.9382948454338556,0.9097854264830739,1.8050526928805264
sub-RID0663,rostralmiddlefrontal,0.7878097337831762,0.7992811584123054,1.201013048893722
sub-RID0455,rostralmiddlefrontal,0.9608107497402932,0.8566332986351588,1.1515934831805674
sub-RID0659,superiorfrontal,0.8723289295880898,0.8734859401913493,0.9019389243853783
sub-RID0380,superiorfrontal,0.8062287897160696,0.728625011895334,0.6846072743679341
sub-RID0420,superiorfrontal,0.7807627902865996,0.8424710204682374,1.2062791221130995
sub-RID0672,superiorfrontal,0.9000863532055436,0.8236708258175152,1.1212915973857116
sub-RID0791,superiorfrontal,0.9051367521103139,0.8605596567280829,1.1466988864820915
sub-RID0595,superiorfrontal,0.6883535107360825,0.7351250920983862,0.8242824408667941
sub-RID0571,superiorfrontal,0.6819359275133832,0.7248515106069572,0.7550496113076208
sub-RID0433,superiorfrontal,0.9098523836991279,0.8560304973319952,0.656777327978096
sub-RID0449,superiorfrontal,0.931015685715971,0.9365631964445632,1.1351999660009366
sub-RID0592,superiorfrontal,0.8549288532791601,0.7907013097076199,0.7130687736401555
sub-RID0576,superiorfrontal,0.8117018144208026,0.8320438685480441,0.9503929887550548
sub-RID0675,superiorfrontal,0.877840059788991,0.7326953533192484,1.4110560893583501
sub-RID0450,superiorfrontal,0.9470755964927574,0.9635560942618613,2.686881557866029
sub-RID0512,superiorfrontal,0.6537810624677334,0.8940293509062791,0.6649517657954123
sub-RID0415,superiorfrontal,0.8333283036736975,0.7461065671212981,1.3182058834322585
sub-RID0688,superiorfrontal,0.7797332274299105,0.8078329506312274,0.9511507515314611
sub-RID0785,superiorfrontal,0.8626117158649731,0.7805429645367854,1.015811128061863
sub-RID0666,superiorfrontal,0.8577864744457127,0.8282711917159452,1.03613855329534
sub-RID0585,superiorfrontal,0.8532820580711662,0.8238223559969788,1.135935770688398
sub-RID0662,superiorfrontal,0.9734832212900121,0.7606113985673896,1.1212385673063392
sub-RID0668,superiorfrontal,0.9509133630139495,0.8630349820809687,1.0726745902321901
sub-RID0454,superiorfrontal,0.9464366845445211,0.9258740815192684,1.0814255302195288
sub-RID0429,superiorfrontal,0.8753707785224337,0.7284181018403726,0.9559054447122273
sub-RID0383,superiorfrontal,0.8530102112027066,0.8677361194830592,1.1474655382206551
sub-RID0408,superiorfrontal,0.6736141944583303,0.7387684863033718,0.9073110738914202
sub-RID0572,superiorfrontal,0.8581667030677984,0.8462677588608463,1.0379457003206223
sub-RID0596,superiorfrontal,0.8404190258208222,0.7295986690596873,1.0067541815177175
sub-RID0578,superiorfrontal,0.9751380022255086,0.8579517854845548,1.1312113036477927
sub-RID0798,superiorfrontal,0.8393195314074876,0.8752930059328023,1.137470546494521
sub-RID0671,superiorfrontal,0.9779551539538358,0.9132640495714,1.5406188396238265
sub-RID0860,superiorfrontal,0.8283545223100234,0.9273330505138851,1.1171188915554693
sub-RID0440,superiorfrontal,1.0114039802615198,1.2078640719724503,0.987351109413075
sub-RID0341,superiorfrontal,0.760583674384388,0.9620969458516928,0.9221967405568389
sub-RID0925,superiorfrontal,0.7170288206607266,0.756957659299397,0.4939109794292368
sub-RID0591,superiorfrontal,0.7991582630345461,0.8443241138321074,1.1067719293674083
sub-RID0620,superiorfrontal,0.8623152549742215,0.7944266279728054,0.8002080985558812
sub-RID0904,superiorfrontal,0.9465387733762215,1.0269773742938078,1.413316613068062
sub-RID0665,superiorfrontal,0.8632790503309465,0.8352495317873068,0.8304595309073602
sub-RID0681,superiorfrontal,0.83644471543177,0.7822473701733571,1.0873824341043976
sub-RID0689,superiorfrontal,0.818860951739211,0.7983033716129027,1.0914978710116583
sub-RID0784,superiorfrontal,0.8291991815409022,0.7150220524324318,0.8860028395339455
sub-RID0448,superiorfrontal,0.8298049248903475,0.843432188560107,0.970163187542107
sub-RID0646,superiorfrontal,0.7013537581713694,0.8412457698000286,1.2384422233480419
sub-RID0697,superiorfrontal,0.8047016326038496,0.808200291522291,1.0745893366266173
sub-RID0679,superiorfrontal,0.9068560802858365,0.8479755389610354,1.1856492808042736
sub-RID0673,superiorfrontal,0.8452236388372695,0.7600355550725232,1.0375485100217983
sub-RID0445,superiorfrontal,0.7707232257092821,0.8317701103505156,0.8632728061642562
sub-RID0660,superiorfrontal,0.8936500145639781,0.8961737534509002,1.1494752606796865
sub-RID0587,superiorfrontal,0.8569790278624396,0.799312961063454,0.7939832809309617
sub-RID0652,superiorfrontal,0.8152418027816087,0.9170426107639225,1.2354535458105014
sub-RID0658,superiorfrontal,0.7622467231221581,0.9421895977280257,0.962532694610095
sub-RID0365,superiorfrontal,0.9043268406178288,0.8369654832959267,1.286429771799946
sub-RID0656,superiorfrontal,0.7448128037493653,0.9549064834702918,1.2482942896371918
sub-RID0522,superiorfrontal,0.889540276014313,0.9392036521486606,1.2266279839313978
sub-RID0680,superiorfrontal,0.8123565835901827,0.7331274115325499,1.0824685702241241
sub-RID0619,superiorfrontal,0.8563585351227612,0.7703773931142884,0.9250530936022195
sub-RID0664,superiorfrontal,0.6796017121899296,0.910484420079922,1.0338397000200348
sub-RID0583,superiorfrontal,0.8172940523569224,0.8690897019884153,1.12504166014957
sub-RID0396,superiorfrontal,0.7543097716744182,0.7460382146930937,1.3557759080864562
sub-RID0372,superiorfrontal,0.8222568418168816,0.7464847879681373,1.1597072493060725
sub-RID0693,superiorfrontal,0.7139561554962489,0.7642388604628819,0.9670911739352832
sub-RID0574,superiorfrontal,0.8666775788027462,0.758757959456498,1.1541562648910348
sub-RID0597,superiorfrontal,0.8766872808662803,0.9407208636390253,1.215924888904558
sub-RID0490,superiorfrontal,0.853809834398711,0.9266354210991552,1.2661686844510665
sub-RID0670,superiorfrontal,0.8543358209312816,0.7518028358726084,0.9943908144696058
sub-RID0648,superiorfrontal,0.8338241240307112,0.8055206011738091,1.4135916744082815
sub-RID0663,superiorfrontal,0.7304227143607407,0.7376083312613871,0.95194894044985
sub-RID0455,superiorfrontal,0.9374192215459984,0.8299247499362695,0.8708383925928005
sub-RID0659,superiorparietal,0.8543005872718734,0.9133874423611773,0.8627942061180661
sub-RID0380,superiorparietal,0.8699106487014053,0.860615354563305,1.1136697388242698
sub-RID0420,superiorparietal,0.8443452380150694,0.8662381203253219,1.318711427443142
sub-RID0672,superiorparietal,0.895550157018164,0.8504780654984558,1.375942728217137
sub-RID0791,superiorparietal,0.8419949380790079,0.84395022808435,1.032080478077184
sub-RID0595,superiorparietal,0.7584411593234898,0.8251915280666733,1.0345827817975184
sub-RID0571,superiorparietal,0.8164283261988017,0.9050374813996594,1.2823049166243732
sub-RID0433,superiorparietal,0.9455987656131764,0.8609078559937569,0.7341204860653153
sub-RID0449,superiorparietal,0.953029301180528,0.9841286918052117,1.2254778107785103
sub-RID0592,superiorparietal,0.7827857415323533,0.8487328031037504,0.8738519449460921
sub-RID0576,superiorparietal,0.8424236376281867,0.8898975818987865,1.0247982494175594
sub-RID0675,superiorparietal,0.8200044001129592,0.803986016347807,1.355890806262174
sub-RID0450,superiorparietal,0.9149744244211166,0.927538556404105,1.4036556422615816
sub-RID0512,superiorparietal,0.7434215764190416,1.0216993186169192,0.6725045311081091
sub-RID0415,superiorparietal,0.9171368944189013,0.848697654669781,1.3354467490138706
sub-RID0688,superiorparietal,0.8013247383457892,0.8244251989568128,0.463345433211054
sub-RID0785,superiorparietal,0.9003970896565883,0.8150973648282401,0.7364691019355354
sub-RID0666,superiorparietal,0.8018134641382176,0.7805396833195635,1.0630602452681424
sub-RID0585,superiorparietal,0.8323908148297543,0.8535796287823599,1.0812780487991498
sub-RID0662,superiorparietal,0.9090242116258324,0.7557539235608983,1.1420102291688785
sub-RID0668,superiorparietal,0.9234392495885997,0.8570732231480536,1.1228276562678345
sub-RID0454,superiorparietal,0.8972412707390907,0.8964951510881625,1.0792191760211238
sub-RID0429,superiorparietal,0.8259647864607027,0.740597024168341,0.9407803425202915
sub-RID0383,superiorparietal,0.879194429629988,0.8425019587411913,0.9095370587456468
sub-RID0408,superiorparietal,0.6632236854717073,0.7773230732882926,1.1112902387446693
sub-RID0572,superiorparietal,0.9927075340591603,0.9252364233507954,1.3075123901848695
sub-RID0596,superiorparietal,0.8822270655980098,0.810717290032205,1.069209582531967
sub-RID0578,superiorparietal,0.9934863137952316,0.8367475061418438,1.4461732027603396
sub-RID0798,superiorparietal,0.8504813663152999,0.9713522571088619,1.3715353251132982
sub-RID0671,superiorparietal,0.9307500286264904,0.9195034394906909,2.220932493711593
sub-RID0860,superiorparietal,0.7684066005556971,0.8712007979078018,1.0136463042530555
sub-RID0440,superiorparietal,1.2432183025761105,1.572072219050845,1.3005166850325944
sub-RID0341,superiorparietal,0.765308965562266,1.0243007379194464,1.047934045340491
sub-RID0925,superiorparietal,0.7771984945170828,0.7881965735092272,0.7852260973883392
sub-RID0591,superiorparietal,0.828305783179345,0.9623795708297674,0.9576003449248394
sub-RID0620,superiorparietal,0.8519834235562782,0.8397674123432368,0.6730306716730743
sub-RID0904,superiorparietal,0.8863411353992527,0.9492032877846035,1.369931759471247
sub-RID0665,superiorparietal,0.8982845338010774,0.8468044600648891,0.9639812803000464
sub-RID0681,superiorparietal,0.8127375253122585,0.7504139568916849,1.0914179969782918
sub-RID0689,superiorparietal,0.8171503797115796,0.8689253529689036,1.2370774383243826
sub-RID0784,superiorparietal,0.7891065929226337,0.7231140766109865,0.8894081770178132
sub-RID0448,superiorparietal,0.7952022898268423,0.8424199827211261,0.9050098841855713
sub-RID0646,superiorparietal,0.6729914183254044,0.8279096413120121,1.3641129769371885
sub-RID0697,superiorparietal,0.9285286408738854,0.8318839715309024,1.0810000929068813
sub-RID0679,superiorparietal,0.893131606017202,0.8706677305119117,1.2943988297968243
sub-RID0673,superiorparietal,0.772092684784413,0.74935893507211,0.9991927252181201
sub-RID0445,superiorparietal,0.8167144895873679,0.9153085094859493,1.0282986596384895
sub-RID0660,superiorparietal,0.8863008285663388,0.9728692056623683,1.395324828946242
sub-RID0587,superiorparietal,0.761256302238584,0.7903699410649188,0.625916299590489
sub-RID0652,superiorparietal,0.854036383326564,0.9093783339109447,1.4805856039362735
sub-RID0658,superiorparietal,0.7167986288823508,0.8885278842924591,0.9792305563207646
sub-RID0365,superiorparietal,0.8838575609023108,0.8258270018378543,1.4773310000281938
sub-RID0656,superiorparietal,0.8084066593075772,0.9307309232168363,1.2810491877250794
sub-RID0522,superiorparietal,0.8778151034024028,0.9542469477816264,1.3873307352800384
sub-RID0680,superiorparietal,0.8882140687528504,0.7881958482547985,1.198987684860327
sub-RID0619,superiorparietal,0.8113320616250823,0.8245919257071733,1.125049458807501
sub-RID0664,superiorparietal,0.7033963075477723,0.9465959449555987,1.0988723270330605
sub-RID0583,superiorparietal,0.7332220480868528,0.8150650608017495,0.9862717012798705
sub-RID0396,superiorparietal,0.7680575710747699,0.7011298964229143,0.5407908828390481
sub-RID0372,superiorparietal,0.909664958710618,0.8159011626727928,1.3045245730289607
sub-RID0693,superiorparietal,0.7164987090606268,0.8039937302832624,1.1988594473444236
sub-RID0574,superiorparietal,0.8618975601241674,0.773629312678857,1.115085204262722
sub-RID0597,superiorparietal,0.9459461724469587,0.9233546076771657,1.1665704472214558
sub-RID0490,superiorparietal,0.8359492271903649,0.9527969875507581,1.3964279443243612
sub-RID0670,superiorparietal,0.8927709746637844,0.7495051178500728,1.1147011412443188
sub-RID0648,superiorparietal,0.8891214398288108,0.800591017247994,1.455812054582466
sub-RID0663,superiorparietal,0.8000427235906213,0.8104438605209958,0.996226972567448
sub-RID0455,superiorparietal,0.862170155460379,0.8304339907796694,0.9653011245500387
sub-RID0659,superiortemporal,0.7432954938651878,0.7707192722121139,1.0466031052532598
sub-RID0380,superiortemporal,0.8279535237712309,0.7820014763824671,1.352464882089269
sub-RID0420,superiortemporal,0.732047567933206,0.8011064708221368,1.6191936145259742
sub-RID0672,superiortemporal,0.8263599110437887,0.7657063028594927,1.1634230453304948
sub-RID0791,superiortemporal,0.7461939203197825,0.7361911028531661,1.2114768208859084
sub-RID0595,superiortemporal,0.7290666525563286,0.7870696794664863,1.3607635905848128
sub-RID0571,superiortemporal,0.7250165985478745,0.7907449419343391,1.0948715380657832
sub-RID0433,superiortemporal,0.7448251833692265,0.8145069350048317,1.1720461787115732
sub-RID0449,superiortemporal,0.8927188643682428,0.8656139598378493,1.0956798539928039
sub-RID0592,superiortemporal,0.8016885067787431,0.8495225386153794,1.1208995118034388
sub-RID0576,superiortemporal,0.8120182701568709,0.7743560585557264,1.2280418899311394
sub-RID0675,superiortemporal,0.8430923965533118,0.709471966875728,1.183349049943855
sub-RID0450,superiortemporal,0.8307576100082121,0.7985670663157493,1.2574552185557752
sub-RID0512,superiortemporal,0.7797224344603744,0.9734347422337488,1.0812856809214364
sub-RID0415,superiortemporal,0.864065965464286,0.8580216034179757,1.3654948747657853
sub-RID0688,superiortemporal,0.7790054098563212,0.7799684984471802,1.4606389243761757
sub-RID0785,superiortemporal,0.7817101952481877,0.7920946819361128,1.339937108779889
sub-RID0666,superiortemporal,0.791448692077308,0.7557702849611905,1.3810001970553647
sub-RID0585,superiortemporal,0.7612594068515321,0.7621365939795959,1.3380868627629028
sub-RID0662,superiortemporal,0.8012489054344507,0.8101527537078697,1.1490200294534691
sub-RID0668,superiortemporal,0.8792739627046706,0.7557145262574955,1.1714771439182101
sub-RID0454,superiortemporal,0.899378507525271,0.8787969126470238,1.5109413660334114
sub-RID0429,superiortemporal,0.8325984821545415,0.7119308324003323,1.4751651222727438
sub-RID0383,superiortemporal,0.8542854853765849,0.751910787581819,1.2772036384618757
sub-RID0408,superiortemporal,0.7001849530486409,0.7392348815286685,1.192462002225351
sub-RID0572,superiortemporal,0.8276566749999584,0.828289361765857,1.1536588560438983
sub-RID0596,superiortemporal,0.7770953208596327,0.7416835353632868,1.2454072056326067
sub-RID0578,superiortemporal,0.8332290589751002,0.789379495591217,1.334571501014101
sub-RID0798,superiortemporal,0.7351570339246449,0.8164613159709528,1.441373456406165
sub-RID0671,superiortemporal,0.8406555755187702,0.7591888445818455,1.0348163631989955
sub-RID0860,superiortemporal,0.7441237842303497,0.7765027969328451,1.2213348748591832
sub-RID0440,superiortemporal,0.845991182234064,0.954895475567109,0.868593478751358
sub-RID0341,superiortemporal,0.699767081425141,0.8916685304170404,1.0863101159152657
sub-RID0925,superiortemporal,0.7580769226056818,0.8023778305901406,0.8678916429971332
sub-RID0591,superiortemporal,0.7742630824903605,0.8511517604020334,1.424823260536478
sub-RID0620,superiortemporal,0.7766720521320924,0.8467753882415016,1.8887859862997183
sub-RID0904,superiortemporal,0.8498285291824197,0.8547092883760898,1.3096843531406128
sub-RID0665,superiortemporal,0.7697866278449484,0.8693468453862934,1.0333108806338247
sub-RID0681,superiortemporal,0.7636814495998232,0.7692546572380464,1.2191916677990555
sub-RID0689,superiortemporal,0.7925904439765823,0.7868809755665724,1.1865904093999815
sub-RID0784,superiortemporal,0.8190619291657233,0.7070420177522079,0.8808716656343044
sub-RID0448,superiortemporal,0.7693862196537987,0.8044777258007859,1.2210084030420505
sub-RID0646,superiortemporal,0.786701761957917,0.8042140890681443,1.4685316173530982
sub-RID0697,superiortemporal,0.7992003465740253,0.7651756706857425,0.9514885871175897
sub-RID0679,superiortemporal,0.7708582364655074,0.8148727689692413,1.2947931413685934
sub-RID0673,superiortemporal,0.8091090426543085,0.7487300177169581,1.3518413365927415
sub-RID0445,superiortemporal,0.7360124382743053,0.8600494602954811,1.2316469178346245
sub-RID0660,superiortemporal,0.8196267405303516,0.7964354679972998,1.0226147533175007
sub-RID0587,superiortemporal,0.7490359728302614,0.7981411613432206,1.2064939466428253
sub-RID0652,superiortemporal,0.8115604697482239,0.8703903026251051,1.539020890969339
sub-RID0658,superiortemporal,0.6910789873672496,0.8499017969266107,1.1629367737000023
sub-RID0365,superiortemporal,0.727942549591906,0.7937238521050337,1.4146386698483107
sub-RID0656,superiortemporal,0.7346421724017437,0.9016228965676302,1.7597271663875362
sub-RID0522,superiortemporal,0.8355406981201668,0.9017084900634609,1.524710829181996
sub-RID0680,superiortemporal,0.8613913005833553,0.8138029678751697,1.3131444050894723
sub-RID0619,superiortemporal,0.7320844950445107,0.7139158709082043,0.9155690247583497
sub-RID0664,superiortemporal,0.678534215552133,0.7914183165791856,1.3233494237910233
sub-RID0583,superiortemporal,0.7978701351475855,0.9041822819218728,1.8297254230322002
sub-RID0396,superiortemporal,0.7594249178553709,0.729633809652248,1.9113539513218987
sub-RID0372,superiortemporal,0.7106106291975957,0.7402972839230559,1.1245345674701306
sub-RID0693,superiortemporal,0.6799616402927183,0.7834355113611463,1.1975488537684251
sub-RID0574,superiortemporal,0.7746638672088724,0.7738774562497264,1.6340810130816914
sub-RID0597,superiortemporal,0.7616535775606421,0.8264540447009038,1.1618187786431164
sub-RID0490,superiortemporal,0.7246489281961754,0.872117616639719,1.8242691141425946
sub-RID0670,superiortemporal,0.8339598317137339,0.7336176310017475,1.3630239828726838
sub-RID0648,superiortemporal,0.8070916644259186,0.8128479217197527,2.050494016987495
sub-RID0663,superiortemporal,0.7613283144788893,0.7445598240190822,1.0193539337661577
sub-RID0455,superiortemporal,0.8131984106245822,0.7531955958056895,1.2097476008365309
sub-RID0659,supramarginal,0.8418449242336389,0.8589965918474488,1.0113730583866456
sub-RID0380,supramarginal,0.8693687492570004,0.8632110493320391,1.1797840484861313
sub-RID0420,supramarginal,0.8016826024875309,0.8869638583556082,1.490521157301134
sub-RID0672,supramarginal,0.9188013188695037,0.8724404440883703,1.2923187541286758
sub-RID0791,supramarginal,0.8744425982620769,0.8545846283663743,1.2767918688826254
sub-RID0595,supramarginal,0.797056746684401,0.9084355198776456,1.330942825761676
sub-RID0571,supramarginal,0.7990444466734078,0.9040066723283634,1.3354764206722105
sub-RID0433,supramarginal,0.8168119405423045,0.8048168112813212,1.1098924911698023
sub-RID0449,supramarginal,0.9236356058222956,0.9821860626112882,1.1924720102615525
sub-RID0592,supramarginal,0.8535406985050025,0.9240815838379676,1.1146060027334046
sub-RID0576,supramarginal,0.862100536031936,0.8979598104959765,1.311038058052724
sub-RID0675,supramarginal,0.8833838180286185,0.7322940844772972,1.534374816735752
sub-RID0450,supramarginal,0.9469989240527976,0.9592951127020138,1.4263229187073
sub-RID0512,supramarginal,0.7594282012857548,1.1270812295689803,1.1996691852255605
sub-RID0415,supramarginal,0.9375860551251971,0.9398341720776962,1.5817805222685835
sub-RID0688,supramarginal,0.899344546709179,0.8797399776092533,1.1493082769899605
sub-RID0785,supramarginal,0.9330435701402243,0.8980156168843826,1.3915724923307315
sub-RID0666,supramarginal,0.8130592743656648,0.774740413174123,1.237533838048071
sub-RID0585,supramarginal,0.8606034375202359,0.8575339269373693,1.326333854287376
sub-RID0662,supramarginal,0.9385011491523676,0.8741166962972899,1.2153406634775903
sub-RID0668,supramarginal,0.9266495111104728,0.8520275365363525,1.3410117306656697
sub-RID0454,supramarginal,0.9522460053881502,0.9735904724985441,1.218100232131002
sub-RID0429,supramarginal,0.85946314143315,0.7301472460694239,1.5219968483650554
sub-RID0383,supramarginal,0.9483895520338462,0.9371720851323515,1.313693080479703
sub-RID0408,supramarginal,0.7699615861439312,0.8239666329138217,1.2889329138790273
sub-RID0572,supramarginal,1.0059388510962053,0.9848212040304714,1.3896388666207389
sub-RID0596,supramarginal,0.8788231077061391,0.8010183117798927,1.348421549408598
sub-RID0578,supramarginal,1.0054618907754622,0.8663094835307513,1.4952018885474005
sub-RID0798,supramarginal,0.8786577296883655,0.9657149325428035,1.459910888805917
sub-RID0671,supramarginal,1.0186581109335475,0.909693255110574,1.360532858094996
sub-RID0860,supramarginal,0.8101028384549577,0.8442377466607138,1.2626307251661546
sub-RID0440,supramarginal,1.247034544641842,1.556190141921424,1.2764895110670234
sub-RID0341,supramarginal,0.7291329928629897,0.9754316820905481,1.0408495253640921
sub-RID0925,supramarginal,0.7063910787327087,0.9619327974964622,0.8005370775295386
sub-RID0591,supramarginal,0.8479455697100895,0.9318974277790099,1.0739284455444253
sub-RID0620,supramarginal,0.8859286971972753,0.9231746604136456,1.2661728056402084
sub-RID0904,supramarginal,0.9880907821724942,1.0397877338052983,1.3909146224030613
sub-RID0665,supramarginal,0.8556133245648898,0.9084861033531741,1.0844673564575353
sub-RID0681,supramarginal,0.8577695553590504,0.8420484561269217,1.374349967765703
sub-RID0689,supramarginal,0.8784468607391874,0.9108541379226589,1.340906848100801
sub-RID0784,supramarginal,0.8699716670806963,0.7775968776153148,1.1163765238867938
sub-RID0448,supramarginal,0.8254862419485404,0.8121423521619116,1.174604575164281
sub-RID0646,supramarginal,0.7663092246440166,0.886255415002104,1.7673117127203792
sub-RID0697,supramarginal,0.8932242671696179,0.8146977369624412,1.1053898277163732
sub-RID0679,supramarginal,0.9156552711933952,0.925046625124164,1.3783524416264152
sub-RID0673,supramarginal,0.8525237485473418,0.7889258696143939,1.2242919438586959
sub-RID0445,supramarginal,0.8018494476053775,0.9174923334702009,1.2808598438352103
sub-RID0660,supramarginal,0.8954866549165703,0.9386439399548908,1.4140766911399147
sub-RID0587,supramarginal,0.8153252004423662,0.8376267551394254,1.1953465184116818
sub-RID0652,supramarginal,0.8951127282933227,0.9327411991923609,1.478148637473197
sub-RID0658,supramarginal,0.7416194385355124,0.8857236885624189,0.9990346976472017
sub-RID0365,supramarginal,0.8745846678400904,0.8676745360068073,1.5845372914723346
sub-RID0656,supramarginal,0.8337079358017765,0.9357970939227113,1.474818252152299
sub-RID0522,supramarginal,0.9131142845983374,0.9612717158675738,1.4873454507105126
sub-RID0680,supramarginal,0.9377855697552929,0.844522952407207,1.4952930820692174
sub-RID0619,supramarginal,0.8371099672119695,0.8099340635823425,1.2546852052208433
sub-RID0664,supramarginal,0.6960620711052884,0.9126149957408888,1.3638278220779527
sub-RID0583,supramarginal,0.8450671824237342,0.9500997226008454,1.603335932039673
sub-RID0396,supramarginal,0.8022542410244755,0.6920920010402997,1.286422849148788
sub-RID0372,supramarginal,0.8482780883462971,0.8430574009710142,1.3165840192747758
sub-RID0693,supramarginal,0.7511943077672727,0.901702152122382,1.310434549707343
sub-RID0574,supramarginal,0.8854611566347365,0.8437674203212979,1.5882874445823016
sub-RID0597,supramarginal,0.9321128991196327,0.942753739690223,1.3713620298844034
sub-RID0490,supramarginal,0.8858235582264946,0.9862973309673013,1.5722690216517181
sub-RID0670,supramarginal,0.9042266195207096,0.8172485770054553,1.312045831594063
sub-RID0648,supramarginal,0.9308750922054406,0.8939990275010571,1.8155369627542803
sub-RID0663,supramarginal,0.834066540221921,0.8631356658005817,1.2534398794162005
sub-RID0455,supramarginal,0.9511607883712497,0.8375321108206334,1.1485089584315187
sub-RID0659,transversetemporal,1.024764294121799,1.0590815764155026,1.5079917684750803
sub-RID0380,transversetemporal,1.2288472529196093,1.1064500993431179,1.4613192608555672
sub-RID0420,transversetemporal,1.080835594406799,1.143689077021027,1.7417200557702754
sub-RID0672,transversetemporal,1.2091411901775129,1.068843548659272,1.2871754576390224
sub-RID0791,transversetemporal,1.0937121071183773,1.1509382231306873,1.4869390193095104
sub-RID0595,transversetemporal,1.1459017108675182,1.1928586119594673,1.5175602558512937
sub-RID0571,transversetemporal,1.0886542541160462,1.1376810121247725,1.2181724773102756
sub-RID0433,transversetemporal,0.8673949350367224,1.1152979311926272,1.360479987114405
sub-RID0449,transversetemporal,1.1983949634895852,1.2372742286854328,1.2187131945746918
sub-RID0592,transversetemporal,1.1773024339067852,1.2429435278980563,1.386186938009638
sub-RID0576,transversetemporal,1.0864769015743851,1.0626101510722183,1.420033746631327
sub-RID0675,transversetemporal,1.226022240610396,0.8719279345375087,1.3372710379218138
sub-RID0450,transversetemporal,1.0637922743373547,1.1599384088750218,1.2367455992890097
sub-RID0512,transversetemporal,0.9928114638999936,1.2353791838154566,1.172176608187012
sub-RID0415,transversetemporal,1.250856613478853,1.2294519555202756,1.648124329362744
sub-RID0688,transversetemporal,1.2278959114218995,1.1161792946804254,1.2941582349676
sub-RID0785,transversetemporal,1.156474634995325,1.1330033396148664,1.7630301320273478
sub-RID0666,transversetemporal,1.1263866110652607,1.062664959334035,1.3406912386152505
sub-RID0585,transversetemporal,1.0512032486702028,1.1001480848188268,1.6299686979985712
sub-RID0662,transversetemporal,1.1350733062910598,1.1103600366318758,1.300375073658519
sub-RID0668,transversetemporal,1.0743987451076438,1.1036761855031414,1.4051859134169191
sub-RID0454,transversetemporal,1.1074485839827841,1.189034130697647,1.3991503764953672
sub-RID0429,transversetemporal,1.118273548636951,1.0404373536124758,1.804753999157145
sub-RID0383,transversetemporal,1.1640866080340282,1.174317701032641,1.5970484184993032
sub-RID0408,transversetemporal,1.003137786258447,1.0210653122375262,1.4912067949421872
sub-RID0572,transversetemporal,1.2996570752753747,1.263170728797945,1.3552162484856607
sub-RID0596,transversetemporal,1.100669257447499,1.062417499239562,1.4558212301241182
sub-RID0578,transversetemporal,1.1146303878229145,1.1651581172849599,1.4932486128074423
sub-RID0798,transversetemporal,1.1117517327862305,1.1325224576357613,1.569118029496073
sub-RID0671,transversetemporal,1.2929745478127699,1.1028470681725744,1.1053845851469295
sub-RID0860,transversetemporal,1.1263141813251472,1.140611173665619,1.6491716805980705
sub-RID0440,transversetemporal,1.0204705963501843,1.2761657836661875,1.2341258158707742
sub-RID0341,transversetemporal,1.006360367213848,1.2473479810713655,1.316464049405894
sub-RID0925,transversetemporal,1.0550017691696794,1.1153607718135048,0.995828544701365
sub-RID0591,transversetemporal,1.148857492004286,1.229078444495508,1.4010112209762084
sub-RID0620,transversetemporal,1.0821172664375243,1.2508853216436069,2.12679210929522
sub-RID0904,transversetemporal,1.1594049350948774,1.1783364566339616,1.701147357335121
sub-RID0665,transversetemporal,1.2011801049434019,1.2181826103132773,1.159713707271466
sub-RID0681,transversetemporal,1.0881327345035168,1.0751642665695145,1.4669906413666556
sub-RID0689,transversetemporal,1.198750137532092,1.157382397710767,1.4731882912629886
sub-RID0784,transversetemporal,1.1419460467090357,0.9763084521229861,0.8707179943801721
sub-RID0448,transversetemporal,1.165197318409208,1.201094808318224,1.3428171336339925
sub-RID0646,transversetemporal,1.1854360874349024,1.1525493490379422,1.7211215316775959
sub-RID0697,transversetemporal,1.1846858678841223,1.1279166785456303,1.1466468682922382
sub-RID0679,transversetemporal,1.1246721220612907,1.135114974070683,1.5215657305952417
sub-RID0673,transversetemporal,1.1299611495026627,1.1236120375873928,1.436441191000189
sub-RID0445,transversetemporal,1.0216321509204662,1.1579900325646877,1.2854240094759886
sub-RID0660,transversetemporal,1.0714709217882121,1.0377676317994111,1.2393119563618997
sub-RID0587,transversetemporal,1.077803819634551,1.0961758048652763,1.5702948187436794
sub-RID0652,transversetemporal,1.1760010782265473,1.2903225826259939,1.670712470212443
sub-RID0658,transversetemporal,0.8966945457731357,1.1576544225001453,1.2245284125762754
sub-RID0365,transversetemporal,1.055172746382723,1.1528245981207281,1.7909467479747097
sub-RID0656,transversetemporal,1.0051761476686025,1.2955957450025584,2.130866119706806
sub-RID0522,transversetemporal,1.1491509287373314,1.260332991980906,1.4632134610788645
sub-RID0680,transversetemporal,1.3272510493346223,1.109108068527686,1.6873997455976304
sub-RID0619,transversetemporal,1.138968360602101,1.0711852603975556,1.0698690595461176
sub-RID0664,transversetemporal,1.019884306066985,1.152732857178396,1.4886551988026062
sub-RID0583,transversetemporal,1.0285131639687783,1.26798322820197,1.486095780423371
sub-RID0396,transversetemporal,1.149977364470052,1.0511111846752759,1.691099761447343
sub-RID0372,transversetemporal,1.119383515156932,1.1515212273512268,1.4196016261485316
sub-RID0693,transversetemporal,0.9275732067970924,1.1707122898980498,1.6103247662199136
sub-RID0574,transversetemporal,1.1989830843066134,1.1329415617830068,1.829363821104341
sub-RID0597,transversetemporal,1.2421663584819895,1.1404695898451263,1.4552425185813707
sub-RID0490,transversetemporal,1.0884775905603805,1.1663707231954912,1.8763449767313758
sub-RID0670,transversetemporal,1.2350386054161322,1.0869286758289989,1.6068063678742655
sub-RID0648,transversetemporal,1.1742918941520795,1.1436221218446418,2.033608008378499
sub-RID0663,transversetemporal,1.0469852469476764,1.0879397121376884,1.3853395799228265
sub-RID0455,transversetemporal,1.1574876838211015,1.113146578899876,1.1937382752514443
