Subject,Region,PET SUVR Original,PET SUVR FlowGAN,ASL rCBF
sub-MCI1002,Amygdala,0.7542533606306859,0.7930514436912905,1.1108204075866428
sub-MCI2016,Amygdala,0.6104571291223504,0.6441676426915705,0.5632868060606406
sub-MCI0268,Amygdala,0.7379273419957856,0.7156687467118236,0.9923822258593848
sub-MCI0286,Amygdala,0.5577641716850074,0.7033163797110812,0.6207631080955682
sub-MCI0137,Amygdala,0.754045885334711,0.6581659079244425,0.8521635848578643
sub-MCI0196,Amygdala,0.7019497488320354,0.7052764289530179,0.7759991850460117
sub-MCI0178,Amygdala,0.7156169967384128,0.6821713956059382,0.9231038025296664
sub-MCI0295,Amygdala,0.6024216838255064,0.6690255212679534,0.6982344664855431
sub-MCI2005,Amygdala,0.689049555681678,0.6769864486317926,0.8397402390520279
sub-MCI0271,Amygdala,0.601651731211757,0.6638262645690817,0.851674627514053
sub-MCI0292,Amygdala,0.7486682305638177,0.6744080051234472,0.7911925066061941
sub-MCI2002,Amygdala,0.6429890466697816,0.7160398519421124,0.9164156150140744
sub-MCI2008,Amygdala,0.6514288278388325,0.6739014336878751,0.6883541848588192
sub-MCI0298,Amygdala,0.6431460072414862,0.6810823333860062,-0.06781889040841865
sub-MCI0191,Amygdala,0.7314060592662521,0.7927297839393979,0.7653923561115963
sub-MCI0265,Amygdala,0.6881753311272018,0.6644514478190788,0.711980615970238
sub-MCI2011,Amygdala,0.6673701201883632,0.7040884627008591,0.7540131301283782
sub-MCI0281,Amygdala,0.7967711334138428,0.7408350368175579,0.9343086910500322
sub-MCI0182,Amygdala,0.6871558224307383,0.7317598152231443,1.5930426812862895
sub-MCI0111,Amygdala,0.7038646243364205,0.7835240737089467,0.7534609271627309
sub-MCI1001,Amygdala,0.819409727238783,0.7032276464322831,0.5794219426420933
sub-MCI0285,Amygdala,0.6899811321941127,0.6328953855102587,0.8217164971034095
sub-MCI2015,Amygdala,0.6447483827441903,0.7005492871149864,0.7433227599297192
sub-MCI0115,Amygdala,0.7513113105471093,0.7163747683831878,0.7737480264164631
sub-MCI0272,Amygdala,0.6703785937686959,0.7790400344693718,1.3864756400038787
sub-MCI2006,Amygdala,0.6378065358912403,0.7098568716415773,
sub-MCI0296,Amygdala,0.7579501362650685,0.7099792514803118,0.6812067666915934
sub-MCI0278,Amygdala,0.7054406235651012,0.6198532576412414,0.6102366099813133
sub-MCI0195,Amygdala,0.665664419423351,0.7604335063541349,0.9850574591744575
sub-MCI0106,Amygdala,0.7507084454704139,0.7977553927671496,1.3395566285215543
sub-MCI0192,Amygdala,0.7136874347528407,0.6861727788726072,0.8429767363147693
sub-MCI0198,Amygdala,0.7228198725773931,0.7221465866053008,
sub-MCI0275,Amygdala,0.7409626069578782,0.6911637941347464,0.6848080039282788
sub-MCI2001,Amygdala,0.543833207679088,0.6554090682895779,0.14935150467242336
sub-MCI0165,Amygdala,0.736573975712832,0.742778987637752,0.9907264935140673
sub-MCI0181,Amygdala,0.6478015663098707,0.7964288262750977,0.9576414358673789
sub-MCI0282,Amygdala,0.7404850430204228,0.7197837536556293,0.7773010428282512
sub-MCI2012,Amygdala,0.7391700636667883,0.6782185523739523,0.7174109073630132
sub-MCI2018,Amygdala,0.6843514195564374,0.7361779735806044,0.804478391559882
sub-MCI0288,Amygdala,0.6815476313519402,0.670788948676654,0.4582253227177427
sub-MCI0280,Amygdala,0.6428499542933591,0.6454420797907592,1.2322307340556924
sub-MCI0264,Amygdala,0.7077285119624708,0.6488211940844612,0.6382348840332905
sub-MCI0183,Amygdala,0.6879402206954274,0.7715959250206378,0.9310511204540388
sub-MCI1004,Amygdala,0.7029580880302627,0.6814705051554124,0.5796641862417433
sub-MCI0277,Amygdala,0.6299440083743307,0.6792438265204447,0.7180535941819794
sub-MCI0299,Amygdala,0.7630467565536376,0.7150170990933147,0.8127147832643135
sub-MCI2009,Amygdala,0.5780481442882734,0.5770736579067306,0.3882484590594835
sub-MCI2003,Amygdala,0.675383606530566,0.817142892059016,1.0393415594904614
sub-MCI0293,Amygdala,0.6948729576026216,0.7682696563237177,1.1661736813554258
sub-MCI0190,Amygdala,0.6888104892674782,0.7077313840205208,0.9391352555827547
sub-MCI0141,Amygdala,0.7195315396146214,0.7092177838700086,0.7753023262198703
sub-MCI0197,Amygdala,0.702671979696,0.6899597488438385,1.0949929844454855
sub-MCI0179,Amygdala,0.652560837694245,0.7763892411951666,0.9630306768888519
sub-MCI0173,Amygdala,0.6991207677713882,0.7322117248660224,0.8312586531706353
sub-MCI0270,Amygdala,0.7325705842999581,0.7242976088413802,0.9130289112181409
sub-MCI2004,Amygdala,0.5768293011724651,0.71300900657571,1.3181020644413046
sub-MCI0294,Amygdala,0.7306502336224682,0.6479734309567937,0.7771674469585301
sub-MCI1003,Amygdala,0.7090789187849506,0.7010085680133498,0.8065904138459861
sub-MCI0184,Amygdala,0.7114616856220999,0.7409621585789357,0.9824429819427827
sub-MCI0269,Amygdala,0.7143571142934758,0.7108668287758305,0.570302680996096
sub-MCI0287,Amygdala,0.6886983001708225,0.6285860209056515,-3.4017879264938347
sub-MCI2017,Amygdala,0.7536640250919443,0.7227872108830471,1.0127880908560285
sub-MCI0263,Amygdala,0.7746478070854244,0.6518427300537931,0.7767765499155164
sub-MCI0113,Amygdala,0.6251832754229805,0.7070971693754107,0.694222030488708
sub-MCI0289,Amygdala,0.6229611688456664,0.6737808572851802,0.8874142764203279
sub-MCI0267,Amygdala,0.7331771443032884,0.7888796934406457,0.8668385734304473
sub-MCI2013,Amygdala,0.6516302102512765,0.7075965852012538,0.7830409823994554
sub-MCI0283,Amygdala,0.7461374296442234,0.692281678199496,0.7945860704573976
sub-MCI0199,Amygdala,0.7050589971322772,0.6886357542107542,1.0545352938393138
sub-MCI0290,Amygdala,0.7065378739172852,0.7099510153274753,0.7668795576965644
sub-MCI2000,Amygdala,0.7563167416376323,0.7340809437489444,0.9001206116053235
sub-MCI0274,Amygdala,0.6015053201282922,0.7582840644047634,0.9690722175479752
sub-MCI0132,Amygdala,0.7233821781429627,0.7190104350173858,1.0003954895269074
sub-MCI0236,Amygdala,0.6107078644088395,0.6692940233308101,0.633176210842125
sub-MCI0297,Amygdala,0.6904957839180937,0.7016096250324946,0.6549597652092587
sub-MCI0279,Amygdala,0.6466213820653522,0.726771958996252,0.292158581627025
sub-MCI2007,Amygdala,0.6936929908093262,0.8738148661252046,21.888055728620557
sub-MCI0273,Amygdala,0.6479092252721657,0.7175424895282438,0.8932047180980678
sub-MCI0107,Amygdala,0.7637368138717607,0.6673425046546658,0.6195812166744875
sub-MCI0170,Amygdala,0.590142252619714,0.7527086839129762,0.8319064730030324
sub-MCI0194,Amygdala,0.6600767304216287,0.6981973898884455,0.5597293519620257
sub-MCI1000,Amygdala,0.7147055732069916,0.7070876613657767,0.911033896301622
sub-MCI2014,Amygdala,0.6967475486934382,0.7142701763606735,0.417799701160483
sub-MCI0284,Amygdala,0.7032928281753779,0.7206373525924019,
sub-MCI0169,Amygdala,0.7680059851018245,0.7369116734486405,1.0276819646008903
sub-MCI1002,Caudate,0.8541800433827179,0.8101352950518772,1.0339972258342383
sub-MCI2016,Caudate,0.6323295000546975,0.6676002710055912,0.7331990900451334
sub-MCI0268,Caudate,0.7407111909989171,0.7528308296499763,0.7457275980940377
sub-MCI0286,Caudate,0.6796549812034871,0.7434022663216066,0.6926027427016839
sub-MCI0137,Caudate,0.8542129106468945,0.7011536409856184,0.7985910580404091
sub-MCI0196,Caudate,0.6604267586497535,0.738468983165813,0.6823117919969167
sub-MCI0178,Caudate,0.7249332942034192,0.6896428133326431,0.8315670155617969
sub-MCI0295,Caudate,0.7034889002123533,0.7082763397376496,0.7557557044421974
sub-MCI2005,Caudate,0.6779676145338974,0.6993558739390021,0.5827129864133153
sub-MCI0271,Caudate,0.668755036590166,0.6283910851029029,0.7313971290538659
sub-MCI0292,Caudate,0.7897278126283116,0.6873423377427103,0.7051263375611276
sub-MCI2002,Caudate,0.7350571099850853,0.8467890675901093,0.2447392943559969
sub-MCI2008,Caudate,0.7418369938896116,0.7210674696371504,0.7563047077771238
sub-MCI0298,Caudate,0.6934616487451577,0.7475937471179379,1.0182046414239512
sub-MCI0191,Caudate,0.7518697578913451,0.7608772046513814,0.9585679568627834
sub-MCI0265,Caudate,0.7018897526641029,0.6651759893452223,0.48641788734930663
sub-MCI2011,Caudate,0.6632564854042557,0.7340769189698905,0.6723735403412839
sub-MCI0281,Caudate,0.7900944263242309,0.665643171297054,1.1226885844592058
sub-MCI0182,Caudate,0.6865923131981847,0.7089957589614966,-0.30886932314413573
sub-MCI0111,Caudate,0.6702147112439983,0.7754930430658536,0.6975101270626197
sub-MCI1001,Caudate,0.811616968096345,0.7925671341935968,0.7997026543194932
sub-MCI0285,Caudate,0.6822062100048816,0.7572306197524324,0.4026912439021218
sub-MCI2015,Caudate,0.70223911580689,0.7758735569292512,0.7325536193962613
sub-MCI0115,Caudate,0.7537223765534995,0.7306751539439782,0.8215576719640555
sub-MCI0272,Caudate,0.7302995913111623,0.7785706006396341,1.5204525023738782
sub-MCI2006,Caudate,0.7103939929048092,0.862164696148161,
sub-MCI0296,Caudate,0.778751190778561,0.7685187955561552,0.4956080808009945
sub-MCI0278,Caudate,0.7822975610871165,0.6650571527980034,0.7086921719442179
sub-MCI0195,Caudate,0.6843276378660537,0.7653450600274289,0.8279722724030347
sub-MCI0106,Caudate,0.7826437363387203,0.7808644667035314,0.5297781571864624
sub-MCI0192,Caudate,0.6649859905163255,0.6573774127303571,0.8249545091146769
sub-MCI0198,Caudate,0.7602926029826036,0.7799206127321024,
sub-MCI0275,Caudate,0.8126904180730739,0.7083753505173559,0.8103726838240438
sub-MCI2001,Caudate,0.6727428292085458,0.6886334117998649,0.3776757762330392
sub-MCI0165,Caudate,0.7305235133471708,0.6865461599209548,0.7543472200855772
sub-MCI0181,Caudate,0.6485527033870306,0.6444125898779606,0.6390574289199382
sub-MCI0282,Caudate,0.8016591451620217,0.6925109478048646,0.9196124146363476
sub-MCI2012,Caudate,0.7712103947283054,0.7066851242943134,0.12158515959319183
sub-MCI2018,Caudate,0.7028064831123968,0.8415417625044298,0.9036600899923471
sub-MCI0288,Caudate,0.7441239103022295,0.700942736582879,0.4410823811948017
sub-MCI0280,Caudate,0.7028602022873054,0.7086775637586266,0.3612715304335816
sub-MCI0264,Caudate,0.7404069485041338,0.6836025179314302,0.6667343823593761
sub-MCI0183,Caudate,0.7236958759267579,0.744862494590838,0.670478888974539
sub-MCI1004,Caudate,0.7807634855067849,0.7748583034985638,0.784594577295689
sub-MCI0277,Caudate,0.7056081919964963,0.708526172465453,0.6165331480086959
sub-MCI0299,Caudate,0.7501912170838239,0.7072029658363996,0.45600367605041003
sub-MCI2009,Caudate,0.6711107136385379,0.7846451886714192,0.6416153034918797
sub-MCI2003,Caudate,0.6500066245529817,0.6816871328761593,0.7915192348000297
sub-MCI0293,Caudate,0.6244241685357272,0.8209119742977415,0.7941357695099568
sub-MCI0190,Caudate,0.7915036520491149,0.68899747636757,0.8664134507765356
sub-MCI0141,Caudate,0.804341107430255,0.7319832721105526,0.7640142622844305
sub-MCI0197,Caudate,0.6933777234554129,0.7000454703711111,0.8821133192700658
sub-MCI0179,Caudate,0.6325034052641483,0.7320649972287298,0.7991317545528301
sub-MCI0173,Caudate,0.7222284275432032,0.6738419617776705,0.7895399017748371
sub-MCI0270,Caudate,0.7706483941522816,0.7186025262959221,0.6446840245454895
sub-MCI2004,Caudate,0.587429065329484,0.7667833597649549,-0.06844833741234485
sub-MCI0294,Caudate,0.726748663995426,0.682525357347875,0.6513201105212588
sub-MCI1003,Caudate,0.6913301516326381,0.7661569978657593,0.7747708568650731
sub-MCI0184,Caudate,0.7515030436289056,0.8081918088942165,0.5695274384133757
sub-MCI0269,Caudate,0.8144535550040142,0.7966075490361646,1.3955328160718459
sub-MCI0287,Caudate,0.7830585799616944,0.767074773332738,-3.9901985974673218
sub-MCI2017,Caudate,0.7928342724017908,0.7295385477178445,0.7342452170077584
sub-MCI0263,Caudate,0.859692255570873,0.7115391905906338,0.792931357682159
sub-MCI0113,Caudate,0.6973591484581667,0.772113711483251,0.9976404077960437
sub-MCI0289,Caudate,0.6837174499223323,0.717559923427559,0.6495426153028003
sub-MCI0267,Caudate,0.770117437965951,0.7275910128002938,0.3848604246370287
sub-MCI2013,Caudate,0.7293448764272947,0.7232960720447148,0.7525611126982369
sub-MCI0283,Caudate,0.7763744187426884,0.8159823232001184,0.18326524233092978
sub-MCI0199,Caudate,0.753770763345288,0.7104177428865882,0.6766060423644139
sub-MCI0290,Caudate,0.7104866386939102,0.7527338399584343,0.8014498289597215
sub-MCI2000,Caudate,0.6738556600619535,0.7383904510567088,0.8356104512551431
sub-MCI0274,Caudate,0.7474690714899189,0.7689598407467599,0.7478228184337944
sub-MCI0132,Caudate,0.7057757953199771,0.7266280966503625,0.5128469988302704
sub-MCI0236,Caudate,0.6981522003913605,0.8082511668358291,0.8664869883320329
sub-MCI0297,Caudate,0.7455165934500557,0.7421706077794938,0.667005078429947
sub-MCI0279,Caudate,0.732479742377073,0.7278449026009056,0.7335495552552991
sub-MCI2007,Caudate,0.6948284442111025,0.8126750956973948,0.04311614279822758
sub-MCI0273,Caudate,0.6782749718662759,0.7159967187439187,0.6304398031636396
sub-MCI0107,Caudate,0.8001232927482597,0.720665867133423,0.8159641879011936
sub-MCI0170,Caudate,0.663459131223868,0.7069820925504027,1.0178876332154987
sub-MCI0194,Caudate,0.647351568219527,0.7326091410854049,0.5902730022202173
sub-MCI1000,Caudate,0.670359255749964,0.682132244506859,1.0611908680012798
sub-MCI2014,Caudate,0.7661469945872056,0.769552729902945,0.9306589383763257
sub-MCI0284,Caudate,0.6945954371771642,0.7410953440864414,
sub-MCI0169,Caudate,0.8029674134058674,0.7483745052460249,0.6718383123724093
sub-MCI1002,Hippocampus,0.7828323744951357,0.8312761772286285,1.062402511711119
sub-MCI2016,Hippocampus,0.6136505588424017,0.6552213214785589,1.1112699630134322
sub-MCI0268,Hippocampus,0.746523463177274,0.7826677344120498,1.0413638404244112
sub-MCI0286,Hippocampus,0.6034579378963966,0.7544553507923916,0.7856652148940645
sub-MCI0137,Hippocampus,0.7683309425398147,0.7406376516704737,1.0429700115154712
sub-MCI0196,Hippocampus,0.7615695889685735,0.7706257711511866,1.007152529910751
sub-MCI0178,Hippocampus,0.7507443433749417,0.7441329944155722,1.0910903362476667
sub-MCI0295,Hippocampus,0.5991123654214887,0.7315307225415036,0.8544963278336988
sub-MCI2005,Hippocampus,0.6610437572609326,0.7184745483272179,0.9466059469234305
sub-MCI0271,Hippocampus,0.6479855176003689,0.7125160426251707,1.1021487453473995
sub-MCI0292,Hippocampus,0.8141132722922195,0.7161296915078135,0.7932900954446499
sub-MCI2002,Hippocampus,0.65782304050848,0.753028396893857,1.0347448303449127
sub-MCI2008,Hippocampus,0.6243336325152302,0.7425408510117625,0.936496257672681
sub-MCI0298,Hippocampus,0.629287317282446,0.7724880022274696,1.1759842061478918
sub-MCI0191,Hippocampus,0.8398391657354066,0.8287630134193941,0.7976083079740016
sub-MCI0265,Hippocampus,0.6790490087272562,0.743781163425824,1.0497967431196324
sub-MCI2011,Hippocampus,0.6423433819040822,0.7622576206471783,0.7135289971797237
sub-MCI0281,Hippocampus,0.7660562168082732,0.7338538740167764,1.0470815358637158
sub-MCI0182,Hippocampus,0.6851810338806233,0.787046565319101,1.4734888120823093
sub-MCI0111,Hippocampus,0.7571170042028925,0.8199308052707888,1.0381603754124533
sub-MCI1001,Hippocampus,0.7767774697886555,0.7391398802976058,0.709980275470617
sub-MCI0285,Hippocampus,0.6804065946388956,0.6967324137468152,0.9305450178542486
sub-MCI2015,Hippocampus,0.6929935006375049,0.7674766567978242,1.034508943697565
sub-MCI0115,Hippocampus,0.7767868024997258,0.7546605316159584,0.7556522208832075
sub-MCI0272,Hippocampus,0.6193098686223732,0.7642838419828635,1.508048658735445
sub-MCI2006,Hippocampus,0.6993429903352619,0.7709719513561986,
sub-MCI0296,Hippocampus,0.7621572063480214,0.7367531387191237,0.7197924435936623
sub-MCI0278,Hippocampus,0.7148530922148035,0.6563165051244101,0.7146535037795051
sub-MCI0195,Hippocampus,0.7097380585053435,0.8411778057492171,1.1101701707131735
sub-MCI0106,Hippocampus,0.796758847136606,0.8144032867640413,1.460386988519803
sub-MCI0192,Hippocampus,0.7715731664672687,0.747900658321672,1.0699592427786564
sub-MCI0198,Hippocampus,0.7467480128192141,0.7906392593857059,
sub-MCI0275,Hippocampus,0.724816823668685,0.7274133422944559,0.8911666527074286
sub-MCI2001,Hippocampus,0.5662074249236766,0.6992068417854851,0.3083262653689025
sub-MCI0165,Hippocampus,0.7623623950195961,0.7775618133283018,1.0079906553906057
sub-MCI0181,Hippocampus,0.6878140693481687,0.8165038081546745,1.0430557065860269
sub-MCI0282,Hippocampus,0.7527105568265572,0.7549803251365764,0.8508664786896887
sub-MCI2012,Hippocampus,0.7268911728513143,0.6986045310227509,0.9447572010815862
sub-MCI2018,Hippocampus,0.6812831793203294,0.7806049711023223,0.7429682068313731
sub-MCI0288,Hippocampus,0.7585801161287722,0.7231440692121804,0.7507484937204176
sub-MCI0280,Hippocampus,0.6688516062015107,0.6769119903654901,1.1941978209174988
sub-MCI0264,Hippocampus,0.70217150050678,0.6627099377570131,0.6340888506282275
sub-MCI0183,Hippocampus,0.7550803401413807,0.7902138197024501,1.0929378102377305
sub-MCI1004,Hippocampus,0.7177622410825041,0.7118295111107065,0.7414647901602116
sub-MCI0277,Hippocampus,0.610527729405026,0.7250163584885438,0.6757004397360415
sub-MCI0299,Hippocampus,0.7646191463409777,0.7811599432206965,0.8815896980322575
sub-MCI2009,Hippocampus,0.6253548565717052,0.6679908782165089,0.8193141170020104
sub-MCI2003,Hippocampus,0.6194441434070703,0.7453942951633452,1.0159152560856266
sub-MCI0293,Hippocampus,0.6868973353304081,0.7942413865464036,1.2384860849026351
sub-MCI0190,Hippocampus,0.7351027238070796,0.7320517678584453,0.9458848859270798
sub-MCI0141,Hippocampus,0.766739954755349,0.7716481047031104,0.8437127968607953
sub-MCI0197,Hippocampus,0.7286743945788074,0.6784186006835577,0.9559059720936793
sub-MCI0179,Hippocampus,0.6688569525874453,0.8088811748663514,1.0887380765517165
sub-MCI0173,Hippocampus,0.733646262910496,0.7685927346933826,0.9345681797151366
sub-MCI0270,Hippocampus,0.7290670403531634,0.7356590403878712,0.9064648656306855
sub-MCI2004,Hippocampus,0.6208714261997916,0.7614124101814909,1.25795883863262
sub-MCI0294,Hippocampus,0.6926954178461993,0.6732118086617338,0.7323323418800144
sub-MCI1003,Hippocampus,0.8117453978094288,0.7934968461761079,0.9799943491450888
sub-MCI0184,Hippocampus,0.679680850260115,0.7767515259552701,1.094557228436512
sub-MCI0269,Hippocampus,0.7140357335424149,0.7237540334800813,1.0907194873183066
sub-MCI0287,Hippocampus,0.6867300462064845,0.7021177841027163,-3.3398115523198633
sub-MCI2017,Hippocampus,0.7389793105033261,0.7768408670767002,0.9197358008328028
sub-MCI0263,Hippocampus,0.7371756285879432,0.6387628157933186,0.8679373924613141
sub-MCI0113,Hippocampus,0.6663934846452009,0.7997955077110699,1.0400763620981626
sub-MCI0289,Hippocampus,0.681793840027081,0.7209022162167418,0.8457314190758785
sub-MCI0267,Hippocampus,0.7486427233119355,0.8258648943724772,0.8663138334627061
sub-MCI2013,Hippocampus,0.7200335205251847,0.7353226969425775,0.7646578043460843
sub-MCI0283,Hippocampus,0.730008043010421,0.6950335011313897,1.1765003768807043
sub-MCI0199,Hippocampus,0.7505844210492014,0.7309563929001326,1.0405236678844103
sub-MCI0290,Hippocampus,0.6859261927358703,0.7506364851183815,0.7777446987882938
sub-MCI2000,Hippocampus,0.7901088632953897,0.7819058374408071,1.1397678077928772
sub-MCI0274,Hippocampus,0.659803111982352,0.8104510521377971,0.7926889773693874
sub-MCI0132,Hippocampus,0.74594802829314,0.7827592209254974,0.9996172502132801
sub-MCI0236,Hippocampus,0.626733908131592,0.7177780168453156,0.5201677156901644
sub-MCI0297,Hippocampus,0.6651754877879609,0.746360910354605,0.832636275391802
sub-MCI0279,Hippocampus,0.661842637978433,0.7402641497971779,0.5966616210827441
sub-MCI2007,Hippocampus,0.6960275034825911,0.9407549524688282,18.892856094198898
sub-MCI0273,Hippocampus,0.6969204511955279,0.8070094932753276,0.8212590580353184
sub-MCI0107,Hippocampus,0.770202516000102,0.7254453327202658,0.6816916930499306
sub-MCI0170,Hippocampus,0.5528636130325579,0.8017560054433152,1.235596206303151
sub-MCI0194,Hippocampus,0.6917238708302399,0.7896603221447875,1.0360802667451467
sub-MCI1000,Hippocampus,0.7264636570383071,0.7646837183592309,1.174425829495863
sub-MCI2014,Hippocampus,0.7309748591826496,0.7433688540323987,0.7107998702187868
sub-MCI0284,Hippocampus,0.6848685096451224,0.6712538525390195,
sub-MCI0169,Hippocampus,0.7012439842475512,0.7375465865125278,0.8945884161809837
sub-MCI1002,Pallidum,0.7316487662530611,0.9636556105207266,0.6214607140637588
sub-MCI2016,Pallidum,0.8921454813663879,0.944403333235208,0.7513306580433904
sub-MCI0268,Pallidum,1.1913710157208839,0.9086790732242294,0.8003704043359681
sub-MCI0286,Pallidum,0.7679266372369268,0.9287265773473374,0.8013762806106951
sub-MCI0137,Pallidum,1.480228740203111,0.9281401473681709,0.9216252740142136
sub-MCI0196,Pallidum,0.7629427916871779,0.9839461077172147,0.6935897838698358
sub-MCI0178,Pallidum,1.0297967479871726,0.9158228826345235,0.7150553102744921
sub-MCI0295,Pallidum,0.8665045267505511,0.9224014137595525,0.6898902576557491
sub-MCI2005,Pallidum,0.8663016784256817,0.9004626969574507,0.8399249364270727
sub-MCI0271,Pallidum,0.8677483718678106,0.9355854513098263,0.7871897863268161
sub-MCI0292,Pallidum,1.0856208327811263,0.9359722799948142,0.7346623840879758
sub-MCI2002,Pallidum,0.7453980933499694,0.9403610130861548,1.2486074181093496
sub-MCI2008,Pallidum,1.3498427978085772,0.9834368768255651,0.8341866119536797
sub-MCI0298,Pallidum,0.8400445759492812,0.9736108992957754,0.5315409743436086
sub-MCI0191,Pallidum,0.7658720708524509,0.9123021490043733,0.5468299708513884
sub-MCI0265,Pallidum,1.2346395487275537,0.9942063496715052,0.7672244903869642
sub-MCI2011,Pallidum,0.7493758429525571,0.9281109544999063,0.8364150663353227
sub-MCI0281,Pallidum,1.256153929226772,0.9442284177846239,0.8324442461203023
sub-MCI0182,Pallidum,0.9297809666512935,0.8883683876515817,0.9134504222227597
sub-MCI0111,Pallidum,0.9622982305648748,0.9248592433924657,0.8839743982080478
sub-MCI1001,Pallidum,1.2434588607535266,0.9324806519720116,0.7748792676621589
sub-MCI0285,Pallidum,0.8892635276437051,0.908906999857231,0.7060219445455841
sub-MCI2015,Pallidum,0.93822557342913,0.8987739523398872,0.7037164408689801
sub-MCI0115,Pallidum,1.168193809973015,0.8595763391069565,0.6639924028095658
sub-MCI0272,Pallidum,1.0854058305200847,0.9878756479772189,0.5119018789329846
sub-MCI2006,Pallidum,1.036513947712974,0.8778231399405612,
sub-MCI0296,Pallidum,1.1970052561126652,0.9304290973844443,0.9064177746806283
sub-MCI0278,Pallidum,1.08054926529182,0.9122664719231396,0.6785435972421815
sub-MCI0195,Pallidum,0.7875887671395382,0.9749852484550151,0.8569986229604988
sub-MCI0106,Pallidum,0.9581681220567795,0.9428346382411597,1.112936785852816
sub-MCI0192,Pallidum,0.9466595833583271,0.8940428072928144,0.6947522252606326
sub-MCI0198,Pallidum,0.6920039903777281,0.8889395669519253,
sub-MCI0275,Pallidum,1.2343277736035234,0.9804637737741393,0.708589641488662
sub-MCI2001,Pallidum,1.052155388398623,0.9481639432387353,0.6531773795113427
sub-MCI0165,Pallidum,0.7322167286849635,0.8704372134359964,0.8823233583603863
sub-MCI0181,Pallidum,0.9216670405766675,0.9051754942549588,0.7199274580477465
sub-MCI0282,Pallidum,1.3183604934928548,0.9718853483629133,0.8065126717999309
sub-MCI2012,Pallidum,1.1736902392179795,0.935567121707788,1.200523694753408
sub-MCI2018,Pallidum,1.0490295733151482,0.9242856506761435,0.7649352853761349
sub-MCI0288,Pallidum,0.7101484568766057,0.9036499264191025,0.7525124633380478
sub-MCI0280,Pallidum,0.9036119112697635,0.9507826963133751,0.6485034823468045
sub-MCI0264,Pallidum,0.8667778610101717,0.9088678468748168,0.7647765305461917
sub-MCI0183,Pallidum,0.9056558670201454,0.9034482801398281,0.7340493481571937
sub-MCI1004,Pallidum,1.1009653759425277,0.8639515405024122,0.5966116022285483
sub-MCI0277,Pallidum,0.8430182683135907,0.9341543082048852,0.7272024759563248
sub-MCI0299,Pallidum,1.1033044473330937,0.9856789603210169,0.7708494062823809
sub-MCI2009,Pallidum,0.8889958400750145,0.9274230208698927,0.40673083496769913
sub-MCI2003,Pallidum,0.6640456322922096,0.8186555916975488,0.7059731598808325
sub-MCI0293,Pallidum,0.9593816192124005,0.9730749923580856,0.7817789973896095
sub-MCI0190,Pallidum,0.78051230929561,0.9238210083196472,0.8038814715036725
sub-MCI0141,Pallidum,0.6727503622786847,0.8689127562741679,0.701587796994425
sub-MCI0197,Pallidum,1.1450463604005665,0.8716378450918086,0.7720586206001507
sub-MCI0179,Pallidum,0.7947634660742764,0.9359340066924536,0.693826154857246
sub-MCI0173,Pallidum,1.137451081652276,0.9065164650908167,0.7538063436345075
sub-MCI0270,Pallidum,1.1475399260550632,0.8867115587178768,0.6204313567629162
sub-MCI2004,Pallidum,0.638053016387745,0.9396236027973197,0.7816722847059819
sub-MCI0294,Pallidum,1.0853683455140686,0.9684159232684243,0.7181708093807414
sub-MCI1003,Pallidum,0.6932267977312309,0.8846192582025013,0.7190561642398575
sub-MCI0184,Pallidum,1.0308031954625771,0.9589799258441473,0.808331880858036
sub-MCI0269,Pallidum,1.1369514112347066,0.9412844525525198,0.7565875788982483
sub-MCI0287,Pallidum,1.2355095170952428,0.9899425835152506,3.657894105735731
sub-MCI2017,Pallidum,1.1925023625520395,0.9171806493741779,0.7624130142375034
sub-MCI0263,Pallidum,1.3277686369820112,0.9510248185873469,0.5520167011260984
sub-MCI0113,Pallidum,0.7012864469369872,0.9179224366197049,0.7072026537090429
sub-MCI0289,Pallidum,0.8267666135860297,0.9884029161133377,0.7720801143622139
sub-MCI0267,Pallidum,1.0951824345330383,0.9683660644386106,1.283600131501968
sub-MCI2013,Pallidum,0.726826233801461,0.9262903706056647,0.7688475331840388
sub-MCI0283,Pallidum,1.1470590533215186,0.9550423329854275,1.056318546488705
sub-MCI0199,Pallidum,0.7768328375386659,0.8530023044276064,0.7440544321176243
sub-MCI0290,Pallidum,0.9949532724370088,0.9314461081467468,0.7419798765072722
sub-MCI2000,Pallidum,0.722843669408146,0.9403226122085442,0.857382622582907
sub-MCI0274,Pallidum,0.6905945630009054,0.9105159826355819,0.7611539673056098
sub-MCI0132,Pallidum,0.7962215796748084,0.9579910325520271,0.6575016003587851
sub-MCI0236,Pallidum,0.9607094022147014,0.9141497517332706,0.7939705773996107
sub-MCI0297,Pallidum,1.0626279620821473,0.9355525426806757,0.7605130593885272
sub-MCI0279,Pallidum,1.307661142483686,0.9605261940639643,0.7182162986309395
sub-MCI2007,Pallidum,0.7759659725431213,0.9391159858183655,2.2262403167709093
sub-MCI0273,Pallidum,0.709329711247746,0.9926009544124715,0.7091653710636793
sub-MCI0107,Pallidum,1.2615180878474417,0.9311673691135086,0.7782761878447381
sub-MCI0170,Pallidum,0.8181885336672206,0.9112411228305041,0.8456460297532457
sub-MCI0194,Pallidum,0.8508384270284223,0.9634206359263815,0.849212673067511
sub-MCI1000,Pallidum,0.7109057841054581,0.8885786324930164,0.5681198862516196
sub-MCI2014,Pallidum,1.246899633006073,0.8808869567981132,0.5929990065669865
sub-MCI0284,Pallidum,0.9205738961511027,0.9192753243607727,
sub-MCI0169,Pallidum,1.1354008491930012,1.0354218007633202,0.8493042983249898
sub-MCI1002,Thalamus,0.931939746772814,0.9535073164758,1.098931931028859
sub-MCI2016,Thalamus,0.7882741674724854,0.8310586840075156,1.0379985543799772
sub-MCI0268,Thalamus,0.9491405602017563,0.8831671903028643,1.1585650776963652
sub-MCI0286,Thalamus,0.7511549148226423,0.8834311946564974,0.9184478863545443
sub-MCI0137,Thalamus,0.9489282499342873,0.8500619814441519,1.0508218253754626
sub-MCI0196,Thalamus,0.8490807060382459,0.8622952177748513,0.8800828314318105
sub-MCI0178,Thalamus,0.9007241557186082,0.8434179812608805,0.941109947639304
sub-MCI0295,Thalamus,0.8208230762772653,0.847988096140699,0.9099908257419287
sub-MCI2005,Thalamus,0.7875754731810135,0.835720536368646,0.6761459795914944
sub-MCI0271,Thalamus,0.7936042131555948,0.8337060229060459,1.1126379285159083
sub-MCI0292,Thalamus,0.8520951035797734,0.8741887416934065,0.8690445202482532
sub-MCI2002,Thalamus,0.8018678160143562,0.8929645236649505,1.0408300388320297
sub-MCI2008,Thalamus,0.9201770322625386,0.871353160998104,1.1755261346394363
sub-MCI0298,Thalamus,0.8013509256023446,0.9004932088759128,0.8229513175549472
sub-MCI0191,Thalamus,0.84660735049636,0.8512358566276106,0.9696369084819809
sub-MCI0265,Thalamus,0.8822389753337113,0.834479521865223,0.9734635928446288
sub-MCI2011,Thalamus,0.7869390696129043,0.9032489942894478,0.9296689354134289
sub-MCI0281,Thalamus,0.9419418427262649,0.8099500920596646,0.9585525481270191
sub-MCI0182,Thalamus,0.8671167941133103,0.8846814810615282,1.3309902863069953
sub-MCI0111,Thalamus,0.8308824255051198,0.8872147708426039,1.058165519861453
sub-MCI1001,Thalamus,0.9488884833611508,0.9526072103805237,0.8983163873339147
sub-MCI0285,Thalamus,0.7713000057033148,0.8167807319585112,0.846665402270832
sub-MCI2015,Thalamus,0.8232237572882878,0.8531894381520231,0.9861691915016729
sub-MCI0115,Thalamus,0.8690028928862784,0.8147626543073649,0.6854744825656844
sub-MCI0272,Thalamus,0.8661149962345485,0.9191352284893983,1.047719261457595
sub-MCI2006,Thalamus,0.8642010801704867,0.88748309883117,
sub-MCI0296,Thalamus,0.9055548753510441,0.8448793138105141,0.5484078790031904
sub-MCI0278,Thalamus,0.8580455561327494,0.800613679285479,0.8233458495372171
sub-MCI0195,Thalamus,0.7266511110927122,0.9074690687438106,1.1222092937155208
sub-MCI0106,Thalamus,0.9051238566587048,0.9308629921133601,1.384157257353237
sub-MCI0192,Thalamus,0.7810365394097195,0.788792079408733,1.1552902587856373
sub-MCI0198,Thalamus,0.7978103413322376,0.827893144505792,
sub-MCI0275,Thalamus,0.8966670650795163,0.8408828576080358,0.8211049396006868
sub-MCI2001,Thalamus,0.8185682813802538,0.82494377050351,0.3806809915266064
sub-MCI0165,Thalamus,0.8375228887397738,0.8227686913925083,1.0985572126746583
sub-MCI0181,Thalamus,0.7601489799817757,0.8405773461356632,0.9285354591335431
sub-MCI0282,Thalamus,0.9490878128891355,0.8725478831862817,0.9262398185489246
sub-MCI2012,Thalamus,0.9256997545655568,0.7627577529874903,0.46786106198956395
sub-MCI2018,Thalamus,0.8573606898649491,0.9388670359404089,1.030139729155433
sub-MCI0288,Thalamus,0.8459404451705164,0.8584629043172587,0.8432537200694533
sub-MCI0280,Thalamus,0.8046720243527002,0.8407114662740472,0.8387713817929207
sub-MCI0264,Thalamus,0.84137310405965,0.8108184808472083,0.798244121316563
sub-MCI0183,Thalamus,0.8258630665139983,0.8738389892317843,1.01310008818648
sub-MCI1004,Thalamus,0.848020393045258,0.8310487204419624,0.6801982788711526
sub-MCI0277,Thalamus,0.7595595557794006,0.8102604866803195,0.8030540212835873
sub-MCI0299,Thalamus,0.8619849548733521,0.90857639007097,0.7234660382881586
sub-MCI2009,Thalamus,0.8111600865235302,0.8549298190581803,0.709214169834486
sub-MCI2003,Thalamus,0.7619871568766379,0.8214410999869762,1.0191470219333614
sub-MCI0293,Thalamus,0.796618757302122,0.9228806075383408,0.9551335640582657
sub-MCI0190,Thalamus,0.8845090263450377,0.8325352979966607,1.0436070698358668
sub-MCI0141,Thalamus,0.8074042342830691,0.8349732488565751,0.8453566425447928
sub-MCI0197,Thalamus,0.8690230156865758,0.8061198127925707,1.0169429664561789
sub-MCI0179,Thalamus,0.7654111169640501,0.8353230826790935,1.0714002942655279
sub-MCI0173,Thalamus,0.9040500347776516,0.7949628793296722,0.8566613402139853
sub-MCI0270,Thalamus,0.9674942942011654,0.8636859618754229,0.8554692509955759
sub-MCI2004,Thalamus,0.6955814633800776,0.877040652473257,0.2664908699781535
sub-MCI0294,Thalamus,0.9139954549353343,0.8675582313485231,0.8591122531749004
sub-MCI1003,Thalamus,0.7933496738819924,0.8422670018476702,0.9747081750105892
sub-MCI0184,Thalamus,0.8202821123768368,0.8887524418170373,1.0209911071406028
sub-MCI0269,Thalamus,0.9136897421722402,0.8272226788693989,1.024258439981097
sub-MCI0287,Thalamus,0.9228014285333997,0.8604926940970918,1.9888823940075027
sub-MCI2017,Thalamus,0.9357524120027192,0.8977379566811289,1.0877926415347876
sub-MCI0263,Thalamus,1.0172137312512435,0.7970552644773538,0.8649895002845944
sub-MCI0113,Thalamus,0.7671767224346467,0.8598100006117758,0.9772384818104463
sub-MCI0289,Thalamus,0.8768576628402646,0.8789958419293536,0.8404692463651822
sub-MCI0267,Thalamus,0.8847822537685265,0.8885516496112423,1.1517000280940615
sub-MCI2013,Thalamus,0.8620611183403517,0.8477507657618648,0.6869390695417044
sub-MCI0283,Thalamus,0.893315263123408,0.8636838019304948,0.7019022693546348
sub-MCI0199,Thalamus,0.8478403461961709,0.8484804420769186,0.8619212081430127
sub-MCI0290,Thalamus,0.8745571870740279,0.9092552542616084,1.0164229567046437
sub-MCI2000,Thalamus,0.818859099810018,0.9414582851693624,1.197240667129383
sub-MCI0274,Thalamus,0.8338632680264256,0.890505391536023,1.2318312266053484
sub-MCI0132,Thalamus,0.81466408678178,0.9111953352595368,1.0479562841058434
sub-MCI0236,Thalamus,0.8679178482548996,0.8563109559410969,0.6073060541679487
sub-MCI0297,Thalamus,0.8365550429600078,0.8390930271812872,0.8124486145776041
sub-MCI0279,Thalamus,0.9695199062210887,0.879168158712226,0.9862101011087033
sub-MCI2007,Thalamus,0.8270224359942318,0.9587188000876511,1.8374443040785502
sub-MCI0273,Thalamus,0.9020026954748105,0.8802066205664508,0.7167380201590801
sub-MCI0107,Thalamus,0.9586470212329482,0.9014253635178309,0.8605728730689068
sub-MCI0170,Thalamus,0.7627596884313801,0.8364278098661442,1.2649710564367107
sub-MCI0194,Thalamus,0.8252164981200121,0.8495035924583734,0.9600797045807434
sub-MCI1000,Thalamus,0.7768399238326001,0.8584828478055476,0.9351905222205922
sub-MCI2014,Thalamus,0.946052310754153,0.8619498705751869,0.7231407422540967
sub-MCI0284,Thalamus,0.832299294058729,0.8191393986468896,
sub-MCI0169,Thalamus,0.9281779030858781,0.8951327981319205,1.0177725663720885
sub-MCI1002,caudalanteriorcingulate,0.9999474068614278,1.1487306675195041,1.1749251787841253
sub-MCI2016,caudalanteriorcingulate,0.9086741879522905,1.022160156280259,0.8650331254982813
sub-MCI0268,caudalanteriorcingulate,1.121421910428101,1.1628291520669625,1.2406993644644086
sub-MCI0286,caudalanteriorcingulate,0.6679660114704145,0.9050927408175622,1.0045508816867408
sub-MCI0137,caudalanteriorcingulate,0.7775237049658361,0.8963289586510553,0.9645989661971733
sub-MCI0196,caudalanteriorcingulate,1.2807053216177988,1.1679820111990766,1.3493255556106236
sub-MCI0178,caudalanteriorcingulate,1.1249174289758528,0.986738194878701,1.0665151391690224
sub-MCI0295,caudalanteriorcingulate,0.9735787138671158,1.0596293780905437,0.9714253829194887
sub-MCI2005,caudalanteriorcingulate,0.9707240782411426,1.025569768618496,1.0441432146670544
sub-MCI0271,caudalanteriorcingulate,1.0282599528076721,1.0508952976113974,1.1917035255001498
sub-MCI0292,caudalanteriorcingulate,0.909054104918098,0.9698395354363644,0.7170447787225002
sub-MCI2002,caudalanteriorcingulate,0.9530957536263752,1.032401965042667,0.0
sub-MCI2008,caudalanteriorcingulate,0.9526227654915335,1.01092125940309,0.9691478928281643
sub-MCI0298,caudalanteriorcingulate,0.9813870025033828,1.106979865656795,0.9049518278679589
sub-MCI0191,caudalanteriorcingulate,1.081830782264796,1.0328231768297236,0.8879738774050272
sub-MCI0265,caudalanteriorcingulate,0.95580593227182,0.9734184214093554,0.8624495470265783
sub-MCI2011,caudalanteriorcingulate,0.9119503538692463,1.0562846246773347,1.0516338184957266
sub-MCI0281,caudalanteriorcingulate,0.7873643512515656,0.9875273715838718,1.2400342320729245
sub-MCI0182,caudalanteriorcingulate,1.0745816279986793,1.110114768100454,1.0663270329845547
sub-MCI0111,caudalanteriorcingulate,1.0986529063810702,1.0705387871434155,0.9285150683538803
sub-MCI1001,caudalanteriorcingulate,1.0298669194873349,1.0453108521378924,0.8819088877396726
sub-MCI0285,caudalanteriorcingulate,0.9348748150881246,0.9994049821885225,1.0720654190411538
sub-MCI2015,caudalanteriorcingulate,1.0356710162947484,1.0296753237969578,0.8090114856373576
sub-MCI0115,caudalanteriorcingulate,0.952094165719439,0.9242370115688077,0.9378014718065388
sub-MCI0272,caudalanteriorcingulate,0.9053370726846204,1.0982809517602843,0.5037319293230097
sub-MCI2006,caudalanteriorcingulate,1.2216490252516967,1.0189057819280953,
sub-MCI0296,caudalanteriorcingulate,1.0851753287726353,1.0077979699254924,1.1063177486480391
sub-MCI0278,caudalanteriorcingulate,0.9467174941337024,0.937985724317758,0.7848978609784002
sub-MCI0195,caudalanteriorcingulate,1.0845626468779614,1.173278286956457,1.2967343484565133
sub-MCI0106,caudalanteriorcingulate,0.941877695124643,1.0628979543591761,1.3226599226054392
sub-MCI0192,caudalanteriorcingulate,1.1433695692962402,1.0393552463564322,1.1807142706740408
sub-MCI0198,caudalanteriorcingulate,0.9385385552977816,1.0169286899629488,
sub-MCI0275,caudalanteriorcingulate,0.8605814001249876,0.9164088315200274,0.7847436542931899
sub-MCI2001,caudalanteriorcingulate,0.9508486521606748,0.9650913420775723,0.5451296395106683
sub-MCI0165,caudalanteriorcingulate,0.9778989382483807,1.0418312221465624,1.1469219103289219
sub-MCI0181,caudalanteriorcingulate,0.8571019129944011,1.0385517806831295,1.098070189720634
sub-MCI0282,caudalanteriorcingulate,1.0691719406441205,0.9704141865490652,0.9487427456631552
sub-MCI2012,caudalanteriorcingulate,0.9984518246401928,0.9301522518563081,0.9027595776422934
sub-MCI2018,caudalanteriorcingulate,1.07470456814769,1.1127107550312092,0.5244804834876801
sub-MCI0288,caudalanteriorcingulate,1.1343479842243736,1.1076633800071616,1.2364648402198892
sub-MCI0280,caudalanteriorcingulate,1.0991428510089711,1.0702111804155379,0.646176022423888
sub-MCI0264,caudalanteriorcingulate,1.0700029142424778,1.0806901264816586,1.109793186331765
sub-MCI0183,caudalanteriorcingulate,0.9120586699879288,1.0879222998532638,1.0127257171842952
sub-MCI1004,caudalanteriorcingulate,1.0837501501667293,1.028807728803049,0.7067643477165387
sub-MCI0277,caudalanteriorcingulate,0.8753765173305388,0.9860804554683246,0.9204373140000648
sub-MCI0299,caudalanteriorcingulate,0.843556816019299,0.974190461864348,1.0545079096107732
sub-MCI2009,caudalanteriorcingulate,0.9827572119514792,1.000528114841045,0.9998713268036739
sub-MCI2003,caudalanteriorcingulate,1.04828489995202,1.0945363116015454,1.1811034756678702
sub-MCI0293,caudalanteriorcingulate,1.0418255187855832,1.091345755625242,1.2774554593229153
sub-MCI0190,caudalanteriorcingulate,0.7599586187885367,0.9445609701411878,0.9601588594782218
sub-MCI0141,caudalanteriorcingulate,1.10124380511959,1.1366726677497168,1.0529342481171822
sub-MCI0197,caudalanteriorcingulate,1.0764454922904798,0.9745817297714059,0.6881307911311497
sub-MCI0179,caudalanteriorcingulate,0.911481137890431,1.0341456192721041,1.0763449716970594
sub-MCI0173,caudalanteriorcingulate,1.066640180134808,1.0866567335071247,0.9364333027792141
sub-MCI0270,caudalanteriorcingulate,0.8485435684005312,1.0843803375106162,0.8898979183064358
sub-MCI2004,caudalanteriorcingulate,0.8695042948988385,0.9161124037107078,0.0
sub-MCI0294,caudalanteriorcingulate,1.0069818493405407,1.082620592311206,0.7797553715865967
sub-MCI1003,caudalanteriorcingulate,1.1338127748385909,1.110790800132645,0.9854487205272523
sub-MCI0184,caudalanteriorcingulate,0.8314785073063573,0.9686732930986508,0.790003314749371
sub-MCI0269,caudalanteriorcingulate,1.1225892752720084,1.0424074762376019,0.4928795838525972
sub-MCI0287,caudalanteriorcingulate,1.0042740509900068,1.091431972405291,3.4945159573579625
sub-MCI2017,caudalanteriorcingulate,1.0926769046849127,1.0922274325202153,1.026317336513165
sub-MCI0263,caudalanteriorcingulate,0.9931113534855539,0.9051787767193726,0.8354864408520508
sub-MCI0113,caudalanteriorcingulate,0.9636547669135326,1.2125131356289978,1.1114944090471603
sub-MCI0289,caudalanteriorcingulate,1.0595407665574679,1.205352021569933,1.3261826683701492
sub-MCI0267,caudalanteriorcingulate,1.1191892207130898,1.1288072243960472,0.0
sub-MCI2013,caudalanteriorcingulate,0.8995165400544899,0.940745408167072,0.9752602213324905
sub-MCI0283,caudalanteriorcingulate,0.9705851091660413,0.9809302278265161,0.8125860900344722
sub-MCI0199,caudalanteriorcingulate,1.0252791372228804,1.1336140598465472,1.275186985076194
sub-MCI0290,caudalanteriorcingulate,1.1520531078689242,1.1377787034823619,0.9174391243544898
sub-MCI2000,caudalanteriorcingulate,1.1688873096968941,1.2489326510974446,1.2303212455730088
sub-MCI0274,caudalanteriorcingulate,1.037334483101692,1.2111299332819372,1.23580375259706
sub-MCI0132,caudalanteriorcingulate,1.0277788070070981,1.131923276459097,1.0383626135431305
sub-MCI0236,caudalanteriorcingulate,0.8997495250926927,1.0477745312819142,0.8357393935383469
sub-MCI0297,caudalanteriorcingulate,0.7446958151516342,0.9010403392110374,0.8710208604567463
sub-MCI0279,caudalanteriorcingulate,1.1701035444617491,1.1092251982043522,1.2099539524058325
sub-MCI2007,caudalanteriorcingulate,1.1212753677869818,1.2593763515069556,0.0
sub-MCI0273,caudalanteriorcingulate,0.9747504632459636,1.1069053696270474,1.0358651782399617
sub-MCI0107,caudalanteriorcingulate,0.7900195514112829,0.8353043175561427,0.9995863404483668
sub-MCI0170,caudalanteriorcingulate,0.7657302249709436,0.9112831952196943,0.8606824917337725
sub-MCI0194,caudalanteriorcingulate,1.018122319709374,1.096949750646858,0.812805401890308
sub-MCI1000,caudalanteriorcingulate,1.038697791556191,1.1810021885260185,1.1534580352543864
sub-MCI2014,caudalanteriorcingulate,0.9160400338302003,1.0171137594523225,1.137508865844453
sub-MCI0284,caudalanteriorcingulate,0.9745002481077824,0.8994154430286972,
sub-MCI0169,caudalanteriorcingulate,0.7981040772484213,1.04396753883747,0.8053899431900491
sub-MCI1002,caudalmiddlefrontal,0.9482248787439385,0.7317141131010384,1.5139918177888128
sub-MCI2016,caudalmiddlefrontal,0.6105373499521265,0.7286427997248942,0.8503304403174572
sub-MCI0268,caudalmiddlefrontal,0.770921437585289,0.7004071054687326,1.223867847079909
sub-MCI0286,caudalmiddlefrontal,0.46121182179850706,0.5612363308567133,0.8646899940139757
sub-MCI0137,caudalmiddlefrontal,0.6955891831809534,0.6033729119727861,1.1763922133519056
sub-MCI0196,caudalmiddlefrontal,0.9135489649051166,0.7685976960827465,1.4546616107651857
sub-MCI0178,caudalmiddlefrontal,0.6981706866447013,0.678138162745362,1.21796751888992
sub-MCI0295,caudalmiddlefrontal,0.659526215206292,0.6602566792506049,1.0037483545984927
sub-MCI2005,caudalmiddlefrontal,0.522817643270524,0.578725528799099,0.8012699427131283
sub-MCI0271,caudalmiddlefrontal,0.671043391736265,0.5881403399967691,1.3244111994046808
sub-MCI0292,caudalmiddlefrontal,0.6550858360788617,0.5155803373535451,0.835023945765653
sub-MCI2002,caudalmiddlefrontal,0.8079491065134814,0.6291061582976228,0.0
sub-MCI2008,caudalmiddlefrontal,0.7487864179173674,0.6326623360159245,0.9832463383383208
sub-MCI0298,caudalmiddlefrontal,0.7822733676413487,0.58433564710196,1.0690940893144274
sub-MCI0191,caudalmiddlefrontal,0.722763485289724,0.775523578071419,1.1648120936144373
sub-MCI0265,caudalmiddlefrontal,0.6256831083981732,0.4864564472644822,0.8660206141472468
sub-MCI2011,caudalmiddlefrontal,0.7451139978146061,0.7928273751764267,1.1746617880669448
sub-MCI0281,caudalmiddlefrontal,0.6481858850638673,0.6150341240183461,1.056609381428633
sub-MCI0182,caudalmiddlefrontal,0.7423104221488265,0.7776698243373683,2.1392679343888688
sub-MCI0111,caudalmiddlefrontal,0.8070827836855206,0.7273384173339305,0.9157523636397968
sub-MCI1001,caudalmiddlefrontal,0.8496173880815315,0.7611562975903617,0.8245503207350384
sub-MCI0285,caudalmiddlefrontal,0.5883805681181182,0.6025514840108771,0.9663914793839992
sub-MCI2015,caudalmiddlefrontal,0.577234194084157,0.8256022655171446,0.9517639554056356
sub-MCI0115,caudalmiddlefrontal,0.734849863402977,0.6503689386090867,0.9806991749978544
sub-MCI0272,caudalmiddlefrontal,0.6382071702275444,0.5613703742916484,0.5189218715715225
sub-MCI2006,caudalmiddlefrontal,0.9947273364564043,0.8715848757597647,
sub-MCI0296,caudalmiddlefrontal,0.7723950706335444,0.6331217282607727,1.0716500384510927
sub-MCI0278,caudalmiddlefrontal,0.6809854547303854,0.6205806655936145,1.144970478553338
sub-MCI0195,caudalmiddlefrontal,0.7520054256472616,0.7700687981628853,1.5246951957759411
sub-MCI0106,caudalmiddlefrontal,0.7389860751569401,0.6772047850155648,1.396924864890061
sub-MCI0192,caudalmiddlefrontal,0.598310817050121,0.5356318052585012,1.2031882561503178
sub-MCI0198,caudalmiddlefrontal,0.7674083087897801,0.6504886513984816,
sub-MCI0275,caudalmiddlefrontal,0.7072033830399724,0.6012410068538483,1.2086109377938907
sub-MCI2001,caudalmiddlefrontal,0.7007082496313866,0.6809420090192366,0.7917309895763496
sub-MCI0165,caudalmiddlefrontal,0.8186376613529959,0.7369062048453029,1.2831331948592932
sub-MCI0181,caudalmiddlefrontal,0.6109178464780803,0.694874747991089,1.0695745488293358
sub-MCI0282,caudalmiddlefrontal,0.5181079684340729,0.5858402786903475,1.147913080109158
sub-MCI2012,caudalmiddlefrontal,0.7535795449756987,0.5820676679104335,0.5297951975179822
sub-MCI2018,caudalmiddlefrontal,0.8817989803349516,0.8349476199125464,0.9654616154566609
sub-MCI0288,caudalmiddlefrontal,0.7899517879542457,0.7596059881673393,1.3369202998295364
sub-MCI0280,caudalmiddlefrontal,0.5808464320336767,0.683407691701133,1.252826786726695
sub-MCI0264,caudalmiddlefrontal,0.5828770621655008,0.5963197711079758,0.9473409549128429
sub-MCI0183,caudalmiddlefrontal,0.5577990925640756,0.6743925994428435,1.078409272580791
sub-MCI1004,caudalmiddlefrontal,0.62810996320564,0.764987626186348,0.9646005784380427
sub-MCI0277,caudalmiddlefrontal,0.7027619611798505,0.6856199520283969,1.124732655345463
sub-MCI0299,caudalmiddlefrontal,0.8042245109858686,0.6956718564288485,0.6308390311504122
sub-MCI2009,caudalmiddlefrontal,0.8747028917333893,0.785226782588679,0.6505565045463405
sub-MCI2003,caudalmiddlefrontal,0.7940054662726068,0.7475469610764438,1.2079756715254835
sub-MCI0293,caudalmiddlefrontal,0.6358762502713787,0.7826366618500686,0.8518308105502098
sub-MCI0190,caudalmiddlefrontal,0.7697521825262065,0.6795083255156861,1.2060411757150573
sub-MCI0141,caudalmiddlefrontal,0.836567576706909,0.7752874601462945,1.0903230840280027
sub-MCI0197,caudalmiddlefrontal,0.7929112421217365,0.6775512107299524,1.0625775196925806
sub-MCI0179,caudalmiddlefrontal,0.6304538151774421,0.7582528047843474,1.1651978534726222
sub-MCI0173,caudalmiddlefrontal,0.7595691770421102,0.7467660967987308,0.9784767757869576
sub-MCI0270,caudalmiddlefrontal,0.7067622458275721,0.6625971060636322,0.958490864825686
sub-MCI2004,caudalmiddlefrontal,0.841156521809208,0.712684097941308,0.0
sub-MCI0294,caudalmiddlefrontal,0.4892485087577731,0.6690103810437522,0.8937007617100203
sub-MCI1003,caudalmiddlefrontal,0.8010006429821318,0.8065625315783251,1.33647027764265
sub-MCI0184,caudalmiddlefrontal,0.6995263432804173,0.6976206953050869,0.9506417042600445
sub-MCI0269,caudalmiddlefrontal,0.9150090862505922,0.7264708813622961,0.8671652455194888
sub-MCI0287,caudalmiddlefrontal,0.8542159693168898,0.8513032444222624,1.7613640459543833
sub-MCI2017,caudalmiddlefrontal,0.7685983084376793,0.7367017923953829,1.304605129016223
sub-MCI0263,caudalmiddlefrontal,0.7901783060350482,0.5302158437820609,1.134340117015699
sub-MCI0113,caudalmiddlefrontal,0.6867093637739466,0.7661033294030173,1.1172887991378901
sub-MCI0289,caudalmiddlefrontal,0.6695467738355143,0.7175659193445423,1.3861074148979886
sub-MCI0267,caudalmiddlefrontal,0.9169061907508558,0.563855636403278,0.0
sub-MCI2013,caudalmiddlefrontal,0.7382370216471734,0.67538057052471,1.0354683994767622
sub-MCI0283,caudalmiddlefrontal,0.5925613637039404,0.6143458876923658,0.30466444590911024
sub-MCI0199,caudalmiddlefrontal,0.7904791875232052,0.8022758606085773,1.2166368574857163
sub-MCI0290,caudalmiddlefrontal,0.8087780379447029,0.790786983067498,1.0643604665930986
sub-MCI2000,caudalmiddlefrontal,0.8142687680159738,0.8344562516233045,1.298921713796907
sub-MCI0274,caudalmiddlefrontal,0.7308259189108519,0.7419742240049085,1.3662142550204637
sub-MCI0132,caudalmiddlefrontal,0.7742077300857935,0.7427596953758591,1.2686165363287543
sub-MCI0236,caudalmiddlefrontal,0.7287577123604452,0.6256281190224933,1.003385527483851
sub-MCI0297,caudalmiddlefrontal,0.7214445973209201,0.5562426545781235,0.9273131891503601
sub-MCI0279,caudalmiddlefrontal,0.5351200288354838,0.8392374814011189,0.8178032974431569
sub-MCI2007,caudalmiddlefrontal,0.9072351309457549,0.9210673752359119,0.0
sub-MCI0273,caudalmiddlefrontal,0.7655637869727637,0.7776654660019329,1.126269007311711
sub-MCI0107,caudalmiddlefrontal,0.7359395566999617,0.5531278490862469,0.8633920305391691
sub-MCI0170,caudalmiddlefrontal,0.5463155311846021,0.5737075328432056,1.0866856040109987
sub-MCI0194,caudalmiddlefrontal,0.6132448361525515,0.6033159284486602,0.832125045965744
sub-MCI1000,caudalmiddlefrontal,0.9778125649066746,0.6796456321709882,1.2279973338964671
sub-MCI2014,caudalmiddlefrontal,0.7159993516961146,0.775356426254573,1.313410992786346
sub-MCI0284,caudalmiddlefrontal,0.8635704515349651,0.7727758103166643,
sub-MCI0169,caudalmiddlefrontal,0.5900581812433607,0.7060820252308205,1.1152994760800334
sub-MCI1002,cuneus,1.0546295568998663,1.0658388474531053,1.4480836332567155
sub-MCI2016,cuneus,1.1416914784279595,1.208527210225068,1.091294794639959
sub-MCI0268,cuneus,1.1911482804697047,1.2106328030004536,1.4137808684812903
sub-MCI0286,cuneus,0.8389275624054255,1.0455731277123457,1.0618243793977624
sub-MCI0137,cuneus,0.9506505409715912,0.9334625906506104,0.9342591453160097
sub-MCI0196,cuneus,1.2167781369518937,1.1580647821079382,1.0664497174211558
sub-MCI0178,cuneus,1.0847209248764909,1.0946510420759867,0.9502916553970432
sub-MCI0295,cuneus,1.074743826555297,1.1434279682994068,0.974519950678675
sub-MCI2005,cuneus,0.764076451374608,0.871995947053998,0.7068949719243083
sub-MCI0271,cuneus,1.0766955711564163,1.0887818756422216,1.3853450340280182
sub-MCI0292,cuneus,1.0732929280489163,0.9277123955735641,0.6290819009908002
sub-MCI2002,cuneus,0.9192282102793348,0.9269427304033329,0.06272764625240572
sub-MCI2008,cuneus,1.0212935753794556,1.0317749972922068,1.2818383620221816
sub-MCI0298,cuneus,0.9257476369686752,0.9006617956790884,0.555502021061914
sub-MCI0191,cuneus,1.0320981621751435,1.0161193626420737,1.0409381503433777
sub-MCI0265,cuneus,0.9193472122994459,0.9046731231173647,1.2227857083986615
sub-MCI2011,cuneus,0.9343423632556733,1.0907794494441512,1.0187945798388431
sub-MCI0281,cuneus,1.089872485511538,1.022466861297462,0.811305624718202
sub-MCI0182,cuneus,0.8819384280750209,1.0032315245951133,1.625737587300627
sub-MCI0111,cuneus,0.9974435560741204,1.0411678655783505,1.091401983787572
sub-MCI1001,cuneus,1.2688161805527505,1.1171702683231082,1.06041585016424
sub-MCI0285,cuneus,0.9436255225347955,1.009775128526439,0.9638443305470543
sub-MCI2015,cuneus,1.0956016625365343,1.1398701181046909,1.0662241704340794
sub-MCI0115,cuneus,0.9356592899536744,0.8603790083189471,0.5928795311083466
sub-MCI0272,cuneus,0.9271864193938816,0.9564698190962321,0.7730557721321483
sub-MCI2006,cuneus,1.209178523037726,1.307026529768828,
sub-MCI0296,cuneus,1.133293505945772,1.0525890302556067,0.9777292496773975
sub-MCI0278,cuneus,1.2354533512654713,0.9374655156808445,0.999139968444715
sub-MCI0195,cuneus,0.9389024905692448,1.055881403718227,1.6195051665735627
sub-MCI0106,cuneus,1.1074528263618806,1.185842078001603,1.6781239996361532
sub-MCI0192,cuneus,1.0268989280007408,0.9626372178792454,1.3787577207761383
sub-MCI0198,cuneus,0.8355221539862125,0.6796586901359971,
sub-MCI0275,cuneus,1.1477272863340675,1.11406292854644,1.0949849846759443
sub-MCI2001,cuneus,0.9212578863493714,1.0667443575190099,1.0743895749006778
sub-MCI0165,cuneus,1.082850531348905,0.9723864213502581,1.1143763180109618
sub-MCI0181,cuneus,1.0526124418975769,1.103524620546915,1.1981756934564682
sub-MCI0282,cuneus,1.1024788195550297,1.0425913613025095,1.247998479885273
sub-MCI2012,cuneus,1.079279495407889,1.0177432522751109,0.5543423847002159
sub-MCI2018,cuneus,1.0812288653842785,1.1467967574515352,1.1411941789201383
sub-MCI0288,cuneus,1.0423611855951873,1.1350562935991872,1.2659422389942323
sub-MCI0280,cuneus,1.036563351924366,1.1156517366232392,1.3719963650153073
sub-MCI0264,cuneus,1.051249323222437,1.042179539904319,0.8085775751590126
sub-MCI0183,cuneus,0.9389386915357093,1.1035189917045012,1.0545616076371314
sub-MCI1004,cuneus,0.8940963559374727,0.9676609317236292,0.6499985231219886
sub-MCI0277,cuneus,1.0090054663303223,1.1264141205636593,1.0415811337281156
sub-MCI0299,cuneus,1.147862972113259,1.198180506832129,0.8663115220038275
sub-MCI2009,cuneus,0.936878781031001,0.9184321114917674,0.3898739009399217
sub-MCI2003,cuneus,1.0799044607894925,1.0937966198963818,1.3066817470862309
sub-MCI0293,cuneus,0.8963036956016712,1.0742962298039855,0.8671398170735666
sub-MCI0190,cuneus,0.9816990153743106,1.063221730331068,1.0330198667631678
sub-MCI0141,cuneus,0.971887460820922,1.0166902740418189,1.0449677815888723
sub-MCI0197,cuneus,1.0313333661460233,0.9957411969233991,0.9661404015004779
sub-MCI0179,cuneus,0.9983757104584798,1.1935405454675474,1.1965713923693488
sub-MCI0173,cuneus,1.0202747773914174,0.9913956922960163,0.959847703320557
sub-MCI0270,cuneus,1.0087584446022109,1.0004900943789776,0.820472908164095
sub-MCI2004,cuneus,1.030371801315663,0.9066310099457756,0.09966738726749547
sub-MCI0294,cuneus,1.1251237101817122,1.1052534875359121,1.0258054431147838
sub-MCI1003,cuneus,1.0461273117421404,1.0943596587732298,1.0710077292842626
sub-MCI0184,cuneus,1.0286677244790148,1.1503393861756188,1.0655680214974572
sub-MCI0269,cuneus,1.2215103981334519,1.083531151122853,1.5050641923848767
sub-MCI0287,cuneus,0.8941837659060405,1.0678687490475236,1.9041494836833013
sub-MCI2017,cuneus,1.0576461991661879,1.054208048297201,1.0646574386322818
sub-MCI0263,cuneus,1.1813960563553014,1.0474052731539125,1.0709413032793746
sub-MCI0113,cuneus,0.9344608436375978,1.127922581564355,1.0636001899188576
sub-MCI0289,cuneus,0.9867281511668994,1.0210745814584172,1.0187094916240655
sub-MCI0267,cuneus,1.1388246723287272,0.9940158071285448,0.6836792726330524
sub-MCI2013,cuneus,0.8716069553118704,0.9758678318851807,0.6067137130820077
sub-MCI0283,cuneus,1.0117962710344979,1.0242847339970145,1.0453885066473503
sub-MCI0199,cuneus,1.042740095658661,1.1095216448900915,1.3974153340964168
sub-MCI0290,cuneus,1.1163520406581904,1.0030026706342632,0.9002294704579819
sub-MCI2000,cuneus,1.1067157783734645,1.156964311769642,1.3202776916642633
sub-MCI0274,cuneus,0.968915623668695,1.1840853367992734,1.4276385446535356
sub-MCI0132,cuneus,1.0732970779646205,1.1460289322289128,1.1978800179563047
sub-MCI0236,cuneus,1.0343912024754764,1.0928163138874847,0.6266982472292986
sub-MCI0297,cuneus,0.9779028103523796,1.1080682176045498,0.8955719171356591
sub-MCI0279,cuneus,1.1933916313765374,1.145515208505081,1.0719920732087012
sub-MCI2007,cuneus,0.8384108968687568,1.1264643057755146,0.0
sub-MCI0273,cuneus,1.0166600273119484,1.0402282169503065,0.8629829803749443
sub-MCI0107,cuneus,0.9417419614321768,0.972159751625447,0.6349883001496385
sub-MCI0170,cuneus,0.7387216517699542,0.9115310200014582,1.136686418036973
sub-MCI0194,cuneus,1.0032334025711562,0.9833890884260179,0.9146510177926699
sub-MCI1000,cuneus,1.1315604749257844,1.0951083457477782,1.2902917675173475
sub-MCI2014,cuneus,1.0878171556495952,1.077793752370996,1.0244697696158789
sub-MCI0284,cuneus,1.061554286839052,1.0129553474605484,
sub-MCI0169,cuneus,0.9562048235225298,1.0334639312452933,0.8739055532681028
sub-MCI1002,entorhinal,0.7659276107669919,0.6489600731471769,1.1225193063968968
sub-MCI2016,entorhinal,0.6364216447110298,0.7158218370028314,0.9219525548566614
sub-MCI0268,entorhinal,0.7956539054872104,0.7469474598422694,0.9275431733376752
sub-MCI0286,entorhinal,0.5653871721577446,0.6819053883674451,0.43242867779828087
sub-MCI0137,entorhinal,0.7627369768910189,0.6631360813000186,0.8301283339559887
sub-MCI0196,entorhinal,0.6823360443655605,0.7135663846536502,0.7730736603047322
sub-MCI0178,entorhinal,0.7304076090045073,0.6967570318273197,0.9494430721267422
sub-MCI0295,entorhinal,0.6262947635245233,0.598628362805136,0.6190794564830652
sub-MCI2005,entorhinal,0.701565994366441,0.6525167251462453,0.8258375215872888
sub-MCI0271,entorhinal,0.545578633478202,0.6386342428268487,0.7940457807563218
sub-MCI0292,entorhinal,0.7325340536866329,0.6321581791284221,0.4326307920549155
sub-MCI2002,entorhinal,0.6795780088653537,0.7374860316704007,0.9507093908094498
sub-MCI2008,entorhinal,0.6201152936731973,0.6370627711256566,0.42030133786334045
sub-MCI0298,entorhinal,0.6506507528064724,0.6604662353632644,0.43253669953138024
sub-MCI0191,entorhinal,0.5938553203203297,0.69164959539806,0.5630205879468132
sub-MCI0265,entorhinal,0.6973180791735593,0.6493508813422444,0.8213124432612137
sub-MCI2011,entorhinal,0.6886803167676226,0.6723455812147736,0.5460871702647223
sub-MCI0281,entorhinal,0.7593029358733979,0.7225612991894238,0.886431655712837
sub-MCI0182,entorhinal,0.6426269087697515,0.6619521453427771,0.8992909953529876
sub-MCI0111,entorhinal,0.7169811654251906,0.6677837744557935,0.7713241265680874
sub-MCI1001,entorhinal,0.7087708732236794,0.6066116150073034,0.42692438234308405
sub-MCI0285,entorhinal,0.6963851867409198,0.5656017246343655,0.4407263146413851
sub-MCI2015,entorhinal,0.6106617920580099,0.6611055008746998,0.6046903697435468
sub-MCI0115,entorhinal,0.7730674320318118,0.6373062137581457,0.4866211357708728
sub-MCI0272,entorhinal,0.6408375481074564,0.753624880806555,1.1348123366728684
sub-MCI2006,entorhinal,0.6723831630691427,0.5869585930382715,inf
sub-MCI0296,entorhinal,0.8221907603794903,0.7424137845721536,0.8773497310026039
sub-MCI0278,entorhinal,0.7932844743880051,0.6209822818326257,0.6602468471089267
sub-MCI0195,entorhinal,0.6333599275597256,0.6585541551479289,0.930934197902373
sub-MCI0106,entorhinal,0.8039403711094517,0.7461677859346066,1.0346220436810358
sub-MCI0192,entorhinal,0.7484133027855988,0.6488474062590222,0.6007337727311253
sub-MCI0198,entorhinal,0.7753252113548077,0.6952649443227144,inf
sub-MCI0275,entorhinal,0.6513082867782629,0.6676625094169876,0.7572259506340033
sub-MCI2001,entorhinal,0.5814044489136282,0.6279496670353601,-0.055671096843310196
sub-MCI0165,entorhinal,0.7704701496971995,0.7481625892394043,1.0009260463201841
sub-MCI0181,entorhinal,0.6295725737668096,0.7392898751979571,0.8011758081670483
sub-MCI0282,entorhinal,0.6959614396534751,0.7236256880489099,0.6401809794990252
sub-MCI2012,entorhinal,0.737203836055567,0.6723484649528648,0.7419591817376692
sub-MCI2018,entorhinal,0.7078650102562786,0.7189683369135184,0.835579193191826
sub-MCI0288,entorhinal,0.6699420047800024,0.6760073261671409,0.5680586435175853
sub-MCI0280,entorhinal,0.6633711301225066,0.5891588446274162,0.5189038875035524
sub-MCI0264,entorhinal,0.6716809006251919,0.6641110479727489,0.7221656396783989
sub-MCI0183,entorhinal,0.7168625549066555,0.7617061614096177,0.9198150228723256
sub-MCI1004,entorhinal,0.7331944688242211,0.669978553223332,0.5972807827835963
sub-MCI0277,entorhinal,0.5653019826273666,0.6299977852950228,0.38588746248866673
sub-MCI0299,entorhinal,0.7385900812748443,0.7288789085083736,0.48999706656582237
sub-MCI2009,entorhinal,0.6292090146239833,0.5760640156244404,0.5734557383325205
sub-MCI2003,entorhinal,0.6561365079294843,0.7807405057776818,0.5055298637247075
sub-MCI0293,entorhinal,0.6328050675472956,0.7047754335937151,0.9874150787129448
sub-MCI0190,entorhinal,0.6708056394924136,0.6873083062318011,0.7743160655559398
sub-MCI0141,entorhinal,0.7635300302598288,0.7039947218714917,0.9170547594017938
sub-MCI0197,entorhinal,0.7646413261117269,0.7761609305009367,1.2944592137753148
sub-MCI0179,entorhinal,0.6062848854274793,0.6547542555911192,0.7469922844177386
sub-MCI0173,entorhinal,0.6941183310858564,0.6736222378744582,0.7744936000764834
sub-MCI0270,entorhinal,0.7828802349881802,0.7004623127001612,0.619589239461762
sub-MCI2004,entorhinal,0.5025000146906528,0.6526318249459048,1.1016711180541068
sub-MCI0294,entorhinal,0.7303454512080464,0.6426235299935024,0.6576730306217673
sub-MCI1003,entorhinal,0.7082657789350646,0.7011225307820554,0.7720462951373002
sub-MCI0184,entorhinal,0.7806340231039741,0.7277432855817507,0.7315876494906421
sub-MCI0269,entorhinal,0.769919317946608,0.6994370932980705,0.7028340265570411
sub-MCI0287,entorhinal,0.6653916006924203,0.4489832423355159,-3.5774813510340078
sub-MCI2017,entorhinal,0.7794227655912565,0.6940264306644167,0.5661865740389326
sub-MCI0263,entorhinal,0.8061356248014323,0.6240868260778035,0.5923886202003431
sub-MCI0113,entorhinal,0.6106112518846495,0.6770006367364093,0.42351372093424955
sub-MCI0289,entorhinal,0.5933139521102194,0.6978511925306372,0.7138367515065179
sub-MCI0267,entorhinal,0.814599380979103,0.8393536451539062,0.7056693450702421
sub-MCI2013,entorhinal,0.6247632246462821,0.6764190957746062,0.47179774326174295
sub-MCI0283,entorhinal,0.7226466710960624,0.6098023146123575,0.46546333459386735
sub-MCI0199,entorhinal,0.7179503230557441,0.731530591250562,0.8960728421535115
sub-MCI0290,entorhinal,0.7780573064998045,0.6599862864789308,0.7603689236703928
sub-MCI2000,entorhinal,0.7169798979538665,0.710020464081216,0.9873809588512539
sub-MCI0274,entorhinal,0.665364681991052,0.7363922345622923,0.5641467849128977
sub-MCI0132,entorhinal,0.6903464722748118,0.6731555002787555,0.6344784194409205
sub-MCI0236,entorhinal,0.652264146249079,0.5668129416845128,0.7022066889811432
sub-MCI0297,entorhinal,0.709881715162715,0.625002838919964,0.6132851916783892
sub-MCI0279,entorhinal,0.7396030627666124,0.7447749878101875,0.27688336052210566
sub-MCI2007,entorhinal,0.7045696483554479,0.8590153045557835,16.790377712722698
sub-MCI0273,entorhinal,0.5498889320723241,0.6237564906531837,0.7043556374122025
sub-MCI0107,entorhinal,0.7892694654193806,0.6425362594514881,0.4968782152166681
sub-MCI0170,entorhinal,0.6004660095021198,0.7592696153782992,1.348919644859528
sub-MCI0194,entorhinal,0.6317631588273855,0.6412861028327373,0.4223526138985536
sub-MCI1000,entorhinal,0.6609068668692896,0.7040450547471251,1.130712879415943
sub-MCI2014,entorhinal,0.6065073416244586,0.6505201953091925,0.605250002258425
sub-MCI0284,entorhinal,0.7357227149859666,0.6604257104039731,inf
sub-MCI0169,entorhinal,0.7490346760949101,0.7690587751941291,0.9470558828642572
sub-MCI1002,fusiform,0.95170040889072,0.836185353571044,1.1484259680469577
sub-MCI2016,fusiform,0.8653634753320392,0.8781467397102879,0.8931228197151362
sub-MCI0268,fusiform,0.928581071850485,0.9931397375386688,1.013973688604893
sub-MCI0286,fusiform,0.803822717662738,0.9820236496969217,0.9934025840043323
sub-MCI0137,fusiform,0.9413742030296978,0.9889989845697068,1.0250091977065434
sub-MCI0196,fusiform,0.952608599474,0.9029429607476527,0.8791777598103012
sub-MCI0178,fusiform,0.9496245584052277,0.8842710496219275,0.9704709374430117
sub-MCI0295,fusiform,0.7916112070452628,0.8549698772736145,0.719965897133044
sub-MCI2005,fusiform,0.8410205524771216,0.8117161733101351,0.6292753669423256
sub-MCI0271,fusiform,0.8275216960440747,0.9222426057824489,1.170982450844622
sub-MCI0292,fusiform,1.0424467794450771,0.9151582171898759,0.7859636845478142
sub-MCI2002,fusiform,0.9143288098002254,0.9458935864954127,1.2456556973628374
sub-MCI2008,fusiform,0.9144404553183267,0.8818245201050147,1.0183816913064012
sub-MCI0298,fusiform,0.7747463463981161,0.8787543400526294,0.3983440465406679
sub-MCI0191,fusiform,0.9220971183478714,0.9668576760408177,0.8429236307527165
sub-MCI0265,fusiform,0.8661309269402535,0.883283191449488,1.2565226615206935
sub-MCI2011,fusiform,0.8905613893781826,0.9543652595486255,0.8728017958413412
sub-MCI0281,fusiform,0.9091939170507358,0.9136751845562618,0.9296273632687354
sub-MCI0182,fusiform,0.8418195235612396,0.9089232445522525,1.2817065333614917
sub-MCI0111,fusiform,0.9244696035064046,0.9533105560113314,1.0370703917946928
sub-MCI1001,fusiform,0.9576061819208623,0.8728957351153369,0.8309337601366042
sub-MCI0285,fusiform,0.8951249003490859,0.6182559328230895,0.7430464378884692
sub-MCI2015,fusiform,0.8744628189573977,0.9904954564852914,1.0032350888330033
sub-MCI0115,fusiform,0.9356129503154981,0.8591880733351251,0.678458303094712
sub-MCI0272,fusiform,0.8415621146377207,0.9048677270499175,1.0259436726857587
sub-MCI2006,fusiform,1.0347274807831461,1.0341663984643372,inf
sub-MCI0296,fusiform,1.0127457941622207,0.9130470573391208,0.9712382072275527
sub-MCI0278,fusiform,0.9680245094048002,0.842523393376603,0.9493047736133335
sub-MCI0195,fusiform,0.8599762951158196,0.9188916092118803,1.236895493734372
sub-MCI0106,fusiform,0.9859290426651341,1.010397070838504,1.251501142501472
sub-MCI0192,fusiform,0.950323810361172,0.892935303620562,1.042439184060941
sub-MCI0198,fusiform,0.963704398400621,0.9093037312531275,-inf
sub-MCI0275,fusiform,0.9509052395742132,0.9221945790616307,0.9838841660213283
sub-MCI2001,fusiform,0.8380583697601438,0.8930078870727097,0.3984604001950079
sub-MCI0165,fusiform,0.8846072744457607,0.8803554353314329,0.9819017112797859
sub-MCI0181,fusiform,0.8384515035449875,0.9695813553004461,1.0450468874440293
sub-MCI0282,fusiform,0.9396429598617346,0.9416813993437304,0.8222008924528045
sub-MCI2012,fusiform,0.9168945508700788,0.8815648754206274,0.5152290160618862
sub-MCI2018,fusiform,0.9734477706816096,0.9664662763715991,1.064294237141742
sub-MCI0288,fusiform,0.8984168277460595,0.8982665719556445,0.9242427213916908
sub-MCI0280,fusiform,0.9113965561729174,0.8347869848986614,0.8898142467824823
sub-MCI0264,fusiform,0.920951818911551,0.8619215421982437,0.8306900169424613
sub-MCI0183,fusiform,0.9166443906001146,1.040650272810584,1.0875756627236777
sub-MCI1004,fusiform,0.9098368773229484,0.840205540704363,0.6659695830566469
sub-MCI0277,fusiform,0.7503072448518434,0.8868449089773144,0.8011315103435404
sub-MCI0299,fusiform,0.9175377762912098,0.9487935124709304,0.8172226598443997
sub-MCI2009,fusiform,0.8572812304565844,0.7464515268856099,0.610858545721965
sub-MCI2003,fusiform,1.0168738427348119,0.9684380577659121,1.0729307742890701
sub-MCI0293,fusiform,0.7661896092302992,0.8815539947785366,0.7772995809750524
sub-MCI0190,fusiform,0.846776525479674,0.9503273591231779,1.0522209547406534
sub-MCI0141,fusiform,0.8600621663423309,0.832559243686548,0.8325313302383629
sub-MCI0197,fusiform,0.9612785388738113,0.8829631412332564,0.7798553585203407
sub-MCI0179,fusiform,0.8146173562711906,0.9163780630895585,0.9625971599624494
sub-MCI0173,fusiform,0.8773127079243754,0.8502299825049376,0.8228742121524624
sub-MCI0270,fusiform,0.9833571075439937,0.9574555829596757,0.7879736223602568
sub-MCI2004,fusiform,0.8409221410646786,0.8920002717713909,1.9713950935186972
sub-MCI0294,fusiform,0.9463110710185977,0.9037565202876129,0.8228137096067824
sub-MCI1003,fusiform,0.8704206818180905,0.8391958339063114,0.8091432517394511
sub-MCI0184,fusiform,0.9025422614595935,0.9390326518346246,1.0992458213025507
sub-MCI0269,fusiform,1.024932971707451,0.882010359141223,0.9084526841260961
sub-MCI0287,fusiform,0.8102304740793885,0.918804678148433,0.5491619572660695
sub-MCI2017,fusiform,0.9535298495008575,0.9088407349863484,0.8819980174438955
sub-MCI0263,fusiform,1.0655955347557893,0.8393236883729903,1.0655463129755103
sub-MCI0113,fusiform,0.7948224263377025,1.0174612222751571,0.8815642413431302
sub-MCI0289,fusiform,0.8841958867850194,0.9086273606940511,0.9333344933540779
sub-MCI0267,fusiform,1.0463956167179052,1.0056514651914807,0.8912974618773468
sub-MCI2013,fusiform,0.7915102509147375,0.8444397753072386,0.6199515615049883
sub-MCI0283,fusiform,0.9194994652266838,0.8831746541838014,0.6696575020542661
sub-MCI0199,fusiform,0.8671660557691679,0.8976129651569266,1.0612511081157152
sub-MCI0290,fusiform,0.9352475975334938,0.8819051180209823,1.0679119078200794
sub-MCI2000,fusiform,0.9733270938191989,0.9461772310488826,1.041588457519365
sub-MCI0274,fusiform,0.8534912860269006,0.953218500483121,1.0900233506679358
sub-MCI0132,fusiform,0.8772069463842813,0.880430994894172,0.8798000975174861
sub-MCI0236,fusiform,0.9700684084631499,0.9699236755636416,0.6731482022209792
sub-MCI0297,fusiform,0.833528251636933,0.8252169075419439,0.7841388921339195
sub-MCI0279,fusiform,0.9747321150396313,0.9527452640163974,0.8936661629934594
sub-MCI2007,fusiform,0.9569976281739416,1.0390256104701079,14.557036074275903
sub-MCI0273,fusiform,0.8329667137248633,0.867389721799848,0.7479979595957242
sub-MCI0107,fusiform,0.9213665960652576,0.9185360793545871,0.801914645589292
sub-MCI0170,fusiform,0.7262505773903815,0.902560407097511,1.2052971871060703
sub-MCI0194,fusiform,0.8313048921971317,0.8365656187450367,0.8290918123696215
sub-MCI1000,fusiform,0.8905639410220457,0.9461337407991072,1.0464446176644278
sub-MCI2014,fusiform,0.8924121821029546,0.8906652715389181,0.6925931424507057
sub-MCI0284,fusiform,0.8933610808063639,0.8077664159915445,inf
sub-MCI0169,fusiform,0.8833442674975289,0.9611482413797436,1.1663655409952556
sub-MCI1002,inferiorparietal,0.9421226500773051,0.7801400594116497,1.4541816115118382
sub-MCI2016,inferiorparietal,0.684720449051677,0.8217100443381848,0.6794463327570681
sub-MCI0268,inferiorparietal,0.8579194462605263,0.8278470819361681,1.3098355161212836
sub-MCI0286,inferiorparietal,0.6078217016490999,0.7891056516465884,1.1079156879726846
sub-MCI0137,inferiorparietal,0.8237804109560501,0.7857537591286301,1.130982140331967
sub-MCI0196,inferiorparietal,0.9633040564709164,0.8581380049210823,1.6991750812859558
sub-MCI0178,inferiorparietal,0.8858709452814394,0.8601062879454031,1.2065539089029422
sub-MCI0295,inferiorparietal,0.7966860171807306,0.8375620753280196,1.079069514631793
sub-MCI2005,inferiorparietal,0.6376235099239372,0.7014413922931447,0.715539939677613
sub-MCI0271,inferiorparietal,0.7554566132521808,0.7291262741946314,1.2667498830692685
sub-MCI0292,inferiorparietal,0.9214518386290961,0.7779733049491739,1.0955433473813452
sub-MCI2002,inferiorparietal,0.8085601081821978,0.6938056120589673,0.000817183681070209
sub-MCI2008,inferiorparietal,0.747808706032636,0.7315654583912158,1.313149013239874
sub-MCI0298,inferiorparietal,0.7804786247134302,0.7207158180886132,1.1459904242210779
sub-MCI0191,inferiorparietal,0.7757455272891876,0.841511671373961,1.1547965337284343
sub-MCI0265,inferiorparietal,0.6926412741771384,0.6563543667570569,1.0034310853339052
sub-MCI2011,inferiorparietal,0.7809740748826051,0.8561476902182289,1.2139376728492148
sub-MCI0281,inferiorparietal,0.9221168314967405,0.8328810213723185,1.2816594873986669
sub-MCI0182,inferiorparietal,0.7223531332544243,0.7629693583621687,1.9899600565874804
sub-MCI0111,inferiorparietal,0.8509152498125586,0.8031169002997907,0.844097415867597
sub-MCI1001,inferiorparietal,0.8680765464514535,0.7870525331452607,1.0310757699750448
sub-MCI0285,inferiorparietal,0.7902381136776506,0.7934601250396277,1.0683498825179973
sub-MCI2015,inferiorparietal,0.7160643137668707,0.8242933040978626,0.9040666384723234
sub-MCI0115,inferiorparietal,0.8410626640769134,0.7553465964420074,1.1495397453775533
sub-MCI0272,inferiorparietal,0.7803644179979318,0.8316821842704537,1.0856675563751053
sub-MCI2006,inferiorparietal,0.769461022565713,1.0128220065131208,
sub-MCI0296,inferiorparietal,0.8075246026407422,0.7598426868811593,1.004761076518966
sub-MCI0278,inferiorparietal,0.8366664280708401,0.733144308238399,0.958704127094883
sub-MCI0195,inferiorparietal,0.8151527459350314,0.8651876840337631,1.6733025100791692
sub-MCI0106,inferiorparietal,0.9074645636971964,0.8923853783686228,1.6647755021176747
sub-MCI0192,inferiorparietal,0.7594414789817758,0.6851063885744421,1.3600544225012605
sub-MCI0198,inferiorparietal,0.8087602351626167,0.5925957647366029,
sub-MCI0275,inferiorparietal,0.8606930670712264,0.7861681264524292,1.276845062399667
sub-MCI2001,inferiorparietal,0.7120632974063212,0.7917496062783479,1.2017464112444092
sub-MCI0165,inferiorparietal,0.8865065057573429,0.7783133018018314,1.1923678325638998
sub-MCI0181,inferiorparietal,0.7881050300949893,0.8820653214381768,1.2766581016744831
sub-MCI0282,inferiorparietal,0.8191532582027126,0.8247034814214705,1.2191783126928148
sub-MCI2012,inferiorparietal,0.7542052682796047,0.6998355812638897,0.6787303724207481
sub-MCI2018,inferiorparietal,0.8745759710086585,0.9309898394815008,1.1523277841338257
sub-MCI0288,inferiorparietal,0.8625288485181946,0.8351599648204828,1.6164806917499868
sub-MCI0280,inferiorparietal,0.8317177297581818,0.8587612364035542,1.557644143413395
sub-MCI0264,inferiorparietal,0.7643648367887078,0.7724041056571365,1.0018571344493115
sub-MCI0183,inferiorparietal,0.7132438468039732,0.8733440348728431,1.393749672047691
sub-MCI1004,inferiorparietal,0.5627361350320594,0.7085657692577484,0.9053256801275232
sub-MCI0277,inferiorparietal,0.7712163305899874,0.859935305627483,1.1678842254782158
sub-MCI0299,inferiorparietal,0.8413168534287242,0.9039708688806455,0.7948050188149265
sub-MCI2009,inferiorparietal,0.6914888235611805,0.6822726863042547,0.5454751785774956
sub-MCI2003,inferiorparietal,0.8484292997343711,0.8629814612609689,1.2991826921596863
sub-MCI0293,inferiorparietal,0.6266202882237628,0.877024820083394,0.9584243325677451
sub-MCI0190,inferiorparietal,0.8354538225779029,0.8398052412988724,1.2785994432468701
sub-MCI0141,inferiorparietal,0.8578760474193162,0.838087884130094,1.1583972948221763
sub-MCI0197,inferiorparietal,0.8116535185246996,0.7511209036514104,0.9802659252531747
sub-MCI0179,inferiorparietal,0.6809091318149343,0.7933238401927991,1.1225270842380526
sub-MCI0173,inferiorparietal,0.8289436890182871,0.8186180911382644,1.1852749586497742
sub-MCI0270,inferiorparietal,0.8352304101788274,0.7640326966924448,1.0013169444324945
sub-MCI2004,inferiorparietal,0.8887364707967357,0.7116672832377445,0.004404610814447033
sub-MCI0294,inferiorparietal,0.7882597645843172,0.8228216950341128,1.2194837657669768
sub-MCI1003,inferiorparietal,0.8004789782725075,0.8468973023557614,1.4900776366448973
sub-MCI0184,inferiorparietal,0.829423247256139,0.847077842987968,0.8938009667764311
sub-MCI0269,inferiorparietal,0.9791826427116902,0.8304041991931563,1.592519951388918
sub-MCI0287,inferiorparietal,0.846469669407216,0.9895752646774236,2.819874090908848
sub-MCI2017,inferiorparietal,0.8485243431314647,0.7617435935455877,1.33328647563963
sub-MCI0263,inferiorparietal,0.9674234749206809,0.7986892853432012,1.248823129075459
sub-MCI0113,inferiorparietal,0.7195857306909582,0.8451703145857343,1.135253318550797
sub-MCI0289,inferiorparietal,0.7860855732638129,0.8312575234557208,1.4308730229445596
sub-MCI0267,inferiorparietal,0.959881102059948,0.8547291716436393,0.12725888441474334
sub-MCI2013,inferiorparietal,0.7131318527049083,0.8518795304926536,1.0822883521946238
sub-MCI0283,inferiorparietal,0.7980560231292427,0.799265580834168,0.9801889079249742
sub-MCI0199,inferiorparietal,0.7931646153177975,0.8062872884912966,1.4274224430350597
sub-MCI0290,inferiorparietal,0.8765152264179615,0.8019692339694514,1.1160391689721718
sub-MCI2000,inferiorparietal,0.8708289042715169,0.8376996950417601,1.3890438492730353
sub-MCI0274,inferiorparietal,0.8064157242534747,0.8924349383014846,1.456094214972151
sub-MCI0132,inferiorparietal,0.820623926452128,0.8400848237621273,1.3302647417194058
sub-MCI0236,inferiorparietal,0.8134483514344842,0.8048756191566654,1.0411309202035701
sub-MCI0297,inferiorparietal,0.7987607658962049,0.830096668672777,1.0911166766961395
sub-MCI0279,inferiorparietal,0.7788607872731926,0.91247971158835,0.9272383220607563
sub-MCI2007,inferiorparietal,0.7291984194441821,0.9004932405410034,0.0
sub-MCI0273,inferiorparietal,0.7882301268474543,0.844995348047285,1.328194742331855
sub-MCI0107,inferiorparietal,0.7851069972761919,0.7063096222205529,0.7662618092486341
sub-MCI0170,inferiorparietal,0.6000160554331843,0.62381808130342,0.962000443183138
sub-MCI0194,inferiorparietal,0.7925779784735725,0.7969232222318959,0.9735608643386038
sub-MCI1000,inferiorparietal,0.8719315956162275,0.7918912937245911,1.2446137404506494
sub-MCI2014,inferiorparietal,0.6907507410390344,0.7989413957892225,1.3222069338476645
sub-MCI0284,inferiorparietal,0.8761577737446358,0.8633595520078466,
sub-MCI0169,inferiorparietal,0.7590317621110493,0.7969648055303427,1.0376164566498565
sub-MCI1002,inferiortemporal,0.8391491309094409,0.6416053759020153,1.1179574478490506
sub-MCI2016,inferiortemporal,0.589884572620607,0.6858591960173664,0.7445771419353175
sub-MCI0268,inferiortemporal,0.7858945910274944,0.8042606444714892,0.7921532347393828
sub-MCI0286,inferiortemporal,0.6037421609274872,0.7398287393942269,0.7370426750863123
sub-MCI0137,inferiortemporal,0.7928441861815639,0.7334316590707293,0.7476955405510313
sub-MCI0196,inferiortemporal,0.7301922646069721,0.6658395356188846,1.0170225622493012
sub-MCI0178,inferiortemporal,0.8074497708360507,0.7377406511938003,1.0435869988868773
sub-MCI0295,inferiortemporal,0.6284364225842225,0.6287565717064655,0.6894303251644939
sub-MCI2005,inferiortemporal,0.6192858713317206,0.5873705539543185,0.6833149781879154
sub-MCI0271,inferiortemporal,0.6693826451350345,0.7017820079569183,0.9040460843336862
sub-MCI0292,inferiortemporal,0.7962385458660023,0.6964906252820884,0.9020751234561903
sub-MCI2002,inferiortemporal,0.8203353701081467,0.7430448600689986,1.3424464074462563
sub-MCI2008,inferiortemporal,0.782710199028213,0.6833344539261708,0.7974482004170221
sub-MCI0298,inferiortemporal,0.673216572895526,0.6736755828942765,0.7007748678442851
sub-MCI0191,inferiortemporal,0.670268938881663,0.7849196295501751,0.7995361658760656
sub-MCI0265,inferiortemporal,0.6874543613648361,0.6605126457219653,0.615654046121423
sub-MCI2011,inferiortemporal,0.7289100944138144,0.7187822195415607,0.5931746110264718
sub-MCI0281,inferiortemporal,0.7535890529075784,0.7953611586325232,1.0505195271619248
sub-MCI0182,inferiortemporal,0.7236398330089878,0.6902120948014033,0.48255156704821106
sub-MCI0111,inferiortemporal,0.7463984688261343,0.6918692544595803,0.7981852161670187
sub-MCI1001,inferiortemporal,0.7110706664456018,0.6870857901543573,0.48102576216820986
sub-MCI0285,inferiortemporal,0.6878078894130771,0.6122485264624898,0.5615555337065209
sub-MCI2015,inferiortemporal,0.5877995298968918,0.7397436150376691,0.6907911567961248
sub-MCI0115,inferiortemporal,0.7797690016358375,0.6576795896601536,0.5464145289848323
sub-MCI0272,inferiortemporal,0.6399711505955056,0.7798580182182463,1.3413694608546483
sub-MCI2006,inferiortemporal,0.7426159104783052,0.7191663687090804,inf
sub-MCI0296,inferiortemporal,0.7419044028486546,0.7026860033466585,0.9232497834994808
sub-MCI0278,inferiortemporal,0.7526008345066414,0.6513084308952481,0.9999951881063587
sub-MCI0195,inferiortemporal,0.6266553240646132,0.6368489316003845,1.1540442346710158
sub-MCI0106,inferiortemporal,0.8431772987925827,0.8280868794083619,0.8325523659995382
sub-MCI0192,inferiortemporal,0.7114719199580716,0.7025763589282495,0.816823136055271
sub-MCI0198,inferiortemporal,0.8586571304541266,0.641760051118529,inf
sub-MCI0275,inferiortemporal,0.6988887019877585,0.6929527783290091,0.7352996302793449
sub-MCI2001,inferiortemporal,0.6829496076683212,0.7126047894493761,0.10112099788993621
sub-MCI0165,inferiortemporal,0.7743740020369787,0.6856175683959347,1.002477319656492
sub-MCI0181,inferiortemporal,0.6181486399555932,0.7583717582248062,0.9076352401197985
sub-MCI0282,inferiortemporal,0.7436294337176169,0.8335572180025302,0.718664563067599
sub-MCI2012,inferiortemporal,0.7331727175068244,0.6721961029681042,0.5049242232706569
sub-MCI2018,inferiortemporal,0.7858851179036861,0.6939392443357568,0.827011752796366
sub-MCI0288,inferiortemporal,0.7118501350602551,0.7107487035196443,0.622382250173629
sub-MCI0280,inferiortemporal,0.6533297145663575,0.5801438112315905,0.34195859529197953
sub-MCI0264,inferiortemporal,0.6976064712485193,0.6710923989424091,0.746145631630259
sub-MCI0183,inferiortemporal,0.6205877076456002,0.8247729378459786,0.968188890684781
sub-MCI1004,inferiortemporal,0.6359365703268197,0.6614064713085543,0.7438832785435822
sub-MCI0277,inferiortemporal,0.6226422368997939,0.7512737447635988,0.6386190393789651
sub-MCI0299,inferiortemporal,0.7633294218288309,0.7750468374168227,0.33979656317378876
sub-MCI2009,inferiortemporal,0.6838019845398425,0.5493841553753481,0.3929126791719381
sub-MCI2003,inferiortemporal,0.7664597014559259,0.8342011882785471,0.7616330976432161
sub-MCI0293,inferiortemporal,0.5775971210833927,0.5896980133903705,1.0677601902891114
sub-MCI0190,inferiortemporal,0.7094639632528685,0.7705362431228436,0.8603558888614581
sub-MCI0141,inferiortemporal,0.7776917854149734,0.6614338512813579,0.8393977866331681
sub-MCI0197,inferiortemporal,0.7788551996291584,0.7488327514285992,0.9107950409255382
sub-MCI0179,inferiortemporal,0.6748894926462294,0.6961449995315003,0.9358409187683303
sub-MCI0173,inferiortemporal,0.7704563122034459,0.6799543262244808,0.8990764652232317
sub-MCI0270,inferiortemporal,0.8405043912254025,0.7768172570292557,0.6713714435140757
sub-MCI2004,inferiortemporal,0.7797974178486841,0.6842609844413328,1.9426568498982073
sub-MCI0294,inferiortemporal,0.7038740967532682,0.6941206702032536,0.72676735813311
sub-MCI1003,inferiortemporal,0.6379011389542316,0.6411040649883414,0.9617485102947841
sub-MCI0184,inferiortemporal,0.8007588821877185,0.732972774560703,0.7939363362389822
sub-MCI0269,inferiortemporal,0.8753802361704349,0.7009877343701068,1.5275084058221011
sub-MCI0287,inferiortemporal,0.8072305972453264,0.6387279782207822,-1.9989161446016614
sub-MCI2017,inferiortemporal,0.7752217615708223,0.6963988829060535,0.7799001180548101
sub-MCI0263,inferiortemporal,0.8174805579273673,0.6503854447864562,0.8590010436397638
sub-MCI0113,inferiortemporal,0.6097274514964561,0.783859880630506,0.598704854775811
sub-MCI0289,inferiortemporal,0.6927075683324784,0.7306789922043146,0.8622589626748378
sub-MCI0267,inferiortemporal,0.8887653104271691,0.86806155559646,1.343310623718925
sub-MCI2013,inferiortemporal,0.6342658609935073,0.685418744209407,0.7489168929123453
sub-MCI0283,inferiortemporal,0.7453816612604164,0.6690830217966004,0.30259379744193426
sub-MCI0199,inferiortemporal,0.7128899119305593,0.6903714664910586,0.9217546268788863
sub-MCI0290,inferiortemporal,0.773496701684431,0.718052966863888,0.8965763151682066
sub-MCI2000,inferiortemporal,0.7896739687676243,0.7968824701290673,0.9661373066339617
sub-MCI0274,inferiortemporal,0.6901938851188756,0.7246115242062683,0.8172404821713649
sub-MCI0132,inferiortemporal,0.6793517037548902,0.6388051463457848,0.7115071339144123
sub-MCI0236,inferiortemporal,0.7701647124746385,0.6850425447195926,0.6344546105306871
sub-MCI0297,inferiortemporal,0.7479427463311731,0.6306885180525167,0.683797870550017
sub-MCI0279,inferiortemporal,0.6878603940571696,0.7507911953548867,0.4731642324295308
sub-MCI2007,inferiortemporal,0.8088186071635224,0.859859346475337,14.18489685597753
sub-MCI0273,inferiortemporal,0.6510443735976713,0.6797016706561747,0.8600706817336777
sub-MCI0107,inferiortemporal,0.8370756367569463,0.6955662406388282,0.8732069391767201
sub-MCI0170,inferiortemporal,0.6423135979434647,0.7524519890124052,1.5776300048420262
sub-MCI0194,inferiortemporal,0.725672464515683,0.7241453748966977,0.48268848032100814
sub-MCI1000,inferiortemporal,0.727605053198773,0.7545652048411043,1.1755851690964245
sub-MCI2014,inferiortemporal,0.6554007389756652,0.731352316230107,0.7432934239344843
sub-MCI0284,inferiortemporal,0.7924411734977473,0.6605854806869701,inf
sub-MCI0169,inferiortemporal,0.7332423199605099,0.7920376146609488,0.8809423641825437
sub-MCI1002,insula,0.9196812611024179,0.9721359079280643,1.1247619604580066
sub-MCI2016,insula,0.8060335385688087,0.9194330376629921,0.9527262304106098
sub-MCI0268,insula,0.8418109340501685,0.9668793345063249,1.024489706511957
sub-MCI0286,insula,0.7113382492354764,0.9843556190813713,1.0303921350857697
sub-MCI0137,insula,0.8959875251831088,0.9152017217764925,0.9480099088074286
sub-MCI0196,insula,0.9556936212842425,0.969761131253475,1.1529912176649788
sub-MCI0178,insula,0.9707837083009838,0.925138944297604,1.0323961192183564
sub-MCI0295,insula,0.7631642958721582,0.9268371843022295,0.9520957175056147
sub-MCI2005,insula,0.8157665871096341,0.864464956844143,0.8587958530521975
sub-MCI0271,insula,0.7911263586920051,0.9270093885948788,1.1254296603053837
sub-MCI0292,insula,0.9202069017250529,0.9270195196316406,0.8045945705757437
sub-MCI2002,insula,0.8431959300805566,0.9383797531304406,0.6252723578665238
sub-MCI2008,insula,0.8387852844283328,0.8987775800614638,1.0695073853008517
sub-MCI0298,insula,0.7501277918434284,0.9320865448743024,0.9467428778791179
sub-MCI0191,insula,0.8896775792955106,0.9634247217650022,0.8844320368839688
sub-MCI0265,insula,0.8815887077925615,0.9553849058834795,0.8741710467162218
sub-MCI2011,insula,0.7209992941402444,0.8874272748400901,0.7923898434007249
sub-MCI0281,insula,0.9879639960409919,0.9734790807152947,1.1652666656105652
sub-MCI0182,insula,0.8680831239676781,0.9661444631209888,1.5716901634872507
sub-MCI0111,insula,0.9329903217053821,0.9839503959052219,0.9856297744721746
sub-MCI1001,insula,0.8834146479285875,0.9025174325426366,0.8046130004348344
sub-MCI0285,insula,0.9471227006118395,0.9220687842584485,1.0728389680509962
sub-MCI2015,insula,0.8817103018257907,0.8813593942655937,0.858677102745881
sub-MCI0115,insula,0.9665041076108484,0.9014046941709907,0.9913046340495528
sub-MCI0272,insula,0.714367636033101,0.9159251901690899,0.8940260759901714
sub-MCI2006,insula,0.9542495167660644,0.974450140994144,
sub-MCI0296,insula,1.0325624492200658,0.9427588451000393,0.882960113871448
sub-MCI0278,insula,0.9992416643928591,0.8537623416836887,0.8761318327797364
sub-MCI0195,insula,0.862156708860037,0.983727317950854,1.1709994650271902
sub-MCI0106,insula,0.8967070914382684,1.0100438266312026,1.38820332579112
sub-MCI0192,insula,0.9790422169652362,0.9207262310930867,1.0111935619563948
sub-MCI0198,insula,0.8483668855067555,0.9457599830002898,
sub-MCI0275,insula,0.9117245855471492,0.8943197383405864,0.9868970081700846
sub-MCI2001,insula,0.949938074602118,0.9449518899889084,1.0030017733047611
sub-MCI0165,insula,0.9213044217197953,0.9632414486613716,1.0883470631805399
sub-MCI0181,insula,0.8795184992250096,1.036283607320105,1.1725030018979077
sub-MCI0282,insula,0.9826698055789338,0.9361230718003278,0.9343178237140273
sub-MCI2012,insula,0.9059764398959907,0.8999031088920518,1.0242607074631869
sub-MCI2018,insula,0.8065039207647389,0.9545570669454906,0.7181874035042378
sub-MCI0288,insula,0.9699566969199486,1.0191701134157327,1.222690096869024
sub-MCI0280,insula,0.9053166203399273,0.9467609146837602,0.7851348697525906
sub-MCI0264,insula,1.0195052505445785,0.9504296155169648,1.0377013136969409
sub-MCI0183,insula,0.9179388203837092,0.997168748627171,1.0887391642010003
sub-MCI1004,insula,0.9305317793752675,0.914162573910919,0.8379773007899556
sub-MCI0277,insula,0.731265406412621,0.8646277170508208,0.8346465196464272
sub-MCI0299,insula,0.8415396930482468,0.9999869378599584,1.090022605541253
sub-MCI2009,insula,0.9334089549481148,0.898563039689702,0.9441205341492529
sub-MCI2003,insula,0.9982328943043115,1.077445276587417,1.189545907237117
sub-MCI0293,insula,0.8466720764160941,0.9388048451107857,1.0268541824820678
sub-MCI0190,insula,0.7478351758467431,0.882671454328998,1.007912591001445
sub-MCI0141,insula,0.8839575549612311,0.9489789109775473,1.021367437942829
sub-MCI0197,insula,0.8852886098321752,0.9284846538721215,0.9716762776889643
sub-MCI0179,insula,0.8124485872217505,0.95150507483919,1.0809464185203628
sub-MCI0173,insula,0.9494961690077682,0.9278730186919633,0.9855876666391169
sub-MCI0270,insula,0.878156103321268,1.0094343069201035,0.9464782884160076
sub-MCI2004,insula,0.7962304777444992,0.8941277963258806,1.719149028602831
sub-MCI0294,insula,0.8365512178801073,0.8976794285422829,0.9078183470542852
sub-MCI1003,insula,0.9579036981220024,0.9428527527531801,1.0576523389003984
sub-MCI0184,insula,0.8403737820566103,0.9189603149771235,0.8920527285824001
sub-MCI0269,insula,0.8850316950814101,0.8926657241049427,1.1174037737494689
sub-MCI0287,insula,0.9007482591727498,0.9382123086713835,0.31562937638258454
sub-MCI2017,insula,0.9353614647925951,0.9071370254239193,0.9722477848458034
sub-MCI0263,insula,0.8783601897149373,0.8612248790711413,0.959829825427126
sub-MCI0113,insula,0.7806474780529146,1.0277436675720832,1.0630668979996822
sub-MCI0289,insula,0.9330094570461694,1.004448319306751,1.2646971768219835
sub-MCI0267,insula,0.9129368091136034,0.9842690549537875,0.4860530534519523
sub-MCI2013,insula,0.8516256059929513,0.9421528806320928,1.111021002730922
sub-MCI0283,insula,0.8432493218546191,0.9064678983052463,1.0145129135052338
sub-MCI0199,insula,0.905186005123659,1.0230383781290722,1.3799995077675553
sub-MCI0290,insula,0.9142558374630727,0.931387492757532,0.8757852116489405
sub-MCI2000,insula,0.9685172876942963,0.9903786925689129,1.1278444982197766
sub-MCI0274,insula,0.8195734808658631,1.0137416345513308,1.2016560042451623
sub-MCI0132,insula,0.8316857126160969,0.9612338677691361,1.041601666846628
sub-MCI0236,insula,0.7089262937803171,0.8470635082340038,0.8475493908259324
sub-MCI0297,insula,0.7419090444105042,0.8599432959248501,0.8724346661051952
sub-MCI0279,insula,1.0147016587357505,0.8845281465379651,0.6894537225567863
sub-MCI2007,insula,0.8109827870167577,1.0009739234768869,1.2389766991397742
sub-MCI0273,insula,0.8613557621503203,1.0229786778052978,1.2356721006181528
sub-MCI0107,insula,0.8661478560169509,0.9239871788816263,0.9395453639661748
sub-MCI0170,insula,0.6882120006140415,0.9246986365086117,1.010468080979577
sub-MCI0194,insula,0.8606031985426326,0.9799250766279803,0.9777630040202507
sub-MCI1000,insula,0.8676867179155371,0.9659064106086568,0.9666629189441894
sub-MCI2014,insula,0.8292183231026755,0.8996858029901589,1.0213832898199708
sub-MCI0284,insula,0.7106171976398477,0.9049516142687506,
sub-MCI0169,insula,0.8124164373750227,0.9352353218635918,1.0163258658729626
sub-MCI1002,isthmuscingulate,1.005109754431993,1.2135666257406637,1.5920511794275962
sub-MCI2016,isthmuscingulate,0.9345590551507627,1.0643099066425374,1.1227118455458558
sub-MCI0268,isthmuscingulate,1.0900709547425578,1.123490191643192,1.3421472050666428
sub-MCI0286,isthmuscingulate,0.6469579921846621,1.0212997052361257,0.8900375520409446
sub-MCI0137,isthmuscingulate,0.9322300082684165,1.0549081527417192,1.3337749842015412
sub-MCI0196,isthmuscingulate,1.0873600904004874,1.1226408914587838,1.2313101031426448
sub-MCI0178,isthmuscingulate,1.0704150702489954,1.0258621818640563,1.0406250655209819
sub-MCI0295,isthmuscingulate,0.9302501652180055,1.0491703551551368,0.9084908134881746
sub-MCI2005,isthmuscingulate,1.083352118052182,1.125156422485869,1.0507716070887745
sub-MCI0271,isthmuscingulate,1.066585525018725,1.0975958671613293,1.305842876752614
sub-MCI0292,isthmuscingulate,1.049804813785313,1.0744273944521616,0.8028440299405091
sub-MCI2002,isthmuscingulate,0.9652678348479163,1.0494808735443029,0.5309673142578731
sub-MCI2008,isthmuscingulate,0.9593621498437196,1.1379317205065698,1.4954834552449752
sub-MCI0298,isthmuscingulate,0.8639622342654685,1.075114094660576,0.6470001473406997
sub-MCI0191,isthmuscingulate,1.20583498156108,1.0875990529648172,1.0729968637557952
sub-MCI0265,isthmuscingulate,1.010453606121314,1.047331221656856,1.0342902225231576
sub-MCI2011,isthmuscingulate,0.9383616162338142,1.05696535085055,0.9895573111135173
sub-MCI0281,isthmuscingulate,1.1175212298299602,1.0301797673370137,1.1891917983827556
sub-MCI0182,isthmuscingulate,1.0476724338856884,1.0710831218842625,2.170028625359072
sub-MCI0111,isthmuscingulate,1.1000533696263133,1.1074013129773486,1.0560771018687183
sub-MCI1001,isthmuscingulate,1.127509818155829,1.0823986935635113,0.9887822373777252
sub-MCI0285,isthmuscingulate,0.9205152583468322,1.04970906264791,0.8352228229883876
sub-MCI2015,isthmuscingulate,1.05090157171722,1.0114720467571032,1.1773505960508215
sub-MCI0115,isthmuscingulate,1.1277691292409484,0.949834784264045,0.856868936037985
sub-MCI0272,isthmuscingulate,0.8619539553455164,1.0232224767994866,0.7141396536396329
sub-MCI2006,isthmuscingulate,1.1583374959770663,1.1854966257323047,
sub-MCI0296,isthmuscingulate,1.1132313100743503,1.0555791037884412,0.8323653916521695
sub-MCI0278,isthmuscingulate,1.128228114393282,1.0068393175998802,1.0913898379603268
sub-MCI0195,isthmuscingulate,0.992073935826868,1.0757152560326158,1.5096457720790484
sub-MCI0106,isthmuscingulate,1.0986641121707679,1.2213533295632673,1.7507096921903196
sub-MCI0192,isthmuscingulate,1.1221249560134168,1.0016268588290307,1.4091645571517377
sub-MCI0198,isthmuscingulate,1.041901023564974,0.9837655697070787,
sub-MCI0275,isthmuscingulate,0.9837152189017806,0.9691334054960142,1.0728730581235948
sub-MCI2001,isthmuscingulate,0.9722987407502177,1.0047134138571994,0.9825385459562458
sub-MCI0165,isthmuscingulate,1.0927632535510456,1.0520717684000365,1.2651144723948358
sub-MCI0181,isthmuscingulate,1.0054560922802591,1.0540024836049864,1.3074134950973193
sub-MCI0282,isthmuscingulate,1.1264894509862768,1.0391007225756104,1.1712249966901995
sub-MCI2012,isthmuscingulate,1.0795972505383984,0.9367832861578999,0.867953396912856
sub-MCI2018,isthmuscingulate,1.0695877151796038,1.1497029461903838,1.1313149913400147
sub-MCI0288,isthmuscingulate,1.0487646100770742,1.0767209332130159,1.1266971945439597
sub-MCI0280,isthmuscingulate,1.0305837472465602,1.1068906790890387,1.339887732775782
sub-MCI0264,isthmuscingulate,1.0068126275109819,1.0512803369803638,0.8816556626409886
sub-MCI0183,isthmuscingulate,1.0511376945147086,1.196315467808775,1.374869920167848
sub-MCI1004,isthmuscingulate,1.1440102800829928,1.027208387037464,1.039308497082045
sub-MCI0277,isthmuscingulate,1.0295484133802584,1.1506870808847882,1.0614431741641517
sub-MCI0299,isthmuscingulate,1.0622886006753187,1.2094205826775604,1.0113134312545546
sub-MCI2009,isthmuscingulate,1.023303050983047,0.9353314456641795,0.5486422799228687
sub-MCI2003,isthmuscingulate,1.1152258736360134,1.1487039774812,1.315266691274736
sub-MCI0293,isthmuscingulate,0.8731128590468425,1.0438332879765695,0.9373282306208571
sub-MCI0190,isthmuscingulate,0.9830401629650901,1.105283225582428,1.1864820976623651
sub-MCI0141,isthmuscingulate,1.0359879764849487,1.0768824615130743,1.0951498012922267
sub-MCI0197,isthmuscingulate,1.0969266802407505,1.0056158321294977,1.055548979054811
sub-MCI0179,isthmuscingulate,0.9758465232054542,0.9998975574569208,1.1733296571848773
sub-MCI0173,isthmuscingulate,1.0458860744803318,1.0075829984852178,1.0215017595515412
sub-MCI0270,isthmuscingulate,1.107299849756182,1.1073756383322224,0.9565210801783243
sub-MCI2004,isthmuscingulate,0.9073244280822627,0.9768469444912733,1.6540893828108318
sub-MCI0294,isthmuscingulate,1.0461034591278833,1.04997073950838,0.9171057578403279
sub-MCI1003,isthmuscingulate,1.055644092330971,1.068104199926456,1.1049579296924583
sub-MCI0184,isthmuscingulate,1.0258334786606316,1.0880816835011224,1.1700795111256805
sub-MCI0269,isthmuscingulate,1.1663908979732427,0.994895890434768,0.6663149854294004
sub-MCI0287,isthmuscingulate,1.0493187836315945,1.102316911269844,1.177004809615962
sub-MCI2017,isthmuscingulate,1.2217038254855912,1.0904918690312246,1.2491944231565613
sub-MCI0263,isthmuscingulate,1.1489210145929927,1.0855568573177745,0.9936969454393341
sub-MCI0113,isthmuscingulate,0.9825617604243874,1.1951805405533658,1.398972421678461
sub-MCI0289,isthmuscingulate,1.0130711282964404,1.1052168435581315,1.2213153806838208
sub-MCI0267,isthmuscingulate,1.1938189859733506,1.098033646261834,0.8768316160767583
sub-MCI2013,isthmuscingulate,0.8289351551068787,0.9926185445359091,0.7781334769572101
sub-MCI0283,isthmuscingulate,1.0038509348471598,1.0472994378266283,1.0990904951812688
sub-MCI0199,isthmuscingulate,1.0498699536933436,1.0878616901060512,1.3112520651525355
sub-MCI0290,isthmuscingulate,1.0939392566319335,1.089178255985137,0.8232707355247378
sub-MCI2000,isthmuscingulate,1.1705719110588928,1.1852002817150318,1.4423567404861244
sub-MCI0274,isthmuscingulate,0.9300316853699938,1.222876332678946,1.4364005949986096
sub-MCI0132,isthmuscingulate,1.151247631224548,1.268317740525221,1.5243069643002556
sub-MCI0236,isthmuscingulate,0.9233747589573684,1.0265631261946582,0.7260579956394686
sub-MCI0297,isthmuscingulate,0.9660768939472227,1.0609240036093153,0.958622811267401
sub-MCI0279,isthmuscingulate,1.142409093819747,1.0808031315623066,1.1449912295348583
sub-MCI2007,isthmuscingulate,1.0718955342039826,1.2360188914309667,1.357280788032669
sub-MCI0273,isthmuscingulate,1.0099551057499017,1.1038391602807716,0.8248303501623826
sub-MCI0107,isthmuscingulate,1.028690050456095,1.01265628485716,0.8568158212120485
sub-MCI0170,isthmuscingulate,0.8331272763934686,0.9316360059246713,1.3078406607609618
sub-MCI0194,isthmuscingulate,0.9776628690549299,1.0461922077061905,0.9660784253432239
sub-MCI1000,isthmuscingulate,1.0324460186420958,1.0856142935441022,0.984246643616501
sub-MCI2014,isthmuscingulate,1.0293993170945643,0.9962920905359746,0.7040549358877801
sub-MCI0284,isthmuscingulate,0.9324812835852881,0.9782748635667755,
sub-MCI0169,isthmuscingulate,1.0578421881148132,1.1369961986568597,1.135620366438756
sub-MCI1002,lateraloccipital,0.9728135977706748,0.8213125757643165,1.5960041000616614
sub-MCI2016,lateraloccipital,0.7862407588158505,0.8383782930940105,0.7241717025727574
sub-MCI0268,lateraloccipital,0.9725232587218035,0.9459800135364007,1.202089213620354
sub-MCI0286,lateraloccipital,0.744851532998314,0.866900953932974,1.3248661642315145
sub-MCI0137,lateraloccipital,0.91813969819541,0.8405321497182054,0.8100989199197197
sub-MCI0196,lateraloccipital,0.9049996265652507,0.8462222218208881,1.456243490238428
sub-MCI0178,lateraloccipital,0.9068705693087463,0.8697671062803246,1.0244153988669322
sub-MCI0295,lateraloccipital,0.8248779934060806,0.8340354811870329,1.0765516093024543
sub-MCI2005,lateraloccipital,0.6549427507600848,0.6901022763295327,0.8117444668377249
sub-MCI0271,lateraloccipital,0.8172222215504413,0.8392421926399077,1.1922251705759832
sub-MCI0292,lateraloccipital,0.9708283598099687,0.8298570445883386,0.9570322699173577
sub-MCI2002,lateraloccipital,0.9082446236078034,0.823597137071068,0.4774177012213387
sub-MCI2008,lateraloccipital,0.8483823297052198,0.7599182983405124,1.1949733681261807
sub-MCI0298,lateraloccipital,0.7866063681468984,0.7148199270609188,0.7147367799072689
sub-MCI0191,lateraloccipital,0.8479350593544005,0.9420383297813316,1.2749722293699768
sub-MCI0265,lateraloccipital,0.8328541233703792,0.7146267166635102,0.9108352154948419
sub-MCI2011,lateraloccipital,0.8242661516510964,0.8502527337951974,0.8355136600872753
sub-MCI0281,lateraloccipital,0.9816426289034106,0.930141626370985,1.485058291886026
sub-MCI0182,lateraloccipital,0.8198347986408357,0.8571044250944096,1.1666876940983413
sub-MCI0111,lateraloccipital,0.8364444416644522,0.8750875009684451,0.8562592358916445
sub-MCI1001,lateraloccipital,0.9653915610974094,0.8912979545425709,0.7129657622686286
sub-MCI0285,lateraloccipital,0.8018683194912914,0.6222056846716171,0.39238167016333064
sub-MCI2015,lateraloccipital,0.8411939827144926,0.9839746001280266,1.162374928669341
sub-MCI0115,lateraloccipital,0.894648110226771,0.7674164955483028,1.203456229982213
sub-MCI0272,lateraloccipital,0.8164176503253121,0.8659550255338074,0.9453059120978267
sub-MCI2006,lateraloccipital,0.7781445444206044,0.8642237800609212,inf
sub-MCI0296,lateraloccipital,0.8800832064722147,0.8179156850901195,1.0101117462995377
sub-MCI0278,lateraloccipital,1.0150509252048738,0.8419139566462678,1.246779786206658
sub-MCI0195,lateraloccipital,0.8728598230053065,0.8955428605691453,1.711320227722922
sub-MCI0106,lateraloccipital,0.9042535931880556,0.919613109608843,0.900396964092857
sub-MCI0192,lateraloccipital,0.8528228402399932,0.7233444266328387,1.5593185648381298
sub-MCI0198,lateraloccipital,0.8346486859206571,0.5520858938894961,
sub-MCI0275,lateraloccipital,0.9744079132677811,0.8881555685200035,1.388817215030326
sub-MCI2001,lateraloccipital,0.7985001370656336,0.8522505803273231,0.506842351811517
sub-MCI0165,lateraloccipital,0.9470310140015041,0.8418401940483143,1.2362423758739711
sub-MCI0181,lateraloccipital,0.8551304956596565,0.9189898044590445,1.3587617623352006
sub-MCI0282,lateraloccipital,0.9517106047024788,0.9479844333165839,1.0768308348949995
sub-MCI2012,lateraloccipital,0.8481070873913709,0.7383605455642748,0.45935440795059973
sub-MCI2018,lateraloccipital,0.8155495995658061,0.7712481203815237,0.78816546208101
sub-MCI0288,lateraloccipital,0.8971844233458443,0.8876647675594825,1.3192248045316224
sub-MCI0280,lateraloccipital,0.88522289445321,0.865605236531713,0.9748010189738111
sub-MCI0264,lateraloccipital,0.8961983211577774,0.8130855325694216,0.9102602031981843
sub-MCI0183,lateraloccipital,0.7796929035847286,1.0095903967797628,0.8656596079101866
sub-MCI1004,lateraloccipital,0.720307683146056,0.780531243927441,0.6469074168343004
sub-MCI0277,lateraloccipital,0.8080861748234847,0.9698512065247843,1.197081399983511
sub-MCI0299,lateraloccipital,0.9942734661864062,0.9215409088987987,0.6254492248847625
sub-MCI2009,lateraloccipital,0.7984394702756834,0.7503956707612736,0.5135345457826542
sub-MCI2003,lateraloccipital,0.8196017991076292,0.799364757645708,1.2888785920039525
sub-MCI0293,lateraloccipital,0.6710993624893498,0.7886949553733907,0.29044633500489014
sub-MCI0190,lateraloccipital,0.8577513307688208,0.8929250292345762,1.211408817601059
sub-MCI0141,lateraloccipital,0.8386219193648278,0.804438969691127,1.0607603721723051
sub-MCI0197,lateraloccipital,0.8877913319866148,0.8170347155592366,0.482226644945237
sub-MCI0179,lateraloccipital,0.771103607951991,0.8751127098591548,1.258359671045143
sub-MCI0173,lateraloccipital,0.9073157313289785,0.8486984994581379,1.1806647976817
sub-MCI0270,lateraloccipital,0.9830342560101998,0.847009576217726,1.144233295033993
sub-MCI2004,lateraloccipital,0.9081190601490037,0.6535621510418678,0.3942153795670057
sub-MCI0294,lateraloccipital,0.9798897550825678,0.8681297987820578,1.099617544675443
sub-MCI1003,lateraloccipital,0.8209154001146169,0.8429657423234346,1.4264605387512193
sub-MCI0184,lateraloccipital,0.8984059167092339,0.8881468627649909,1.0298450321810189
sub-MCI0269,lateraloccipital,1.0262427130198324,0.8508319029990906,2.2393338446325703
sub-MCI0287,lateraloccipital,0.8375441798949762,0.8210235037398711,0.33399041134915347
sub-MCI2017,lateraloccipital,0.9068212153073626,0.8307880297058823,1.1633794056447853
sub-MCI0263,lateraloccipital,1.0037759915764028,0.8716972272394242,1.160126407194606
sub-MCI0113,lateraloccipital,0.7939655078580101,0.9388689155418743,0.9939829095850121
sub-MCI0289,lateraloccipital,0.8592507937218227,0.8939816494636436,1.272991903825051
sub-MCI0267,lateraloccipital,1.0057155508198994,0.9092874458072786,1.0212709711733297
sub-MCI2013,lateraloccipital,0.7649595925143163,0.824842321802222,0.7569602623658493
sub-MCI0283,lateraloccipital,0.9117980482246802,0.8645270967083483,0.6334071637443336
sub-MCI0199,lateraloccipital,0.868835945299984,0.8822626286910773,1.4977951917514014
sub-MCI0290,lateraloccipital,0.9578769255563617,0.8933214224041582,1.1273132769793306
sub-MCI2000,lateraloccipital,0.902244380194831,0.8817014739734205,1.4639992516804616
sub-MCI0274,lateraloccipital,0.8724623477094173,0.9665376590392764,1.3757178583393577
sub-MCI0132,lateraloccipital,0.8132441231535721,0.8145876083452482,1.2554282079094177
sub-MCI0236,lateraloccipital,0.9249944176942897,0.9407973434324266,0.8324958951201132
sub-MCI0297,lateraloccipital,0.847870432092326,0.7624831773309833,0.9477742229310484
sub-MCI0279,lateraloccipital,0.9260242349186899,0.9140712443530069,0.6301759471106435
sub-MCI2007,lateraloccipital,0.7576781225780537,0.8277085298157091,0.057051098002683175
sub-MCI0273,lateraloccipital,0.8647231843138387,0.8581340576951572,1.2671180513485107
sub-MCI0107,lateraloccipital,0.900261330443343,0.8104327173316709,0.8167076773376105
sub-MCI0170,lateraloccipital,0.6508650416067842,0.7554377690630908,1.0786042379977094
sub-MCI0194,lateraloccipital,0.8327980925615581,0.771937640894836,0.6797581713796267
sub-MCI1000,lateraloccipital,0.8827861320971729,0.8361684506714042,1.469311894897952
sub-MCI2014,lateraloccipital,0.8621147332068478,0.8943124944118064,1.803032441663486
sub-MCI0284,lateraloccipital,0.880714957017063,0.7755548515746935,inf
sub-MCI0169,lateraloccipital,0.867333323113325,0.9127523618111328,0.8232801491876292
sub-MCI1002,lateralorbitofrontal,0.799448721001427,0.6916509706430432,1.0950191584929894
sub-MCI2016,lateralorbitofrontal,0.49523872797198976,0.7463470918744127,0.6603907562077497
sub-MCI0268,lateralorbitofrontal,0.6376505923818032,0.7505553033831643,0.7064117775408042
sub-MCI0286,lateralorbitofrontal,0.5147030097735302,0.6749180729967651,0.27420421821629554
sub-MCI0137,lateralorbitofrontal,0.7207430138571224,0.836155516234348,1.1702465689516
sub-MCI0196,lateralorbitofrontal,0.5750905562680785,0.5266713794695757,0.7166401976759924
sub-MCI0178,lateralorbitofrontal,0.6435911855222631,0.6798517681652237,0.9970099013763308
sub-MCI0295,lateralorbitofrontal,0.5837718377026969,0.6211780099359528,0.8212307425454585
sub-MCI2005,lateralorbitofrontal,0.650146866878301,0.6949946652226228,0.37384252853140115
sub-MCI0271,lateralorbitofrontal,0.5253636728096648,0.6815537865321908,1.00824948870181
sub-MCI0292,lateralorbitofrontal,0.7152957816857163,0.7061977051810239,1.0269255940717819
sub-MCI2002,lateralorbitofrontal,0.8427052667913231,0.706701446818668,0.6914278179134045
sub-MCI2008,lateralorbitofrontal,0.6835715911047442,0.6837774279211067,1.0067322899681739
sub-MCI0298,lateralorbitofrontal,0.6081503510178901,0.6375888245351878,0.8137168079390662
sub-MCI0191,lateralorbitofrontal,0.6086795328407234,0.7454723222864664,0.7861228338542059
sub-MCI0265,lateralorbitofrontal,0.6279463855689487,0.6172966258665353,0.5927576606465017
sub-MCI2011,lateralorbitofrontal,0.5854314111643474,0.5944255380278959,0.6438325873531903
sub-MCI0281,lateralorbitofrontal,0.6732823964046473,0.7095884018356126,1.2555484090668314
sub-MCI0182,lateralorbitofrontal,0.6114818998945794,0.5819117812260788,0.9013939996808701
sub-MCI0111,lateralorbitofrontal,0.7333521858871364,0.6953181148863757,0.9885323605750148
sub-MCI1001,lateralorbitofrontal,0.7568620721029524,0.6475545974522193,0.6567970730254982
sub-MCI0285,lateralorbitofrontal,0.5840108935815981,0.5875421159874337,0.45631531581967655
sub-MCI2015,lateralorbitofrontal,0.5430405417669738,0.6241876872128405,1.0180944464254411
sub-MCI0115,lateralorbitofrontal,0.7574170305448703,0.6250077904698036,0.8181879271481571
sub-MCI0272,lateralorbitofrontal,0.599618593880545,0.7034442523552398,0.5268531513002693
sub-MCI2006,lateralorbitofrontal,0.7659942674140254,0.6582307679828938,
sub-MCI0296,lateralorbitofrontal,0.6607830209782231,0.6096220673737777,0.5644296790047736
sub-MCI0278,lateralorbitofrontal,0.6778906332928336,0.6318123494195885,0.9042481265796718
sub-MCI0195,lateralorbitofrontal,0.5590938169375107,0.6276426645244079,1.0531040600676127
sub-MCI0106,lateralorbitofrontal,0.7440473506761037,0.7545800799912504,1.3009593721443542
sub-MCI0192,lateralorbitofrontal,0.611611689261279,0.7786170425302831,0.8945702813667836
sub-MCI0198,lateralorbitofrontal,0.8584508384374947,0.702964626747664,
sub-MCI0275,lateralorbitofrontal,0.6974278083895475,0.7039916732871894,0.980676238075088
sub-MCI2001,lateralorbitofrontal,0.6029724423023483,0.7537446237264586,0.29656221069933114
sub-MCI0165,lateralorbitofrontal,0.7070650174472057,0.5874023316810626,1.037272771441394
sub-MCI0181,lateralorbitofrontal,0.6223457761651496,0.7347769321279127,0.8545526799644403
sub-MCI0282,lateralorbitofrontal,0.5849462316226435,0.8051044356948306,0.8676683160571009
sub-MCI2012,lateralorbitofrontal,0.7260186690311348,0.6470998327021178,0.3196765247181167
sub-MCI2018,lateralorbitofrontal,0.6513964886852194,0.6086865595926624,1.1022902808646
sub-MCI0288,lateralorbitofrontal,0.6286371564149776,0.6460461269552843,0.6669098638046481
sub-MCI0280,lateralorbitofrontal,0.6087264189758849,0.5704962241051461,0.425511983465987
sub-MCI0264,lateralorbitofrontal,0.60167490155693,0.6728913611519912,0.910045338196757
sub-MCI0183,lateralorbitofrontal,0.5200133535009769,0.717460094359751,0.7366627142187337
sub-MCI1004,lateralorbitofrontal,0.6268800757690832,0.6848047996887038,0.9453762889532356
sub-MCI0277,lateralorbitofrontal,0.6132212771234907,0.6864830682408417,0.583645629918523
sub-MCI0299,lateralorbitofrontal,0.692243523095053,0.718401758355207,0.5979459595896128
sub-MCI2009,lateralorbitofrontal,0.5863943651781691,0.5419306114783325,0.6910179850047532
sub-MCI2003,lateralorbitofrontal,0.7908911793123741,0.8325973587417954,1.2266415452965826
sub-MCI0293,lateralorbitofrontal,0.5561777241402471,0.584569384026311,1.1922961576505968
sub-MCI0190,lateralorbitofrontal,0.7214509050997623,0.7999231275682342,1.0217397189186705
sub-MCI0141,lateralorbitofrontal,0.6997135414349595,0.6192535584487882,0.7841464032025558
sub-MCI0197,lateralorbitofrontal,0.6350976640286904,0.7350319220871135,1.3841006302293084
sub-MCI0179,lateralorbitofrontal,0.5734084230501978,0.6128441609079786,1.0760551072900155
sub-MCI0173,lateralorbitofrontal,0.6201965750175055,0.6407357252206527,0.8139240289077492
sub-MCI0270,lateralorbitofrontal,0.6829748613365662,0.6979190579663334,0.658512472632441
sub-MCI2004,lateralorbitofrontal,0.8799344785593308,0.6750013940525573,1.1530941186047965
sub-MCI0294,lateralorbitofrontal,0.5780084795330542,0.6444556010775593,0.6336822880914059
sub-MCI1003,lateralorbitofrontal,0.6145743681680139,0.5738334814539513,0.861364452929015
sub-MCI0184,lateralorbitofrontal,0.7344175626103534,0.7018035652703252,0.28861135912633157
sub-MCI0269,lateralorbitofrontal,0.7258929360613743,0.6312744229283765,0.8378705388166356
sub-MCI0287,lateralorbitofrontal,0.7410511027098413,0.7540587424327533,-4.769001653655367
sub-MCI2017,lateralorbitofrontal,0.71468824871116,0.6522621186306807,1.0185827135033287
sub-MCI0263,lateralorbitofrontal,0.7332896296942618,0.7893080820998002,0.8213867698215158
sub-MCI0113,lateralorbitofrontal,0.5820786972758666,0.7766512371156588,1.3166231508377733
sub-MCI0289,lateralorbitofrontal,0.4977534068777493,0.5399350721374135,0.9375468164625005
sub-MCI0267,lateralorbitofrontal,0.664570045816005,0.7715983614840076,0.47239221946994825
sub-MCI2013,lateralorbitofrontal,0.6713849015687324,0.7030673223061392,0.8041461071617595
sub-MCI0283,lateralorbitofrontal,0.6208946045778696,0.5517742856635227,0.24960383859107171
sub-MCI0199,lateralorbitofrontal,0.6147444040000267,0.6195919819878349,0.7038037902051062
sub-MCI0290,lateralorbitofrontal,0.6211455485088341,0.6294882715373227,0.8976221409251756
sub-MCI2000,lateralorbitofrontal,0.5975352088967952,0.7193032558813419,0.8107291263925789
sub-MCI0274,lateralorbitofrontal,0.6352989714829324,0.6762383176103035,1.3106334434695175
sub-MCI0132,lateralorbitofrontal,0.6534747624615672,0.6435169700355284,0.8120071512662976
sub-MCI0236,lateralorbitofrontal,0.6699436825349011,0.5737190074640327,1.041516883525096
sub-MCI0297,lateralorbitofrontal,0.6634870568004654,0.7340909480237833,0.4411041117466144
sub-MCI0279,lateralorbitofrontal,0.6365700268246982,0.6596070491739907,1.129482946993114
sub-MCI2007,lateralorbitofrontal,0.7267565378922397,0.9010314296940954,4.7832683819627455
sub-MCI0273,lateralorbitofrontal,0.6169737063409304,0.617962796400617,0.7739672042855683
sub-MCI0107,lateralorbitofrontal,0.7317199354839812,0.672995785286725,0.6858213376835243
sub-MCI0170,lateralorbitofrontal,0.5202922674522253,0.7400131767839035,1.8634678462463565
sub-MCI0194,lateralorbitofrontal,0.5862610793289074,0.6827381575965363,0.6375554605127657
sub-MCI1000,lateralorbitofrontal,0.6036924741274664,0.7180857297264016,1.1934838030248414
sub-MCI2014,lateralorbitofrontal,0.6045890459002641,0.6528749688732294,0.6983981510331185
sub-MCI0284,lateralorbitofrontal,0.624453794381162,0.6257454619024102,
sub-MCI0169,lateralorbitofrontal,0.6808845338671207,0.7838647193265978,1.2658789601304654
sub-MCI1002,lingual,1.0379101157252106,0.9783684344137255,1.264494643762633
sub-MCI2016,lingual,1.1782324228751557,1.1185015443837252,1.1410655618370038
sub-MCI0268,lingual,1.0348374548232044,1.122361422445258,1.1640948534533053
sub-MCI0286,lingual,0.846092305383019,1.044907035532947,1.1031220979714198
sub-MCI0137,lingual,0.9497259532720971,1.075728332072172,1.0294503442043408
sub-MCI0196,lingual,1.1510463974371266,1.1385081594775037,1.113066301764419
sub-MCI0178,lingual,1.0288260270408813,1.017483658762598,0.9168045094445743
sub-MCI0295,lingual,0.9622771680565401,1.0348835039993762,0.8960759990801929
sub-MCI2005,lingual,1.0718127545084264,0.9910462502196392,0.7476878024380674
sub-MCI0271,lingual,1.0966890869627215,1.1389253513500825,1.3448679285268919
sub-MCI0292,lingual,1.0824119601600173,0.9533900289775651,0.7523803019983586
sub-MCI2002,lingual,1.0160898556165574,1.154403497459644,1.2094312991043712
sub-MCI2008,lingual,1.0424048013083151,1.0816643142268643,1.2050613115361575
sub-MCI0298,lingual,0.9008150327252811,0.9912861982881601,0.5952739769007862
sub-MCI0191,lingual,1.1507892953821268,1.102786855313208,0.9664424737096654
sub-MCI0265,lingual,0.9822698370766098,0.9975483345567476,1.256668413762847
sub-MCI2011,lingual,1.0110663864773997,1.0884096360745719,1.0259420382109394
sub-MCI0281,lingual,1.0433417789634956,1.0499175805110952,0.8727127891147617
sub-MCI0182,lingual,0.8807168228047862,0.9866489900071845,1.6904096683743042
sub-MCI0111,lingual,0.9526218698866047,1.128251257723749,1.2002693547206764
sub-MCI1001,lingual,1.2537870045204815,1.0987341068569605,1.075254427011605
sub-MCI0285,lingual,0.9189122359620092,0.6855702650739852,1.000440591060795
sub-MCI2015,lingual,1.1347270358069244,1.152604200321869,1.0718664721411724
sub-MCI0115,lingual,0.9600609412634222,0.9172410341267423,0.7549202198444211
sub-MCI0272,lingual,0.9632491321844819,1.0026682354096432,1.0699590883010803
sub-MCI2006,lingual,1.296996796604102,1.1900077572256904,inf
sub-MCI0296,lingual,1.1734492816745203,1.0499860672403762,0.997383002413565
sub-MCI0278,lingual,1.1852217237058589,1.0279145862212078,1.0619339292459373
sub-MCI0195,lingual,0.882994284849888,1.0237542582149433,1.3922924650324535
sub-MCI0106,lingual,1.085163486087991,1.1084283194140534,1.6190833495696961
sub-MCI0192,lingual,1.147263302028259,0.9997637811928399,1.3308654004012084
sub-MCI0198,lingual,0.9841703761717088,0.9197739752751494,
sub-MCI0275,lingual,1.0582300713811472,1.0515393125769321,1.0134519783802418
sub-MCI2001,lingual,1.004442047162324,1.0784473906762613,0.8954924092886168
sub-MCI0165,lingual,1.045000593005097,1.0183025839529847,1.0789198777352669
sub-MCI0181,lingual,1.0029531437504164,1.1353891545010633,1.2055787322410272
sub-MCI0282,lingual,1.178437767839149,1.1266235981269301,1.1264724494728222
sub-MCI2012,lingual,1.1131172424868296,0.9821559396277878,0.7397863368567128
sub-MCI2018,lingual,1.0284260081457937,1.0329516645994083,1.0972884805180223
sub-MCI0288,lingual,1.1229670967961953,1.0777391379036383,1.173704721271693
sub-MCI0280,lingual,0.9230780698459539,0.9910858054341575,1.1529917799857696
sub-MCI0264,lingual,1.1674305677899115,1.017576594322818,0.7753516412706122
sub-MCI0183,lingual,1.114455916574319,1.2337585631282688,1.2403259022016135
sub-MCI1004,lingual,1.0469563653063512,1.005263635469228,0.7756538260785004
sub-MCI0277,lingual,1.0087074246443022,1.1450755745738095,0.9221278480606634
sub-MCI0299,lingual,1.09536169358581,1.046809113508247,0.8306386146525294
sub-MCI2009,lingual,1.0421312319470584,0.9864724538243517,0.626040713093856
sub-MCI2003,lingual,1.1942690249939891,1.1277913601891114,1.2129889643064122
sub-MCI0293,lingual,0.8461870725169063,0.9578259773334301,0.6793686965763335
sub-MCI0190,lingual,1.0191475163117243,1.078198378632483,1.1309404809137895
sub-MCI0141,lingual,0.9436934752728625,1.0141184721503609,0.8730436345172471
sub-MCI0197,lingual,1.1214390508417742,0.9541131572798174,0.6616176842440693
sub-MCI0179,lingual,0.923584756172305,1.0633285230387894,1.1111390958791234
sub-MCI0173,lingual,1.0379829533443963,1.0156912564933915,0.9046416113054967
sub-MCI0270,lingual,1.1159864406527615,1.0626390621305029,0.9994345639461892
sub-MCI2004,lingual,0.9824842802693082,0.8903960163158153,1.3151532127276089
sub-MCI0294,lingual,1.1697621483725231,1.002773654957894,0.8498621958475777
sub-MCI1003,lingual,1.0946078529389052,1.1120229311963097,1.0317686072300565
sub-MCI0184,lingual,0.9791155645286069,1.0688294170288195,1.0562465422340108
sub-MCI0269,lingual,1.2229745000948404,1.0939834658934593,1.2770198622742106
sub-MCI0287,lingual,0.9830928747825987,1.1156244839991536,1.4547402109786767
sub-MCI2017,lingual,1.1824181759456278,1.051795873051037,1.0111791005290929
sub-MCI0263,lingual,1.1957189638797598,1.0524387723252193,1.1583590323827264
sub-MCI0113,lingual,0.8982085154944494,1.1662457446216827,1.123886724238174
sub-MCI0289,lingual,1.1028388690857291,1.1369692331225292,1.0416434707060065
sub-MCI0267,lingual,1.2613087835458499,1.1972619417865795,1.284415445263063
sub-MCI2013,lingual,0.8899219068623899,0.963031606063225,0.5970728259807527
sub-MCI0283,lingual,0.9694295214993821,1.025393255080371,1.0712423415571908
sub-MCI0199,lingual,1.0763895655520914,1.0823112554963472,1.2934039977751866
sub-MCI0290,lingual,1.1342949306238275,1.0986240676255539,1.2107063766369586
sub-MCI2000,lingual,1.0719674112431208,1.0983072669990301,1.217716645859456
sub-MCI0274,lingual,0.9913341076792183,1.1831212200450318,1.3521912859881908
sub-MCI0132,lingual,1.0358786273040272,1.055591335386175,1.1225166172932068
sub-MCI0236,lingual,1.0474695950182078,1.1072048329840305,0.6325081378445867
sub-MCI0297,lingual,0.9105270467906075,0.9753490677180885,0.8494143424564476
sub-MCI0279,lingual,1.252459976692827,1.1247520022740487,0.9269841455410616
sub-MCI2007,lingual,1.0650613393617345,1.2298321297027297,4.302285104571862
sub-MCI0273,lingual,0.992443205736925,0.9967818683094123,0.7220498624220495
sub-MCI0107,lingual,1.0035261181378854,1.047573664996313,0.708527083863397
sub-MCI0170,lingual,0.7353988233905528,0.9622731936549423,1.1307996030411727
sub-MCI0194,lingual,0.8950656864635136,0.8915594713746122,0.9392873686926665
sub-MCI1000,lingual,1.04877651026066,1.060410719262969,1.1686030693826184
sub-MCI2014,lingual,1.1204398422299637,1.0510035779768203,0.849544179056559
sub-MCI0284,lingual,0.9813174889156391,0.9167561667653605,inf
sub-MCI0169,lingual,1.0438708767284512,1.1105477888783999,1.0863177576900607
sub-MCI1002,medialorbitofrontal,0.8459734527537685,0.7290802635228646,0.933675267527698
sub-MCI2016,medialorbitofrontal,0.635048999327579,0.8063336648170192,0.6555686961607573
sub-MCI0268,medialorbitofrontal,0.7434450438127145,0.8461080193160398,0.5769904253490452
sub-MCI0286,medialorbitofrontal,0.5968869076003789,0.7425078477795319,0.24619428598383983
sub-MCI0137,medialorbitofrontal,0.8437576332323496,0.8829448688548458,1.1399918159637592
sub-MCI0196,medialorbitofrontal,0.6968069502246028,0.6434212908521854,0.5445371181295326
sub-MCI0178,medialorbitofrontal,0.7932627137624164,0.7408329124887796,1.0984057638062714
sub-MCI0295,medialorbitofrontal,0.6766086631598889,0.7213606315997525,0.7451787546671356
sub-MCI2005,medialorbitofrontal,0.7560268290427316,0.7395909188386273,0.40310073396337265
sub-MCI0271,medialorbitofrontal,0.6418213563562605,0.7325557535760845,0.9393640276502626
sub-MCI0292,medialorbitofrontal,0.8181429216664843,0.7701612612899035,0.8121427557057408
sub-MCI2002,medialorbitofrontal,0.8427315420910805,0.7820192518678003,0.6592422038664028
sub-MCI2008,medialorbitofrontal,0.7543167878825199,0.7550534052186149,1.0659903178054275
sub-MCI0298,medialorbitofrontal,0.6915039983204943,0.7171232995777959,0.8109185795183653
sub-MCI0191,medialorbitofrontal,0.7195534337118854,0.7923028939854716,0.7386232936143146
sub-MCI0265,medialorbitofrontal,0.7784363967578739,0.7154914589195271,0.6099614378247
sub-MCI2011,medialorbitofrontal,0.6651420539743019,0.656975475848293,0.7739557506826386
sub-MCI0281,medialorbitofrontal,0.7766883984375409,0.774436501586762,1.5284586940688574
sub-MCI0182,medialorbitofrontal,0.762794814292387,0.6869117634153968,0.7088138097358617
sub-MCI0111,medialorbitofrontal,0.8785864620816394,0.7768761745008914,0.7923075314634598
sub-MCI1001,medialorbitofrontal,0.817364220047397,0.7614216536913327,0.6215868942016135
sub-MCI0285,medialorbitofrontal,0.7038689299131182,0.7206955356420562,0.3550122385317869
sub-MCI2015,medialorbitofrontal,0.651853319926895,0.7521955443987028,1.2339983315012715
sub-MCI0115,medialorbitofrontal,0.8639917581179115,0.680340400217646,0.8364153386164235
sub-MCI0272,medialorbitofrontal,0.6952029816824814,0.7629620584672143,0.8383931892420287
sub-MCI2006,medialorbitofrontal,0.8390087347199984,0.7274119461907886,
sub-MCI0296,medialorbitofrontal,0.7899680521756905,0.7390508365248797,0.621904568809201
sub-MCI0278,medialorbitofrontal,0.8382092141953198,0.758593915156442,0.9560228462081409
sub-MCI0195,medialorbitofrontal,0.6903140889721963,0.753429393759108,1.1232995831379635
sub-MCI0106,medialorbitofrontal,0.8128848459875323,0.8117953817389963,1.0971970861077733
sub-MCI0192,medialorbitofrontal,0.756235606096113,0.770176032709918,0.8134777391074731
sub-MCI0198,medialorbitofrontal,0.8737454778708791,0.8160784166275775,
sub-MCI0275,medialorbitofrontal,0.7932343298994163,0.7734270455012707,0.8165630093727912
sub-MCI2001,medialorbitofrontal,0.7768166091805199,0.8360842804228653,0.4418651870478163
sub-MCI0165,medialorbitofrontal,0.82045055072279,0.6991963780475314,1.078173749898782
sub-MCI0181,medialorbitofrontal,0.7149517024447304,0.8035651479414248,0.9161599373845686
sub-MCI0282,medialorbitofrontal,0.6733540980845791,0.8574836672797475,0.8129943468503823
sub-MCI2012,medialorbitofrontal,0.8515222713491769,0.7120264457383417,0.5182072852996714
sub-MCI2018,medialorbitofrontal,0.7942784130391471,0.7639659744762706,0.9543765589778024
sub-MCI0288,medialorbitofrontal,0.7584073153111248,0.7274439559757397,0.5742028778503017
sub-MCI0280,medialorbitofrontal,0.7426548185631495,0.7161852696738624,0.3442822442159418
sub-MCI0264,medialorbitofrontal,0.7266062471671694,0.7430480052500161,0.8538766845141809
sub-MCI0183,medialorbitofrontal,0.6732114414914231,0.8217147070783978,0.6783352436458812
sub-MCI1004,medialorbitofrontal,0.7355544465711291,0.8661345249847633,1.122653663885997
sub-MCI0277,medialorbitofrontal,0.7246850229489823,0.7963825843329008,0.5481497131075437
sub-MCI0299,medialorbitofrontal,0.7544947962906733,0.7569856127284051,0.34980149570878877
sub-MCI2009,medialorbitofrontal,0.7784701413213149,0.6765572133744439,0.8922250632005039
sub-MCI2003,medialorbitofrontal,0.8133245969903293,0.8771872649381992,1.1753035353789263
sub-MCI0293,medialorbitofrontal,0.6840704125322388,0.6707197574224949,1.1634731305000166
sub-MCI0190,medialorbitofrontal,0.7563245012227947,0.7807729897581173,0.8188791444978172
sub-MCI0141,medialorbitofrontal,0.8241536276170376,0.7153036260845452,0.7891904663031274
sub-MCI0197,medialorbitofrontal,0.8097749883385451,0.8357551883990506,1.7813660289371231
sub-MCI0179,medialorbitofrontal,0.6398825397619661,0.6753981360795487,1.1324963226693778
sub-MCI0173,medialorbitofrontal,0.7600082139827101,0.7419554358003411,0.842697312745186
sub-MCI0270,medialorbitofrontal,0.7301940576063684,0.7415965307161361,0.661655737138006
sub-MCI2004,medialorbitofrontal,0.8435622256533487,0.6988803948846978,0.9003086091978748
sub-MCI0294,medialorbitofrontal,0.6571355732510435,0.7593614539737759,0.5808349356007164
sub-MCI1003,medialorbitofrontal,0.580320527019274,0.6683649080563013,0.9114605209788635
sub-MCI0184,medialorbitofrontal,0.7999383963466267,0.7689591169118555,0.05131381619302055
sub-MCI0269,medialorbitofrontal,0.8712357084441992,0.733581124066359,0.6439957455898919
sub-MCI0287,medialorbitofrontal,0.8543582159144357,0.7047046657371102,-6.191640294894912
sub-MCI2017,medialorbitofrontal,0.8689052597259856,0.7705065632814494,1.0736616302903088
sub-MCI0263,medialorbitofrontal,0.8346210207361742,0.8097104491433446,0.7619434162040801
sub-MCI0113,medialorbitofrontal,0.667910858106566,0.863311940512141,1.333316746370407
sub-MCI0289,medialorbitofrontal,0.5844605241005758,0.6895018865889945,0.983037325084175
sub-MCI0267,medialorbitofrontal,0.8293622013828411,0.8913521318983326,0.479141288411868
sub-MCI2013,medialorbitofrontal,0.7389787504534997,0.7977901119411178,0.856999199183675
sub-MCI0283,medialorbitofrontal,0.8088562926902341,0.7015802470095593,0.37611090395875685
sub-MCI0199,medialorbitofrontal,0.7189739664157048,0.7213517710739915,0.581422579269257
sub-MCI0290,medialorbitofrontal,0.7113720671801133,0.7529449683631934,0.7539685078562826
sub-MCI2000,medialorbitofrontal,0.7545489690000373,0.8425748564324413,0.8309725882638774
sub-MCI0274,medialorbitofrontal,0.7182217260881645,0.7736260289161125,1.2121710808419313
sub-MCI0132,medialorbitofrontal,0.708036353456985,0.7116032173621537,0.7789177827443631
sub-MCI0236,medialorbitofrontal,0.7030501642563426,0.6476642772886924,1.2271834091504252
sub-MCI0297,medialorbitofrontal,0.7350972846809448,0.7572589082410358,0.35300754341032403
sub-MCI0279,medialorbitofrontal,0.7903260548147608,0.6757480104030756,1.1508858716359374
sub-MCI2007,medialorbitofrontal,0.7543831725866058,0.9753562338129175,4.175183760164648
sub-MCI0273,medialorbitofrontal,0.7347634797643825,0.7111721248848324,0.8992305876455706
sub-MCI0107,medialorbitofrontal,0.852497781473284,0.7047133794118339,0.7790896932770052
sub-MCI0170,medialorbitofrontal,0.5933768207798984,0.7439285088129461,1.6842799659593914
sub-MCI0194,medialorbitofrontal,0.7112987654355196,0.7312257796770837,0.45636755939053253
sub-MCI1000,medialorbitofrontal,0.665720938526422,0.8180672536903345,1.2443950389315683
sub-MCI2014,medialorbitofrontal,0.653458485749898,0.7965919582111757,0.9291367320010858
sub-MCI0284,medialorbitofrontal,0.6808172559624965,0.5934190414689012,
sub-MCI0169,medialorbitofrontal,0.7236026130720986,0.817460248821819,1.0234589415361195
sub-MCI1002,middletemporal,0.9034063182193881,0.7734219607845646,1.330391199650356
sub-MCI2016,middletemporal,0.5368098567918457,0.6925427039511355,0.9835089151971788
sub-MCI0268,middletemporal,0.7266670548682573,0.7712657739300435,1.1183370104401826
sub-MCI0286,middletemporal,0.5509172694560192,0.6572756260901979,0.8658101441584753
sub-MCI0137,middletemporal,0.7712670684292843,0.7488003268413891,1.1056273290053569
sub-MCI0196,middletemporal,0.7367750793682409,0.6785154900683342,1.2753659495456315
sub-MCI0178,middletemporal,0.805746039022137,0.7893530762576116,1.2603770692773753
sub-MCI0295,middletemporal,0.6589754913919038,0.6375882596153534,0.935145516129373
sub-MCI2005,middletemporal,0.6075267737607514,0.6237023344928608,0.8274108479595116
sub-MCI0271,middletemporal,0.6832186774846665,0.7092828807312285,1.209598271181225
sub-MCI0292,middletemporal,0.7358449264316882,0.6381937361420094,1.1046182186120106
sub-MCI2002,middletemporal,0.8039137453054945,0.6937855492593616,0.7941986355133931
sub-MCI2008,middletemporal,0.743026950547889,0.6968269775506963,1.132462428055111
sub-MCI0298,middletemporal,0.6773657659389666,0.6532591580411093,1.0316753865963402
sub-MCI0191,middletemporal,0.7160520202792989,0.8215360734028475,1.0201120972700992
sub-MCI0265,middletemporal,0.6560620655170045,0.6380430852935292,0.8951047371167442
sub-MCI2011,middletemporal,0.7125212958346969,0.7244122262990064,0.9165450364926279
sub-MCI0281,middletemporal,0.7405670456933553,0.7451797607100515,1.328026750357904
sub-MCI0182,middletemporal,0.7353315496947583,0.7474537421242365,1.534681346246407
sub-MCI0111,middletemporal,0.7363562474785739,0.705196300970889,1.1255575206635697
sub-MCI1001,middletemporal,0.7066567505781348,0.7146334811358785,0.8667679627670372
sub-MCI0285,middletemporal,0.6140938288337998,0.6704567800975684,1.0476290437610456
sub-MCI2015,middletemporal,0.6030831171061506,0.7434916546175601,0.9703109958942973
sub-MCI0115,middletemporal,0.7676342637259386,0.6508003429770789,1.0499833995236638
sub-MCI0272,middletemporal,0.6494193826685302,0.7489690752998862,1.5545575354410663
sub-MCI2006,middletemporal,0.7343899795186312,0.8133435138147257,inf
sub-MCI0296,middletemporal,0.7023637514084302,0.6533452916082442,1.022438752209311
sub-MCI0278,middletemporal,0.6863356370242899,0.6439541578570719,1.027929920992433
sub-MCI0195,middletemporal,0.707085211375369,0.7240630709738614,1.4166459053923766
sub-MCI0106,middletemporal,0.8076722000765586,0.756301525467842,1.438559472912989
sub-MCI0192,middletemporal,0.6816898142830372,0.6559144224896352,1.0557404636965202
sub-MCI0198,middletemporal,0.8508678962282474,0.6271104964233096,
sub-MCI0275,middletemporal,0.7084835679751047,0.6580227138980199,0.9466874325883032
sub-MCI2001,middletemporal,0.6451801317456652,0.6862267043222989,0.7917567117498259
sub-MCI0165,middletemporal,0.7780553752029301,0.7058119017041327,1.2197664360977678
sub-MCI0181,middletemporal,0.6849321807052403,0.8112763479346004,1.1905242380837366
sub-MCI0282,middletemporal,0.6893853206852458,0.7821549379059518,1.1148432003934319
sub-MCI2012,middletemporal,0.6899859874310215,0.6267270562835737,0.893609858685962
sub-MCI2018,middletemporal,0.7699484804363306,0.7392121244254277,1.1597167196842093
sub-MCI0288,middletemporal,0.7117133112826199,0.7189402717255742,1.1558388758017972
sub-MCI0280,middletemporal,0.6239726794012072,0.64844056866108,1.1039169113079208
sub-MCI0264,middletemporal,0.6513550657022275,0.6409726858240005,0.9663571509079593
sub-MCI0183,middletemporal,0.626227288136213,0.8049321949173275,1.2186073432112599
sub-MCI1004,middletemporal,0.564996269158327,0.6830007836984966,0.9782108582557753
sub-MCI0277,middletemporal,0.662550453998175,0.7392872157757446,0.935929123694228
sub-MCI0299,middletemporal,0.7179776214217812,0.714223687478241,0.737769783087382
sub-MCI2009,middletemporal,0.5921131955059805,0.5901457320736799,0.688489206022195
sub-MCI2003,middletemporal,0.733515950235175,0.7981890837431758,1.2298647950874482
sub-MCI0293,middletemporal,0.49872418083791564,0.6248555353273092,1.2250244311901577
sub-MCI0190,middletemporal,0.6702001017330101,0.6915971167930766,1.2278957972645697
sub-MCI0141,middletemporal,0.8216620968075118,0.7512226069688279,1.1564312542524495
sub-MCI0197,middletemporal,0.7169080648827085,0.6983656106911782,1.1602421381237449
sub-MCI0179,middletemporal,0.6650698007524126,0.7155058368342322,1.1404958575404314
sub-MCI0173,middletemporal,0.7987879042005018,0.7377457077887909,1.1877249332935207
sub-MCI0270,middletemporal,0.7631868984265031,0.7076435869634996,0.9054765704859689
sub-MCI2004,middletemporal,0.8436032124212162,0.638913462778266,1.226046924153145
sub-MCI0294,middletemporal,0.6643498487562716,0.6880641294586268,1.0492490884747883
sub-MCI1003,middletemporal,0.6048197655187825,0.6395356077710176,1.0864801046354469
sub-MCI0184,middletemporal,0.7366486885435738,0.717920216951422,1.0623181121668908
sub-MCI0269,middletemporal,0.8275407133764674,0.6661256067517565,1.883040973596158
sub-MCI0287,middletemporal,0.7927789080653791,0.6979956858669849,-1.5138697027446575
sub-MCI2017,middletemporal,0.7187752975177926,0.6791204924214136,1.1733400223953783
sub-MCI0263,middletemporal,0.7959012717006854,0.6402572474536536,1.2568264157381053
sub-MCI0113,middletemporal,0.6057927880989292,0.7586648048540854,0.9603808738422431
sub-MCI0289,middletemporal,0.6876287374598474,0.697750168655083,1.3181982621786092
sub-MCI0267,middletemporal,0.7133649197074253,0.7330442478690942,1.0243164938237703
sub-MCI2013,middletemporal,0.626573109758668,0.6844943952896745,0.9642664976068882
sub-MCI0283,middletemporal,0.6317836777580522,0.6366948729825971,1.264049790972769
sub-MCI0199,middletemporal,0.698530157429724,0.7102027162467625,1.2091902965972725
sub-MCI0290,middletemporal,0.6783533469695316,0.6472945960686628,1.0122221256105302
sub-MCI2000,middletemporal,0.7582674684659687,0.7686405011537606,1.2247870814464146
sub-MCI0274,middletemporal,0.6810970321123524,0.7007594565207717,1.1333772829201507
sub-MCI0132,middletemporal,0.6772001903578229,0.6980976898327765,1.0580148491470354
sub-MCI0236,middletemporal,0.7628189611231747,0.6903129064954958,1.0206785625698542
sub-MCI0297,middletemporal,0.7210585775355627,0.6260026303299492,1.0862835897282113
sub-MCI0279,middletemporal,0.6269585136743723,0.6934311903278779,0.5800878029043022
sub-MCI2007,middletemporal,0.7728953427782299,0.8241633207227467,3.307192503563172
sub-MCI0273,middletemporal,0.7105454613304035,0.7950854120618673,1.1526908132263318
sub-MCI0107,middletemporal,0.7681518110742492,0.6622926334273844,0.9074784663101061
sub-MCI0170,middletemporal,0.6136947892241906,0.6862964283966999,1.4422458248337382
sub-MCI0194,middletemporal,0.6875620219423049,0.7174111740402852,0.7285578847541672
sub-MCI1000,middletemporal,0.6809616829834216,0.7151680606925256,1.334372974374244
sub-MCI2014,middletemporal,0.6386323069021723,0.713967532522373,1.1482378090476648
sub-MCI0284,middletemporal,0.6981479213443509,0.6321665232739015,inf
sub-MCI0169,middletemporal,0.6643908708667171,0.7468406541161822,1.2073511949857563
sub-MCI1002,paracentral,0.8934731347988212,0.9416831477284724,1.300700048730887
sub-MCI2016,paracentral,0.9475434462360905,1.0598671340895744,1.192795959566917
sub-MCI0268,paracentral,0.9361246292798087,0.9110974971910673,1.2146799086307594
sub-MCI0286,paracentral,0.6466309708091772,0.7849693438348536,0.9832673128237905
sub-MCI0137,paracentral,0.7297861842984052,0.7401090676709091,1.0671051329402819
sub-MCI0196,paracentral,1.0357746337333156,0.9865478001250092,1.1516038609915442
sub-MCI0178,paracentral,0.7612855908239098,0.7527161613078305,0.9496091176917543
sub-MCI0295,paracentral,0.7531788508189489,0.842948377045479,0.9564816395255072
sub-MCI2005,paracentral,0.6892748127123801,0.7575109645609073,0.7008513506210657
sub-MCI0271,paracentral,0.88422191252839,0.9004154438306667,1.4483924307410108
sub-MCI0292,paracentral,0.8514781611793246,0.7363225890656597,0.8118478326721951
sub-MCI2002,paracentral,0.9423858644635946,0.9784963658321779,0.0
sub-MCI2008,paracentral,0.8378141865280282,0.8515269200723257,1.1074473074744702
sub-MCI0298,paracentral,0.9610972762716613,0.940520759769044,0.825696859472841
sub-MCI0191,paracentral,0.825137487291325,0.9194689890120441,1.0369175865294855
sub-MCI0265,paracentral,0.8092125774089057,0.7814684972925519,0.9139277252466945
sub-MCI2011,paracentral,0.8849825781406349,0.9854262878260105,1.123257331480625
sub-MCI0281,paracentral,0.8186996121701711,0.8270964608376623,1.1210008955422692
sub-MCI0182,paracentral,0.855832785032699,0.9277845505702046,1.6629717826816137
sub-MCI0111,paracentral,0.8722473475516072,0.9140488698921755,1.1745544232062186
sub-MCI1001,paracentral,0.9258485719474848,0.965836633634841,1.0227090657398394
sub-MCI0285,paracentral,0.8669064152278648,0.8608342172567306,1.0988016632612714
sub-MCI2015,paracentral,0.9306803656490572,0.9830536851405318,1.1129562827141626
sub-MCI0115,paracentral,0.8176733486563291,0.8138751550615612,1.0377152422232097
sub-MCI0272,paracentral,0.9100764225821143,0.9762565856099613,0.8092919456803479
sub-MCI2006,paracentral,0.9939067759492207,0.9060456591519721,
sub-MCI0296,paracentral,1.0496923384674364,0.9240111305895623,1.2763398918193432
sub-MCI0278,paracentral,0.9382631983635945,0.8794348428988311,1.0715202646151225
sub-MCI0195,paracentral,0.8409061400980243,0.9342913762570767,1.2614958013434288
sub-MCI0106,paracentral,0.8953223596073652,0.9062328316171274,1.338806062474037
sub-MCI0192,paracentral,0.827257083553644,0.8400626486852809,1.116252540677383
sub-MCI0198,paracentral,0.7718041932766369,0.8442881940120978,
sub-MCI0275,paracentral,0.7989100332525358,0.7665353516040615,0.899331453046162
sub-MCI2001,paracentral,0.8238287891970115,0.9013706182316461,0.672607865670737
sub-MCI0165,paracentral,0.8037770575464338,0.8554672966947354,1.1259436699553371
sub-MCI0181,paracentral,0.7637224559774658,0.9409179537858814,1.1134706020716438
sub-MCI0282,paracentral,0.7681752402451876,0.8837757893743002,0.9563499008147908
sub-MCI2012,paracentral,0.8543152694326862,0.819217544424721,0.7337428878577734
sub-MCI2018,paracentral,1.0199293147114359,0.9806789747548921,1.000092282088814
sub-MCI0288,paracentral,0.8245183416772522,0.9671853263087361,1.3168628175735546
sub-MCI0280,paracentral,1.0275601026579133,0.9626872657912879,1.1825867177864107
sub-MCI0264,paracentral,0.84810981903256,0.8290271201349475,0.836026107225675
sub-MCI0183,paracentral,0.7765801425186847,0.9253294797589637,1.1962759008983714
sub-MCI1004,paracentral,0.804377925674125,0.8364138528621385,0.7478498924791231
sub-MCI0277,paracentral,0.8294516733523327,0.9050514898856333,1.059132812496445
sub-MCI0299,paracentral,0.9503687231698207,0.8839844645841946,1.0506652279611277
sub-MCI2009,paracentral,0.8920539869952577,0.8709382395335546,0.7977666252755131
sub-MCI2003,paracentral,0.8367011452546244,1.0333302586142035,0.9720292953611047
sub-MCI0293,paracentral,0.8703819230242471,0.8970866035386811,0.7774028216780557
sub-MCI0190,paracentral,0.8137885991868348,0.8942697936928676,1.0820712011986762
sub-MCI0141,paracentral,0.8365984737639699,0.8582288540388908,1.0823955927149003
sub-MCI0197,paracentral,0.8578615625263922,0.8357155536069306,1.1773337076882542
sub-MCI0179,paracentral,0.6776716696329788,0.7897471970403321,0.9456720339544872
sub-MCI0173,paracentral,0.8445714081771275,0.8757310902943859,0.8725559095485179
sub-MCI0270,paracentral,0.8427006456743406,0.9049191306750943,0.936944099840164
sub-MCI2004,paracentral,0.7862938440218037,0.8768692411634438,0.0
sub-MCI0294,paracentral,0.9841938398844523,0.9607007964735698,0.9961950470576653
sub-MCI1003,paracentral,0.9650131434747955,0.9515634795932636,1.0021241670291334
sub-MCI0184,paracentral,0.8186755520912833,0.9031102133883071,1.0965043865814097
sub-MCI0269,paracentral,1.0227897709544103,0.9745692710804457,0.28957679729823943
sub-MCI0287,paracentral,1.0447124117344704,0.9344541048162359,2.0085754665424496
sub-MCI2017,paracentral,0.8961173645843628,0.8390197349989723,1.1265149799841914
sub-MCI0263,paracentral,1.048461621095235,0.9247318261160153,1.1369308412067902
sub-MCI0113,paracentral,0.7742804412631371,0.9162291241999172,1.1204648851334014
sub-MCI0289,paracentral,0.8688085936968439,1.019689781723249,1.491961211063378
sub-MCI0267,paracentral,1.0883209061314738,1.011508380171265,0.0
sub-MCI2013,paracentral,0.8562335952356417,0.8595978944916821,1.1519942413249447
sub-MCI0283,paracentral,0.9347735140022052,0.9524230362062902,0.5493612760810606
sub-MCI0199,paracentral,0.8682716271179229,0.9374627446694345,1.2974672136099576
sub-MCI0290,paracentral,1.0209592171124708,1.0583607682024485,1.0753180302080987
sub-MCI2000,paracentral,0.8730149831447281,0.9373664155774634,1.1239198806105992
sub-MCI0274,paracentral,0.7878948196264195,0.9576557143213487,1.2203027571352165
sub-MCI0132,paracentral,0.9833990521331724,1.0045136861949078,1.287382485891886
sub-MCI0236,paracentral,0.9328978340610169,0.9533772542432035,0.9843803163136627
sub-MCI0297,paracentral,0.7726368691229423,0.7647378377471611,0.8241793628498026
sub-MCI0279,paracentral,0.9487198655361156,1.1285505246921905,1.161658510806485
sub-MCI2007,paracentral,0.96403114247623,1.1982690007231993,0.0
sub-MCI0273,paracentral,0.8235423962386856,0.926666529280558,1.127704815067831
sub-MCI0107,paracentral,0.779850877951528,0.7090863083063326,0.8244109493451238
sub-MCI0170,paracentral,0.6914542708290013,0.800915334596925,0.9513589469820547
sub-MCI0194,paracentral,0.7737755276174129,0.8041185779043588,0.8637712268308596
sub-MCI1000,paracentral,1.0478341516057996,1.0096684625469565,1.5239726827729472
sub-MCI2014,paracentral,0.8091908891430616,0.8572517324636629,0.9004169239429836
sub-MCI0284,paracentral,0.950135753846324,1.0382627544503324,
sub-MCI0169,paracentral,0.7296583367184547,0.8186224265252449,1.085460168062354
sub-MCI1002,parahippocampal,0.7885894194019983,0.7022319282822512,0.9440041691012602
sub-MCI2016,parahippocampal,0.7188043902122628,0.7718713176905126,1.0801109218273282
sub-MCI0268,parahippocampal,0.8112878798912937,0.8490761091221727,1.0315466204659167
sub-MCI0286,parahippocampal,0.6746406542095591,0.8160596237452536,0.8488332099109115
sub-MCI0137,parahippocampal,0.7793311298167958,0.7733221057868789,0.9283536895381185
sub-MCI0196,parahippocampal,0.821336532783272,0.8350608741671174,1.0474346396871566
sub-MCI0178,parahippocampal,0.7675170448795722,0.7605964527589663,0.8979363719532645
sub-MCI0295,parahippocampal,0.6491675330794454,0.7091722673179205,0.5825571086553949
sub-MCI2005,parahippocampal,0.7475898348513812,0.7452754286085143,0.9165568241618952
sub-MCI0271,parahippocampal,0.7465685949926845,0.7945315093003288,0.8869660307845825
sub-MCI0292,parahippocampal,0.934682360825895,0.762500460200781,0.5748585560511392
sub-MCI2002,parahippocampal,0.7360488127988203,0.8252395729738274,0.8744445013382744
sub-MCI2008,parahippocampal,0.719268751901876,0.7893721192161121,0.9361894559260556
sub-MCI0298,parahippocampal,0.6918938830175262,0.829248625486752,0.9236200841124784
sub-MCI0191,parahippocampal,0.840276001263564,0.8456893403996619,0.7340933542274841
sub-MCI0265,parahippocampal,0.7453507106993708,0.7425659320052538,0.9526402583616541
sub-MCI2011,parahippocampal,0.6902430460290068,0.7445689020480498,0.7350888425679942
sub-MCI0281,parahippocampal,0.8608879862085943,0.8172645885254699,1.0821587471799563
sub-MCI0182,parahippocampal,0.7446298990533535,0.784648669155243,1.361325029710033
sub-MCI0111,parahippocampal,0.8526356854195204,0.869134686116834,1.0910075627217473
sub-MCI1001,parahippocampal,0.8141442224792654,0.7493964518004106,0.7277218533422531
sub-MCI0285,parahippocampal,0.7570771109165789,0.695802538453488,0.7437499830695087
sub-MCI2015,parahippocampal,0.7469852858748269,0.8044486288283109,0.8664965279635795
sub-MCI0115,parahippocampal,0.8201196294791814,0.742277753609918,0.5053051303598144
sub-MCI0272,parahippocampal,0.6938383003258416,0.8149114389483324,1.0166680107850325
sub-MCI2006,parahippocampal,0.8178406273852161,0.8627116717255612,inf
sub-MCI0296,parahippocampal,0.8342600144937145,0.7869906901501291,0.7006867421131885
sub-MCI0278,parahippocampal,0.8480878428176885,0.7323769396258998,0.6801576412897236
sub-MCI0195,parahippocampal,0.7041582914629498,0.781934235743781,0.9880836144944468
sub-MCI0106,parahippocampal,0.9176251164731248,0.8626016622769715,1.539659887814177
sub-MCI0192,parahippocampal,0.8247146071984871,0.7795874964041,0.8929435470865272
sub-MCI0198,parahippocampal,0.7957107818945796,0.8105561103351143,inf
sub-MCI0275,parahippocampal,0.7047136521713929,0.7299600551036295,0.7151734819407755
sub-MCI2001,parahippocampal,0.7058820877727408,0.7907517243222802,0.16544265084068419
sub-MCI0165,parahippocampal,0.7829011476764305,0.7697318195265811,0.8639398520971285
sub-MCI0181,parahippocampal,0.7188734821748171,0.8354582200456223,0.8689784604255374
sub-MCI0282,parahippocampal,0.8356706532825614,0.8310884501493905,0.8284129933227818
sub-MCI2012,parahippocampal,0.749007747596413,0.7433928320665218,1.0670066972647632
sub-MCI2018,parahippocampal,0.7728385078195089,0.8468609191343099,0.9285730476855254
sub-MCI0288,parahippocampal,0.7742301331604953,0.7648159921264629,0.7306680971459684
sub-MCI0280,parahippocampal,0.7452073725318888,0.6769025254422003,0.9670347886990369
sub-MCI0264,parahippocampal,0.8363861457203623,0.7654462462250815,0.6334894471570562
sub-MCI0183,parahippocampal,0.7875904804189893,0.7978228378467265,0.8788439640105788
sub-MCI1004,parahippocampal,0.7999646882797852,0.7175002673577088,0.6605865602965343
sub-MCI0277,parahippocampal,0.6402883909885709,0.7422847980483591,0.47608966932939567
sub-MCI0299,parahippocampal,0.8362760740273341,0.8677790252198136,0.7505689708792568
sub-MCI2009,parahippocampal,0.74871369844525,0.683219967015803,0.688188802162862
sub-MCI2003,parahippocampal,0.7905234929154167,0.7741704207514818,0.9545219853120945
sub-MCI0293,parahippocampal,0.6947540781663907,0.7986638810340951,0.9932464955687789
sub-MCI0190,parahippocampal,0.7217674526489862,0.8009524327754004,0.8331903379001875
sub-MCI0141,parahippocampal,0.7730519435386886,0.760279604502156,0.7607108787534883
sub-MCI0197,parahippocampal,0.8033833219314802,0.7704515922859755,0.7787009978688446
sub-MCI0179,parahippocampal,0.7169341426935866,0.7813527283212497,0.8767527807706618
sub-MCI0173,parahippocampal,0.7640109741591445,0.7784065048447685,0.9720064350852332
sub-MCI0270,parahippocampal,0.8449495792410312,0.8196700329990443,0.8082360282036626
sub-MCI2004,parahippocampal,0.6797950301425996,0.7875109348348924,0.8280241873979043
sub-MCI0294,parahippocampal,0.7914123906717959,0.7489616526317346,0.5278840349321704
sub-MCI1003,parahippocampal,0.865899848054876,0.8113335684981512,0.7917524371201036
sub-MCI0184,parahippocampal,0.7716083664605705,0.8193087871714178,1.0483760988055792
sub-MCI0269,parahippocampal,0.8995013492314988,0.8377391270021475,0.6732288744066716
sub-MCI0287,parahippocampal,0.742933420105409,0.7529076130092524,0.11886200806139578
sub-MCI2017,parahippocampal,0.8712951304635859,0.8027673232183086,0.7245488867492629
sub-MCI0263,parahippocampal,0.8895974668483989,0.7174221361787938,0.7469929146753937
sub-MCI0113,parahippocampal,0.7206084862803288,0.8664552882512545,0.8583394961577931
sub-MCI0289,parahippocampal,0.7354954755097428,0.7942884717755236,0.7863666930568706
sub-MCI0267,parahippocampal,0.9010075017789126,0.890827620575413,0.502705865321147
sub-MCI2013,parahippocampal,0.734728601939689,0.7644510989273361,0.5167938839947762
sub-MCI0283,parahippocampal,0.8082210282450012,0.8051728904628845,1.537955634200994
sub-MCI0199,parahippocampal,0.7485121215268008,0.7535011441770408,0.862046926203808
sub-MCI0290,parahippocampal,0.843985725278468,0.804937488416237,1.0343914674883488
sub-MCI2000,parahippocampal,0.8404720960588944,0.8146480746363166,0.9220291965262499
sub-MCI0274,parahippocampal,0.7300363687588355,0.8046941968674421,0.8499668447901867
sub-MCI0132,parahippocampal,0.7453757125182524,0.7572213230955698,0.7344288460304382
sub-MCI0236,parahippocampal,0.7100921928894254,0.7901224145329182,0.3243632624177587
sub-MCI0297,parahippocampal,0.7114901336592621,0.7590286599384709,0.6164149886066036
sub-MCI0279,parahippocampal,0.815950091871449,0.7777248226577365,0.7138723394230332
sub-MCI2007,parahippocampal,0.796008932029713,1.0064177136656984,18.49621127556985
sub-MCI0273,parahippocampal,0.6996597573314968,0.7879907260074145,0.6441174255301777
sub-MCI0107,parahippocampal,0.8211516555481135,0.7622500536432347,0.46785029332813705
sub-MCI0170,parahippocampal,0.6323683692548917,0.8174187337307197,0.9567464156609419
sub-MCI0194,parahippocampal,0.7938510604787034,0.8298788214473711,0.7219544821216226
sub-MCI1000,parahippocampal,0.765313311786934,0.8357813589408813,1.0751883367909696
sub-MCI2014,parahippocampal,0.821020392718748,0.8392088680281083,0.7156295467840977
sub-MCI0284,parahippocampal,0.7508695713440549,0.7356822799171824,inf
sub-MCI0169,parahippocampal,0.7855085268034346,0.827011142237422,0.824895608609566
sub-MCI1002,parsopercularis,0.974916582862161,0.8075503271899936,1.2911574450073455
sub-MCI2016,parsopercularis,0.5323571708756232,0.7113397243478657,0.7807834606956442
sub-MCI0268,parsopercularis,0.7619699936956131,0.843254142716675,1.181557377389314
sub-MCI0286,parsopercularis,0.5784779798436767,0.7623177902714136,1.0860128341613708
sub-MCI0137,parsopercularis,0.7998152396179425,0.7847667479669034,1.196245794368525
sub-MCI0196,parsopercularis,0.8352823192989177,0.7883212674330732,1.2720297647533432
sub-MCI0178,parsopercularis,0.7971282264505989,0.7749421681236233,1.2359089812473767
sub-MCI0295,parsopercularis,0.6759575125057244,0.7139004481499985,1.0080775387409242
sub-MCI2005,parsopercularis,0.6679376643526569,0.6832288857796943,0.9299108398745608
sub-MCI0271,parsopercularis,0.6723176751984395,0.7194972701209807,1.3004930838178126
sub-MCI0292,parsopercularis,0.7108890882942043,0.6421245074871536,0.8603134325314623
sub-MCI2002,parsopercularis,0.8688547490788595,0.7132342266840344,0.0018920927178559435
sub-MCI2008,parsopercularis,0.7655953357436783,0.7537984142956656,1.242646375641085
sub-MCI0298,parsopercularis,0.7260718316351769,0.734746075737598,0.9686737510727403
sub-MCI0191,parsopercularis,0.7833568071184496,0.8248265555162659,0.9771708448877093
sub-MCI0265,parsopercularis,0.7822308777270138,0.7205940634052307,1.1341234376226934
sub-MCI2011,parsopercularis,0.7349024152805712,0.7648442867410752,1.0603711632105557
sub-MCI0281,parsopercularis,0.7025982311563754,0.775557530753954,1.1519381461425857
sub-MCI0182,parsopercularis,0.8317270596530795,0.8461979912921231,1.985460660892798
sub-MCI0111,parsopercularis,0.8024272513971498,0.8367181554062414,1.0458296819437969
sub-MCI1001,parsopercularis,0.8946169093877563,0.8319444728979098,0.918680211178758
sub-MCI0285,parsopercularis,0.6121629263570992,0.7415773950434537,1.0189587944112672
sub-MCI2015,parsopercularis,0.576667115128759,0.6759518703416039,0.9987533032212446
sub-MCI0115,parsopercularis,0.7356234085065056,0.692738924677814,1.0261854406810702
sub-MCI0272,parsopercularis,0.6288965679379763,0.715790585774763,0.6250986388741935
sub-MCI2006,parsopercularis,0.8647501033092669,0.922189387381373,
sub-MCI0296,parsopercularis,0.7959750017445967,0.7192111193093662,1.099013063463254
sub-MCI0278,parsopercularis,0.6754683571576796,0.671309187478824,1.0250803508356559
sub-MCI0195,parsopercularis,0.738921688641674,0.7829750424879514,1.451713021108096
sub-MCI0106,parsopercularis,0.8238942760582304,0.8406221003856792,1.2461783774395436
sub-MCI0192,parsopercularis,0.7187788187548024,0.7737036948272369,1.1468321161791686
sub-MCI0198,parsopercularis,0.8788298896280679,0.7852841171294328,
sub-MCI0275,parsopercularis,0.8043510239718428,0.736857391817475,1.15243672259035
sub-MCI2001,parsopercularis,0.6833523961753195,0.732409173826233,0.919823871683516
sub-MCI0165,parsopercularis,0.9252662895102388,0.8719095889000904,1.2137845432794487
sub-MCI0181,parsopercularis,0.7492392814175877,0.9118973371649478,1.1624770151618355
sub-MCI0282,parsopercularis,0.6567132610324168,0.7742129912629251,1.1813002778591832
sub-MCI2012,parsopercularis,0.7366892563970392,0.6479827805311784,1.1309088284660107
sub-MCI2018,parsopercularis,0.7685303385995872,0.78361336423198,0.9563027873328644
sub-MCI0288,parsopercularis,0.8373106678356883,0.8239374066703723,1.4747407279080869
sub-MCI0280,parsopercularis,0.6325273627173427,0.7354415386143336,0.8082332961426704
sub-MCI0264,parsopercularis,0.6877482148244236,0.7285284858412167,1.2240668548015217
sub-MCI0183,parsopercularis,0.6946133780394835,0.8124992085761468,1.07395813732482
sub-MCI1004,parsopercularis,0.7339624522569451,0.8012046593630208,0.889419209402923
sub-MCI0277,parsopercularis,0.7399859263773324,0.7727243746475361,1.0768638556273047
sub-MCI0299,parsopercularis,0.7510115786420354,0.8042361634596672,0.8686241042264339
sub-MCI2009,parsopercularis,0.6843399250751566,0.6887822685450575,0.8715935795873645
sub-MCI2003,parsopercularis,0.8877809426111051,0.8847546036776652,1.2518655276158581
sub-MCI0293,parsopercularis,0.5826322291058167,0.7061565805131255,1.0715829635392238
sub-MCI0190,parsopercularis,0.717385890349353,0.7318253313766238,1.1458131884743534
sub-MCI0141,parsopercularis,0.9617072686529381,0.9500419643853055,1.1985945805109415
sub-MCI0197,parsopercularis,0.8503000466957472,0.8199728213705765,0.9513921524740301
sub-MCI0179,parsopercularis,0.6741723101243609,0.7934401616737953,1.1480849783479634
sub-MCI0173,parsopercularis,0.7652329059969011,0.7413994738334198,1.0449255473247905
sub-MCI0270,parsopercularis,0.7200432528415329,0.7968120706210202,0.9785787553723059
sub-MCI2004,parsopercularis,0.8916695466018293,0.7533681652900796,0.1703229298767545
sub-MCI0294,parsopercularis,0.5718158464415732,0.6996419273362618,0.8679792081954354
sub-MCI1003,parsopercularis,0.8078031191791175,0.7990876085083569,1.1941781483130187
sub-MCI0184,parsopercularis,0.7158183492579989,0.7807123593285487,1.0099149153373455
sub-MCI0269,parsopercularis,0.8526682407249224,0.7547844238129093,1.0656258750258687
sub-MCI0287,parsopercularis,0.8501240705048657,0.7813020558219028,2.2693547574261155
sub-MCI2017,parsopercularis,0.7788997917622318,0.7578339971110668,1.1031188968920786
sub-MCI0263,parsopercularis,0.7753921019780333,0.7189986292727492,0.9297492765221524
sub-MCI0113,parsopercularis,0.6914849993669271,0.9106461446361739,1.184308455472497
sub-MCI0289,parsopercularis,0.6434068702095533,0.7614906127446383,1.348345620806522
sub-MCI0267,parsopercularis,0.7378116392003228,0.7596149784198866,0.0
sub-MCI2013,parsopercularis,0.8221116319016618,0.8154504099382995,1.1453707447476302
sub-MCI0283,parsopercularis,0.6231464444030201,0.6366086118953711,1.0569159660674512
sub-MCI0199,parsopercularis,0.7608072834017856,0.7857397782104083,1.3581123508723778
sub-MCI0290,parsopercularis,0.740324185353063,0.6787947966427877,0.9916209637177176
sub-MCI2000,parsopercularis,0.8351311941367713,0.8330197009636894,1.2925634359589788
sub-MCI0274,parsopercularis,0.8621676120612554,0.8629189935071163,1.3158629877721004
sub-MCI0132,parsopercularis,0.797119381282276,0.7971463686573397,1.0982190535202296
sub-MCI0236,parsopercularis,0.7772226815486605,0.7395132575451979,0.9989794446217823
sub-MCI0297,parsopercularis,0.7585357433371928,0.7701488350795533,1.1025919294084756
sub-MCI0279,parsopercularis,0.577814145850882,0.8669774244650685,1.0733081268772067
sub-MCI2007,parsopercularis,0.8299450466260548,1.0340897604876862,0.0
sub-MCI0273,parsopercularis,0.7808966734101573,0.8274151553313719,1.201007771318929
sub-MCI0107,parsopercularis,0.7662706579445452,0.707954197223582,0.957727143792046
sub-MCI0170,parsopercularis,0.5917982002466029,0.7157020899165077,0.9608394566134271
sub-MCI0194,parsopercularis,0.719326507300513,0.7902891645620175,0.8691574667056517
sub-MCI1000,parsopercularis,0.7925539431268375,0.7872270295175229,1.2267080608753278
sub-MCI2014,parsopercularis,0.7433917529715782,0.804444376483395,1.2281782443586666
sub-MCI0284,parsopercularis,0.7231978902349755,0.8074123741254643,
sub-MCI0169,parsopercularis,0.6605506243640925,0.8328741403543541,1.1062877297303182
sub-MCI1002,parsorbitalis,0.8748944478543758,0.7452168650372957,1.2241656351696937
sub-MCI2016,parsorbitalis,0.5188117942428743,0.7250847735265515,0.8638486910830118
sub-MCI0268,parsorbitalis,0.7308915113744197,0.7673546257501296,0.7368077260084052
sub-MCI0286,parsorbitalis,0.5696370519615344,0.699701885027268,0.6011805434219089
sub-MCI0137,parsorbitalis,0.8095975649704295,0.8597220837935601,1.2317580353306066
sub-MCI0196,parsorbitalis,0.6512863955095287,0.5830221425321886,1.144710120908027
sub-MCI0178,parsorbitalis,0.7954701036478294,0.753226988016496,1.133784517639503
sub-MCI0295,parsorbitalis,0.6480381891377797,0.6961351479316161,1.0232913877748169
sub-MCI2005,parsorbitalis,0.6510255696476961,0.6385064986978943,0.452766690925679
sub-MCI0271,parsorbitalis,0.5989146528361664,0.7180176977101707,1.104304772488898
sub-MCI0292,parsorbitalis,0.7742271839957453,0.725286398998471,0.9670369387594255
sub-MCI2002,parsorbitalis,0.8807270193472619,0.7161143100983355,0.03607400768740266
sub-MCI2008,parsorbitalis,0.774390602193297,0.6794548695542096,1.0972204830540284
sub-MCI0298,parsorbitalis,0.7284614966397682,0.6887762433281057,0.7840911044922175
sub-MCI0191,parsorbitalis,0.6881120442531679,0.8176031627919356,0.8340705362116928
sub-MCI0265,parsorbitalis,0.7224882378929964,0.6254190792242887,0.7306005423195281
sub-MCI2011,parsorbitalis,0.6871457569558517,0.6629923540132167,0.8105167086434615
sub-MCI0281,parsorbitalis,0.7228584651361565,0.7947780691653014,1.2960027319121943
sub-MCI0182,parsorbitalis,0.6946580936170025,0.626624656164245,0.9966324325468706
sub-MCI0111,parsorbitalis,0.7734874931880613,0.7529356641332545,0.9963834262776248
sub-MCI1001,parsorbitalis,0.8194619906747356,0.6976260505300547,0.8961201350439975
sub-MCI0285,parsorbitalis,0.6102376082890562,0.651555384274356,1.0313237801905708
sub-MCI2015,parsorbitalis,0.5849013901121016,0.6600126365553018,1.1688350479704124
sub-MCI0115,parsorbitalis,0.8126620724909268,0.6437267226337403,0.8439361054678755
sub-MCI0272,parsorbitalis,0.6270344133760168,0.6601791312004659,0.5343077196654076
sub-MCI2006,parsorbitalis,0.7902901963217469,0.7404772034641919,
sub-MCI0296,parsorbitalis,0.7328566812738645,0.6300947439734509,0.6302254141876168
sub-MCI0278,parsorbitalis,0.7598508611187459,0.6734518284421762,0.8349489184708886
sub-MCI0195,parsorbitalis,0.6331934067760454,0.682747179954645,1.1136042493395772
sub-MCI0106,parsorbitalis,0.8036374584773129,0.7723642526759876,1.2585846202660873
sub-MCI0192,parsorbitalis,0.5918059325246737,0.7614789544648451,1.095586251274988
sub-MCI0198,parsorbitalis,0.8715832567444478,0.6990054424544849,
sub-MCI0275,parsorbitalis,0.7782383199247495,0.728949187737573,1.1937729768515597
sub-MCI2001,parsorbitalis,0.6386401054456917,0.7315658863857183,0.6000640577871293
sub-MCI0165,parsorbitalis,0.7951041704860461,0.684143074593315,1.1974942037670695
sub-MCI0181,parsorbitalis,0.7346307430999618,0.8356971774768579,1.0042348889024337
sub-MCI0282,parsorbitalis,0.5986007068495813,0.8144024041109259,1.0450734910250028
sub-MCI2012,parsorbitalis,0.8486723162141165,0.6954229785326208,0.5732483585157574
sub-MCI2018,parsorbitalis,0.7057871800870199,0.6174220924455339,1.0734385459759357
sub-MCI0288,parsorbitalis,0.6766929051188094,0.6840786119923744,1.1387681679360095
sub-MCI0280,parsorbitalis,0.6447555035153022,0.6336215544820262,0.993852120974664
sub-MCI0264,parsorbitalis,0.6847968814647836,0.7023387079197072,1.0919393958366415
sub-MCI0183,parsorbitalis,0.5973938512847718,0.7642714064675846,0.9069980389350198
sub-MCI1004,parsorbitalis,0.7293353746152645,0.7504065579950345,1.1891109590681515
sub-MCI0277,parsorbitalis,0.6957029743026099,0.7153622233249156,0.964837851965456
sub-MCI0299,parsorbitalis,0.7365435624235785,0.7111368756925625,0.92129794978012
sub-MCI2009,parsorbitalis,0.6710299341469579,0.5840573903531759,0.8672142493688725
sub-MCI2003,parsorbitalis,0.7874298937577899,0.8306075828317387,1.4616117759279723
sub-MCI0293,parsorbitalis,0.5952531789972823,0.5726791982505532,1.1912795615528708
sub-MCI0190,parsorbitalis,0.7247252361424351,0.7581913313023181,1.0888868858746297
sub-MCI0141,parsorbitalis,0.7479356491167369,0.6692092629492246,0.8832827728484502
sub-MCI0197,parsorbitalis,0.7144450228398906,0.7357735100227958,1.2366039470977033
sub-MCI0179,parsorbitalis,0.6351942026810632,0.7333005302880884,1.263255807977221
sub-MCI0173,parsorbitalis,0.6780365731567923,0.6594795281428912,1.0473533908939465
sub-MCI0270,parsorbitalis,0.754824379644086,0.727869946868524,0.7584894979927028
sub-MCI2004,parsorbitalis,0.9122312037693945,0.6702079404902442,0.6870123507464528
sub-MCI0294,parsorbitalis,0.6547507489843125,0.6962951308442439,0.9215432848027519
sub-MCI1003,parsorbitalis,0.7271054014843259,0.6827849532373521,1.1319039139910494
sub-MCI0184,parsorbitalis,0.7136302723238495,0.6862462813553751,0.48283993777631323
sub-MCI0269,parsorbitalis,0.818103277941937,0.631852030671706,0.9382116466404767
sub-MCI0287,parsorbitalis,0.7490960791236293,0.7846472762272775,-2.032475045712023
sub-MCI2017,parsorbitalis,0.7569451727389788,0.6737172856811163,1.134158347236185
sub-MCI0263,parsorbitalis,0.7788896179538968,0.7701537818529418,0.9431851125002483
sub-MCI0113,parsorbitalis,0.6217649018269928,0.8513876110551485,1.1963847990938534
sub-MCI0289,parsorbitalis,0.5382576592919595,0.6026116526981247,1.1300333939805545
sub-MCI0267,parsorbitalis,0.6890704458164442,0.7530931785917289,0.0
sub-MCI2013,parsorbitalis,0.7304766587860282,0.7580729015751927,1.0545368405087279
sub-MCI0283,parsorbitalis,0.6739474194863446,0.5505537752361379,0.46366497635996917
sub-MCI0199,parsorbitalis,0.705217130779643,0.6657565310755963,1.1123318324955973
sub-MCI0290,parsorbitalis,0.7376830617329525,0.6663476980091474,0.9666476252015639
sub-MCI2000,parsorbitalis,0.6914158678776743,0.7653792533311826,1.0569938494634616
sub-MCI0274,parsorbitalis,0.6840474980421062,0.7421066886321945,1.1783635624175932
sub-MCI0132,parsorbitalis,0.7436515468435086,0.7169502181952487,1.1178264201056833
sub-MCI0236,parsorbitalis,0.7137436230940831,0.6205958846554982,1.0399688754038705
sub-MCI0297,parsorbitalis,0.734283738259056,0.6991106238960397,0.5814276228483649
sub-MCI0279,parsorbitalis,0.7471610202360892,0.7247248981777218,1.1054495803470352
sub-MCI2007,parsorbitalis,0.7628625233805297,0.8035014827011925,4.601319777393621e-22
sub-MCI0273,parsorbitalis,0.6360914951142332,0.6448452472104554,0.9316275228182346
sub-MCI0107,parsorbitalis,0.823502562131091,0.7211145457178576,0.7413903413339021
sub-MCI0170,parsorbitalis,0.5879488706622302,0.7181283675126742,1.5640061342191032
sub-MCI0194,parsorbitalis,0.6677327331469838,0.7254967727405982,0.44438184233708533
sub-MCI1000,parsorbitalis,0.6357436574554081,0.6987534248092744,1.3453377071411243
sub-MCI2014,parsorbitalis,0.6582468339523,0.7086257905751319,1.006539637591978
sub-MCI0284,parsorbitalis,0.7252747783362622,0.5826007634287206,
sub-MCI0169,parsorbitalis,0.7461335874990199,0.8167573555758728,1.0268733150537976
sub-MCI1002,parstriangularis,0.9338656042272024,0.771557576203754,1.2926270413212542
sub-MCI2016,parstriangularis,0.4895622694173696,0.6862450007940927,0.9126150304849693
sub-MCI0268,parstriangularis,0.7316098933656763,0.7935486550749618,1.1445358658624925
sub-MCI0286,parstriangularis,0.5524471114706402,0.704837029931586,0.8834790052910109
sub-MCI0137,parstriangularis,0.7726466135346548,0.7645653399556863,1.2749037083480546
sub-MCI0196,parstriangularis,0.6189622257300236,0.6370001258578523,1.1711349299571598
sub-MCI0178,parstriangularis,0.7585007197480493,0.7410375440986567,1.1821354937524067
sub-MCI0295,parstriangularis,0.637277139981497,0.6735178251049901,1.0167898218341935
sub-MCI2005,parstriangularis,0.5881091727701551,0.6408452580176917,0.8833543102131324
sub-MCI0271,parstriangularis,0.5978737197781151,0.658952557246388,1.2414825804694898
sub-MCI0292,parstriangularis,0.6750713986709326,0.5963837421976429,0.8330096337863426
sub-MCI2002,parstriangularis,0.8447188573243062,0.6449559293938194,5.5859435697587555e-05
sub-MCI2008,parstriangularis,0.7978086115044057,0.7271585811730021,1.2360361190174263
sub-MCI0298,parstriangularis,0.6905645644841755,0.6597694009713461,1.0283832776053858
sub-MCI0191,parstriangularis,0.7057326553575486,0.8474416399677049,0.995511121576863
sub-MCI0265,parstriangularis,0.6228744566931875,0.5781352810505871,0.9938185314940343
sub-MCI2011,parstriangularis,0.6590571005776694,0.6790985022182353,1.0363596302094966
sub-MCI0281,parstriangularis,0.7280891746840916,0.752426529843892,1.2574539783346634
sub-MCI0182,parstriangularis,0.7402064038174845,0.7970997130206262,1.9206220448347893
sub-MCI0111,parstriangularis,0.787383886361086,0.7945117130562996,1.0399996609561264
sub-MCI1001,parstriangularis,0.772554028925103,0.6947790887932316,0.9683901093624718
sub-MCI0285,parstriangularis,0.5890742079249228,0.6492596131651296,1.1925608011154007
sub-MCI2015,parstriangularis,0.5526498366178192,0.6920217451562776,0.8934212955032859
sub-MCI0115,parstriangularis,0.7494960278438472,0.648228713467114,1.0945930363353864
sub-MCI0272,parstriangularis,0.6238859310705773,0.5716013262254264,0.7294525042007469
sub-MCI2006,parstriangularis,0.787127690707285,0.8920485427877878,
sub-MCI0296,parstriangularis,0.6863644951068713,0.6120794062969449,1.1057747043874313
sub-MCI0278,parstriangularis,0.6364143833481114,0.607568720199399,0.948575663061994
sub-MCI0195,parstriangularis,0.6761878735183469,0.7288525732438386,1.3487339460859413
sub-MCI0106,parstriangularis,0.8033099782256479,0.7605604063087938,1.3185690746490126
sub-MCI0192,parstriangularis,0.6066259314203144,0.6602485746740787,1.2155389660431342
sub-MCI0198,parstriangularis,0.8625059457359077,0.7491983190697665,
sub-MCI0275,parstriangularis,0.7494921097363728,0.7151985135422776,1.1837217702538574
sub-MCI2001,parstriangularis,0.668899016057475,0.702148243871164,0.9171102507319114
sub-MCI0165,parstriangularis,0.8280496071614603,0.7382854553814122,1.127219609278395
sub-MCI0181,parstriangularis,0.6523232216507164,0.7780814946339023,1.1127381190911376
sub-MCI0282,parstriangularis,0.5752722081240536,0.7056251340478346,1.123092292521355
sub-MCI2012,parstriangularis,0.7436486400106712,0.6380733660903871,0.9072699504776159
sub-MCI2018,parstriangularis,0.7223801487297343,0.7097779549004971,1.0458158473071124
sub-MCI0288,parstriangularis,0.6661164971277935,0.6970835011139592,1.4440480336675856
sub-MCI0280,parstriangularis,0.6387869801188565,0.7151730739432157,0.9625896050257732
sub-MCI0264,parstriangularis,0.6462923956633393,0.6737126951186813,1.0811558538348913
sub-MCI0183,parstriangularis,0.6027892219890987,0.6948697057414112,1.0132033616101772
sub-MCI1004,parstriangularis,0.6784606610208562,0.7304705353677023,1.0990292255667613
sub-MCI0277,parstriangularis,0.7051683792636991,0.7300715156974268,1.0637763983416406
sub-MCI0299,parstriangularis,0.7346380717702058,0.6656788411333908,0.7873725678069574
sub-MCI2009,parstriangularis,0.6727191902818279,0.6795356953228935,0.8828327386767845
sub-MCI2003,parstriangularis,0.8173896385665576,0.8361858693524444,1.2826737520854687
sub-MCI0293,parstriangularis,0.5277386978333862,0.5906962389856988,1.090159405022936
sub-MCI0190,parstriangularis,0.6878141399725983,0.638934371316341,1.0963699588104947
sub-MCI0141,parstriangularis,0.781466884238343,0.7406774874054014,1.0332940010523537
sub-MCI0197,parstriangularis,0.7508344580539972,0.6978886894613942,1.3258601947218625
sub-MCI0179,parstriangularis,0.710603889569733,0.8257918895304897,1.1527992177450799
sub-MCI0173,parstriangularis,0.7325129900939382,0.7036877544536467,1.0751375524121058
sub-MCI0270,parstriangularis,0.7564939528272474,0.7337729287303425,0.9103463027504404
sub-MCI2004,parstriangularis,0.9056644252272708,0.6679588863075573,4.961313298625572e-07
sub-MCI0294,parstriangularis,0.5625183578077565,0.6468408243735714,0.8943126218324932
sub-MCI1003,parstriangularis,0.6917000266990325,0.7089646063383216,1.1728086577541619
sub-MCI0184,parstriangularis,0.7483789427441407,0.7588582681295845,0.9735912735018494
sub-MCI0269,parstriangularis,0.8283351881542358,0.7024410338287884,1.4448329515673628
sub-MCI0287,parstriangularis,0.8125497860489984,0.7730387428947314,0.131481928762555
sub-MCI2017,parstriangularis,0.7750625652076123,0.7079596879957493,1.2044634423670135
sub-MCI0263,parstriangularis,0.7946741700808093,0.7102607511635652,0.838455615608101
sub-MCI0113,parstriangularis,0.6288812532969799,0.8108283926965458,1.1528944280740647
sub-MCI0289,parstriangularis,0.5903001483500665,0.7484903032660105,1.283273698915169
sub-MCI0267,parstriangularis,0.6491857410758538,0.6631819075331375,0.0
sub-MCI2013,parstriangularis,0.7378699356242142,0.7463285800648348,1.0876819933002035
sub-MCI0283,parstriangularis,0.6587764029949956,0.6001720562155989,0.8830869493855408
sub-MCI0199,parstriangularis,0.7128863870380227,0.6992561656752218,1.3322071278468355
sub-MCI0290,parstriangularis,0.6504225637713003,0.61077039120557,1.0356130714501697
sub-MCI2000,parstriangularis,0.6838322788828141,0.6997090177668414,1.2529734992195165
sub-MCI0274,parstriangularis,0.6813182329937648,0.6976341988649721,1.2152532686472242
sub-MCI0132,parstriangularis,0.7415272090366112,0.706968601145759,1.169482178630037
sub-MCI0236,parstriangularis,0.8090258993651819,0.7535809482540873,1.0854185553465456
sub-MCI0297,parstriangularis,0.7212557612479058,0.679667784495875,1.0259263881006857
sub-MCI0279,parstriangularis,0.5927508910861832,0.7410737387608185,1.0415112669740585
sub-MCI2007,parstriangularis,0.7834697614052598,0.9693379813535623,0.0
sub-MCI0273,parstriangularis,0.7207702760952527,0.736383615283571,1.1782419189210274
sub-MCI0107,parstriangularis,0.7321943665129041,0.6331442293693842,0.8916759287982805
sub-MCI0170,parstriangularis,0.5733846843486059,0.6775134762202085,1.1235169138026924
sub-MCI0194,parstriangularis,0.6325276048390898,0.6737584973531792,0.6378416821670573
sub-MCI1000,parstriangularis,0.6655825865838548,0.7087994212431075,1.301734500183829
sub-MCI2014,parstriangularis,0.6539678983945593,0.7868511302611627,1.0680145628083804
sub-MCI0284,parstriangularis,0.7081837197298285,0.6183289693467283,
sub-MCI0169,parstriangularis,0.6508658585291806,0.7161527557443615,1.032787595165937
sub-MCI1002,pericalcarine,1.1966342159980266,1.151129016517954,1.3545866822508073
sub-MCI2016,pericalcarine,1.2781561806736774,1.2598703395448054,1.391242225083266
sub-MCI0268,pericalcarine,1.5804009026796333,1.309764059017717,1.4203496883535303
sub-MCI0286,pericalcarine,1.210512649740062,1.2419891886555525,1.210435430192546
sub-MCI0137,pericalcarine,1.1558039913252305,1.2399018090271763,1.1689862559643307
sub-MCI0196,pericalcarine,1.2610249029286706,1.2431779116935535,1.1833009836785218
sub-MCI0178,pericalcarine,1.3356311333567952,1.2913687092544095,1.1980613109765226
sub-MCI0295,pericalcarine,1.262242146399273,1.2590655213727326,1.1531268679046693
sub-MCI2005,pericalcarine,1.1371463705527853,1.1490422162294966,0.8235056870537578
sub-MCI0271,pericalcarine,1.2205452066022184,1.2793949445545123,1.525702006706252
sub-MCI0292,pericalcarine,1.14734127874166,1.1124992808453762,0.9496531763113817
sub-MCI2002,pericalcarine,1.154163216826025,1.2389708572979656,0.40078544022679524
sub-MCI2008,pericalcarine,1.292467400225476,1.2650271668016269,1.4475333604629987
sub-MCI0298,pericalcarine,0.9875177701614951,1.1226750450683618,0.6631651724338704
sub-MCI0191,pericalcarine,1.3891355540043564,1.2486190297247488,1.1133990159153377
sub-MCI0265,pericalcarine,1.022888668816791,1.0609853301592391,1.4197968554259277
sub-MCI2011,pericalcarine,1.1027327727302165,1.2340686942606425,1.1416897216326825
sub-MCI0281,pericalcarine,1.2744978880421702,1.1411019179994413,0.7090450469989321
sub-MCI0182,pericalcarine,1.2411576667755284,1.2711508831918628,2.113505130362036
sub-MCI0111,pericalcarine,1.1154889080596466,1.2091664587178912,1.1700671687708701
sub-MCI1001,pericalcarine,1.4563419358548801,1.2316883352246173,1.2069272790843926
sub-MCI0285,pericalcarine,1.050655313336586,0.9402115212111034,1.0573300105899708
sub-MCI2015,pericalcarine,1.3303802054894474,1.3255995970183931,1.2431340721712527
sub-MCI0115,pericalcarine,1.1059934638199118,1.088075248260522,0.7694833860743391
sub-MCI0272,pericalcarine,0.9421720362576718,1.0731498698521518,0.6370891740311229
sub-MCI2006,pericalcarine,1.548420564158129,1.4031530653275843,
sub-MCI0296,pericalcarine,1.4188904525996562,1.2524357947040627,1.2241632797569808
sub-MCI0278,pericalcarine,1.5474497842759896,1.1322888696703421,1.2136436156770747
sub-MCI0195,pericalcarine,1.0275947392533862,1.1864115353824158,1.607993637923822
sub-MCI0106,pericalcarine,1.202885903782456,1.2660812755551756,1.9251966158166456
sub-MCI0192,pericalcarine,1.2810491082980302,1.125603553584598,1.4695507918012414
sub-MCI0198,pericalcarine,1.032951798432406,0.9080074387039101,
sub-MCI0275,pericalcarine,1.2917178997177712,1.2731396082918858,1.191132172704577
sub-MCI2001,pericalcarine,1.2284147090050734,1.1668229819114257,1.2122608676404285
sub-MCI0165,pericalcarine,1.3275087410891524,1.2113773272650563,1.2971698075524234
sub-MCI0181,pericalcarine,1.1530631294159834,1.1360554458492578,1.2337034853880702
sub-MCI0282,pericalcarine,1.5609036320245184,1.301454337126719,1.4958471711025854
sub-MCI2012,pericalcarine,1.2437669914720977,1.1609596503259072,0.8888003956685738
sub-MCI2018,pericalcarine,1.248361863604261,1.2953143332364836,1.1273809943714368
sub-MCI0288,pericalcarine,1.1376965445446137,1.2134510044913516,1.2144307809193178
sub-MCI0280,pericalcarine,1.0116868000300003,1.1429253600990723,0.9904400157122314
sub-MCI0264,pericalcarine,1.2373647945317805,1.2223819495551618,1.0069298590034788
sub-MCI0183,pericalcarine,1.2852201030356778,1.385787190426661,1.211059992168632
sub-MCI1004,pericalcarine,1.2360537840504502,1.2246363562574667,0.8571121098663386
sub-MCI0277,pericalcarine,1.1738383940107284,1.3442069457070909,1.103259706816324
sub-MCI0299,pericalcarine,1.296969279275003,1.254308647241295,0.9973079274395589
sub-MCI2009,pericalcarine,1.12761708168022,1.1320001294840583,0.9033159582422727
sub-MCI2003,pericalcarine,1.5876627991242194,1.2973858833954588,1.5102016968185434
sub-MCI0293,pericalcarine,1.0422461016060325,1.1042248026374775,0.6401992216987705
sub-MCI0190,pericalcarine,1.2392604080525509,1.1978190791943628,1.3518165928473012
sub-MCI0141,pericalcarine,1.090166995728955,1.2294476284552827,1.116574348816545
sub-MCI0197,pericalcarine,1.27895796706321,1.0866509375623465,0.8614475982340181
sub-MCI0179,pericalcarine,1.1222218847990264,1.2295305110533155,1.218395814017032
sub-MCI0173,pericalcarine,1.1250521315020199,1.0873641161117091,0.9427202111751487
sub-MCI0270,pericalcarine,1.4446239250915545,1.1565492537703421,1.0172357389519164
sub-MCI2004,pericalcarine,1.1866558107003233,1.1199166842929595,0.40722196136380023
sub-MCI0294,pericalcarine,1.3892624649162826,1.1992684114524073,1.0991671464060875
sub-MCI1003,pericalcarine,1.2140520026881276,1.1452224704689553,1.1233509259148866
sub-MCI0184,pericalcarine,1.0569261472956981,1.2767688219822022,1.096076505374583
sub-MCI0269,pericalcarine,1.343520748282476,1.1978961471799128,1.0287727116024137
sub-MCI0287,pericalcarine,1.2423443990181604,1.3413377712882326,3.083709165915527
sub-MCI2017,pericalcarine,1.3215048263999045,1.2160740657659368,1.1213467709709397
sub-MCI0263,pericalcarine,1.3970509024147204,1.2394930956217673,1.274478357815108
sub-MCI0113,pericalcarine,1.090169074134689,1.3657616516034081,1.2776259998674528
sub-MCI0289,pericalcarine,1.2120403095516339,1.2476576595683984,1.2665327261916335
sub-MCI0267,pericalcarine,1.5477679135851545,1.3262673148444317,1.367199274781984
sub-MCI2013,pericalcarine,0.9936729243529996,1.075412110132811,0.6359211206895137
sub-MCI0283,pericalcarine,1.1506259482993664,1.2700749647777625,1.4432726653946726
sub-MCI0199,pericalcarine,1.1816996652471763,1.230291104365039,1.4736198645723377
sub-MCI0290,pericalcarine,1.3606656669064952,1.2407406671496157,1.2151947692299296
sub-MCI2000,pericalcarine,1.2605715165388969,1.3066777331571415,1.5016631721750664
sub-MCI0274,pericalcarine,1.1224707732296317,1.3966177486051465,1.6238661201933535
sub-MCI0132,pericalcarine,1.2180809641720738,1.2680792166902481,1.386782284250477
sub-MCI0236,pericalcarine,1.1544736690268895,1.248463178069075,0.7431998003242426
sub-MCI0297,pericalcarine,1.0335195208949934,1.1702432606234603,0.7528855153484094
sub-MCI0279,pericalcarine,1.3334940465716845,1.2768018941056134,1.1438338771980814
sub-MCI2007,pericalcarine,1.2055375344639543,1.309507027806681,0.0
sub-MCI0273,pericalcarine,1.0801360179148805,1.0345653774603092,0.8324124422497591
sub-MCI0107,pericalcarine,1.1944393757404557,1.2479022010028447,0.8455246650687729
sub-MCI0170,pericalcarine,0.886170196638661,1.1039621198380993,1.2005704867781457
sub-MCI0194,pericalcarine,1.0580506954903934,1.0476443431134554,0.9795832029956252
sub-MCI1000,pericalcarine,1.185362613776232,1.2397778390208656,1.5658577514156933
sub-MCI2014,pericalcarine,1.5729912976999638,1.1831192540656643,0.8317988963054046
sub-MCI0284,pericalcarine,1.160057977064676,1.0152827488665406,
sub-MCI0169,pericalcarine,1.2399038112555114,1.3324082711421,1.1668343493650122
sub-MCI1002,postcentral,0.8575579348708855,0.6998937161670069,1.2848691892683057
sub-MCI2016,postcentral,0.612203709314596,0.6870744958837901,0.9966106367178356
sub-MCI0268,postcentral,0.726806708272261,0.6907326317836314,1.1753033017256367
sub-MCI0286,postcentral,0.49424766429015565,0.5847911120399841,0.9265103668606764
sub-MCI0137,postcentral,0.68287347980428,0.6069612938535358,0.9934093524000894
sub-MCI0196,postcentral,0.7759353882379723,0.7036822879910002,1.235590666591123
sub-MCI0178,postcentral,0.659282033438251,0.6133357716009148,0.8893483626397382
sub-MCI0295,postcentral,0.6309720854946497,0.6282296577148011,0.8365940369956109
sub-MCI2005,postcentral,0.4849384698752161,0.5349446710879593,0.6296974218245479
sub-MCI0271,postcentral,0.5112733738124887,0.5272741686847903,1.1582781910365243
sub-MCI0292,postcentral,0.6567713027151709,0.5035470081139283,0.71024562688903
sub-MCI2002,postcentral,0.780681497627761,0.5688988478674739,0.0003425889861334091
sub-MCI2008,postcentral,0.6695137369786182,0.5702766004946354,0.9988862688864086
sub-MCI0298,postcentral,0.6524419477604586,0.5134162472503332,0.7250896033475085
sub-MCI0191,postcentral,0.630879612749396,0.7009431693983307,1.009754004099052
sub-MCI0265,postcentral,0.539955846162056,0.5173956507669245,0.9284124111837669
sub-MCI2011,postcentral,0.6539486690271501,0.6568995312891961,0.9972398724133144
sub-MCI0281,postcentral,0.6730484759266608,0.5984260489659606,1.025793269098606
sub-MCI0182,postcentral,0.6720908004158422,0.7243861717263118,1.8311677065310654
sub-MCI0111,postcentral,0.736041362674855,0.6630571887706351,0.8737941666402214
sub-MCI1001,postcentral,0.6313337049447008,0.6220972173037264,0.7754593214762727
sub-MCI0285,postcentral,0.5807090060758047,0.5930607564288806,0.9456596426913562
sub-MCI2015,postcentral,0.5592885012684277,0.7304220314854822,1.018919216349227
sub-MCI0115,postcentral,0.6708730766370818,0.5954256186092155,0.9988624622458457
sub-MCI0272,postcentral,0.6695767918328343,0.5792054486585546,0.4654380939435925
sub-MCI2006,postcentral,0.7068736137445109,0.7722503205278236,
sub-MCI0296,postcentral,0.6688536241836878,0.5404683280071755,0.8722513659527174
sub-MCI0278,postcentral,0.6621888028810022,0.6096765922734678,1.0614643722933652
sub-MCI0195,postcentral,0.6922163648127854,0.7199978644925467,1.276846737817011
sub-MCI0106,postcentral,0.7599259922865979,0.693891779903645,1.2668659598669116
sub-MCI0192,postcentral,0.5762121295359307,0.5441331642679154,1.01617369142203
sub-MCI0198,postcentral,0.6307308017059265,0.5565683684337421,
sub-MCI0275,postcentral,0.6785221758817924,0.580661444169415,0.9776097156672278
sub-MCI2001,postcentral,0.5668182609818547,0.6034371302431344,0.8561218700054071
sub-MCI0165,postcentral,0.7503999489390919,0.6641503900275886,0.9975912473344489
sub-MCI0181,postcentral,0.603335340195529,0.6853575110486305,1.0079801190024968
sub-MCI0282,postcentral,0.5547941970123244,0.6017574837533054,0.9456743788044889
sub-MCI2012,postcentral,0.626072526008501,0.5848712572113554,0.5749928187083467
sub-MCI2018,postcentral,0.7686934331363096,0.7300092745761033,0.8680583055239324
sub-MCI0288,postcentral,0.6414804736429016,0.6634746598427794,1.3528574568646523
sub-MCI0280,postcentral,0.5048731796004835,0.6070357361931353,0.9208092317654315
sub-MCI0264,postcentral,0.5478894787635394,0.6097338456455775,0.9284244226046482
sub-MCI0183,postcentral,0.5441273217556679,0.6432851869005481,1.0517764551242752
sub-MCI1004,postcentral,0.48501493350001446,0.6453870389719375,0.7534628396233065
sub-MCI0277,postcentral,0.669140249923791,0.6626850944698559,1.114785836716494
sub-MCI0299,postcentral,0.7043701293877993,0.6459617661341291,0.911447225680974
sub-MCI2009,postcentral,0.5732394805223688,0.5793139870430712,0.5381496277643054
sub-MCI2003,postcentral,0.5922552961889999,0.7017787601953247,1.0365697551476316
sub-MCI0293,postcentral,0.5414961339217834,0.6492242489632482,0.7955529474208447
sub-MCI0190,postcentral,0.6852245751408251,0.6576115813648603,1.0415171917606525
sub-MCI0141,postcentral,0.7354922835718163,0.6850940962694744,1.075377764347573
sub-MCI0197,postcentral,0.6493657569926858,0.6398038057118371,0.9991151189889609
sub-MCI0179,postcentral,0.5548698517939935,0.6826549053719985,0.9657760454354712
sub-MCI0173,postcentral,0.7001113102217998,0.6757968889499751,0.839561604994082
sub-MCI0270,postcentral,0.6971097652049223,0.6187497293605249,0.7927797544370082
sub-MCI2004,postcentral,0.7747405311454292,0.6389617911915224,0.009519723313814576
sub-MCI0294,postcentral,0.49356478534602977,0.5876312675709893,0.8353788983545688
sub-MCI1003,postcentral,0.6748284897340445,0.7194866436612026,0.9679276962001729
sub-MCI0184,postcentral,0.6813078232335392,0.6776316263922488,1.018070514224261
sub-MCI0269,postcentral,0.8314578912004711,0.660877064301955,0.5794620569862431
sub-MCI0287,postcentral,0.8167240665519234,0.7239802208787326,2.3438331120399907
sub-MCI2017,postcentral,0.6415814316563194,0.6199311304434065,1.1084682793776626
sub-MCI0263,postcentral,0.745365256914567,0.5952168738591659,1.047571546441603
sub-MCI0113,postcentral,0.5830645968898877,0.7201675776322571,1.0111930337779316
sub-MCI0289,postcentral,0.5805804963228173,0.6407929383139048,1.3868858222134886
sub-MCI0267,postcentral,0.7110368576521796,0.5572669196114656,1.352516133688915e-06
sub-MCI2013,postcentral,0.6861259738748766,0.6304101838541676,1.0724623453028521
sub-MCI0283,postcentral,0.5837316089142983,0.6289902366851006,0.845252917857417
sub-MCI0199,postcentral,0.6669178463802048,0.708294271823284,1.3474745839358446
sub-MCI0290,postcentral,0.6908052491066783,0.6312467932389879,0.8010147737855724
sub-MCI2000,postcentral,0.7416805936490203,0.6844536139809603,1.0866817284334878
sub-MCI0274,postcentral,0.6224068738439353,0.6967611460508673,1.246704362184067
sub-MCI0132,postcentral,0.6340754842698646,0.602746431648165,1.0844654515497405
sub-MCI0236,postcentral,0.6825888169890121,0.6093529365599917,0.9167988053069666
sub-MCI0297,postcentral,0.6648275277744511,0.5559846305336609,0.7836308930449379
sub-MCI0279,postcentral,0.6084143804546657,0.7904643436383395,1.0997864669076132
sub-MCI2007,postcentral,0.7068667935372162,0.7647723796479597,0.0
sub-MCI0273,postcentral,0.7009367485335277,0.7320400682240001,1.124683875965891
sub-MCI0107,postcentral,0.6708193409108731,0.5216386070979592,0.703968110041273
sub-MCI0170,postcentral,0.5251047885724446,0.5338038294077986,0.8914247082184719
sub-MCI0194,postcentral,0.6192405101502484,0.6374263443808075,0.707500573798986
sub-MCI1000,postcentral,0.7723346753232948,0.6535824510402243,1.1521160704439024
sub-MCI2014,postcentral,0.6434303997266282,0.6903390374920733,0.8848702813842245
sub-MCI0284,postcentral,0.7658136861264255,0.7400137034557095,
sub-MCI0169,postcentral,0.5093546450028102,0.6243166219518211,1.0735086327201373
sub-MCI1002,posteriorcingulate,1.0849731807922394,1.1628274268658652,1.4444719925371343
sub-MCI2016,posteriorcingulate,1.0103722069874508,1.0880799900502014,1.1364076883620244
sub-MCI0268,posteriorcingulate,1.1434497438856785,1.1553264933829157,1.5116967324322688
sub-MCI0286,posteriorcingulate,0.6204468087602738,0.9379297410675336,0.9978038701541113
sub-MCI0137,posteriorcingulate,0.8087231681878637,0.9129339163474144,1.1259048646793912
sub-MCI0196,posteriorcingulate,1.2210034164022021,1.1264600852928552,1.4140458554544206
sub-MCI0178,posteriorcingulate,0.8759444385483338,0.9008556624635047,1.2195911202796552
sub-MCI0295,posteriorcingulate,0.933862632980175,1.0630718345586125,0.9606097859122957
sub-MCI2005,posteriorcingulate,0.958304437987637,1.0625418189113596,1.2600793500130583
sub-MCI0271,posteriorcingulate,1.0629490666428274,1.140535078809634,1.4614785396674583
sub-MCI0292,posteriorcingulate,0.8965505246727385,0.9963238028205724,0.9184837372595176
sub-MCI2002,posteriorcingulate,1.015660095616639,1.0593208742774245,3.6933988067535398e-06
sub-MCI2008,posteriorcingulate,0.901560173264067,1.0016901857411196,1.3262382962291033
sub-MCI0298,posteriorcingulate,1.0153297644732728,1.1264697929432128,1.1194534077817464
sub-MCI0191,posteriorcingulate,1.1255627629140827,1.1086549158502557,1.0832248509670763
sub-MCI0265,posteriorcingulate,0.9125943076331745,0.9997235378440693,1.0302597816192656
sub-MCI2011,posteriorcingulate,0.9149465147357421,1.0765358361420636,1.283713434718756
sub-MCI0281,posteriorcingulate,0.9174869708488265,1.0436923273500076,1.2620172773890352
sub-MCI0182,posteriorcingulate,0.9931660276608232,1.1157701745422492,1.7151602148465483
sub-MCI0111,posteriorcingulate,1.1438521765130736,1.1245807942974448,1.1957795521165442
sub-MCI1001,posteriorcingulate,1.0589941881854446,1.0883619450703252,1.028350977811983
sub-MCI0285,posteriorcingulate,0.9403356282755279,1.1173701360259791,1.0947272044622067
sub-MCI2015,posteriorcingulate,1.0569648903407962,1.077632905982388,1.1885259206873844
sub-MCI0115,posteriorcingulate,0.9582525395912825,1.0014369716484905,1.1089084501377116
sub-MCI0272,posteriorcingulate,1.0194896257497927,1.1324692647603947,0.8835263560291574
sub-MCI2006,posteriorcingulate,1.1962606238885265,1.0729335209444002,
sub-MCI0296,posteriorcingulate,1.0874654283573693,1.0436322273878937,0.7804250847835698
sub-MCI0278,posteriorcingulate,1.0362900610756918,0.9984871661303628,1.0851789387713748
sub-MCI0195,posteriorcingulate,1.0393778241382918,1.1917428765454574,1.3927897919926442
sub-MCI0106,posteriorcingulate,0.9990174901787472,1.1133116389688684,1.7192218244333282
sub-MCI0192,posteriorcingulate,1.0428301500735322,1.0502262308682984,1.3071958426375452
sub-MCI0198,posteriorcingulate,0.8766552327806845,1.0494793322567162,
sub-MCI0275,posteriorcingulate,0.8919294320732272,0.9471866589396073,1.094646825461888
sub-MCI2001,posteriorcingulate,0.9546100731576227,0.9920566045426529,0.7076762536535929
sub-MCI0165,posteriorcingulate,0.9911597382180622,1.021037201261962,1.3112259326988267
sub-MCI0181,posteriorcingulate,0.8882627303802713,1.0385595444307503,1.1877740430324666
sub-MCI0282,posteriorcingulate,1.012594453883822,1.017066871111463,1.1412117576781615
sub-MCI2012,posteriorcingulate,0.9603156637380348,0.9704157435864595,0.7621945451613164
sub-MCI2018,posteriorcingulate,1.1387942393458543,1.1379286513608127,0.9098161133838437
sub-MCI0288,posteriorcingulate,0.9806410793277377,1.1052203626223385,1.2830564966706441
sub-MCI0280,posteriorcingulate,1.058350335617985,1.1113476161322235,0.910917427907961
sub-MCI0264,posteriorcingulate,1.0276911348948294,1.0372236381969393,0.939261292279988
sub-MCI0183,posteriorcingulate,0.9177722592122802,1.1310830412308568,1.3767621102112704
sub-MCI1004,posteriorcingulate,1.009987801857424,0.996285031233004,1.1107067034556612
sub-MCI0277,posteriorcingulate,0.9185615869005568,1.0919369214008545,0.9843369526462492
sub-MCI0299,posteriorcingulate,1.0767620424927562,1.1698635587546309,1.3523757745256133
sub-MCI2009,posteriorcingulate,1.0742677052923688,0.9980342495084983,0.8882027264909209
sub-MCI2003,posteriorcingulate,1.0628926500050275,1.1291548715671769,1.256354192159956
sub-MCI0293,posteriorcingulate,0.9824720920151367,1.0949852896972678,1.2584747124417868
sub-MCI0190,posteriorcingulate,0.8699984463468777,1.0265487137214733,1.3245544913939538
sub-MCI0141,posteriorcingulate,1.067174487924163,1.1279894640427763,1.0755086474124256
sub-MCI0197,posteriorcingulate,0.9576506475405433,0.9808979397438446,1.0650329034633759
sub-MCI0179,posteriorcingulate,0.8762308452420469,1.0359367459206859,1.193656163083137
sub-MCI0173,posteriorcingulate,0.9332243340816122,1.0399388045910796,0.9613288073205157
sub-MCI0270,posteriorcingulate,0.9280687121900557,1.155268696104436,0.9467807262452146
sub-MCI2004,posteriorcingulate,0.8495219938324431,1.0066993180956705,0.0
sub-MCI0294,posteriorcingulate,1.0952126509755251,1.0668738066873429,0.849098349815744
sub-MCI1003,posteriorcingulate,1.114062303959458,1.1010562192720663,1.2509701389133718
sub-MCI0184,posteriorcingulate,0.9368102014032473,1.069019086219574,1.0752639172978102
sub-MCI0269,posteriorcingulate,1.219777123220496,1.0834856346171944,0.07189478682429642
sub-MCI0287,posteriorcingulate,1.1554060127291446,1.1892338879005133,2.130268268898063
sub-MCI2017,posteriorcingulate,1.0976322766319278,1.1087785431700146,1.3023423520859247
sub-MCI0263,posteriorcingulate,1.080125818105194,1.0332842878613222,0.993608115419261
sub-MCI0113,posteriorcingulate,0.9340172699819307,1.196894775568504,1.2310451371484576
sub-MCI0289,posteriorcingulate,0.9900810776621823,1.1295421775361925,1.534077546436013
sub-MCI0267,posteriorcingulate,1.301662544292178,1.2135636671429368,0.0
sub-MCI2013,posteriorcingulate,1.0018189952796643,1.0405478305456717,1.171604173080191
sub-MCI0283,posteriorcingulate,1.1048970978398907,1.0750691711119282,0.9913054049296872
sub-MCI0199,posteriorcingulate,0.9985055683816338,1.0923891547697684,1.5172610885510716
sub-MCI0290,posteriorcingulate,1.131644306607239,1.1398768227192702,0.9972125982947639
sub-MCI2000,posteriorcingulate,1.1150588791022633,1.280527375153536,1.309010823258787
sub-MCI0274,posteriorcingulate,0.9854321301388457,1.2159553802110987,1.4525522949148366
sub-MCI0132,posteriorcingulate,1.101156271220222,1.180121988185179,1.2092137403340464
sub-MCI0236,posteriorcingulate,0.9866294740438148,1.1201115776833845,1.0030393545119378
sub-MCI0297,posteriorcingulate,0.7853865902791578,0.980137050934021,1.1376583416152524
sub-MCI0279,posteriorcingulate,1.0668088927318333,1.119922224485581,1.2702486235082715
sub-MCI2007,posteriorcingulate,1.109335580396668,1.3020684902606838,0.0
sub-MCI0273,posteriorcingulate,1.0034008154827707,1.164608768723572,1.151197833172543
sub-MCI0107,posteriorcingulate,0.8125267208645914,0.8873265653194663,1.0354416888028553
sub-MCI0170,posteriorcingulate,0.7684635580002228,0.9332938575125631,1.1144104347677135
sub-MCI0194,posteriorcingulate,1.0440675983759136,1.1110815836662618,1.1710944440930402
sub-MCI1000,posteriorcingulate,1.119819288596797,1.2314270049166331,1.4162281961429215
sub-MCI2014,posteriorcingulate,1.0462404192972288,1.0783100269075103,1.190298642821838
sub-MCI0284,posteriorcingulate,1.0488127888056853,1.116771924127948,
sub-MCI0169,posteriorcingulate,0.8054993185972125,1.0260179750283598,1.1793104806677677
sub-MCI1002,precentral,0.873346881390638,0.7394943465330338,1.3174220270499943
sub-MCI2016,precentral,0.6934260571251176,0.7708842340412573,1.0646927565829092
sub-MCI0268,precentral,0.7593959643258553,0.7098098121502899,1.1647598188279709
sub-MCI0286,precentral,0.503648628804034,0.625124804830331,0.9538257878719435
sub-MCI0137,precentral,0.7061446953813046,0.6682509812167345,1.1719721782207502
sub-MCI0196,precentral,0.88607130779429,0.7637506033270762,1.3685717855907034
sub-MCI0178,precentral,0.7148385520696705,0.7175838127903256,1.0714619804886696
sub-MCI0295,precentral,0.6941913508001769,0.7144691311552333,0.9643221751813152
sub-MCI2005,precentral,0.5379890120818231,0.5702975485246067,0.6725151754121996
sub-MCI0271,precentral,0.6429464260325678,0.6525411831583521,1.363159644264776
sub-MCI0292,precentral,0.7092479552504567,0.5995643329611328,0.8943623223747468
sub-MCI2002,precentral,0.8268562144018143,0.6360118215340831,0.005788082183004557
sub-MCI2008,precentral,0.7563870474913398,0.6692014577161639,1.05663960626435
sub-MCI0298,precentral,0.7326753168235435,0.6071050050617636,0.8167301659730036
sub-MCI0191,precentral,0.7274191369835794,0.8110993401744906,1.098791944079543
sub-MCI0265,precentral,0.6221300032526147,0.542546625123055,0.9812744779853108
sub-MCI2011,precentral,0.736858118544959,0.7574453305412044,1.1100598883915804
sub-MCI0281,precentral,0.7172977614701856,0.6781969423650931,1.2045304003332271
sub-MCI0182,precentral,0.7143894770020675,0.7752805245235006,1.6909851622836674
sub-MCI0111,precentral,0.7630524328813945,0.73636414937857,0.9808359691199757
sub-MCI1001,precentral,0.7841689119014621,0.747905122431733,0.9050166027028708
sub-MCI0285,precentral,0.5487325904602691,0.5917653346245166,0.9315447035119554
sub-MCI2015,precentral,0.6523392730580371,0.8042122914122533,1.1230890448661959
sub-MCI0115,precentral,0.6767420666592119,0.619462337351255,0.9906879624139577
sub-MCI0272,precentral,0.721871899087528,0.6757424035806446,0.6670562380557441
sub-MCI2006,precentral,0.8078427560650532,0.7684933761271127,
sub-MCI0296,precentral,0.7918722926507709,0.6514806095361716,1.1417220246294997
sub-MCI0278,precentral,0.7105098171821419,0.6603414334745517,1.1708777814492797
sub-MCI0195,precentral,0.6836342998821405,0.7276645867679822,1.376469218701629
sub-MCI0106,precentral,0.7913240088377136,0.7220077315840872,1.3070049912139168
sub-MCI0192,precentral,0.645916782943118,0.6054795062984577,1.1628154164263644
sub-MCI0198,precentral,0.7153267437345302,0.6633388460280639,
sub-MCI0275,precentral,0.736960767871806,0.661599914588615,1.136101003272339
sub-MCI2001,precentral,0.6423108222748789,0.6704461845404316,0.9207709315184616
sub-MCI0165,precentral,0.8272129333367993,0.7460776683775914,1.1468192412660252
sub-MCI0181,precentral,0.652135983600413,0.7650587894394348,1.0993884357144366
sub-MCI0282,precentral,0.5572859918049158,0.6476447251109472,1.0546298181966147
sub-MCI2012,precentral,0.7135745467860526,0.6069333495109863,0.6364700254203954
sub-MCI2018,precentral,0.877074755916845,0.8164123520102443,0.9956432395733728
sub-MCI0288,precentral,0.734628204841259,0.7520821612688194,1.3210511428269012
sub-MCI0280,precentral,0.5649055657431863,0.675147814469672,1.089343595921425
sub-MCI0264,precentral,0.6156383069825648,0.6682273311230361,0.9760632641145952
sub-MCI0183,precentral,0.5699131618643416,0.6829870525543673,1.1625396128276568
sub-MCI1004,precentral,0.5903647569449957,0.7255088482252697,0.8548025608994562
sub-MCI0277,precentral,0.7056413384760223,0.7208489773941671,1.198319819607353
sub-MCI0299,precentral,0.7563990283370166,0.6962885043902635,0.9654167052220417
sub-MCI2009,precentral,0.6272798931439484,0.6414322638020042,0.7379699382202347
sub-MCI2003,precentral,0.7141758800813197,0.7725970250622303,1.1640037149183013
sub-MCI0293,precentral,0.6035978790000828,0.6713782981156147,0.9214743962373905
sub-MCI0190,precentral,0.7340317312853025,0.7223053729338152,1.1692328505276037
sub-MCI0141,precentral,0.780362493097186,0.7567048353646585,1.1633089875357208
sub-MCI0197,precentral,0.7578522182204779,0.7114217245146477,1.1198768992598371
sub-MCI0179,precentral,0.6186044819451676,0.748841781390624,1.1025629926978864
sub-MCI0173,precentral,0.7558120511982621,0.7371673916904734,0.8981622856064542
sub-MCI0270,precentral,0.738883803814305,0.6887716192532214,0.9241525050518508
sub-MCI2004,precentral,0.7947585695695297,0.7156431323062057,0.025289659016357286
sub-MCI0294,precentral,0.5448310353048111,0.6751482688718696,0.9327013807878439
sub-MCI1003,precentral,0.792204103795902,0.7825023500785168,1.1758234518068158
sub-MCI0184,precentral,0.6909972404963646,0.7079626338699085,1.0349832896663962
sub-MCI0269,precentral,0.9523393086320836,0.7573575644262555,0.8651789288648104
sub-MCI0287,precentral,0.8661646936758418,0.7981197274248893,1.878202583168594
sub-MCI2017,precentral,0.744191025745193,0.7266539122096254,1.2490996440363957
sub-MCI0263,precentral,0.808896658337938,0.6425520384174225,1.1466127059617115
sub-MCI0113,precentral,0.6642051780281618,0.7735859342207699,1.1068087773506425
sub-MCI0289,precentral,0.6548983840791199,0.702411073556066,1.4321840256297178
sub-MCI0267,precentral,0.8273774712131601,0.6083544470600746,3.8844879296217326e-09
sub-MCI2013,precentral,0.7896993755951563,0.7274704954118153,1.2381587756965218
sub-MCI0283,precentral,0.6350026748529233,0.6297917095925446,0.6502932994989875
sub-MCI0199,precentral,0.7682215182311513,0.7952114531699669,1.2935977887709806
sub-MCI0290,precentral,0.8139996791666897,0.7690386718088681,1.021559354080902
sub-MCI2000,precentral,0.7654645982233583,0.7578568354378371,1.2580787301142233
sub-MCI0274,precentral,0.7279970628979976,0.7701823612565492,1.2642325299414934
sub-MCI0132,precentral,0.7616048751833066,0.7379218862896674,1.2317127029660468
sub-MCI0236,precentral,0.7362783098809297,0.6482614457914404,1.0391078006224146
sub-MCI0297,precentral,0.7083224214649154,0.642439683562594,0.8555940132627111
sub-MCI0279,precentral,0.5875229713098546,0.8617354261828416,0.9813506965617345
sub-MCI2007,precentral,0.8228692770435059,0.8608736494180426,0.0
sub-MCI0273,precentral,0.7366302087842688,0.7862135532101988,1.161020318049708
sub-MCI0107,precentral,0.7353960096729719,0.6082099898628867,0.8670630571743306
sub-MCI0170,precentral,0.5856727604301887,0.6394690042567219,1.054535317820693
sub-MCI0194,precentral,0.6534860727856028,0.6837837329001369,0.7758809247814314
sub-MCI1000,precentral,0.8743228305335123,0.7149793806322345,1.2498475415795502
sub-MCI2014,precentral,0.7477425161909778,0.7609729925360901,1.1844778599670451
sub-MCI0284,precentral,0.8372416410372173,0.8051800910796666,
sub-MCI0169,precentral,0.5776463615975739,0.6782836215307227,1.099933853433468
sub-MCI1002,precuneus,1.048922696960057,1.1139783581476965,1.4974112085341638
sub-MCI2016,precuneus,0.969586681784816,1.1479804715400965,1.002110514593914
sub-MCI0268,precuneus,1.1265751834423188,1.0778972270238534,1.4297247656160792
sub-MCI0286,precuneus,0.6434802045006344,0.9761337427529012,0.8085133248860753
sub-MCI0137,precuneus,0.9074672331617972,0.9449723464077322,1.0883561830597204
sub-MCI0196,precuneus,1.2515612310779798,1.148890487203916,1.1477254526103915
sub-MCI0178,precuneus,0.9779391168452964,0.941956095090402,0.9339938392118614
sub-MCI0295,precuneus,0.8915764104861139,1.008829342624851,0.9002620825585478
sub-MCI2005,precuneus,0.8111191044760793,0.9616050044612299,0.9075472385777997
sub-MCI0271,precuneus,1.0290957247156494,1.0603227911349409,1.3526320793870914
sub-MCI0292,precuneus,1.0856550308009945,0.9985443051182478,0.8200732234772786
sub-MCI2002,precuneus,0.9445167092188574,0.9813154485917589,0.11117351971808591
sub-MCI2008,precuneus,0.962301275731162,1.0213102738176756,1.1893452181197297
sub-MCI0298,precuneus,0.9478649175018015,0.9497744023327356,0.6244162377730061
sub-MCI0191,precuneus,1.0850781937486835,1.0566384481719722,0.9909621923821936
sub-MCI0265,precuneus,0.9353689263059357,0.9151644030593606,0.9888050025093504
sub-MCI2011,precuneus,0.9548281879258137,1.1023642931900648,1.076262939325039
sub-MCI0281,precuneus,0.9981545790361943,0.9574859421277538,0.8700730549259832
sub-MCI0182,precuneus,0.9770120739909952,1.0154575820721394,1.933712821480421
sub-MCI0111,precuneus,1.0612428216286784,1.0722699820211523,1.008227930215931
sub-MCI1001,precuneus,1.1244832979311554,1.0533969164668522,0.9369062450173673
sub-MCI0285,precuneus,1.0435882869168003,1.0780696311846498,0.9938947275784062
sub-MCI2015,precuneus,1.0704333772065338,1.0938897807731185,1.0028140918768456
sub-MCI0115,precuneus,0.9360369057058557,0.88110099601726,0.8060209714606759
sub-MCI0272,precuneus,0.954691218852914,1.0401233937595653,0.6406000488797454
sub-MCI2006,precuneus,1.1583901304095854,1.2055893512315488,
sub-MCI0296,precuneus,1.1014027113333305,1.0312766359716132,0.9304204028650467
sub-MCI0278,precuneus,1.0502528707970717,0.9199051010884706,1.0286017729454582
sub-MCI0195,precuneus,1.0227184881236913,1.0664388827267361,1.4977529483909962
sub-MCI0106,precuneus,1.0848648368555591,1.1478037598603272,1.5687990343153755
sub-MCI0192,precuneus,0.9956014100397571,0.9300966139223295,1.3481501480831668
sub-MCI0198,precuneus,0.9103356673221976,0.8561512346057036,
sub-MCI0275,precuneus,0.9919875673767284,0.9544439830707121,0.9988109997395044
sub-MCI2001,precuneus,0.962647404429314,1.0299118329291055,1.0321081663499212
sub-MCI0165,precuneus,1.047663846122007,1.0019595697703303,1.1133834307047548
sub-MCI0181,precuneus,0.9931541942197901,1.0635848102123413,1.1829209221301018
sub-MCI0282,precuneus,1.002024861520547,0.9811734542943774,1.0376057983591902
sub-MCI2012,precuneus,0.9379279487865314,0.9516419974823168,0.6714730977429129
sub-MCI2018,precuneus,1.0992924104673771,1.1386253616090471,0.9292207505814339
sub-MCI0288,precuneus,0.999525631668241,1.070493318780466,1.308953685343627
sub-MCI0280,precuneus,1.1222800359063292,1.1212381441636403,1.4826711107173625
sub-MCI0264,precuneus,0.9327505598539415,0.9649533273451596,0.81548878922365
sub-MCI0183,precuneus,1.0100603283221767,1.1745469717077315,1.2453489984288844
sub-MCI1004,precuneus,0.9139039119144797,0.9550792307363329,0.8177306843087317
sub-MCI0277,precuneus,0.9936982729979345,1.083188853940123,1.0021921714345519
sub-MCI0299,precuneus,1.0914308226770648,1.1857841166300873,0.9687338748011265
sub-MCI2009,precuneus,1.074517095867181,0.9288688539767531,0.4720811853784573
sub-MCI2003,precuneus,1.0319190715989193,1.1009774018211054,1.1267973707052206
sub-MCI0293,precuneus,0.8289781423058733,1.1054731944826388,0.669890386678273
sub-MCI0190,precuneus,0.9473338157484296,1.02647726061658,1.105931087824255
sub-MCI0141,precuneus,1.0973388042265177,1.0790862087545972,1.1713893957667565
sub-MCI0197,precuneus,1.0549043762346229,0.957994249639536,1.235747156818909
sub-MCI0179,precuneus,0.8650931253263802,1.0044489116295041,1.164547118093268
sub-MCI0173,precuneus,0.9883285550879263,0.9777851478465471,0.9657621827970532
sub-MCI0270,precuneus,1.0007443324552776,1.047904149185809,0.9013187165625884
sub-MCI2004,precuneus,0.9283815084342931,0.9748246056548695,0.180572217973816
sub-MCI0294,precuneus,1.0204275805859313,1.0269999455846157,0.9124838484503184
sub-MCI1003,precuneus,1.128791980808991,1.0981680915533019,1.1328480373067935
sub-MCI0184,precuneus,1.0054104767025427,1.1094791908952615,1.1924539250547472
sub-MCI0269,precuneus,1.1699512716665856,1.0365208408527118,0.6771845499323627
sub-MCI0287,precuneus,1.0710856364535764,1.1617487966414106,2.020853314084521
sub-MCI2017,precuneus,1.148175027615361,1.089410351476621,1.219236344248968
sub-MCI0263,precuneus,1.241767688712464,1.090790818813086,0.9877310210697517
sub-MCI0113,precuneus,0.9387576897525239,1.1210152346612916,1.2609556865814824
sub-MCI0289,precuneus,1.03012307755108,1.1285136962802824,1.2479903906360554
sub-MCI0267,precuneus,1.2185524113562192,1.0410797317355251,0.22822761577616762
sub-MCI2013,precuneus,0.8451878022150096,1.0035534668522146,0.7763854862827535
sub-MCI0283,precuneus,0.9814634552830185,1.038606132038108,1.0572154835115124
sub-MCI0199,precuneus,1.0145581929605947,1.0955233052828308,1.3338127567120261
sub-MCI0290,precuneus,1.1378287527036304,1.1213978646703744,0.948773784726468
sub-MCI2000,precuneus,1.1020119195678237,1.139693167577473,1.3704853080739325
sub-MCI0274,precuneus,0.9813169333628499,1.224699980621041,1.4593952643484156
sub-MCI0132,precuneus,1.1414079733216342,1.1790790003823113,1.3786392262219316
sub-MCI0236,precuneus,0.9498045926117378,1.046220688567548,0.7181040373856735
sub-MCI0297,precuneus,0.9476015122595559,1.044267342515953,0.994150468609853
sub-MCI0279,precuneus,1.0056360998344491,1.0974405784038663,0.9772309100743201
sub-MCI2007,precuneus,0.9920757739922311,1.2113045191370904,0.0
sub-MCI0273,precuneus,0.9862585624178617,1.0388334289812535,0.9887392802453723
sub-MCI0107,precuneus,0.9121607936012428,0.8905395583482469,0.6861622260671787
sub-MCI0170,precuneus,0.7437794744006748,0.82341226806339,1.1585351187827309
sub-MCI0194,precuneus,1.073165240127105,1.051898426994307,0.9818264194917679
sub-MCI1000,precuneus,1.2209491942909054,1.1058110697320427,1.1905719301806474
sub-MCI2014,precuneus,0.8533351667604195,0.9424673134527811,0.7162750206214791
sub-MCI0284,precuneus,1.1176501975461315,1.106383992393541,
sub-MCI0169,precuneus,0.8797499814181386,1.024462568357144,0.9844866377209439
sub-MCI1002,rostralanteriorcingulate,0.9949058093760892,1.0881032732417877,1.232546020715413
sub-MCI2016,rostralanteriorcingulate,0.8587965252295315,0.9415775790327298,1.0345566747924435
sub-MCI0268,rostralanteriorcingulate,1.0280712060410397,1.0804516790741292,1.0032537201886729
sub-MCI0286,rostralanteriorcingulate,0.7530349948203274,0.9594925753726571,0.8826306184753319
sub-MCI0137,rostralanteriorcingulate,0.8906419125190431,0.9561341469422341,1.1361347722609672
sub-MCI0196,rostralanteriorcingulate,1.0993081643454654,1.097692875344266,1.1542528526497189
sub-MCI0178,rostralanteriorcingulate,1.1727887545304816,1.0493749837116448,1.124070867213036
sub-MCI0295,rostralanteriorcingulate,0.8657185714132367,1.03207346031563,0.948978341111704
sub-MCI2005,rostralanteriorcingulate,0.9140034308582832,0.9766866372097908,0.9356937978087086
sub-MCI0271,rostralanteriorcingulate,0.9261560161032095,0.9545099885992636,1.1530349760147922
sub-MCI0292,rostralanteriorcingulate,0.9810568536259926,0.9538602631225996,0.7726983711195203
sub-MCI2002,rostralanteriorcingulate,0.8697346922233379,1.0016885008794167,0.23534405451990062
sub-MCI2008,rostralanteriorcingulate,0.8742085188188636,1.0318880583100092,1.2473085649999203
sub-MCI0298,rostralanteriorcingulate,0.8651797310694569,0.9456680475572109,1.2552950297124088
sub-MCI0191,rostralanteriorcingulate,1.0447502434713019,0.9709598679989022,0.8647143933101706
sub-MCI0265,rostralanteriorcingulate,0.9944298458965716,0.9411097225296349,0.8039106471594354
sub-MCI2011,rostralanteriorcingulate,0.8011631668846401,0.9754374601012508,0.8554067756058827
sub-MCI0281,rostralanteriorcingulate,0.8630542561644526,0.9496340935917721,1.5219293400622314
sub-MCI0182,rostralanteriorcingulate,1.046145825823638,1.086978883825049,0.8209976836370555
sub-MCI0111,rostralanteriorcingulate,0.9915240532705963,1.0078133960327988,0.8607550878058273
sub-MCI1001,rostralanteriorcingulate,0.9971423572243998,1.019412551058301,0.8766728212771298
sub-MCI0285,rostralanteriorcingulate,0.9623650996632647,1.0120769705764727,0.8210821522588218
sub-MCI2015,rostralanteriorcingulate,0.9759996235363272,1.0182765267495832,0.9692764780448776
sub-MCI0115,rostralanteriorcingulate,1.0374295919037928,0.9737918926553941,0.9887814920198925
sub-MCI0272,rostralanteriorcingulate,0.8645949607550306,1.0282378261475131,1.598743612785467
sub-MCI2006,rostralanteriorcingulate,1.0812577647687442,1.0956844804635604,
sub-MCI0296,rostralanteriorcingulate,1.0550473241702067,1.017271841241976,0.7117899958543409
sub-MCI0278,rostralanteriorcingulate,0.9974814208653575,0.9514387346423261,0.8803408728503753
sub-MCI0195,rostralanteriorcingulate,0.9642219689623512,1.0788303753554567,1.2014653430962754
sub-MCI0106,rostralanteriorcingulate,0.9606955700773463,1.0309375850578877,1.0660736635490333
sub-MCI0192,rostralanteriorcingulate,1.0975918918702405,1.0171925393439996,1.1090851321024946
sub-MCI0198,rostralanteriorcingulate,0.9177098723735824,1.0063536967667335,
sub-MCI0275,rostralanteriorcingulate,0.8991247661073442,0.955936588545556,0.9575572747116791
sub-MCI2001,rostralanteriorcingulate,1.0479261328122944,0.9838385542355215,1.1126414786851873
sub-MCI0165,rostralanteriorcingulate,1.0239197040884573,1.025053952580892,1.19577535293406
sub-MCI0181,rostralanteriorcingulate,0.9028131220409392,1.099216299495139,1.1171099635724027
sub-MCI0282,rostralanteriorcingulate,1.0113142517532865,0.9880636594402347,1.019231981838717
sub-MCI2012,rostralanteriorcingulate,1.0120876658419853,0.961719542127213,0.8452246138595273
sub-MCI2018,rostralanteriorcingulate,0.9401595245736355,1.097554813776865,1.1642142812666065
sub-MCI0288,rostralanteriorcingulate,1.0996013144487242,1.0280257922676863,1.1876315440153116
sub-MCI0280,rostralanteriorcingulate,0.975916217086619,1.0070082345408062,0.4126894166797069
sub-MCI0264,rostralanteriorcingulate,1.006785504582261,1.0237551081719314,1.1487550951059904
sub-MCI0183,rostralanteriorcingulate,0.8843949552192533,1.0243418028037115,0.9471169601355761
sub-MCI1004,rostralanteriorcingulate,1.0553619709670328,1.1061595408045457,1.0373934701107397
sub-MCI0277,rostralanteriorcingulate,0.8875878733226734,0.9819747192839905,0.7860455402266338
sub-MCI0299,rostralanteriorcingulate,0.791303770507885,0.8699033132822896,0.9356829140919654
sub-MCI2009,rostralanteriorcingulate,0.918616644169116,0.9884427746396248,0.9606578295986944
sub-MCI2003,rostralanteriorcingulate,1.0011913180883942,1.0791767707165854,1.2007723979953437
sub-MCI0293,rostralanteriorcingulate,1.008175732327591,1.0571060599414897,1.271264952898517
sub-MCI0190,rostralanteriorcingulate,0.7691099513267856,0.8416674334622456,1.008041712867505
sub-MCI0141,rostralanteriorcingulate,1.002131888588188,1.0533766166448566,0.9695291830224236
sub-MCI0197,rostralanteriorcingulate,1.0682710889875657,0.9676928749725435,1.1253964150256175
sub-MCI0179,rostralanteriorcingulate,0.9847074128485548,1.1131307838673525,1.2422480756689922
sub-MCI0173,rostralanteriorcingulate,1.05765370685758,1.041316893056409,1.0331860498646825
sub-MCI0270,rostralanteriorcingulate,0.9160504087942075,1.0210290317967126,0.9337566023240959
sub-MCI2004,rostralanteriorcingulate,0.8546352246898659,0.9375588502308958,0.07864500251615483
sub-MCI0294,rostralanteriorcingulate,0.8001718542224164,0.9740628405679821,0.8934941159045285
sub-MCI1003,rostralanteriorcingulate,0.9920063749762327,1.1271358835028156,1.1816780917937943
sub-MCI0184,rostralanteriorcingulate,0.9113604029260963,0.9611362456162015,0.7248856797018574
sub-MCI0269,rostralanteriorcingulate,0.9776908231557025,0.9181378364224024,1.6352010945498563
sub-MCI0287,rostralanteriorcingulate,0.8499122079222666,0.8596081269166234,-1.4349451060694731
sub-MCI2017,rostralanteriorcingulate,1.0393780398518264,1.0352715149726255,1.1589572630781992
sub-MCI0263,rostralanteriorcingulate,0.9460549681873666,0.8515201014544507,0.9721393806753773
sub-MCI0113,rostralanteriorcingulate,0.8913218631495383,1.1329782199372238,1.3751979513735653
sub-MCI0289,rostralanteriorcingulate,1.0066743628686567,1.127808486220382,1.1455471178004415
sub-MCI0267,rostralanteriorcingulate,0.9432576992254516,0.9747723733416374,0.25443991591736137
sub-MCI2013,rostralanteriorcingulate,0.9176993955625874,1.011005451678072,1.0950029428667938
sub-MCI0283,rostralanteriorcingulate,0.9542014403929338,0.9218229454649403,1.0433417274856083
sub-MCI0199,rostralanteriorcingulate,0.9976371309530669,1.0624675183819912,1.1396978909604265
sub-MCI0290,rostralanteriorcingulate,0.8902364747097649,1.0271257303545993,0.8486480579202912
sub-MCI2000,rostralanteriorcingulate,1.0760214048919068,1.1746008647783506,1.18750286238346
sub-MCI0274,rostralanteriorcingulate,0.9264827548503176,1.201450775729275,1.1886649484893836
sub-MCI0132,rostralanteriorcingulate,0.96833083233199,1.0353986746924906,1.035296582564365
sub-MCI0236,rostralanteriorcingulate,0.8618517904525947,1.0688834310357016,1.239882843294155
sub-MCI0297,rostralanteriorcingulate,0.767894226983529,0.8811752324109262,0.8253770099375559
sub-MCI0279,rostralanteriorcingulate,1.1001259519395168,0.8557786394506413,1.3591991405476864
sub-MCI2007,rostralanteriorcingulate,0.9526193431336208,1.0731225945586755,0.0801540504345194
sub-MCI0273,rostralanteriorcingulate,0.9123594316402792,1.0651491361650258,1.1679399488529465
sub-MCI0107,rostralanteriorcingulate,0.8629674288497846,0.8362402018223589,0.997851468862169
sub-MCI0170,rostralanteriorcingulate,0.7039271972532136,0.9410702956262571,1.1787668085740246
sub-MCI0194,rostralanteriorcingulate,0.9780052600411138,1.019165056455558,0.8679950616418828
sub-MCI1000,rostralanteriorcingulate,0.9072330438523015,1.0555295667097362,1.3039751554919465
sub-MCI2014,rostralanteriorcingulate,0.9121395999518714,1.1220769878703547,1.511767214337658
sub-MCI0284,rostralanteriorcingulate,0.7569592262208514,0.7186239704759544,
sub-MCI0169,rostralanteriorcingulate,0.805969721846218,0.9666209237541489,1.0066219219403039
sub-MCI1002,rostralmiddlefrontal,0.9631613653926905,0.7393041588354571,1.5070023803410557
sub-MCI2016,rostralmiddlefrontal,0.4504955968775527,0.6488428868168369,0.8598668288685005
sub-MCI0268,rostralmiddlefrontal,0.6549582121706503,0.6065904013648864,1.1197910080339213
sub-MCI0286,rostralmiddlefrontal,0.45676897109231757,0.5756002890081768,0.7912429332610268
sub-MCI0137,rostralmiddlefrontal,0.7274110793007402,0.6271491582922635,1.2206096588542588
sub-MCI0196,rostralmiddlefrontal,0.6827946506673812,0.6306231511762187,1.2860899428707888
sub-MCI0178,rostralmiddlefrontal,0.7071234869000153,0.6946753011609971,1.190761453644166
sub-MCI0295,rostralmiddlefrontal,0.6541820257947353,0.6798848546051588,1.0226391287935734
sub-MCI2005,rostralmiddlefrontal,0.5349563037484744,0.5854560667708394,0.7057565151390168
sub-MCI0271,rostralmiddlefrontal,0.5688998378145801,0.5625963374077052,1.1495103806940041
sub-MCI0292,rostralmiddlefrontal,0.5968251504749316,0.5160493106156817,0.8441744809186302
sub-MCI2002,rostralmiddlefrontal,0.8208167633245312,0.5556903516020477,0.0
sub-MCI2008,rostralmiddlefrontal,0.7382552963345067,0.6351355262404074,1.1260557092696506
sub-MCI0298,rostralmiddlefrontal,0.6920286416581227,0.5735298768849356,1.0549743471076718
sub-MCI0191,rostralmiddlefrontal,0.6477181950201547,0.7417741918711394,1.1023935058391758
sub-MCI0265,rostralmiddlefrontal,0.5978252623280748,0.4705516661655578,0.9488006398696882
sub-MCI2011,rostralmiddlefrontal,0.6092540839288167,0.6209813727398263,1.0124414810075923
sub-MCI0281,rostralmiddlefrontal,0.6583169372061071,0.6738718860300186,1.3566272949858174
sub-MCI0182,rostralmiddlefrontal,0.7412516710361102,0.8052231172981607,2.147738391397797
sub-MCI0111,rostralmiddlefrontal,0.7385594126315591,0.712028198456376,0.9267410616876819
sub-MCI1001,rostralmiddlefrontal,0.7503578406097973,0.6493676506042219,0.8119023397225451
sub-MCI0285,rostralmiddlefrontal,0.5895019149926318,0.5784403162580549,0.9344239591304204
sub-MCI2015,rostralmiddlefrontal,0.46235249810772344,0.7042259641547597,0.9140346644358527
sub-MCI0115,rostralmiddlefrontal,0.7464238688852342,0.6412320704848413,1.0646470860630997
sub-MCI0272,rostralmiddlefrontal,0.6608734223346052,0.5430693840244502,0.6501185501075812
sub-MCI2006,rostralmiddlefrontal,0.839121872512965,0.9373151691212678,
sub-MCI0296,rostralmiddlefrontal,0.6369006536825864,0.5537005707667279,1.175699890135815
sub-MCI0278,rostralmiddlefrontal,0.650581061741056,0.6143296797505774,1.039224360167474
sub-MCI0195,rostralmiddlefrontal,0.6464132322006048,0.6864057955971631,1.4768492633878627
sub-MCI0106,rostralmiddlefrontal,0.693544831477566,0.6029844666612254,1.1780154739742221
sub-MCI0192,rostralmiddlefrontal,0.5023115293652654,0.5272170932501838,1.1912170266957236
sub-MCI0198,rostralmiddlefrontal,0.824621263511377,0.6150455095533915,
sub-MCI0275,rostralmiddlefrontal,0.6651122221008298,0.6075274162431119,1.2202131527246183
sub-MCI2001,rostralmiddlefrontal,0.6740240114018055,0.6194456520860663,0.879659744605795
sub-MCI0165,rostralmiddlefrontal,0.7875295613094374,0.6807512178661915,1.2102461097164456
sub-MCI0181,rostralmiddlefrontal,0.6097378546818761,0.7066541073152733,1.1311671121885423
sub-MCI0282,rostralmiddlefrontal,0.46963280240963845,0.5956596161809413,1.047991586257427
sub-MCI2012,rostralmiddlefrontal,0.7870432339724682,0.6262131626963613,0.6807313553076161
sub-MCI2018,rostralmiddlefrontal,0.7601229318214215,0.720007482363963,0.9599680593585073
sub-MCI0288,rostralmiddlefrontal,0.7155999201870474,0.6693925853360216,1.3773949336983913
sub-MCI0280,rostralmiddlefrontal,0.4997450752844213,0.5833847314602344,1.1068601552337174
sub-MCI0264,rostralmiddlefrontal,0.5153449059157121,0.5795152247348063,1.0211289025599153
sub-MCI0183,rostralmiddlefrontal,0.4900568729417413,0.5873960345753155,1.0165730741016727
sub-MCI1004,rostralmiddlefrontal,0.6318406949682257,0.7126543529645862,1.1120991302792247
sub-MCI0277,rostralmiddlefrontal,0.6615090021806165,0.6448985660195031,1.1487578009326778
sub-MCI0299,rostralmiddlefrontal,0.6700988185108034,0.516648661554692,0.5669721682635827
sub-MCI2009,rostralmiddlefrontal,0.7429736039733705,0.7089323489581982,0.7419842685291871
sub-MCI2003,rostralmiddlefrontal,0.8232486000260004,0.7369653305006981,1.2751333908912672
sub-MCI0293,rostralmiddlefrontal,0.5309411081668381,0.5883687083396008,1.1426942868926357
sub-MCI0190,rostralmiddlefrontal,0.6966609437750853,0.6357132872676724,1.1427477515204825
sub-MCI0141,rostralmiddlefrontal,0.7738419738090149,0.708711541287204,1.1675595301557535
sub-MCI0197,rostralmiddlefrontal,0.7056743138681187,0.6527729547247964,1.1305296164785419
sub-MCI0179,rostralmiddlefrontal,0.5968221609417453,0.7346408073338326,1.190167390332521
sub-MCI0173,rostralmiddlefrontal,0.7166628768164077,0.7312215873170534,1.1136796270631162
sub-MCI0270,rostralmiddlefrontal,0.642588346977871,0.6077918255152301,0.8953098831309645
sub-MCI2004,rostralmiddlefrontal,0.8936510303765265,0.6670077845506656,0.003088642840480357
sub-MCI0294,rostralmiddlefrontal,0.44238076777964125,0.5667765411405226,0.8380351706897538
sub-MCI1003,rostralmiddlefrontal,0.7124944096556047,0.7760828003059046,1.2335141898078748
sub-MCI0184,rostralmiddlefrontal,0.7000343973241506,0.6708361533952116,0.9197927058776388
sub-MCI0269,rostralmiddlefrontal,0.8007238082455196,0.6333098191343525,1.1208338356766656
sub-MCI0287,rostralmiddlefrontal,0.7568191418854798,0.6952520390939446,-0.055060407553646495
sub-MCI2017,rostralmiddlefrontal,0.7254872521099597,0.6526115650159773,1.2892319779135
sub-MCI0263,rostralmiddlefrontal,0.7380140219369887,0.5794768474083609,1.0642819125065175
sub-MCI0113,rostralmiddlefrontal,0.6171043841877866,0.7086059767194103,1.2357945642118902
sub-MCI0289,rostralmiddlefrontal,0.5071558920839689,0.6683394966185917,1.356872932958113
sub-MCI0267,rostralmiddlefrontal,0.6835959044472328,0.5801838652388506,0.0
sub-MCI2013,rostralmiddlefrontal,0.7261954036763623,0.6588903643696566,1.0125709313332452
sub-MCI0283,rostralmiddlefrontal,0.5736276688601925,0.5336305445125787,0.4557889269630295
sub-MCI0199,rostralmiddlefrontal,0.7258947824617353,0.6821507243390709,1.1866333347293334
sub-MCI0290,rostralmiddlefrontal,0.6628584362446366,0.6509875039800698,1.01681307015235
sub-MCI2000,rostralmiddlefrontal,0.7012637188824206,0.7530937860235551,1.2657501417517008
sub-MCI0274,rostralmiddlefrontal,0.6968216977206054,0.6606646023101345,1.3208736006426451
sub-MCI0132,rostralmiddlefrontal,0.674206289443714,0.659891897762639,1.1762108344409703
sub-MCI0236,rostralmiddlefrontal,0.7515272985038495,0.6370662784270039,1.0944306563611814
sub-MCI0297,rostralmiddlefrontal,0.6942972117691901,0.5819109210544361,1.048165104547402
sub-MCI0279,rostralmiddlefrontal,0.5353061207329477,0.6758835135042627,0.8271545858057728
sub-MCI2007,rostralmiddlefrontal,0.8466739566543791,0.9172522493968198,0.0
sub-MCI0273,rostralmiddlefrontal,0.672678790626596,0.6716915838922503,1.1499881243603998
sub-MCI0107,rostralmiddlefrontal,0.6718142584130782,0.5184507807844942,0.960082210403654
sub-MCI0170,rostralmiddlefrontal,0.49459253414213744,0.5401068151316513,1.050434982384961
sub-MCI0194,rostralmiddlefrontal,0.6428158654721613,0.5813504024241384,0.633722133855053
sub-MCI1000,rostralmiddlefrontal,0.6693999315372928,0.598544517289117,1.2511803180955152
sub-MCI2014,rostralmiddlefrontal,0.5848585852262435,0.7753044410279998,1.3347584457786514
sub-MCI0284,rostralmiddlefrontal,0.7370935122651688,0.5871662885147676,
sub-MCI0169,rostralmiddlefrontal,0.566843041670239,0.6479986522476073,0.988410694501652
sub-MCI1002,superiorfrontal,0.8194678205862826,0.6784587436410839,1.247731527790091
sub-MCI2016,superiorfrontal,0.61969497007542,0.7579843833155726,0.8235163933051987
sub-MCI0268,superiorfrontal,0.6930204791597738,0.6269512655742829,1.0484275920963788
sub-MCI0286,superiorfrontal,0.4665536488685292,0.5709235293440532,0.829220873452402
sub-MCI0137,superiorfrontal,0.6936207023317689,0.6253960473738244,1.0692580425356968
sub-MCI0196,superiorfrontal,0.7873169018124683,0.7171382537141956,1.0757859660780194
sub-MCI0178,superiorfrontal,0.639455980091607,0.6353309050772211,1.0984163955895356
sub-MCI0295,superiorfrontal,0.6376986497066027,0.6564438048082234,0.8989720272672022
sub-MCI2005,superiorfrontal,0.5282864291596817,0.5615894347130661,0.6203539804600028
sub-MCI0271,superiorfrontal,0.6223639293500204,0.5740873674924158,1.0886442829205862
sub-MCI0292,superiorfrontal,0.6770395753456168,0.5718730206055098,0.7591707020071026
sub-MCI2002,superiorfrontal,0.7924046839109589,0.6966693628141691,2.538825824228027e-06
sub-MCI2008,superiorfrontal,0.695928022961421,0.6350751667450929,0.9843868860439366
sub-MCI0298,superiorfrontal,0.7313377378005791,0.6059453124704043,0.9999853120203785
sub-MCI0191,superiorfrontal,0.6159222763033038,0.6873069037205601,0.9389202579570363
sub-MCI0265,superiorfrontal,0.6630412480729224,0.5180266350472944,0.8376722519922175
sub-MCI2011,superiorfrontal,0.6444005253039321,0.6682432963426879,0.9310990222793233
sub-MCI0281,superiorfrontal,0.6342791722138421,0.6360600045027832,1.161198599953775
sub-MCI0182,superiorfrontal,0.678035885656781,0.717188471340694,1.3646995354904696
sub-MCI0111,superiorfrontal,0.7537132899420121,0.7135948886324166,0.9046116782541518
sub-MCI1001,superiorfrontal,0.741378516726561,0.7152684799323663,0.7781089081413972
sub-MCI0285,superiorfrontal,0.5856783923658535,0.6078717722131408,0.8708881373504228
sub-MCI2015,superiorfrontal,0.5917372943930662,0.7720491980266452,0.9284853621346405
sub-MCI0115,superiorfrontal,0.7171007703683463,0.6209429944589625,0.9214900102772332
sub-MCI0272,superiorfrontal,0.6668790992762762,0.6251358036440211,0.5878392238401562
sub-MCI2006,superiorfrontal,0.8436274653990793,0.8336895958249726,
sub-MCI0296,superiorfrontal,0.7632907368905548,0.6469534929705971,0.9990538007179952
sub-MCI0278,superiorfrontal,0.6491225206400358,0.6196892811782954,0.945746014961991
sub-MCI0195,superiorfrontal,0.6386691446918487,0.6821337971424464,1.201207001574662
sub-MCI0106,superiorfrontal,0.6603453613465714,0.6475205594323327,1.1451924173350487
sub-MCI0192,superiorfrontal,0.5671172758228318,0.5615566866608238,0.9804251327257896
sub-MCI0198,superiorfrontal,0.7580969245969157,0.6866801421977928,
sub-MCI0275,superiorfrontal,0.6697321437906193,0.6273830713951026,0.9916072726800834
sub-MCI2001,superiorfrontal,0.7078142100822674,0.691385417587552,0.6144369264142383
sub-MCI0165,superiorfrontal,0.73198272785868,0.67264222280278,1.1087576293985537
sub-MCI0181,superiorfrontal,0.557651061035626,0.6637947623441813,0.9189008487430117
sub-MCI0282,superiorfrontal,0.5057389615408469,0.6206662081784702,0.9849954168024384
sub-MCI2012,superiorfrontal,0.7804124686207289,0.6335414914468139,0.5837051202623907
sub-MCI2018,superiorfrontal,0.7866251703802654,0.7435723815890295,0.7659982317925504
sub-MCI0288,superiorfrontal,0.6918385276766653,0.6633120802942336,1.0625929410339772
sub-MCI0280,superiorfrontal,0.5909003930320379,0.6626859761378165,0.8134296217647907
sub-MCI0264,superiorfrontal,0.5679518197541882,0.6100266053301513,0.8715034048261173
sub-MCI0183,superiorfrontal,0.5322826400547926,0.6438737217314762,1.0113509387492892
sub-MCI1004,superiorfrontal,0.6190136539671302,0.74259478468814,0.8682845270338188
sub-MCI0277,superiorfrontal,0.6772669336330868,0.6396607287894949,0.9204839797878378
sub-MCI0299,superiorfrontal,0.6916049536909503,0.6503385093250704,0.6649882032902471
sub-MCI2009,superiorfrontal,0.7889503494700121,0.7179779688285444,0.5785733900724568
sub-MCI2003,superiorfrontal,0.7030517448867755,0.7468176933069022,1.0187336958922002
sub-MCI0293,superiorfrontal,0.607588907824715,0.6848324030322033,0.9398858749927628
sub-MCI0190,superiorfrontal,0.6923275847424027,0.6092850615948858,0.9930093464726177
sub-MCI0141,superiorfrontal,0.7342302181633921,0.6847228216407719,0.9617407624626586
sub-MCI0197,superiorfrontal,0.7711082436292366,0.6568042126593654,1.0346439457739836
sub-MCI0179,superiorfrontal,0.553192290789764,0.6996047700654782,1.0268180980942885
sub-MCI0173,superiorfrontal,0.686072910680113,0.6932203263482896,0.8761330466782609
sub-MCI0270,superiorfrontal,0.6522423373099391,0.6299151152284872,0.8209951695402202
sub-MCI2004,superiorfrontal,0.8179625811849578,0.6987592823440398,0.004816165059095565
sub-MCI0294,superiorfrontal,0.5677464929574256,0.6720751163518266,0.8094338846345656
sub-MCI1003,superiorfrontal,0.6755516016537731,0.7864827398934073,1.0979348076800068
sub-MCI0184,superiorfrontal,0.6823593587258358,0.6782834106771803,0.8947348546803708
sub-MCI0269,superiorfrontal,0.8367721322474083,0.6838550104716172,0.7144427384988432
sub-MCI0287,superiorfrontal,0.7875927022705955,0.7011054575491892,0.9573650048458284
sub-MCI2017,superiorfrontal,0.7451862213624918,0.7051387914212058,1.0693655286214632
sub-MCI0263,superiorfrontal,0.7962313902875889,0.5511325110261261,0.9577483693518638
sub-MCI0113,superiorfrontal,0.59952630741058,0.6877858006190934,1.0119823736364166
sub-MCI0289,superiorfrontal,0.527742594239798,0.6745940147206372,1.1956071894442368
sub-MCI0267,superiorfrontal,0.8807929509732333,0.641382523430951,0.0013732299891968112
sub-MCI2013,superiorfrontal,0.679045859242418,0.6796572572357088,0.9400805412281166
sub-MCI0283,superiorfrontal,0.6364169330174141,0.5906809192663022,0.4253396144495127
sub-MCI0199,superiorfrontal,0.7193943260510391,0.7517002428022646,1.0692374525248995
sub-MCI0290,superiorfrontal,0.7150980682854721,0.7531842989272433,0.9246826735954125
sub-MCI2000,superiorfrontal,0.6713353814532634,0.7436969194004471,1.0886224284502166
sub-MCI0274,superiorfrontal,0.6572054183659659,0.6983765225610545,1.2264581234007825
sub-MCI0132,superiorfrontal,0.6943940942745412,0.6870825886561632,1.0930742690776358
sub-MCI0236,superiorfrontal,0.7364181409180152,0.7317839608545109,0.8980632350502095
sub-MCI0297,superiorfrontal,0.6844667855724303,0.587073402331557,0.8343687303957256
sub-MCI0279,superiorfrontal,0.6233973784016675,0.7274198440364471,0.810163157227094
sub-MCI2007,superiorfrontal,0.8007697643633391,0.9015941813774249,0.0
sub-MCI0273,superiorfrontal,0.6502807154133995,0.6746220025974111,0.9618644526729438
sub-MCI0107,superiorfrontal,0.6813984372064611,0.5278195282670058,0.8170255543905448
sub-MCI0170,superiorfrontal,0.5027485293110431,0.6037858828916635,1.1632010345571424
sub-MCI0194,superiorfrontal,0.6021364361197321,0.5607724300492539,0.7295181256613193
sub-MCI1000,superiorfrontal,0.7766743650109124,0.6590154931861076,1.123986741008731
sub-MCI2014,superiorfrontal,0.5794365696036246,0.7212966989362106,1.1421104778669262
sub-MCI0284,superiorfrontal,0.7721480418115059,0.6312252335476959,
sub-MCI0169,superiorfrontal,0.5603806042992926,0.6605594571532268,0.8990013586680797
sub-MCI1002,superiorparietal,0.8736996131533854,0.7661588823236616,1.2272254493945638
sub-MCI2016,superiorparietal,0.7767190768379302,0.8549854388301508,0.5853665563020725
sub-MCI0268,superiorparietal,0.8477571024838723,0.8167170338403891,1.2125034370237144
sub-MCI0286,superiorparietal,0.5920756233924263,0.7050911386313056,0.7308684183318713
sub-MCI0137,superiorparietal,0.7475224575503558,0.7402143953769128,0.8676014613497617
sub-MCI0196,superiorparietal,0.9172212653784177,0.8616189704293815,1.3414552132836999
sub-MCI0178,superiorparietal,0.7098472578238151,0.7258478344410979,0.7793434212537101
sub-MCI0295,superiorparietal,0.7345984177627084,0.7833528642950319,0.8679924593176701
sub-MCI2005,superiorparietal,0.48658692396000375,0.5958359644601418,0.48180140150919554
sub-MCI0271,superiorparietal,0.7592819289117687,0.7117496285180703,1.0692062581776458
sub-MCI0292,superiorparietal,0.8570341220490296,0.7228892659146694,0.7844972374344582
sub-MCI2002,superiorparietal,0.730107054026307,0.642376349021406,0.0
sub-MCI2008,superiorparietal,0.7003389259799444,0.6889877351994915,0.9116254819529072
sub-MCI0298,superiorparietal,0.7749375818265273,0.6373103262646841,0.5310910233488745
sub-MCI0191,superiorparietal,0.6935785116943566,0.7674397904102918,0.9485815723890457
sub-MCI0265,superiorparietal,0.6432695430669687,0.6228918995738015,0.4294110952804395
sub-MCI2011,superiorparietal,0.7649907286037916,0.8267605697513418,1.0877884030000613
sub-MCI0281,superiorparietal,0.7415376949840993,0.6942384743130579,0.9167777247544873
sub-MCI0182,superiorparietal,0.7095269421670789,0.786989762033706,1.60257866495847
sub-MCI0111,superiorparietal,0.8807026222279002,0.8018559050163164,0.821166835382057
sub-MCI1001,superiorparietal,0.8392382066110304,0.6925381499323973,0.6062988507420003
sub-MCI0285,superiorparietal,0.7700620931291318,0.7799799002759036,0.6617593225668473
sub-MCI2015,superiorparietal,0.6279893283976812,0.7879730228164455,0.6086302977627182
sub-MCI0115,superiorparietal,0.7058068412334576,0.6806078131747961,0.854214461019792
sub-MCI0272,superiorparietal,0.8688750327015847,0.8128587865265705,0.5167302105568802
sub-MCI2006,superiorparietal,0.7807462375167916,0.9725793378007072,
sub-MCI0296,superiorparietal,0.8268137795918307,0.7080006410555375,0.7100098749685653
sub-MCI0278,superiorparietal,0.820580903391371,0.706722191524111,1.06612189902212
sub-MCI0195,superiorparietal,0.7352458962411887,0.7382659731460576,1.3365288412503273
sub-MCI0106,superiorparietal,0.8261802608591909,0.832210668379013,1.0819427747330987
sub-MCI0192,superiorparietal,0.6901246272726244,0.6167444383789255,1.1305850977481509
sub-MCI0198,superiorparietal,0.6990535245968615,0.5936644953959892,
sub-MCI0275,superiorparietal,0.8371721234499423,0.7426747558341087,1.0716122710939051
sub-MCI2001,superiorparietal,0.6016182202058192,0.7555020853761782,0.6291607024864894
sub-MCI0165,superiorparietal,0.8091014851008455,0.723062482657433,1.0452827942406642
sub-MCI0181,superiorparietal,0.7973456923687501,0.8367523163970396,1.1419629284242712
sub-MCI0282,superiorparietal,0.7489023360449839,0.7510976991455494,0.9112661804491057
sub-MCI2012,superiorparietal,0.7142591646056328,0.695785107505032,0.18454072977164301
sub-MCI2018,superiorparietal,0.8841917380741491,0.8768487847879887,0.7502198153561697
sub-MCI0288,superiorparietal,0.7885200003075397,0.8179504651553173,1.3254388330477698
sub-MCI0280,superiorparietal,0.7604895665924636,0.7822526704285309,1.313270444893655
sub-MCI0264,superiorparietal,0.667914054836422,0.6781429764071404,0.6280168201278983
sub-MCI0183,superiorparietal,0.7979794041332228,0.9410937949405674,1.1698852179303063
sub-MCI1004,superiorparietal,0.5498373828571397,0.6631598350632923,0.6001023033517987
sub-MCI0277,superiorparietal,0.770085995295261,0.798542961636195,1.0114760078055511
sub-MCI0299,superiorparietal,0.8608259733336557,0.8851349274184506,0.5768304074642173
sub-MCI2009,superiorparietal,0.6807837444971062,0.6770164747341597,0.1572577411998332
sub-MCI2003,superiorparietal,0.625745618590854,0.764225578679391,1.0310069634602546
sub-MCI0293,superiorparietal,0.6492192127024519,0.9323033372990934,0.2617290735248936
sub-MCI0190,superiorparietal,0.8135884673456777,0.8178190852467391,1.0660953127839503
sub-MCI0141,superiorparietal,0.7487614424071866,0.6993320560301509,1.1261408467186023
sub-MCI0197,superiorparietal,0.7349755794803706,0.6823120227829496,1.4648425809052583
sub-MCI0179,superiorparietal,0.5892892989186329,0.7549133386630021,0.9819544500116666
sub-MCI0173,superiorparietal,0.769578986407926,0.7495991360396467,0.8428593682582001
sub-MCI0270,superiorparietal,0.7505022703508367,0.7072872109979765,0.7123770652214905
sub-MCI2004,superiorparietal,0.7835089449753716,0.6363535153693297,0.0
sub-MCI0294,superiorparietal,0.7084484545465144,0.773120511588236,0.785242194125038
sub-MCI1003,superiorparietal,0.788386977597743,0.8861669408751115,1.2017688300554936
sub-MCI0184,superiorparietal,0.7408378722296939,0.7708401676029895,0.8675081874074526
sub-MCI0269,superiorparietal,0.9374262365796989,0.7673132854061421,0.45651831323709285
sub-MCI0287,superiorparietal,0.8033407765486847,0.9004069825546113,1.979495520951968
sub-MCI2017,superiorparietal,0.7356155076754963,0.7144593933402855,1.0051038983986054
sub-MCI0263,superiorparietal,0.9133047911511996,0.7237016123521595,0.7911173948884619
sub-MCI0113,superiorparietal,0.6779852231178486,0.7935178502911121,0.9992678477805043
sub-MCI0289,superiorparietal,0.7647966557086314,0.8210494074870502,1.338806670199199
sub-MCI0267,superiorparietal,1.0437721194989344,0.776895546860198,0.03461532391915587
sub-MCI2013,superiorparietal,0.7309674221272662,0.782022550728826,0.8953282108823789
sub-MCI0283,superiorparietal,0.7493884884777815,0.7763874380643302,0.5953147435942553
sub-MCI0199,superiorparietal,0.7336837336296499,0.8224970858974233,1.3240617336934806
sub-MCI0290,superiorparietal,0.8494846597640633,0.7995038962888793,0.8409757913319901
sub-MCI2000,superiorparietal,0.80990665105426,0.7927535369045171,1.0901748194561287
sub-MCI0274,superiorparietal,0.7612898548127773,0.8960246115804626,1.2890052666882548
sub-MCI0132,superiorparietal,0.7990364965826303,0.8190944819624371,1.183165740243245
sub-MCI0236,superiorparietal,0.7628240191411698,0.7344581238637791,0.7655555526234163
sub-MCI0297,superiorparietal,0.7266322666657461,0.7043876622392824,0.7937387597784751
sub-MCI0279,superiorparietal,0.7293789749076458,0.8753631351517899,0.9087231368035763
sub-MCI2007,superiorparietal,0.6527803550126612,0.8226626646630943,0.0
sub-MCI0273,superiorparietal,0.7541722897531152,0.7763664545641746,1.0971140003693876
sub-MCI0107,superiorparietal,0.7303681812580838,0.6276538226984502,0.46151320858224903
sub-MCI0170,superiorparietal,0.5213021650096883,0.5931529715977624,1.067866072921878
sub-MCI0194,superiorparietal,0.8023522501760154,0.78596196459293,0.567744015880784
sub-MCI1000,superiorparietal,0.9395278086618066,0.6477717197092905,1.2610049394098441
sub-MCI2014,superiorparietal,0.6540444534200062,0.7917359791297329,0.6378960684211875
sub-MCI0284,superiorparietal,0.8673305283634588,0.8587941321589294,
sub-MCI0169,superiorparietal,0.670923728265489,0.75964898577688,0.754165491348182
sub-MCI1002,superiortemporal,0.8258427939806242,0.7447145131568037,1.192252929006769
sub-MCI2016,superiortemporal,0.6060152514537674,0.6837204338044088,0.8796618993388262
sub-MCI0268,superiortemporal,0.7455990250137451,0.7372339111290249,1.1388810239742049
sub-MCI0286,superiortemporal,0.5894466354325795,0.6917494356622534,0.8414286665653985
sub-MCI0137,superiortemporal,0.7525594952384395,0.6880348772412915,0.9999057306617708
sub-MCI0196,superiortemporal,0.7425220175953976,0.7130971483122829,1.0338819262784735
sub-MCI0178,superiortemporal,0.7526622191676094,0.7245650964778563,1.059704384778019
sub-MCI0295,superiortemporal,0.6676667201203013,0.6596669784647747,0.7710231886875738
sub-MCI2005,superiortemporal,0.5920843608080023,0.6201712928032472,0.7408292953998336
sub-MCI0271,superiortemporal,0.6000927277062407,0.649707815026225,1.1257506710538208
sub-MCI0292,superiortemporal,0.73077676778363,0.6499227126338738,0.879629474354764
sub-MCI2002,superiortemporal,0.7381123297166191,0.6345805721546074,0.6093181709387272
sub-MCI2008,superiortemporal,0.7330684362540926,0.6713089476774906,0.9514698217258933
sub-MCI0298,superiortemporal,0.6719390884133877,0.6530830570875831,0.8622952769690698
sub-MCI0191,superiortemporal,0.6911550206518776,0.7732804462716885,0.9225992597308211
sub-MCI0265,superiortemporal,0.6361542466014393,0.620025299898188,0.9253642528091882
sub-MCI2011,superiortemporal,0.6668373810027651,0.702201865887776,0.8283794574321438
sub-MCI0281,superiortemporal,0.7582896581234139,0.7277038703443843,1.1680187348706712
sub-MCI0182,superiortemporal,0.722798549187534,0.736702925323462,1.5846798006054417
sub-MCI0111,superiortemporal,0.7545715578475062,0.7045735764626082,1.0119539382321563
sub-MCI1001,superiortemporal,0.7172639314747772,0.6885121570765201,0.7641708348606334
sub-MCI0285,superiortemporal,0.6078610421584191,0.6237368784504315,0.9406298882564637
sub-MCI2015,superiortemporal,0.5778246285379743,0.6862235251237332,0.9140849175284723
sub-MCI0115,superiortemporal,0.7673829501246179,0.6782973342936354,1.094243440764355
sub-MCI0272,superiortemporal,0.6473362542478218,0.6843452419334064,1.278742702258692
sub-MCI2006,superiortemporal,0.6960682498262869,0.7852553772508143,inf
sub-MCI0296,superiortemporal,0.7123217392979587,0.6584679576582952,0.922041946590544
sub-MCI0278,superiortemporal,0.6634505595752122,0.589115067451503,0.7447232541962489
sub-MCI0195,superiortemporal,0.6856295033630979,0.724904900500132,1.3460965170150474
sub-MCI0106,superiortemporal,0.7885763213569842,0.7400555888928095,1.4920981191731888
sub-MCI0192,superiortemporal,0.6818163801436242,0.6256721324229841,0.9619664130697775
sub-MCI0198,superiortemporal,0.7656212938033207,0.5979084870044524,
sub-MCI0275,superiortemporal,0.7275396036281746,0.6764910450300154,0.812818681477986
sub-MCI2001,superiortemporal,0.6300530412078403,0.6457606636180458,0.91197729874542
sub-MCI0165,superiortemporal,0.7660934160532835,0.7220602579624933,1.0260701417769333
sub-MCI0181,superiortemporal,0.6916847326986283,0.8014226756191248,1.1028254253562677
sub-MCI0282,superiortemporal,0.6431952467715872,0.7086322326182318,0.8848860761196848
sub-MCI2012,superiortemporal,0.6643989017210059,0.6035146351593994,0.8589459896640471
sub-MCI2018,superiortemporal,0.7535683989320955,0.7702157113561214,1.0373691422367923
sub-MCI0288,superiortemporal,0.697181848817712,0.7139356318723669,1.0950381144566514
sub-MCI0280,superiortemporal,0.6181053661267603,0.6598362736337429,0.8874383201761484
sub-MCI0264,superiortemporal,0.7224229163714976,0.7007947941892124,0.9386404398933867
sub-MCI0183,superiortemporal,0.6106030831951105,0.7218558737716892,1.026195894560533
sub-MCI1004,superiortemporal,0.62331741908944,0.688161941622191,0.8190618082445219
sub-MCI0277,superiortemporal,0.6485055038971835,0.6745479508124691,0.8055817279187153
sub-MCI0299,superiortemporal,0.7112011545862365,0.7176908045368919,0.8966350517248834
sub-MCI2009,superiortemporal,0.6403882764134364,0.6410324717078366,0.8739966387164729
sub-MCI2003,superiortemporal,0.721536541921213,0.8118185319234363,1.0302919535963342
sub-MCI0293,superiortemporal,0.5349690228239926,0.6778814162514026,0.9860820011873621
sub-MCI0190,superiortemporal,0.682407681029868,0.687705909729644,0.9959000528463288
sub-MCI0141,superiortemporal,0.755523040850213,0.6979266395163417,0.974986323514758
sub-MCI0197,superiortemporal,0.7150078101032606,0.6784631862474672,1.04375986060463
sub-MCI0179,superiortemporal,0.6566973206253598,0.7219493477006259,1.0156492803539336
sub-MCI0173,superiortemporal,0.7534357921211869,0.7120335181149107,1.0192268628314198
sub-MCI0270,superiortemporal,0.7652775975638111,0.7355074733230287,0.8340278660534082
sub-MCI2004,superiortemporal,0.7261525456966113,0.6153030864103518,1.1943985505475014
sub-MCI0294,superiortemporal,0.6427115273192536,0.6513176462487894,0.8739564337843534
sub-MCI1003,superiortemporal,0.6530928493834928,0.703147108359809,0.8998790041879432
sub-MCI0184,superiortemporal,0.7625237854433152,0.7557418011444593,0.8882890838923134
sub-MCI0269,superiortemporal,0.8283569519108452,0.6868128458459692,1.1514268142032238
sub-MCI0287,superiortemporal,0.7902716005493637,0.6563355299677938,-0.3267547140415217
sub-MCI2017,superiortemporal,0.721132858817143,0.6810243612302427,1.0666074416048856
sub-MCI0263,superiortemporal,0.7873905728847641,0.6240537317721426,1.0293821744228038
sub-MCI0113,superiortemporal,0.6140694048607607,0.7645826429176196,0.9029063631233579
sub-MCI0289,superiortemporal,0.6643887906313956,0.7041284155233113,1.2201905955827193
sub-MCI0267,superiortemporal,0.690143031395943,0.6875640892067405,0.5829102080148415
sub-MCI2013,superiortemporal,0.6664836691732379,0.692821316715303,0.9151614901583012
sub-MCI0283,superiortemporal,0.6374287649187923,0.6293108380845152,0.9885523377586628
sub-MCI0199,superiortemporal,0.6931507840438196,0.7137322807385571,1.2826516286803125
sub-MCI0290,superiortemporal,0.6850782151625602,0.669433255125602,0.8413798768660325
sub-MCI2000,superiortemporal,0.7390701567272626,0.7366569188194034,0.9874174915527394
sub-MCI0274,superiortemporal,0.6811288402934484,0.7232061178625266,1.0937164998970734
sub-MCI0132,superiortemporal,0.6834759817913282,0.7081831716996625,0.9939635931217883
sub-MCI0236,superiortemporal,0.7209217886531786,0.6575829786902523,0.8559059418826
sub-MCI0297,superiortemporal,0.709723768899286,0.6071020947634522,0.8330432210836435
sub-MCI0279,superiortemporal,0.667145221577374,0.7119126778240765,0.5345519358382494
sub-MCI2007,superiortemporal,0.7518754344974069,0.8150103917622402,6.013882367518236
sub-MCI0273,superiortemporal,0.6687890645095524,0.7673791140818843,1.0403810210817779
sub-MCI0107,superiortemporal,0.757679251168623,0.6280429034074742,0.8080559643340849
sub-MCI0170,superiortemporal,0.5897351854187086,0.6679607669102758,1.033014487478059
sub-MCI0194,superiortemporal,0.6744613879972005,0.7154651207838553,0.9255210270888158
sub-MCI1000,superiortemporal,0.7162998130755192,0.7470766886793864,0.9654463800638173
sub-MCI2014,superiortemporal,0.6584756611783332,0.7036756340118409,0.9578561528017439
sub-MCI0284,superiortemporal,0.6868996070872376,0.6757043129132395,inf
sub-MCI0169,superiortemporal,0.6714671150791954,0.7095262108248092,1.1613518279307624
sub-MCI1002,supramarginal,0.922207187265873,0.7341254438358801,1.2739114813955228
sub-MCI2016,supramarginal,0.5785280253135997,0.7069213722892521,0.8683508542944566
sub-MCI0268,supramarginal,0.7415513302530172,0.7330700747332543,1.2848508758509753
sub-MCI0286,supramarginal,0.5252032474155853,0.6651352224417423,1.009542342331011
sub-MCI0137,supramarginal,0.6922568943591008,0.6583275384292113,1.048060325212784
sub-MCI0196,supramarginal,0.8142705496244763,0.7299660329558353,1.377583801907159
sub-MCI0178,supramarginal,0.7327095405854146,0.7208247841983495,1.0530182401634018
sub-MCI0295,supramarginal,0.6478631677594284,0.6626352786185913,0.9261021287116917
sub-MCI2005,supramarginal,0.5467420706805699,0.6014423610450756,0.7680782293103903
sub-MCI0271,supramarginal,0.5968509120756885,0.628983283696738,1.2010922265771098
sub-MCI0292,supramarginal,0.7432499238315001,0.6737428312269356,0.8130372446305422
sub-MCI2002,supramarginal,0.7695810443031352,0.5898162714123318,0.003489991550449402
sub-MCI2008,supramarginal,0.6574001102913986,0.6212195005301355,1.106458053671587
sub-MCI0298,supramarginal,0.6884699666298701,0.6300255424104276,0.926402045455702
sub-MCI0191,supramarginal,0.6717011499934101,0.7563461069075321,1.1406838610289973
sub-MCI0265,supramarginal,0.581064884139817,0.5892927732611836,0.996373195278163
sub-MCI2011,supramarginal,0.6871952893984237,0.7273031310359314,1.1146540951740167
sub-MCI0281,supramarginal,0.7266667929621863,0.6846747925105973,1.022815939256078
sub-MCI0182,supramarginal,0.7089689955376459,0.7535218249903719,2.158038966765403
sub-MCI0111,supramarginal,0.700716543461399,0.6879139807259069,0.805243353348925
sub-MCI1001,supramarginal,0.6507140402095416,0.650585017032593,0.8044866887725947
sub-MCI0285,supramarginal,0.604499549863193,0.6862657771496873,0.9297023946875667
sub-MCI2015,supramarginal,0.5769753951920575,0.6649484093431991,0.8966618606806508
sub-MCI0115,supramarginal,0.6876323578152982,0.6393928730323989,1.0126438832668843
sub-MCI0272,supramarginal,0.7048075332964137,0.7324624709284941,0.7724595522463563
sub-MCI2006,supramarginal,0.7183943166467609,0.8667227842453185,
sub-MCI0296,supramarginal,0.6504008340872792,0.5701161974103083,0.7885269636450609
sub-MCI0278,supramarginal,0.6721094905308995,0.645746277187365,0.9981014158710864
sub-MCI0195,supramarginal,0.7335617226050412,0.7972764221099711,1.4398678709165136
sub-MCI0106,supramarginal,0.8135403447746009,0.7577493171591018,1.559829912987217
sub-MCI0192,supramarginal,0.5985735447915652,0.5836015046537026,1.1595501706656883
sub-MCI0198,supramarginal,0.7621900114766254,0.5949704105776106,
sub-MCI0275,supramarginal,0.7396136472535011,0.6823451778578007,1.0831604327288313
sub-MCI2001,supramarginal,0.5782897775421434,0.6497646439686008,1.114527552068384
sub-MCI0165,supramarginal,0.7917176245543268,0.7318139034555412,1.1223414255517346
sub-MCI0181,supramarginal,0.672796895487643,0.7955036290246711,1.1437893762385796
sub-MCI0282,supramarginal,0.647071749244318,0.7158475733160181,1.1620181192841017
sub-MCI2012,supramarginal,0.6123981001580344,0.5685365541969772,0.8124503909296035
sub-MCI2018,supramarginal,0.78526617140026,0.790225405881048,0.9666170039964584
sub-MCI0288,supramarginal,0.7436106110296508,0.7766190256657262,1.5056224942613157
sub-MCI0280,supramarginal,0.6223955245175743,0.7212601590338764,1.0052970583581748
sub-MCI0264,supramarginal,0.6245984547892623,0.6940913617963655,1.0736549943311646
sub-MCI0183,supramarginal,0.6299913620642795,0.8156983791538354,1.244396856405422
sub-MCI1004,supramarginal,0.4878678179500454,0.6362086569941399,0.8503927062772351
sub-MCI0277,supramarginal,0.6590245141529594,0.7029352538527099,0.9947213564389977
sub-MCI0299,supramarginal,0.7335929814074827,0.7885379582705384,0.9755399039555517
sub-MCI2009,supramarginal,0.5890415215285805,0.6441892698948064,0.8202077336256268
sub-MCI2003,supramarginal,0.6680842888408578,0.7674942018401356,1.1660479123896466
sub-MCI0293,supramarginal,0.514017176274177,0.7005526284947542,0.6005415290535951
sub-MCI0190,supramarginal,0.7332478635329116,0.7731978101348336,1.1855185524354126
sub-MCI0141,supramarginal,0.7618141911890917,0.7164949198853752,1.0515408231161392
sub-MCI0197,supramarginal,0.7386181914778347,0.703611150764183,1.019340906467938
sub-MCI0179,supramarginal,0.6020550278735194,0.7403841284255839,1.0061900075709007
sub-MCI0173,supramarginal,0.7288420609549259,0.7525639031258637,0.9921037456801562
sub-MCI0270,supramarginal,0.745868191047572,0.6919186098295564,0.906538238566143
sub-MCI2004,supramarginal,0.8215267860665536,0.6823126890484271,0.030924176309498164
sub-MCI0294,supramarginal,0.5884723417917396,0.6155661051148348,0.912457077972918
sub-MCI1003,supramarginal,0.6628953252446883,0.7178815898180491,1.118967272583097
sub-MCI0184,supramarginal,0.7215134397605505,0.7473372152183104,0.9967187899662924
sub-MCI0269,supramarginal,0.8688337480674769,0.7316481782853642,1.1161730650432555
sub-MCI0287,supramarginal,0.7986454708481552,0.82010458402772,3.1468873248945575
sub-MCI2017,supramarginal,0.6750774305042986,0.6772793900001305,1.181569534917096
sub-MCI0263,supramarginal,0.8256802064990015,0.7132072170258811,1.0317239592734493
sub-MCI0113,supramarginal,0.5965412548834916,0.7674322298974938,1.1160942583806133
sub-MCI0289,supramarginal,0.6614326707909359,0.7149419411633918,1.403059007267404
sub-MCI0267,supramarginal,0.6601474329049124,0.6479012874791078,0.004963340447671391
sub-MCI2013,supramarginal,0.7371193294624898,0.7593102089544367,1.0944934680085137
sub-MCI0283,supramarginal,0.6092982184974485,0.6660968814999183,1.182340565994015
sub-MCI0199,supramarginal,0.7036994023653228,0.7616315766646875,1.3782502405602033
sub-MCI0290,supramarginal,0.7191082454493595,0.7021318366523488,0.9312680113600718
sub-MCI2000,supramarginal,0.8146565660089355,0.7727522751137039,1.2612677739946097
sub-MCI0274,supramarginal,0.6869781441045297,0.7511416006335414,1.371808263959246
sub-MCI0132,supramarginal,0.7137944757691896,0.7228664379530811,1.142208974849333
sub-MCI0236,supramarginal,0.6828812809991988,0.6535216305017328,0.9834609357226707
sub-MCI0297,supramarginal,0.7086878510322091,0.6806727775394714,0.9849298373361357
sub-MCI0279,supramarginal,0.5926227510656398,0.8057693338580343,0.8779103169491542
sub-MCI2007,supramarginal,0.7690433391630198,0.8913039571516418,0.0
sub-MCI0273,supramarginal,0.6962882009298532,0.7446025195891598,1.2097686276134068
sub-MCI0107,supramarginal,0.736083620573105,0.6536534552218436,0.9605218144219442
sub-MCI0170,supramarginal,0.5702065162754953,0.6341794942989183,0.9124320936186717
sub-MCI0194,supramarginal,0.6686755924980151,0.7400099103212926,0.7871617593018622
sub-MCI1000,supramarginal,0.69073688541589,0.6856704922992395,1.1565063547422718
sub-MCI2014,supramarginal,0.6033905649347344,0.7147749186375439,0.9949065848097928
sub-MCI0284,supramarginal,0.7396661620574253,0.8015404144432163,
sub-MCI0169,supramarginal,0.5784985205574936,0.6741137264145599,1.081456943810565
sub-MCI1002,transversetemporal,1.0513548114031128,1.1270884447795284,1.3827231740957977
sub-MCI2016,transversetemporal,0.9959304434305236,1.0681438596319486,1.586947176764189
sub-MCI0268,transversetemporal,1.0626935837561864,1.1002387618141607,1.4368626244948013
sub-MCI0286,transversetemporal,0.9503911340935639,1.1615781528707032,1.3130119643131575
sub-MCI0137,transversetemporal,1.0037349681263783,1.0659416341894394,1.2640240315918125
sub-MCI0196,transversetemporal,1.2711070154039414,1.1203480207779837,1.4957803386379962
sub-MCI0178,transversetemporal,1.162940364780402,1.1280091714445761,1.381091446178999
sub-MCI0295,transversetemporal,0.9733653552108823,1.0606897840160372,0.9728594627325601
sub-MCI2005,transversetemporal,0.899036270825078,1.0060889533907578,0.9471327620588895
sub-MCI0271,transversetemporal,0.9270814403819179,1.0160230828190742,1.628549714302102
sub-MCI0292,transversetemporal,1.00352217309269,0.9810456398535924,1.115129395672709
sub-MCI2002,transversetemporal,1.1606354013305957,1.0129466491828993,0.20607467261911439
sub-MCI2008,transversetemporal,1.0511018323932113,1.0505692597669265,1.3938085956889656
sub-MCI0298,transversetemporal,0.9432083482519077,1.0306109462632218,1.2269748877460953
sub-MCI0191,transversetemporal,1.1538865873918074,1.137990201540639,1.3297959867897
sub-MCI0265,transversetemporal,1.0194796329173053,1.0877477066444312,1.1315732824030935
sub-MCI2011,transversetemporal,0.9310071049061603,1.0535444648242427,0.9502156633122323
sub-MCI0281,transversetemporal,1.168786096253785,1.1047094797274095,1.4222742762075635
sub-MCI0182,transversetemporal,1.08211671495302,1.1299750528928123,2.3452678730400804
sub-MCI0111,transversetemporal,1.0330268173298494,1.0221439132615553,1.1553385713491036
sub-MCI1001,transversetemporal,1.0709791147227539,1.0557265899368626,1.012791453162742
sub-MCI0285,transversetemporal,1.0743922037627394,1.0354540900927285,1.6178857132997424
sub-MCI2015,transversetemporal,1.067975814402495,1.0667455108006427,1.2648460730822686
sub-MCI0115,transversetemporal,1.0640211185541149,1.016268756150976,1.4192416552696157
sub-MCI0272,transversetemporal,0.9179734732848943,0.9192972375468931,1.1440835545657853
sub-MCI2006,transversetemporal,1.07565816209667,1.1141460295696943,
sub-MCI0296,transversetemporal,1.1925460232066534,1.0562826707779076,1.0450356745897602
sub-MCI0278,transversetemporal,1.0372192655477495,1.0019238519384948,1.1216630799196474
sub-MCI0195,transversetemporal,1.078932240148316,1.1578658177516026,1.4272422214516756
sub-MCI0106,transversetemporal,1.123629215226996,1.1247013158269368,1.9037049218722304
sub-MCI0192,transversetemporal,1.2731583006178981,1.0621649871335637,1.3024123336017381
sub-MCI0198,transversetemporal,1.102552881415982,1.010594197432119,
sub-MCI0275,transversetemporal,1.0880516766368706,1.0479131417773613,1.2393461816152735
sub-MCI2001,transversetemporal,1.0785117937731106,1.0287911483128218,1.0192005577853072
sub-MCI0165,transversetemporal,1.0804960792431528,1.0798195829839423,1.279173140348765
sub-MCI0181,transversetemporal,1.1581565624104049,1.223435218721316,1.3119103876895706
sub-MCI0282,transversetemporal,1.197829206623635,1.0941389942217206,1.3415053706719176
sub-MCI2012,transversetemporal,1.028134555929481,0.9468386970754458,1.2147233668997879
sub-MCI2018,transversetemporal,1.0870926186518817,1.140982108398286,1.0234966290939154
sub-MCI0288,transversetemporal,1.1740994056954084,1.1753986362011437,1.6634969855688142
sub-MCI0280,transversetemporal,1.0295019883384413,1.0542173394971197,0.6542257431446398
sub-MCI0264,transversetemporal,1.146935180313405,1.137010185881377,1.3852090255881475
sub-MCI0183,transversetemporal,1.1734070474390013,1.1669988635782507,1.515569481789904
sub-MCI1004,transversetemporal,1.0098538498257792,1.0648200767011766,1.22112959918456
sub-MCI0277,transversetemporal,0.9129119856709581,0.9966964076172836,1.0219901525489345
sub-MCI0299,transversetemporal,1.0651171147171945,1.146785945376272,1.445385655198461
sub-MCI2009,transversetemporal,1.1343296106469625,1.0567784035859313,1.1408755005085407
sub-MCI2003,transversetemporal,1.2235827013404306,1.2736357356757926,1.5979812601001389
sub-MCI0293,transversetemporal,0.8410485579846054,1.0271662157219572,1.4627507033295886
sub-MCI0190,transversetemporal,1.0696208573128727,1.125241933939948,1.2244427337758501
sub-MCI0141,transversetemporal,1.056208028612355,1.1079764943047106,1.1892069109572299
sub-MCI0197,transversetemporal,1.0696366988514276,1.0450873627808148,0.9009500141228274
sub-MCI0179,transversetemporal,0.9853335467288251,1.1296466138935455,1.318568175063764
sub-MCI0173,transversetemporal,1.1818081375919964,1.1088351444386637,1.2002685287360966
sub-MCI0270,transversetemporal,0.985370598318284,1.157738360274473,1.3210675552557818
sub-MCI2004,transversetemporal,0.9465239552418215,1.0161219109282311,2.1352227435519824
sub-MCI0294,transversetemporal,0.8373960620081968,1.025137942557543,1.1098448537552987
sub-MCI1003,transversetemporal,1.0988559973446133,1.1231722540772997,1.2857370740142295
sub-MCI0184,transversetemporal,1.013945372497176,1.1071198568918634,1.200101914809237
sub-MCI0269,transversetemporal,0.9909189073105076,0.9791860692291022,1.1701276210793565
sub-MCI0287,transversetemporal,1.1209624041980766,1.0016223124898378,1.1329274137522218
sub-MCI2017,transversetemporal,1.0088479819271665,1.103254109669072,1.3347548471572126
sub-MCI0263,transversetemporal,1.0773742368086168,0.9236793034605592,1.3635246884430963
sub-MCI0113,transversetemporal,1.0076207976220968,1.22066756876179,1.2126199166518252
sub-MCI0289,transversetemporal,1.1860435417513782,1.1999113424351713,1.6435637560689151
sub-MCI0267,transversetemporal,1.034176696518017,1.0675001635717982,0.4638107652979745
sub-MCI2013,transversetemporal,0.9929914848366463,1.0861992571968373,1.3241398327904799
sub-MCI0283,transversetemporal,0.9362132214886448,1.069377696017904,1.3413071942897714
sub-MCI0199,transversetemporal,1.1585260488384457,1.196107629877566,1.8115435432625189
sub-MCI0290,transversetemporal,1.074104703717255,1.0495055834361933,1.1670980380458353
sub-MCI2000,transversetemporal,1.1711483363117967,1.149546922871509,1.312818192323527
sub-MCI0274,transversetemporal,1.0312737665664642,1.126478129881768,1.3192905743143715
sub-MCI0132,transversetemporal,1.0314737247261567,1.118879043977082,1.1828429963660472
sub-MCI0236,transversetemporal,0.9363880621178441,0.9295257311645295,1.1395366410519994
sub-MCI0297,transversetemporal,0.8982840132553841,0.9706855172616828,1.0154989229128453
sub-MCI0279,transversetemporal,1.137293903719764,0.9504862169158429,0.6361012003113975
sub-MCI2007,transversetemporal,1.039501730644934,1.1510874547308505,0.00015223672650602966
sub-MCI0273,transversetemporal,1.0471810457245037,1.1891251051906724,1.3715109747347192
sub-MCI0107,transversetemporal,1.0383996246451972,1.047606393614803,1.1269204390253191
sub-MCI0170,transversetemporal,0.9072106936828331,1.0137291544091502,1.4220774430652388
sub-MCI0194,transversetemporal,1.075236141664705,1.1153722212297787,1.4729958574606337
sub-MCI1000,transversetemporal,1.0707421347910362,1.1248529290205005,1.1573681448352584
sub-MCI2014,transversetemporal,1.0591657400962702,1.024876634748702,1.1322823659576426
sub-MCI0284,transversetemporal,0.9133882827228832,0.9244045849424403,
sub-MCI0169,transversetemporal,1.029059700219292,1.1143836344737772,1.2053912507932987
